{
    "LabelExit": "Izlaz",
    "LabelVisitCommunity": "Posjeti zajednicu",
    "LabelGithub": "Github",
    "LabelSwagger": "Swagger",
    "LabelStandard": "Standard",
    "LabelApiDocumentation": "Api Documentation",
    "LabelDeveloperResources": "Developer Resources",
    "LabelBrowseLibrary": "Pregledaj biblioteku",
    "LabelConfigureServer": "Configure Emby",
    "LabelOpenLibraryViewer": "Otvori preglednik bibilioteke",
    "LabelRestartServer": "Restartiraj Server",
    "LabelShowLogWindow": "Prika\u017ei Log Zapis",
    "LabelPrevious": "Prethodni",
    "LabelFinish": "Kraj",
    "LabelNext": "Sljede\u0107i",
    "LabelYoureDone": "Zavr\u0161eno!",
    "WelcomeToProject": "Welcome to Emby!",
    "ThisWizardWillGuideYou": "Ovaj pomo\u0107nik \u0107e Vas voditi kroz proces pode\u0161avanja. Za po\u010detak, odaberite \u017eeljeni jezik.",
    "TellUsAboutYourself": "Recite nam ne\u0161to o sebi",
    "ButtonQuickStartGuide": "Quick start guide",
    "LabelYourFirstName": "Ime:",
    "MoreUsersCanBeAddedLater": "Vi\u0161e korisnika mo\u017eete dodati naknadno preko nadzorne plo\u010de.",
    "UserProfilesIntro": "Emby includes built-in support for user profiles, enabling each user to have their own display settings, playstate and parental controls.",
    "LabelWindowsService": "Windows servis",
    "AWindowsServiceHasBeenInstalled": "Windows servis je instaliran.",
    "WindowsServiceIntro1": "Emby Server normally runs as a desktop application with a tray icon, but if you prefer to run it as a background service, it can be started from the windows services control panel instead.",
    "WindowsServiceIntro2": "Ako koristite windows servis uslugu, imajte na umu da nemo\u017ee raditi u isto vrijeme kad i aplikacija na alatnoj traci. Stoga morate ugasiti aplikaciju na altanoj traci da bi mogli pokrenuti servis. Servis \u0107e te morati postaviti sa administrativnim dopu\u0161tenjima preko windows upravlja\u010dke plo\u010de. Tako\u0111er imajte na umu da se u ovom trenutku servis nemo\u017ee automatizirano nadograditi, ve\u0107 je za nove verzije potrebna interakcija korisnika.",
    "WizardCompleted": "That's all we need for now. Emby has begun collecting information about your media library. Check out some of our apps, and then click <b>Finish<\/b> to view the <b>Server Dashboard<\/b>.",
    "LabelConfigureSettings": "Konfiguracija postavki",
    "LabelEnableVideoImageExtraction": "Omogu\u0107i preuzimanje slika iz videa",
    "VideoImageExtractionHelp": "Za videa koja jo\u0161 nemaju slike, i za koja nismo uspijeli na\u0107i slike na internetu ovo \u0107e dodati jo\u0161 malo vremena na po\u010detno skeniranje biblioteke ali \u0107e biti ugodnija prezentacija naslova.",
    "LabelEnableChapterImageExtractionForMovies": "Izvuci slike poglavlja za Filmove",
    "LabelChapterImageExtractionForMoviesHelp": "Extracting chapter images will allow clients to display graphical scene selection menus. The process can be slow, cpu-intensive and may require several gigabytes of space. It runs as a nightly scheduled task, although this is configurable in the scheduled tasks area. It is not recommended to run this task during peak usage hours.",
    "LabelEnableAutomaticPortMapping": "Omogu\u0107i automatsko mapiranje porta",
    "LabelEnableAutomaticPortMappingHelp": "UPnP omogu\u0107uje automatsku konfiguraciju usmjeriva\u010da (router \/ modem) za lak\u0161i pristup na daljinu. Ovo mo\u017eda ne\u0107e raditi sa nekim modelima usmjeriva\u010da.",
    "HeaderTermsOfService": "Emby Terms of Service",
    "MessagePleaseAcceptTermsOfService": "Please accept the terms of service and privacy policy before continuing.",
    "OptionIAcceptTermsOfService": "I accept the terms of service",
    "ButtonPrivacyPolicy": "Privacy policy",
    "ButtonTermsOfService": "Terms of Service",
    "HeaderDeveloperOptions": "Developer Options",
    "OptionEnableWebClientResponseCache": "Enable web client response caching",
    "OptionDisableForDevelopmentHelp": "Configure these as needed for web client development purposes.",
    "OptionEnableWebClientResourceMinification": "Enable web client resource minification",
    "LabelDashboardSourcePath": "Web client source path:",
    "LabelDashboardSourcePathHelp": "If running the server from source, specify the path to the dashboard-ui folder. All web client files will be served from this location.",
    "ButtonConvertMedia": "Convert media",
    "ButtonOrganize": "Organize",
    "LinkedToEmbyConnect": "Linked to Emby Connect",
    "HeaderSupporterBenefits": "Emby Premiere Benefits",
    "HeaderAddUser": "Add User",
    "LabelAddConnectSupporterHelp": "To add a user who isn't listed, you'll need to first link their account to Emby Connect from their user profile page.",
    "LabelPinCode": "Pin code:",
    "OptionHideWatchedContentFromLatestMedia": "Hide watched content from latest media",
    "HeaderSync": "Sync",
    "ButtonOk": "Ok",
    "ButtonCancel": "Odustani",
    "ButtonExit": "Exit",
    "ButtonNew": "Novo",
    "HeaderTV": "TV",
    "HeaderAudio": "Audio",
    "HeaderVideo": "Video",
    "HeaderPaths": "Paths",
    "CategorySync": "Sync",
    "TabPlaylist": "Playlist",
    "HeaderEasyPinCode": "Easy Pin Code",
    "HeaderGrownupsOnly": "Grown-ups Only!",
    "DividerOr": "-- or --",
    "HeaderInstalledServices": "Installed Services",
    "HeaderAvailableServices": "Available Services",
    "MessageNoServicesInstalled": "No services are currently installed.",
    "HeaderToAccessPleaseEnterEasyPinCode": "To access, please enter your easy pin code",
    "KidsModeAdultInstruction": "Click the lock icon in the bottom right to configure or leave kids mode. Your pin code will be required.",
    "ButtonConfigurePinCode": "Configure pin code",
    "HeaderAdultsReadHere": "Adults Read Here!",
    "RegisterWithPayPal": "Register with PayPal",
    "HeaderSyncRequiresSupporterMembership": "Sync Requires a Supporter Membership",
    "HeaderEnjoyDayTrial": "Enjoy a 14 Day Free Trial",
    "LabelSyncTempPath": "Temporary file path:",
    "LabelSyncTempPathHelp": "Specify a custom sync working folder. Converted media created during the sync process will be stored here.",
    "LabelCustomCertificatePath": "Custom certificate path:",
    "LabelCustomCertificatePathHelp": "Supply your own ssl certificate .pfx file. If omitted, the server will create a self-signed certificate.",
    "TitleNotifications": "Notifications",
    "OptionDetectArchiveFilesAsMedia": "Detect archive files as media",
    "OptionDetectArchiveFilesAsMediaHelp": "If enabled, files with .rar and .zip extensions will be detected as media files.",
    "LabelEnterConnectUserName": "Username or email:",
    "LabelEnterConnectUserNameHelp": "This is your Emby online account username or email.",
    "LabelEnableEnhancedMovies": "Enable enhanced movie displays",
    "LabelEnableEnhancedMoviesHelp": "When enabled, movies will be displayed as folders to include trailers, extras, cast & crew, and other related content.",
    "HeaderSyncJobInfo": "Sync Job",
    "FolderTypeMixed": "Mixed content",
    "FolderTypeMovies": "Movies",
    "FolderTypeMusic": "Music",
    "FolderTypeAdultVideos": "Adult videos",
    "FolderTypePhotos": "Photos",
    "FolderTypeMusicVideos": "Music videos",
    "FolderTypeHomeVideos": "Home videos",
    "FolderTypeGames": "Games",
    "FolderTypeBooks": "Books",
    "FolderTypeTvShows": "TV",
    "FolderTypeInherit": "Inherit",
    "LabelContentType": "Content type:",
    "TitleScheduledTasks": "Scheduled Tasks",
    "HeaderSetupLibrary": "Setup your media libraries",
    "ButtonAddMediaFolder": "Dodaj mapu sa medijem",
    "LabelFolderType": "Tip mape:",
    "ReferToMediaLibraryWiki": "Informirajte se o medijskoj bibilioteci wiki",
    "LabelCountry": "Zemlja:",
    "LabelLanguage": "Jezik:",
    "LabelTimeLimitHours": "Time limit (hours):",
    "ButtonJoinTheDevelopmentTeam": "Join the Development Team",
    "HeaderPreferredMetadataLanguage": "\u017deljeni metadata jezik:",
    "LabelSaveLocalMetadata": "Snimi ilustracije i metadata u medijske mape",
    "LabelSaveLocalMetadataHelp": "Snimljene ilustracije i metadata u medijskim mapama \u0107e biti postavljene na lokaciju gdje \u0107e se mo\u0107i jednostavno mjenjati.",
    "LabelDownloadInternetMetadata": "Preuzmi ilustracije i metadata (opise) sa interneta",
    "LabelDownloadInternetMetadataHelp": "Emby Server can download information about your media to enable rich presentations.",
    "TabPreferences": "Postavke",
    "TabPassword": "Lozinka",
    "TabLibraryAccess": "Pristup biblioteci",
    "TabAccess": "Access",
    "TabImage": "Slika",
    "TabProfile": "Profil",
    "TabMetadata": "Metadata",
    "TabImages": "Slike",
    "TabNotifications": "Obavijesti",
    "TabCollectionTitles": "Naslovi",
    "HeaderDeviceAccess": "Device Access",
    "OptionEnableAccessFromAllDevices": "Enable access from all devices",
    "OptionEnableAccessToAllChannels": "Enable access to all channels",
    "OptionEnableAccessToAllLibraries": "Enable access to all libraries",
    "DeviceAccessHelp": "This only applies to devices that can be uniquely identified and will not prevent browser access. Filtering user device access will prevent them from using new devices until they've been approved here.",
    "LabelDisplayMissingEpisodesWithinSeasons": "Prika\u017ei epizode koje nedostaju unutar sezone",
    "LabelUnairedMissingEpisodesWithinSeasons": "Prika\u017ei epizode koje nisu emitirane unutar sezone",
    "HeaderVideoPlaybackSettings": "Postavke video reprodukcije",
    "HeaderPlaybackSettings": "Postavke reprodukcije",
    "LabelAudioLanguagePreference": "Postavke audio jezika:",
    "LabelSubtitleLanguagePreference": "Jezik prijevoda:",
    "OptionDefaultSubtitles": "Default",
    "OptionOnlyForcedSubtitles": "Only forced subtitles",
    "OptionAlwaysPlaySubtitles": "Always play subtitles",
    "OptionNoSubtitles": "Nema titlova",
    "OptionDefaultSubtitlesHelp": "Subtitles matching the language preference will be loaded when the audio is in a foreign language.",
    "OptionOnlyForcedSubtitlesHelp": "Only subtitles marked as forced will be loaded.",
    "OptionAlwaysPlaySubtitlesHelp": "Subtitles matching the language preference will be loaded regardless of the audio language.",
    "OptionNoSubtitlesHelp": "Subtitles will not be loaded by default.",
    "TabProfiles": "Profili",
    "TabSecurity": "Sigurnost",
    "ButtonAddUser": "Dodaj korisnika",
    "ButtonAddLocalUser": "Add Local User",
    "ButtonInviteUser": "Invite User",
    "ButtonSave": "Snimi",
    "ButtonResetPassword": "Resetiraj lozinku",
    "LabelNewPassword": "Nova lozinka:",
    "LabelNewPasswordConfirm": "Potvrda nove lozinke:",
    "HeaderCreatePassword": "Kreiraj lozinku",
    "LabelCurrentPassword": "Sada\u0161nja lozinka:",
    "LabelMaxParentalRating": "Najve\u0107a dopu\u0161tena roditeljska ocjena:",
    "MaxParentalRatingHelp": "Sadr\u017eaj sa vi\u0161om ocjenom \u0107e biti skriven od ovog korisnika.",
    "LibraryAccessHelp": "Odaberite medijske mape za djeljenje sa ovim korisnikom. Administratori \u0107e mo\u0107i mjenjati sve mape preko Metadata menad\u017eera.",
    "ChannelAccessHelp": "Odaberite kanale za dijeljenje sa ovim korisnikom. Administratori \u0107e mo\u0107i mijenjati sve kanale koriste\u0107i metadata menad\u017eer.",
    "ButtonDeleteImage": "Izbri\u0161i sliku",
    "LabelSelectUsers": "Odaberite korisnika:",
    "ButtonUpload": "Dostavi",
    "HeaderUploadNewImage": "Dostavi novu sliku",
    "LabelDropImageHere": "Ubaci sliku ovdje",
    "ImageUploadAspectRatioHelp": "1:1 Omjer, preporu\u010damo. Samo JPG\/PNG.",
    "MessageNothingHere": "Ni\u0161ta ovdje.",
    "MessagePleaseEnsureInternetMetadata": "Molimo provjerite da je preuzimanje metadata sa interneta omogu\u0107eno.",
    "TabSuggested": "Preporu\u010deno",
    "TabSuggestions": "Suggestions",
    "TabLatest": "Zadnje",
    "TabUpcoming": "Uskoro",
    "TabShows": "Emisije",
    "TabEpisodes": "Epizode",
    "TabGenres": "\u017danrovi",
    "TabPeople": "Ljudi",
    "TabNetworks": "Mre\u017ee",
    "HeaderUsers": "Korisnici",
    "HeaderFilters": "Filteri:",
    "ButtonFilter": "Filter",
    "OptionFavorite": "Favoriti",
    "OptionLikes": "Volim",
    "OptionDislikes": "Nevolim",
    "OptionActors": "Glumci",
    "OptionGuestStars": "Gostu\u0107e zvjezde",
    "OptionDirectors": "Redatelji",
    "OptionWriters": "Pisci",
    "OptionProducers": "Producenti",
    "HeaderResume": "Nastavi",
    "HeaderNextUp": "Sljede\u0107e je",
    "NoNextUpItemsMessage": "Nije prona\u0111eno. Krenite sa gledanjem va\u0161e emisije!",
    "HeaderLatestEpisodes": "Zadnje epizode",
    "HeaderPersonTypes": "Tip osobe:",
    "TabSongs": "Pjesme",
    "TabAlbums": "Albumi",
    "TabArtists": "Izvo\u0111a\u010di",
    "TabAlbumArtists": "Albumi izvo\u0111a\u010da",
    "TabMusicVideos": "Muzi\u010dki spotovi",
    "ButtonSort": "Slo\u017ei",
    "HeaderSortBy": "Slo\u017ei po:",
    "HeaderSortOrder": "Redosljed slaganja:",
    "OptionPlayed": "Izvo\u0111eni",
    "OptionUnplayed": "Neizvo\u0111eni",
    "OptionAscending": "Uzlazno",
    "OptionDescending": "Silazno",
    "OptionRuntime": "Trajanje",
    "OptionReleaseDate": "Release Date",
    "OptionPlayCount": "Broju izvo\u0111enja",
    "OptionDatePlayed": "Datumu izvo\u0111enja",
    "OptionDateAdded": "Datumu dodavanja",
    "OptionAlbumArtist": "Albumu izvo\u0111a\u010da",
    "OptionArtist": "Izvo\u0111a\u010du",
    "OptionAlbum": "Albumu",
    "OptionTrackName": "Nazivu pjesme",
    "OptionCommunityRating": "Ocjeni zajednice",
    "OptionNameSort": "Nazivu",
    "OptionFolderSort": "Mape",
    "OptionBudget": "Bud\u017eet",
    "OptionRevenue": "Prihod",
    "OptionPoster": "Poster",
    "OptionPosterCard": "Poster card",
    "OptionBackdrop": "Pozadina",
    "OptionTimeline": "Vremenska linija",
    "OptionThumb": "Sli\u010dica",
    "OptionThumbCard": "Thumb card",
    "OptionBanner": "Zaglavlje",
    "OptionCriticRating": "Ocjeni kritike",
    "OptionVideoBitrate": "Video Bitrate",
    "OptionResumable": "Nastavi",
    "ScheduledTasksHelp": "Klini na zadatak za pode\u0161avanje raporeda.",
    "ScheduledTasksTitle": "Raspored zadataka",
    "TabMyPlugins": "Moji dodaci",
    "TabCatalog": "Katalog",
    "TitlePlugins": "Plugins",
    "HeaderAutomaticUpdates": "Automatske nadogradnje",
    "HeaderNowPlaying": "Sad se izvodi",
    "HeaderLatestAlbums": "Zadnji albumi",
    "HeaderLatestSongs": "Zadnje pjesme",
    "HeaderRecentlyPlayed": "Zadnje izvo\u0111eno",
    "HeaderFrequentlyPlayed": "\u010cesto izvo\u0111eno",
    "DevBuildWarning": "Dev distribucije su klimave. \u010cesto se izbacuju, a nisu ni testirane. Aplikacija se mo\u017ee sru\u0161iti i mogu otkazati sve funkcije.",
    "LabelVideoType": "Tip Videa:",
    "OptionBluray": "Bluray",
    "OptionDvd": "Dvd",
    "OptionIso": "Iso",
    "Option3D": "3D",
    "LabelFeatures": "Mogu\u0107nosti:",
    "LabelService": "Service:",
    "LabelStatus": "Status:",
    "LabelVersion": "Version:",
    "LabelLastResult": "Last result:",
    "OptionHasSubtitles": "Prijevodi",
    "OptionHasTrailer": "Kratki video",
    "OptionHasThemeSong": "Pjesma teme",
    "OptionHasThemeVideo": "Video teme",
    "TabMovies": "Filmovi",
    "TabStudios": "Studio",
    "TabTrailers": "Trailers",
    "LabelArtists": "Artists:",
    "LabelArtistsHelp": "Separate multiple using ;",
    "HeaderLatestMovies": "Zadnji Filmovi",
    "HeaderLatestTrailers": "Zadnji trailersi",
    "OptionHasSpecialFeatures": "Specijalne opcije",
    "OptionImdbRating": "IMDb ocjena",
    "OptionParentalRating": "Roditeljska ocjena",
    "OptionPremiereDate": "Datum premijere",
    "TabBasic": "Osnovno",
    "TabAdvanced": "Napredno",
    "HeaderStatus": "Status",
    "OptionContinuing": "Nastavlja se",
    "OptionEnded": "Zavr\u0161eno",
    "HeaderAirDays": "Dani emitiranja",
    "OptionSunday": "Nedjelja",
    "OptionMonday": "Ponedjeljak",
    "OptionTuesday": "Utorak",
    "OptionWednesday": "Srijeda",
    "OptionThursday": "\u010cetvrtak",
    "OptionFriday": "Petak",
    "OptionSaturday": "Subota",
    "HeaderManagement": "Upravljanje",
    "LabelManagement": "Management:",
    "OptionMissingImdbId": "Nedostaje IMDb Id",
    "OptionMissingTvdbId": "Nedostaje TheTVDB Id",
    "OptionMissingOverview": "Nedostaje pregled",
    "OptionFileMetadataYearMismatch": "Nepravilna godina, Datoteke\/Metadata",
    "TabGeneral": "Op\u0107e",
    "TitleSupport": "Podr\u0161ka",
    "TabLog": "Log",
    "TabAbout": "O ovome...",
    "TabSupporterKey": "Emby Premiere Key",
    "TabBecomeSupporter": "Get Emby Premiere",
    "TabEmbyPremiere": "Emby Premiere",
    "ProjectHasCommunity": "Emby has a thriving community of users and contributors.",
    "CheckoutKnowledgeBase": "Check out our knowledge base to help you get the most out of Emby.",
    "SearchKnowledgeBase": "Pretra\u017ei bazu znanja",
    "VisitTheCommunity": "Posjeti zajednicu",
    "VisitProjectWebsite": "Visit the Emby Web Site",
    "VisitProjectWebsiteLong": "Visit the Emby Web site to catch the latest news and keep up with the developer blog.",
    "OptionHideUser": "Sakrij korisnika sa prozora prijave",
    "OptionHideUserFromLoginHelp": "Useful for private or hidden administrator accounts. The user will need to sign in manually by entering their username and password.",
    "OptionDisableUser": "Onemogu\u0107i ovog korisnika",
    "OptionDisableUserHelp": "Ako je onemogu\u0107en server ne\u0107e dopustiti nikakve veze od ovog korisnika. Postoje\u0107e veze \u0107e odmah biti prekinute.",
    "HeaderAdvancedControl": "Napredna kontrola",
    "LabelName": "Ime:",
    "ButtonHelp": "Help",
    "OptionAllowUserToManageServer": "Dopusti ovom korisniku da upravlja serverom",
    "HeaderFeatureAccess": "Pristup opcijama",
    "OptionAllowMediaPlayback": "Allow media playback",
    "OptionAllowBrowsingLiveTv": "Allow Live TV access",
    "OptionAllowDeleteLibraryContent": "Allow media deletion",
    "OptionAllowManageLiveTv": "Allow Live TV recording management",
    "OptionAllowRemoteControlOthers": "Allow remote control of other users",
    "OptionAllowRemoteSharedDevices": "Allow remote control of shared devices",
    "OptionAllowRemoteSharedDevicesHelp": "Dlna devices are considered shared until a user begins controlling it.",
    "OptionAllowLinkSharing": "Allow social media sharing",
    "OptionAllowLinkSharingHelp": "Only web pages containing media information are shared. Media files are never shared publicly. Shares are time-limited and will expire based on your server sharing settings.",
    "HeaderSharing": "Sharing",
    "HeaderRemoteControl": "Remote Control",
    "OptionMissingTmdbId": "Nedostaje Tmdb Id",
    "OptionIsHD": "HD",
    "OptionIsSD": "SD",
    "OptionMetascore": "Metascore",
    "ButtonSelect": "Odaberi",
    "ButtonGroupVersions": "Verzija grupe",
    "ButtonAddToCollection": "Add to Collection",
    "PismoMessage": "Utilizing Pismo File Mount through a donated license.",
    "TangibleSoftwareMessage": "Utilizing Tangible Solutions Java\/C# converters through a donated license.",
    "HeaderCredits": "Credits",
    "PleaseSupportOtherProduces": "Molimo podr\u017eite i druge proizvode koje koristimo:",
    "VersionNumber": "Verzija {0}",
    "TabPaths": "Putanja",
    "TabServer": "Server",
    "TabTranscoding": "Konvertiranje",
    "TitleAdvanced": "Napredno",
    "OptionRelease": "Slu\u017ebeno izdanje",
    "OptionBeta": "Beta",
    "OptionDev": "Dev (nestabilno)",
    "LabelAllowServerAutoRestart": "Dopusti serveru da se automatski resetira kako bi proveo nadogradnje",
    "LabelAllowServerAutoRestartHelp": "Server \u0107e se resetirati dok je u statusu mirovanja, odnosno kada nema aktivnih korisnika.",
    "LabelEnableDebugLogging": "Omogu\u0107i logiranje gre\u0161aka",
    "LabelRunServerAtStartup": "Pokreni server pri pokretanju ra\u010dunala",
    "LabelRunServerAtStartupHelp": "Ovo \u0107e pokrenuti aplikaciju na alatnoj traci prilikom startanja windowsa. Ako \u017eelite pokrenuti Media Browser kao uslugu servisa maknite kva\u010dicu i pokrenite servis iz windows kontrolne plo\u010de. Imajte na umu da nemo\u017eet imati pokrenuto oboje, stoga ugasite aplikaciju na alatnoj traci prije pokretanja servisa.",
    "ButtonSelectDirectory": "Select Directory",
    "LabelCustomPaths": "Specify custom paths where desired. Leave fields empty to use the defaults.",
    "LabelCachePath": "Cache path:",
    "LabelCachePathHelp": "Specify a custom location for server cache files, such as images. Leave blank to use the server default.",
    "LabelRecordingPath": "Recording path:",
    "LabelRecordingPathHelp": "Specify a custom location to save recordings. Leave blank to use the server default.",
    "LabelImagesByNamePath": "Images by name path:",
    "LabelImagesByNamePathHelp": "Specify a custom location for downloaded actor, genre and studio images.",
    "LabelMetadataPath": "Metadata path:",
    "LabelMetadataPathHelp": "Specify a custom location for downloaded artwork and metadata.",
    "LabelTranscodingTempPath": "Transcoding temporary path:",
    "LabelTranscodingTempPathHelp": "This folder contains working files used by the transcoder. Specify a custom path, or leave empty to use the default within the server's data folder.",
    "TabBasics": "Basics",
    "TabTV": "TV",
    "TabGames": "Games",
    "TabMusic": "Music",
    "TabOthers": "Others",
    "HeaderExtractChapterImagesFor": "Extract chapter images for:",
    "OptionMovies": "Movies",
    "OptionEpisodes": "Episodes",
    "OptionOtherVideos": "Other Videos",
    "TitleMetadata": "Metadata",
    "LabelAutomaticUpdates": "Enable automatic updates",
    "LabelAutomaticUpdatesTmdb": "Enable automatic updates from TheMovieDB.org",
    "LabelAutomaticUpdatesTvdb": "Enable automatic updates from TheTVDB.com",
    "LabelAutomaticUpdatesFanartHelp": "If enabled, new images will be downloaded automatically as they're added to fanart.tv. Existing images will not be replaced. This will cause library scans to take longer and will result in more disk activity.",
    "LabelAutomaticUpdatesTmdbHelp": "If enabled, new images will be downloaded automatically as they're added to TheMovieDB.org. Existing images will not be replaced. This will cause library scans to take longer and will result in more disk activity.",
    "LabelAutomaticUpdatesTvdbHelp": "If enabled, new images will be downloaded automatically as they're added to TheTVDB.com. Existing images will not be replaced. This will cause library scans to take longer and will result in more disk activity.",
    "LabelFanartApiKey": "Personal api key:",
    "LabelFanartApiKeyHelp": "Requests to fanart without a personal API key return results that were approved over 7 days ago. With a personal API key that drops to 48 hours and if you are also a fanart VIP member that will further drop to around 10 minutes.",
    "ExtractChapterImagesHelp": "Extracting chapter images will allow clients to display graphical scene selection menus. The process can be slow, cpu-intensive and may require several gigabytes of space. It runs when videos are discovered, and also as a nightly scheduled task. The schedule is configurable in the scheduled tasks area. It is not recommended to run this task during peak usage hours.",
    "LabelMetadataDownloadLanguage": "Preferred download language:",
    "ButtonAutoScroll": "Auto-scroll",
    "LabelImageSavingConvention": "Image saving convention:",
    "LabelImageSavingConventionHelp": "Emby recognizes images from most major media applications. Choosing your downloading convention is useful if you also use other products.",
    "OptionImageSavingCompatible": "Compatible - Emby\/Kodi\/Plex",
    "OptionImageSavingStandard": "Standard - MB2",
    "ButtonSignIn": "Sign In",
    "TitleSignIn": "Sign In",
    "HeaderPleaseSignIn": "Please sign in",
    "LabelUser": "User:",
    "LabelPassword": "Password:",
    "ButtonManualLogin": "Manual Login",
    "PasswordLocalhostMessage": "Passwords are not required when logging in from localhost.",
    "TabGuide": "Guide",
    "TabChannels": "Channels",
    "TabCollections": "Collections",
    "HeaderChannels": "Channels",
    "TabRecordings": "Recordings",
    "TabScheduled": "Scheduled",
    "TabSeries": "Series",
    "TabFavorites": "Favorites",
    "TabMyLibrary": "My Library",
    "ButtonCancelRecording": "Cancel Recording",
    "HeaderPrePostPadding": "Pre\/Post Padding",
    "LabelPrePaddingMinutes": "Pre-padding minutes:",
    "OptionPrePaddingRequired": "Pre-padding is required in order to record.",
    "LabelPostPaddingMinutes": "Dodatne minute za kraj",
    "OptionPostPaddingRequired": "Dodatne minute za kraj su obvezne za snimanje.",
    "HeaderWhatsOnTV": "\u0160to je sad na TV-u",
    "HeaderUpcomingTV": "Sljede\u0107e na TV-u",
    "TabStatus": "Status",
    "TabSettings": "Postavke",
    "ButtonRefreshGuideData": "Osvje\u017ei TV vodi\u010d",
    "ButtonRefresh": "Refresh",
    "ButtonAdvancedRefresh": "Advanced Refresh",
    "OptionPriority": "Prioritet",
    "OptionRecordOnAllChannels": "Record on all channels",
    "OptionRecordAnytime": "Record at any time",
    "OptionRecordOnlyNewEpisodes": "Snimi samo nove epizode",
    "HeaderRepeatingOptions": "Repeating Options",
    "HeaderDays": "Dani",
    "HeaderActiveRecordings": "Aktivna snimanja",
    "HeaderLatestRecordings": "Zadnje snimke",
    "HeaderAllRecordings": "Sve snimke",
    "ButtonPlay": "Pokreni",
    "ButtonEdit": "Izmjeni",
    "ButtonRecord": "Snimi",
    "ButtonDelete": "Izbri\u0161i",
    "ButtonRemove": "Ukloni",
    "OptionRecordSeries": "Snimi serije",
    "HeaderDetails": "Detalji",
    "TitleLiveTV": "TV",
    "LabelNumberOfGuideDays": "Broj dana TV vodi\u010da za preuzet:",
    "LabelNumberOfGuideDaysHelp": "Preuzimanje vi\u0161e dana TV vodi\u010da, omogu\u0107iti \u0107e vam zakazivanje snimanja dalje u budu\u0107nost , ali \u0107e i preuzimanje du\u017ee trajati. Automaski - odabir \u0107e se prilagoditi broju kanala.",
    "OptionAutomatic": "Automatski",
    "HeaderServices": "Services",
    "LiveTvPluginRequired": "TV u\u017eivo usluga je obavezna ako \u017eelite nastaviti.",
    "LiveTvPluginRequiredHelp": "Molimo instalirajte jedan od dostupnih dodataka, kaoo \u0161to su Next Pvr ili ServerWmc.",
    "LabelCustomizeOptionsPerMediaType": "Customize for media type:",
    "OptionDownloadThumbImage": "Sli\u010dica",
    "OptionDownloadMenuImage": "Meni",
    "OptionDownloadLogoImage": "Logo",
    "OptionDownloadBoxImage": "Kutija",
    "OptionDownloadDiscImage": "Disk",
    "OptionDownloadBannerImage": "Zaglavlje",
    "OptionDownloadBackImage": "Druga str.",
    "OptionDownloadArtImage": "Grafike",
    "OptionDownloadPrimaryImage": "Primarno",
    "HeaderFetchImages": "Dohvati slike:",
    "HeaderImageSettings": "Postavke slike",
    "TabOther": "Other",
    "LabelMaxBackdropsPerItem": "Maksimalni broj pozadina po stavci:",
    "LabelMaxScreenshotsPerItem": "Maksimalni broj isje\u010daka po stavci:",
    "LabelMinBackdropDownloadWidth": "Minimalna \u0161irina pozadine za preuzimanje:",
    "LabelMinScreenshotDownloadWidth": "Minimalna \u0161irina isje\u010dka za preuzimanje:",
    "ButtonAddScheduledTaskTrigger": "Add Trigger",
    "HeaderAddScheduledTaskTrigger": "Add Trigger",
    "ButtonAdd": "Dodaj",
    "LabelTriggerType": "Tip pokreta\u010da:",
    "OptionDaily": "Dnevno",
    "OptionWeekly": "Tjedno",
    "OptionOnInterval": "U intervalu",
    "OptionOnAppStartup": "Kada se aplikacija pokrene",
    "OptionAfterSystemEvent": "Nakon doga\u0111aja u sistemu",
    "LabelDay": "Dan:",
    "LabelTime": "Vrijeme:",
    "LabelEvent": "Doga\u0111aj:",
    "OptionWakeFromSleep": "Pokreni iz stanja mirovanja",
    "LabelEveryXMinutes": "Svaki:",
    "HeaderTvTuners": "TV ure\u0111aji",
    "HeaderGallery": "Galerija",
    "HeaderLatestGames": "Zadnje igrice",
    "HeaderRecentlyPlayedGames": "Zadnje igrane igrice",
    "TabGameSystems": "Sistemi igrica",
    "TitleMediaLibrary": "Medijska bibilioteka",
    "TabFolders": "Mapa",
    "TabPathSubstitution": "Zamjenska putanja",
    "LabelSeasonZeroDisplayName": "Prikaz naziva Sezona 0:",
    "LabelEnableRealtimeMonitor": "Omogu\u0107i nadgledanje u realnom vremenu",
    "LabelEnableRealtimeMonitorHelp": "Promjene \u0107e biti procesuirane odmah, nad podr\u017eanim datotekama sistema.",
    "ButtonScanLibrary": "Skeniraj biblioteku",
    "HeaderNumberOfPlayers": "Izvo\u0111a\u010di:",
    "OptionAnyNumberOfPlayers": "Bilo koji",
    "Option1Player": "1+",
    "Option2Player": "2+",
    "Option3Player": "3+",
    "Option4Player": "4+",
    "HeaderMediaFolders": "Medijska mapa",
    "HeaderThemeVideos": "Tema Videa",
    "HeaderThemeSongs": "Pjesme tema",
    "HeaderScenes": "Scene",
    "HeaderAwardsAndReviews": "Nagrade i recenzije",
    "HeaderSoundtracks": "Filmska glazba",
    "HeaderMusicVideos": "Muzi\u010dki spotovi",
    "HeaderSpecialFeatures": "Specijalne zna\u010dajke",
    "HeaderCastCrew": "Glumci i ekipa",
    "HeaderAdditionalParts": "Dodatni djelovi",
    "ButtonSplitVersionsApart": "Razdvoji verzije",
    "ButtonPlayTrailer": "Trailer",
    "LabelMissing": "Nedostaje",
    "LabelOffline": "Nedostupno",
    "PathSubstitutionHelp": "Zamjenske putanje se koriste za mapiranje putanja na serveru na putanje kojima \u0107e kljenti mo\u0107i pristupiti. Dupu\u0161taju\u0107i kljentima direktan pristup medijima na serveru imaju mogu\u0107nost izvoditi sadr\u017eaj direktno preko mre\u017ee i tako ne iskori\u0161tavati resurse servera za koverziju i reprodukciju istih.",
    "HeaderFrom": "Od",
    "HeaderTo": "Za",
    "LabelFrom": "Od:",
    "LabelFromHelp": "Primjer: D:\\Filmovi (na serveru)",
    "LabelTo": "Za:",
    "LabelToHelp": "Primjer: \\\\MojServer\\Filmovi (putanja kojoj kljent mo\u017ee pristupiti)",
    "ButtonAddPathSubstitution": "Dodaj zamjenu",
    "OptionSpecialEpisode": "Specijal",
    "OptionMissingEpisode": "Epizode koje nedostaju",
    "OptionUnairedEpisode": "Ne emitirane epizode",
    "OptionEpisodeSortName": "Slo\u017ei epizode po",
    "OptionSeriesSortName": "Nazivu serijala",
    "OptionTvdbRating": "Ocjeni Tvdb",
    "HeaderTranscodingQualityPreference": "Postavke kvalitete konverzije:",
    "OptionAutomaticTranscodingHelp": "Server \u0107e odlu\u010diti o kvaliteti i brzini",
    "OptionHighSpeedTranscodingHelp": "Slabija kvaliteta, ali br\u017ea konverzija",
    "OptionHighQualityTranscodingHelp": "Bolja kvaliteta, ali sporija konverzija",
    "OptionMaxQualityTranscodingHelp": "Najbolja kvaliteta sa sporom konverzijom i velikim optere\u0107enjem za procesor",
    "OptionHighSpeedTranscoding": "Ve\u0107a brzina",
    "OptionHighQualityTranscoding": "Ve\u0107a kvaliteta",
    "OptionMaxQualityTranscoding": "Maksimalna kvaliteta",
    "OptionEnableDebugTranscodingLogging": "Omogu\u0107i logiranje pogre\u0161aka prilikom konverzije",
    "OptionEnableDebugTranscodingLoggingHelp": "Ovo \u0107e kreirati iznimno velike log datoteke i jedino se preporu\u010da koristiti u slu\u010daju problema sa konverzijom.",
    "EditCollectionItemsHelp": "Dodaj ili ukloni bilo koje filmove, serije, albume, knjige ili igrice koje \u017eeli\u0161 grupirati u ovu kolekciju.",
    "HeaderAddTitles": "Dodaj naslove",
    "LabelEnableDlnaPlayTo": "Omogu\u0107i DLNA izvo\u0111enje na",
    "LabelEnableDlnaPlayToHelp": "Emby can detect devices within your network and offer the ability to remote control them.",
    "LabelEnableDlnaDebugLogging": "Omogu\u0107i DLNA logiranje gre\u0161aka.",
    "LabelEnableDlnaDebugLoggingHelp": "Ovo \u0107e kreirati iznimno velike log datoteke i jedino se preporu\u010da koristiti u slu\u010daju problema.",
    "LabelEnableDlnaClientDiscoveryInterval": "Interval za otkrivanje kljenata (sekunde)",
    "LabelEnableDlnaClientDiscoveryIntervalHelp": "Determines the duration in seconds between SSDP searches performed by Emby.",
    "HeaderCustomDlnaProfiles": "Prilago\u0111en profil",
    "HeaderSystemDlnaProfiles": "Sistemski profil",
    "CustomDlnaProfilesHelp": "Kreiraj prilago\u0111eni profili za novi ure\u0111aj ili doradi neki od sistemskih profila.",
    "SystemDlnaProfilesHelp": "Sistemski profili su samo za \u010ditanje. Bilo kakve izmjene na sistemskom profilu biti \u0107e snimljene kao novi prilago\u0111eni profil.",
    "TitleDashboard": "Nadzorna plo\u010da",
    "TabHome": "Po\u010detna",
    "TabInfo": "Info",
    "HeaderLinks": "Poveznice",
    "HeaderSystemPaths": "Sistemska putanja",
    "LinkCommunity": "Zajednica",
    "LinkGithub": "Github",
    "LinkApi": "Api",
    "LinkApiDocumentation": "Api dokumentacija",
    "LabelFriendlyServerName": "Prijateljsko ime servera:",
    "LabelFriendlyServerNameHelp": "Ovo ime \u0107e se koristiti za identifikaciju servera. Ako ostavite prazno, ime ra\u010dunala \u0107e se koristi kao identifikator.",
    "LabelPreferredDisplayLanguage": "Preferred display language:",
    "LabelPreferredDisplayLanguageHelp": "Translating Emby is an ongoing project.",
    "LabelReadHowYouCanContribute": "Learn how you can contribute.",
    "HeaderNewCollection": "Nova kolekcija",
    "ButtonSubmit": "Submit",
    "ButtonCreate": "Kreiraj",
    "LabelCustomCss": "Custom css:",
    "LabelCustomCssHelp": "Apply your own custom css to the web interface.",
    "LabelLocalHttpServerPortNumber": "Local http port number:",
    "LabelLocalHttpServerPortNumberHelp": "The tcp port number that Emby's http server should bind to.",
    "LabelPublicHttpPort": "Public http port number:",
    "LabelPublicHttpPortHelp": "The public port number that should be mapped to the local http port.",
    "LabelPublicHttpsPort": "Public https port number:",
    "LabelPublicHttpsPortHelp": "The public port number that should be mapped to the local https port.",
    "LabelEnableHttps": "Report https as external address",
    "LabelEnableHttpsHelp": "If enabled, the server will report an https url to clients as it's external address.",
    "LabelHttpsPort": "Local https port number:",
    "LabelHttpsPortHelp": "The tcp port number that Emby's https server should bind to.",
    "LabelWebSocketPortNumber": "Port Web priklju\u010dka:",
    "LabelEnableAutomaticPortMap": "Enable automatic port mapping",
    "LabelEnableAutomaticPortMapHelp": "Attempt to automatically map the public port to the local port via UPnP. This may not work with some router models.",
    "LabelExternalDDNS": "External WAN Address:",
    "LabelExternalDDNSHelp": "If you have a dynamic DNS enter it here. Emby apps will use it when connecting remotely. Leave empty for automatic detection.",
    "TabResume": "Nastavi",
    "TabWeather": "Vrijeme",
    "TitleAppSettings": "Postavke aplikacije",
    "LabelMinResumePercentage": "Minimalni postotak za nastavak:",
    "LabelMaxResumePercentage": "Maksimalni postotak za nastavak:",
    "LabelMinResumeDuration": "Minimalno trajanje za nastavak (sekunda):",
    "LabelMinResumePercentageHelp": "Naslovi \u0107e biti ozna\u010deni kao ne reproducirani ako se zaustave prije ovog vremena",
    "LabelMaxResumePercentageHelp": "Naslovi \u0107e biti ozna\u010deni kao pogledani ako budu zaustavljeni nakon ovog vremena",
    "LabelMinResumeDurationHelp": "Naslovi kra\u0107i od ovog ne\u0107e imati mogu\u0107nost nastavka",
    "TitleAutoOrganize": "Auto-Organiziraj",
    "TabActivityLog": "Zapisnik aktivnosti",
    "HeaderName": "Ime",
    "HeaderDate": "Datum",
    "HeaderSource": "Izvor",
    "HeaderDestination": "Cilj",
    "HeaderProgram": "Program",
    "HeaderClients": "Kljenti",
    "LabelCompleted": "Zavr\u0161eno",
    "LabelFailed": "Failed",
    "LabelSkipped": "Presko\u010deno",
    "HeaderEpisodeOrganization": "Organizacija epizoda",
    "LabelSeries": "Series:",
    "LabelSeasonNumber": "Season number",
    "LabelEpisodeNumber": "Episode number",
    "LabelEndingEpisodeNumber": "Broj kraja epizode:",
    "LabelEndingEpisodeNumberHelp": "Potrebno samo za datoteke sa vi\u0161e epizoda",
    "HeaderSupportTheTeam": "Support the Emby Team",
    "LabelSupportAmount": "Iznos (USD)",
    "HeaderSupportTheTeamHelp": "Help ensure the continued development of this project by purchasing Emby Premiere. A portion of all income will be contributed to other free tools we depend on.",
    "ButtonEnterSupporterKey": "Enter Emby Premiere key",
    "DonationNextStep": "Once complete, please return and enter your Emby Premiere key, which you will receive by email.",
    "AutoOrganizeHelp": "Auto-Organizator nadgleda va\u0161u mapu za preuzimanja za nove datoteke i filmove te ih premje\u0161ta u mapu za medije.",
    "AutoOrganizeTvHelp": "Organizator TV datoteka \u0107e samo dodati epizode za postoje\u0107e serije. Ne\u0107e napraviti mape za nove serije.",
    "OptionEnableEpisodeOrganization": "Omogu\u0107i organizaciju novih epizoda",
    "LabelWatchFolder": "Nadgledaj mapu:",
    "LabelWatchFolderHelp": "Server \u0107e pregledati ovu mapu prilikom izvr\u0161avanja zakazanog zadatka 'Organizacije novih medijskih datoteka'.",
    "ButtonViewScheduledTasks": "Pregledaj zakazane zadatke",
    "LabelMinFileSizeForOrganize": "Minimalna veli\u010dina datoteke (MB):",
    "LabelMinFileSizeForOrganizeHelp": "Datoteke ispod ove veli\u010dine \u0107e biti ignorirane.",
    "LabelSeasonFolderPattern": "Obrazac naziva mape - sezone:",
    "LabelSeasonZeroFolderName": "Obrazac naziva mape - Nulte sezone:",
    "HeaderEpisodeFilePattern": "Obrazac naziva datoteke - Epizode",
    "LabelEpisodePattern": "Obrazac epizode",
    "LabelMultiEpisodePattern": "Obrazac za vi\u0161e epizoda",
    "HeaderSupportedPatterns": "Prihvatljivi obrasci",
    "HeaderTerm": "Pojam",
    "HeaderPattern": "Obrazac",
    "HeaderResult": "Rezultat",
    "LabelDeleteEmptyFolders": "Izbri\u0161i prazne mape nakon organizacije",
    "LabelDeleteEmptyFoldersHelp": "Omogu\u0107i ovo kako bi mapa za preuzimanje bila '\u010dista'.",
    "LabelDeleteLeftOverFiles": "Izbri\u0161i zaostale datoteke sa sljede\u0107im ekstenzijama:",
    "LabelDeleteLeftOverFilesHelp": "Odvojite sa ;. Naprimjer: .nfo;.txt",
    "OptionOverwriteExistingEpisodes": "Presnimi preko postoje\u0107ih epizoda",
    "LabelTransferMethod": "Na\u010din prijenosa",
    "OptionCopy": "Kopiraj",
    "OptionMove": "Premjesti",
    "LabelTransferMethodHelp": "Kopiraj ili premjesti datoteke iz mape koju ste postavili da se nadzire",
    "HeaderLatestNews": "Zadnje vijesti",
    "HeaderHelpImproveProject": "Help Improve Emby",
    "HeaderRunningTasks": "Zadatci koji se izvode",
    "HeaderActiveDevices": "Aktivni ure\u0111aji",
    "HeaderPendingInstallations": "Instalacije u toku",
    "HeaderServerInformation": "Server Information",
    "ButtonRestartNow": "Ponovo pokreni sad",
    "ButtonRestart": "Ponovo pokreni",
    "ButtonShutdown": "Ugasi",
    "ButtonUpdateNow": "A\u017euriraj sad",
    "TabHosting": "Hosting",
    "PleaseUpdateManually": "Molimo ugasite server i a\u017eurirati ru\u010dno",
    "NewServerVersionAvailable": "A new version of Emby Server is available!",
    "ServerUpToDate": "Emby Server is up to date",
    "LabelComponentsUpdated": "Sljede\u0107e komponente su instalirane ili a\u017eurirane.",
    "MessagePleaseRestartServerToFinishUpdating": "Molimo ponovo pokrenite server kako bi se zavr\u0161ila a\u017euriranja.",
    "LabelDownMixAudioScale": "Poja\u010daj zvuk kada radi\u0161 downmix:",
    "LabelDownMixAudioScaleHelp": "Poja\u010daj zvuk kada radi\u0161 downmix. Postavi na 1 ako \u017eeli\u0161 zadr\u017eati orginalnu ja\u010dinu zvuka.",
    "ButtonLinkKeys": "Transfer Key",
    "LabelOldSupporterKey": "Old Emby Premiere key",
    "LabelNewSupporterKey": "New Emby Premiere key",
    "HeaderMultipleKeyLinking": "Transfer to New Key",
    "MultipleKeyLinkingHelp": "If you received a new Emby Premiere key, use this form to transfer the old key's registrations to your new one.",
    "LabelCurrentEmailAddress": "Trenutna e-mail adresa",
    "LabelCurrentEmailAddressHelp": "Trenutna e-mail adresa na koju je poslan novi klju\u010d.",
    "HeaderForgotKey": "Zaboravili ste klju\u010d",
    "LabelEmailAddress": "E-mail adresa",
    "LabelSupporterEmailAddress": "E-mail adresa koja je kori\u0161tena za nabavku klju\u010da",
    "ButtonRetrieveKey": "Dohvati klju\u010d",
    "LabelSupporterKey": "Emby Premiere key (paste from email):",
    "LabelSupporterKeyHelp": "Enter your Emby Premiere key to start enjoying additional benefits the community has developed for Emby.",
    "MessageInvalidKey": "Emby Premiere key is missing or invalid.",
    "ErrorMessageInvalidKey": "In order for any premium content to be registered, you must also have an active Emby Premiere subscription.",
    "HeaderDisplaySettings": "Postavke prikaza",
    "TabPlayTo": "Izvedi na",
    "LabelEnableDlnaServer": "Omogu\u0107i Dlna server",
    "LabelEnableDlnaServerHelp": "Allows UPnP devices on your network to browse and play Emby content.",
    "LabelEnableBlastAliveMessages": "Objavi poruke dostupnosti",
    "LabelEnableBlastAliveMessagesHelp": "Omogu\u0107i ovo ako server nije prikazan kao siguran za druge UPnP ure\u0111aje na mre\u017ei.",
    "LabelBlastMessageInterval": "Interval poruka dostupnosti (sekunde)",
    "LabelBlastMessageIntervalHelp": "Odre\u0111uje trajanje u sekundama izme\u0111u svake poruke dostupnosti servera.",
    "LabelDefaultUser": "Zadani korisnik:",
    "LabelDefaultUserHelp": "Odre\u0111uje koja \u0107e biblioteka biti prikazana na spojenim ure\u0111ajima. Ovo se mo\u017ee zaobi\u0107i za svaki ure\u0111aj koriste\u0107i profile.",
    "TitleDlna": "DLNA",
    "TitleChannels": "Channels",
    "HeaderServerSettings": "Postavke Servera",
    "LabelWeatherDisplayLocation": "Lokacija prikaza vremena:",
    "LabelWeatherDisplayLocationHelp": "Po\u0161tanski broj \/ Grad, Dr\u017eava",
    "LabelWeatherDisplayUnit": "Jedinica za prikaz temperature",
    "OptionCelsius": "Celzij",
    "OptionFahrenheit": "Farenhajt",
    "HeaderRequireManualLogin": "Zahtjevaj ru\u010dni unos korisni\u010dkog imena za:",
    "HeaderRequireManualLoginHelp": "Kada onemogu\u0107eni korisnici otvore prozor za prijavu sa vizualnim odabirom korisnika.",
    "OptionOtherApps": "Druge aplikacije",
    "OptionMobileApps": "Mobilne aplikacije",
    "HeaderNotificationList": "Kliknite na obavijesti kako bi postavili opcije slanja.",
    "NotificationOptionApplicationUpdateAvailable": "Dostupno a\u017euriranje aplikacije",
    "NotificationOptionApplicationUpdateInstalled": "Instalirano a\u017euriranje aplikacije",
    "NotificationOptionPluginUpdateInstalled": "Instalirano a\u017euriranje za dodatak",
    "NotificationOptionPluginInstalled": "Dodatak instaliran",
    "NotificationOptionPluginUninstalled": "Dodatak uklonjen",
    "NotificationOptionVideoPlayback": "Reprodukcija videa zapo\u010deta",
    "NotificationOptionAudioPlayback": "Reprodukcija glazbe zapo\u010deta",
    "NotificationOptionGamePlayback": "Igrica pokrenuta",
    "NotificationOptionVideoPlaybackStopped": "Video playback stopped",
    "NotificationOptionAudioPlaybackStopped": "Audio playback stopped",
    "NotificationOptionGamePlaybackStopped": "Game playback stopped",
    "NotificationOptionTaskFailed": "Zakazan zadatak nije izvr\u0161en",
    "NotificationOptionInstallationFailed": "Instalacija nije izvr\u0161ena",
    "NotificationOptionNewLibraryContent": "Novi sadr\u017eaj dodan",
    "NotificationOptionNewLibraryContentMultiple": "New content added (multiple)",
    "NotificationOptionCameraImageUploaded": "Camera image uploaded",
    "NotificationOptionUserLockedOut": "User locked out",
    "HeaderSendNotificationHelp": "Notifications are delivered to your Emby inbox. Additional options can be installed from the Services tab.",
    "NotificationOptionServerRestartRequired": "Potrebno ponovo pokretanje servera",
    "LabelNotificationEnabled": "Omogu\u0107i ovu obavijest",
    "LabelMonitorUsers": "Obrazac nadzora aktivnosti:",
    "LabelSendNotificationToUsers": "Po\u0161aljite obavijesti na:",
    "LabelUseNotificationServices": "Koristite sljede\u0107e servise:",
    "CategoryUser": "Korisnik",
    "CategorySystem": "Sistem",
    "CategoryApplication": "Aplikacija",
    "CategoryPlugin": "Dodatak",
    "LabelMessageTitle": "Naslov poruke:",
    "LabelAvailableTokens": "Dostupne varijable:",
    "AdditionalNotificationServices": "Pretra\u017eite katalog dodataka kako bi instalirali dodatne servise za obavijesti.",
    "OptionAllUsers": "Svi korisnici",
    "OptionAdminUsers": "Administratori",
    "OptionCustomUsers": "Prilago\u0111eno",
    "ButtonArrowUp": "Gore",
    "ButtonArrowDown": "Dolje",
    "ButtonArrowLeft": "Ljevo",
    "ButtonArrowRight": "Desno",
    "ButtonBack": "Nazad",
    "ButtonInfo": "Info",
    "ButtonOsd": "On screen display",
    "ButtonPageUp": "Stranica gore",
    "ButtonPageDown": "Stranica dolje",
    "PageAbbreviation": "PG",
    "ButtonHome": "Po\u010detna",
    "ButtonSearch": "Tra\u017ei",
    "ButtonSettings": "Postavke",
    "ButtonTakeScreenshot": "Dohvati zaslon",
    "ButtonLetterUp": "Slovo gore",
    "ButtonLetterDown": "Slovo dolje",
    "PageButtonAbbreviation": "PG",
    "LetterButtonAbbreviation": "A",
    "TabNowPlaying": "Sad se izvodi",
    "TabNavigation": "Navigacija",
    "TabControls": "Kontrole",
    "ButtonFullscreen": "Toggle fullscreen",
    "ButtonScenes": "Scene",
    "ButtonSubtitles": "Titlovi",
    "ButtonAudioTracks": "Audio tracks",
    "ButtonPreviousTrack": "Previous track",
    "ButtonNextTrack": "Next track",
    "ButtonStop": "Stop",
    "ButtonPause": "Pauza",
    "ButtonNext": "Next",
    "ButtonPrevious": "Previous",
    "LabelGroupMoviesIntoCollections": "Grupiraj filmove u kolekciju",
    "LabelGroupMoviesIntoCollectionsHelp": "Kada se prikazuje lista filmova, filmovi koji pripadaju kolekciji biti \u0107e prikazani kao jedna stavka.",
    "NotificationOptionPluginError": "Dodatak otkazao",
    "ButtonVolumeUp": "Glasno\u0107a gore",
    "ButtonVolumeDown": "Glasno\u0107a dolje",
    "ButtonMute": "Bez zvuka",
    "HeaderLatestMedia": "Lista medija",
    "OptionSpecialFeatures": "Specijalne opcije",
    "HeaderCollections": "Kolekcije",
    "LabelProfileCodecsHelp": "Odvojeno sa to\u010dka-zrezom. Ovo mo\u017ee ostaviti prazno kao bi bilo postavljeno za sve codecs.",
    "LabelProfileContainersHelp": "Odvojeno sa to\u010dka-zrezom. Ovo mo\u017ee ostaviti prazno kao bi bilo postavljeno za sve spremnike.",
    "HeaderResponseProfile": "Profil odziva",
    "LabelType": "Tip:",
    "LabelPersonRole": "Role:",
    "LabelPersonRoleHelp": "Role is generally only applicable to actors.",
    "LabelProfileContainer": "Spremnik:",
    "LabelProfileVideoCodecs": "Video kodek:",
    "LabelProfileAudioCodecs": "Audio kodek:",
    "LabelProfileCodecs": "Kodeki:",
    "HeaderDirectPlayProfile": "Profil za direktnu reprodukciju",
    "HeaderTranscodingProfile": "Profil transkodiranja",
    "HeaderCodecProfile": "Profil kodeka",
    "HeaderCodecProfileHelp": "Profili kodeka definiraju ograni\u010denja kada ure\u0111aji izvode sadr\u017eaj u specifi\u010dnom kodeku. Ako se ograni\u010denja podudaraju tada \u0107e sadr\u017eaj biti transkodiran, iako je kodek konfiguriran za direktno izvo\u0111enje.",
    "HeaderContainerProfile": "Profil spremnika",
    "HeaderContainerProfileHelp": "Profil spremnika definira ograni\u010denja za ure\u0111aje kada izvode specifi\u010dne formate. Ako se ograni\u010denja podudaraju tada \u0107e sadr\u017eaj biti transkodiran, iako je format konfiguriran za direktno izvo\u0111enje.",
    "OptionProfileVideo": "Video",
    "OptionProfileAudio": "Audio",
    "OptionProfileVideoAudio": "Video Audio",
    "OptionProfilePhoto": "Slika",
    "LabelUserLibrary": "Korisni\u010dka biblioteka:",
    "LabelUserLibraryHelp": "Odaberite koju korisni\u010dku biblioteku \u0107e te prikazati ure\u0111aju. Ostavite prazno ako \u017eelite preuzeti definirane postavke.",
    "OptionPlainStorageFolders": "Prika\u017ei sve mape kako jednostavne mape za skladi\u0161tenje",
    "OptionPlainStorageFoldersHelp": "Ako je omogu\u0107eno, sve mape se prezentiraju u DIDL-u kao \"objekt.spremnik.skladi\u0161naMapa\" umjesto vi\u0161e specijaliziranog tipa kao \"objekt.spremnik.osoba.glazbaIzvo\u0111a\u010d\".",
    "OptionPlainVideoItems": "Prika\u017ei sav video kao jednostavne video stavke.",
    "OptionPlainVideoItemsHelp": "Ako je omogu\u0107eno, sav video se prezentira u DIDL-u kao \"objekt.stavka.videoStavka\" umjesto vi\u0161e specijaliziranog tipa kao \"objekt.stavka.videoStavka.film\".",
    "LabelSupportedMediaTypes": "Podr\u017eani tipovi medija:",
    "TabIdentification": "Identifikacija",
    "HeaderIdentification": "Identification",
    "TabDirectPlay": "Direktna reprodukcija",
    "TabContainers": "Spremnik",
    "TabCodecs": "Kodek",
    "TabResponses": "Odazivi",
    "HeaderProfileInformation": "Informacija profila",
    "LabelEmbedAlbumArtDidl": "Ugradi grafike albuma u Didl",
    "LabelEmbedAlbumArtDidlHelp": "Neki ure\u0111aji podr\u017eavaju ovu metodu za prikaz grafike albuma. Drugi bi mogli imati problema sa ovom opcijom uklju\u010denom.",
    "LabelAlbumArtPN": "Grafika albuma PN:",
    "LabelAlbumArtHelp": "PN se koristi za grafiku albuma sa dlna:profilID atributom na upnp:albumGrafikaURI. Neki klijenti zahtijevaju specifi\u010dnu vrijednost bez obzira na veli\u010dinu slike.",
    "LabelAlbumArtMaxWidth": "Album art max width:",
    "LabelAlbumArtMaxWidthHelp": "Max resolution of album art exposed via upnp:albumArtURI.",
    "LabelAlbumArtMaxHeight": "Album art max height:",
    "LabelAlbumArtMaxHeightHelp": "Max resolution of album art exposed via upnp:albumArtURI.",
    "LabelIconMaxWidth": "Icon max width:",
    "LabelIconMaxWidthHelp": "Max resolution of icons exposed via upnp:icon.",
    "LabelIconMaxHeight": "Icon max height:",
    "LabelIconMaxHeightHelp": "Max resolution of icons exposed via upnp:icon.",
    "LabelIdentificationFieldHelp": "A case-insensitive substring or regex expression.",
    "HeaderProfileServerSettingsHelp": "These values control how Emby Server will present itself to the device.",
    "LabelMaxBitrate": "Max bitrate:",
    "LabelMaxBitrateHelp": "Specify a max bitrate in bandwidth constrained environments, or if the device imposes it's own limit.",
    "LabelMaxStreamingBitrate": "Max streaming bitrate:",
    "LabelMaxStreamingBitrateHelp": "Specify a max bitrate when streaming.",
    "LabelMaxChromecastBitrate": "Max Chromecast bitrate:",
    "LabelMaxStaticBitrate": "Max sync bitrate:",
    "LabelMaxStaticBitrateHelp": "Specify a max bitrate when syncing content at high quality.",
    "LabelMusicStaticBitrate": "Music sync bitrate:",
    "LabelMusicStaticBitrateHelp": "Specify a max bitrate when syncing music",
    "LabelMusicStreamingTranscodingBitrate": "Music transcoding bitrate:",
    "LabelMusicStreamingTranscodingBitrateHelp": "Specify a max bitrate when streaming music",
    "OptionIgnoreTranscodeByteRangeRequests": "Ignore transcode byte range requests",
    "OptionIgnoreTranscodeByteRangeRequestsHelp": "If enabled, these requests will be honored but will ignore the byte range header.",
    "LabelFriendlyName": "Friendly name",
    "LabelManufacturer": "Manufacturer",
    "LabelManufacturerUrl": "Manufacturer url",
    "LabelModelName": "Model name",
    "LabelModelNumber": "Model number",
    "LabelModelDescription": "Model description",
    "LabelModelUrl": "Model url",
    "LabelSerialNumber": "Serial number",
    "LabelDeviceDescription": "Device description",
    "HeaderIdentificationCriteriaHelp": "Enter at least one identification criteria.",
    "HeaderDirectPlayProfileHelp": "Add direct play profiles to indicate which formats the device can handle natively.",
    "HeaderTranscodingProfileHelp": "Add transcoding profiles to indicate which formats should be used when transcoding is required.",
    "HeaderResponseProfileHelp": "Response profiles provide a way to customize information sent to the device when playing certain kinds of media.",
    "LabelXDlnaCap": "X-Dlna cap:",
    "LabelXDlnaCapHelp": "Determines the content of the X_DLNACAP element in the urn:schemas-dlna-org:device-1-0 namespace.",
    "LabelXDlnaDoc": "X-Dlna doc:",
    "LabelXDlnaDocHelp": "Determines the content of the X_DLNADOC element in the urn:schemas-dlna-org:device-1-0 namespace.",
    "LabelSonyAggregationFlags": "Sony aggregation flags:",
    "LabelSonyAggregationFlagsHelp": "Determines the content of the aggregationFlags element in the urn:schemas-sonycom:av namespace.",
    "LabelTranscodingContainer": "Container:",
    "LabelTranscodingVideoCodec": "Video codec:",
    "LabelTranscodingVideoProfile": "Video profile:",
    "LabelTranscodingAudioCodec": "Audio codec:",
    "OptionEnableM2tsMode": "Enable M2ts mode",
    "OptionEnableM2tsModeHelp": "Enable m2ts mode when encoding to mpegts.",
    "OptionEstimateContentLength": "Estimate content length when transcoding",
    "OptionReportByteRangeSeekingWhenTranscoding": "Report that the server supports byte seeking when transcoding",
    "OptionReportByteRangeSeekingWhenTranscodingHelp": "This is required for some devices that don't time seek very well.",
    "HeaderSubtitleDownloadingHelp": "When Emby scans your video files it can search for missing subtitles, and download them using a subtitle provider such as OpenSubtitles.org.",
    "HeaderDownloadSubtitlesFor": "Download subtitles for:",
    "MessageNoChapterProviders": "Install a chapter provider plugin such as ChapterDb to enable additional chapter options.",
    "LabelSkipIfGraphicalSubsPresent": "Skip if the video already contains graphical subtitles",
    "LabelSkipIfGraphicalSubsPresentHelp": "Keeping text versions of subtitles will result in more efficient delivery and decrease the likelihood of video transcoding.",
    "TabSubtitles": "Subtitles",
    "TabChapters": "Chapters",
    "HeaderDownloadChaptersFor": "Download chapter names for:",
    "LabelOpenSubtitlesUsername": "Open Subtitles username:",
    "LabelOpenSubtitlesPassword": "Open Subtitles password:",
    "HeaderChapterDownloadingHelp": "When Emby scans your video files it can download friendly chapter names from the internet using chapter plugins such as ChapterDb.",
    "LabelPlayDefaultAudioTrack": "Play default audio track regardless of language",
    "LabelSubtitlePlaybackMode": "Subtitle mode:",
    "LabelDownloadLanguages": "Download languages:",
    "ButtonRegister": "Register",
    "LabelSkipIfAudioTrackPresent": "Skip if the default audio track matches the download language",
    "LabelSkipIfAudioTrackPresentHelp": "Uncheck this to ensure all videos have subtitles, regardless of audio language.",
    "HeaderSendMessage": "Send Message",
    "ButtonSend": "Send",
    "LabelMessageText": "Message text:",
    "MessageNoAvailablePlugins": "No available plugins.",
    "LabelDisplayPluginsFor": "Display plugins for:",
    "PluginTabAppClassic": "Emby Classic",
    "PluginTabAppTheater": "Emby Theater",
    "LabelEpisodeNamePlain": "Episode name",
    "LabelSeriesNamePlain": "Series name",
    "ValueSeriesNamePeriod": "Series.name",
    "ValueSeriesNameUnderscore": "Series_name",
    "ValueEpisodeNamePeriod": "Episode.name",
    "ValueEpisodeNameUnderscore": "Episode_name",
    "LabelSeasonNumberPlain": "Season number",
    "LabelEpisodeNumberPlain": "Episode number",
    "LabelEndingEpisodeNumberPlain": "Ending episode number",
    "HeaderTypeText": "Enter Text",
    "LabelTypeText": "Text",
    "HeaderSearchForSubtitles": "Search for Subtitles",
    "MessageNoSubtitleSearchResultsFound": "No search results founds.",
    "TabDisplay": "Display",
    "TabLanguages": "Languages",
    "TabAppSettings": "App Settings",
    "LabelEnableThemeSongs": "Enable theme songs",
    "LabelEnableBackdrops": "Enable backdrops",
    "LabelEnableThemeSongsHelp": "If enabled, theme songs will be played in the background while browsing the library.",
    "LabelEnableBackdropsHelp": "If enabled, backdrops will be displayed in the background of some pages while browsing the library.",
    "HeaderHomePage": "Home Page",
    "HeaderSettingsForThisDevice": "Settings for This Device",
    "OptionAuto": "Auto",
    "OptionYes": "Yes",
    "OptionNo": "No",
    "HeaderOptions": "Options",
    "HeaderIdentificationResult": "Identification Result",
    "LabelHomePageSection1": "Home page section 1:",
    "LabelHomePageSection2": "Home page section 2:",
    "LabelHomePageSection3": "Home page section 3:",
    "LabelHomePageSection4": "Home page section 4:",
    "OptionMyMediaButtons": "My media (buttons)",
    "OptionMyMedia": "My media",
    "OptionMyMediaSmall": "My media (small)",
    "OptionResumablemedia": "Resume",
    "OptionLatestMedia": "Latest media",
    "OptionLatestChannelMedia": "Latest channel items",
    "HeaderLatestChannelItems": "Latest Channel Items",
    "OptionNone": "None",
    "HeaderLiveTv": "Live TV",
    "HeaderReports": "Reports",
    "HeaderMetadataManager": "Metadata Manager",
    "HeaderSettings": "Settings",
    "MessageLoadingChannels": "Loading channel content...",
    "MessageLoadingContent": "Loading content...",
    "ButtonMarkRead": "Mark Read",
    "OptionDefaultSort": "Default",
    "OptionCommunityMostWatchedSort": "Most Watched",
    "TabNextUp": "Next Up",
    "PlaceholderUsername": "Username",
    "HeaderBecomeProjectSupporter": "Get Emby Premiere",
    "MessageNoMovieSuggestionsAvailable": "No movie suggestions are currently available. Start watching and rating your movies, and then come back to view your recommendations.",
    "MessageNoCollectionsAvailable": "Collections allow you to enjoy personalized groupings of Movies, Series, Albums, Books and Games. Click the + button to start creating Collections.",
    "MessageNoPlaylistsAvailable": "Playlists allow you to create lists of content to play consecutively at a time. To add items to playlists, right click or tap and hold, then select Add to Playlist.",
    "MessageNoPlaylistItemsAvailable": "This playlist is currently empty.",
    "ButtonDismiss": "Dismiss",
    "ButtonEditOtherUserPreferences": "Edit this user's profile, image and personal preferences.",
    "LabelChannelStreamQuality": "Preferred internet stream quality:",
    "LabelChannelStreamQualityHelp": "In a low bandwidth environment, limiting quality can help ensure a smooth streaming experience.",
    "OptionBestAvailableStreamQuality": "Best available",
    "LabelEnableChannelContentDownloadingFor": "Enable channel content downloading for:",
    "LabelEnableChannelContentDownloadingForHelp": "Some channels support downloading content prior to viewing. Enable this in low bandwidth enviornments to download channel content during off hours. Content is downloaded as part of the channel download scheduled task.",
    "LabelChannelDownloadPath": "Channel content download path:",
    "LabelChannelDownloadPathHelp": "Specify a custom download path if desired. Leave empty to download to an internal program data folder.",
    "LabelChannelDownloadAge": "Delete content after: (days)",
    "LabelChannelDownloadAgeHelp": "Downloaded content older than this will be deleted. It will remain playable via internet streaming.",
    "ChannelSettingsFormHelp": "Install channels such as Trailers and Vimeo in the plugin catalog.",
    "ButtonOptions": "Options",
    "ViewTypePlaylists": "Playlists",
    "ViewTypeMovies": "Movies",
    "ViewTypeTvShows": "TV",
    "ViewTypeGames": "Games",
    "ViewTypeMusic": "Music",
    "ViewTypeMusicGenres": "Genres",
    "ViewTypeMusicArtists": "Artists",
    "ViewTypeBoxSets": "Collections",
    "ViewTypeChannels": "Channels",
    "ViewTypeLiveTV": "Live TV",
    "ViewTypeLiveTvNowPlaying": "Now Airing",
    "ViewTypeLatestGames": "Latest Games",
    "ViewTypeRecentlyPlayedGames": "Recently Played",
    "ViewTypeGameFavorites": "Favorites",
    "ViewTypeGameSystems": "Game Systems",
    "ViewTypeGameGenres": "Genres",
    "ViewTypeTvResume": "Resume",
    "ViewTypeTvNextUp": "Next Up",
    "ViewTypeTvLatest": "Latest",
    "ViewTypeTvShowSeries": "Series",
    "ViewTypeTvGenres": "Genres",
    "ViewTypeTvFavoriteSeries": "Favorite Series",
    "ViewTypeTvFavoriteEpisodes": "Favorite Episodes",
    "ViewTypeMovieResume": "Resume",
    "ViewTypeMovieLatest": "Latest",
    "ViewTypeMovieMovies": "Movies",
    "ViewTypeMovieCollections": "Collections",
    "ViewTypeMovieFavorites": "Favorites",
    "ViewTypeMovieGenres": "Genres",
    "ViewTypeMusicLatest": "Latest",
    "ViewTypeMusicPlaylists": "Playlists",
    "ViewTypeMusicAlbums": "Albums",
    "ViewTypeMusicAlbumArtists": "Album Artists",
    "HeaderOtherDisplaySettings": "Display Settings",
    "ViewTypeMusicSongs": "Songs",
    "ViewTypeMusicFavorites": "Favorites",
    "ViewTypeMusicFavoriteAlbums": "Favorite Albums",
    "ViewTypeMusicFavoriteArtists": "Favorite Artists",
    "ViewTypeMusicFavoriteSongs": "Favorite Songs",
    "HeaderMyViews": "My Views",
    "LabelSelectFolderGroups": "Automatically group content from the following folders into views such as Movies, Music and TV:",
    "LabelSelectFolderGroupsHelp": "Folders that are unchecked will be displayed by themselves in their own view.",
    "OptionDisplayAdultContent": "Display adult content",
    "OptionLibraryFolders": "Media folders",
    "TitleRemoteControl": "Remote Control",
    "OptionLatestTvRecordings": "Latest recordings",
    "LabelProtocolInfo": "Protocol info:",
    "LabelProtocolInfoHelp": "The value that will be used when responding to GetProtocolInfo requests from the device.",
    "TabNfo": "Nfo",
    "HeaderKodiMetadataHelp": "Emby includes native support for Nfo metadata files. To enable or disable Nfo metadata, use the Advanced tab to configure options for your media types.",
    "LabelKodiMetadataUser": "Sync user watch data to nfo's for:",
    "LabelKodiMetadataUserHelp": "Enable this to keep watch data in sync between Emby Server and Nfo files.",
    "LabelKodiMetadataDateFormat": "Release date format:",
    "LabelKodiMetadataDateFormatHelp": "All dates within nfo's will be read and written to using this format.",
    "LabelKodiMetadataSaveImagePaths": "Save image paths within nfo files",
    "LabelKodiMetadataSaveImagePathsHelp": "This is recommended if you have image file names that don't conform to Kodi guidelines.",
    "LabelKodiMetadataEnablePathSubstitution": "Enable path substitution",
    "LabelKodiMetadataEnablePathSubstitutionHelp": "Enables path substitution of image paths using the server's path substitution settings.",
    "LabelKodiMetadataEnablePathSubstitutionHelp2": "See path substitution.",
    "OptionDisplayChannelsInline": "Display channels inline within my views",
    "OptionDisplayChannelsInlineHelp": "If enabled, channels will be displayed directly alongside other views. If disabled, they'll be displayed within a separate Channels view.",
    "LabelDisplayCollectionsView": "Display a collections view to show movie collections",
    "LabelDisplayCollectionsViewHelp": "This will create a separate view to display collections that you've created or have access to. To create a collection, right-click or tap-hold any movie and select 'Add to Collection'. ",
    "LabelKodiMetadataEnableExtraThumbs": "Copy extrafanart into extrathumbs",
    "LabelKodiMetadataEnableExtraThumbsHelp": "When downloading images they can be saved into both extrafanart and extrathumbs for maximum Kodi skin compatibility.",
    "TabServices": "Services",
    "TabLogs": "Logs",
    "HeaderServerLogFiles": "Server log files:",
    "TabBranding": "Branding",
    "HeaderBrandingHelp": "Customize the appearance of Emby to fit the needs of your group or organization.",
    "LabelLoginDisclaimer": "Login disclaimer:",
    "LabelLoginDisclaimerHelp": "This will be displayed at the bottom of the login page.",
    "OptionList": "List",
    "TabDashboard": "Dashboard",
    "TitleServer": "Server",
    "LabelCache": "Cache:",
    "LabelLogs": "Logs:",
    "LabelMetadata": "Metadata:",
    "LabelImagesByName": "Images by name:",
    "LabelTranscodingTemporaryFiles": "Transcoding temporary files:",
    "HeaderLatestMusic": "Latest Music",
    "HeaderBranding": "Branding",
    "HeaderApiKeys": "Api Keys",
    "HeaderApiKeysHelp": "External applications are required to have an Api key in order to communicate with Emby Server. Keys are issued by logging in with an Emby account, or by manually granting the application a key.",
    "HeaderApiKey": "Api Key",
    "HeaderApp": "App",
    "HeaderDevice": "Device",
    "HeaderUser": "User",
    "HeaderDateIssued": "Date Issued",
    "LabelChapterName": "Chapter {0}",
    "HeaderNewApiKey": "New Api Key",
    "LabelAppName": "App name",
    "LabelAppNameExample": "Example: Sickbeard, NzbDrone",
    "HeaderNewApiKeyHelp": "Grant an application permission to communicate with Emby Server.",
    "HeaderHttpHeaders": "Http Headers",
    "HeaderIdentificationHeader": "Identification Header",
    "LabelValue": "Value:",
    "LabelMatchType": "Match type:",
    "OptionEquals": "Equals",
    "OptionRegex": "Regex",
    "OptionSubstring": "Substring",
    "TabView": "View",
    "TabSort": "Sort",
    "TabFilter": "Filter",
    "ButtonView": "View",
    "LabelPageSize": "Item limit:",
    "LabelPath": "Path:",
    "LabelView": "View:",
    "TabUsers": "Users",
    "LabelSortName": "Sort name:",
    "LabelDateAdded": "Date added:",
    "HeaderFeatures": "Features",
    "HeaderAdvanced": "Advanced",
    "ButtonSync": "Sync",
    "TabScheduledTasks": "Scheduled Tasks",
    "HeaderChapters": "Chapters",
    "HeaderResumeSettings": "Resume Settings",
    "TabSync": "Sync",
    "TitleUsers": "Users",
    "LabelProtocol": "Protocol:",
    "OptionProtocolHttp": "Http",
    "OptionProtocolHls": "Http Live Streaming",
    "LabelContext": "Context:",
    "OptionContextStreaming": "Streaming",
    "OptionContextStatic": "Sync",
    "ButtonAddToPlaylist": "Add to playlist",
    "TabPlaylists": "Playlists",
    "ButtonClose": "Close",
    "LabelAllLanguages": "All languages",
    "HeaderBrowseOnlineImages": "Browse Online Images",
    "LabelSource": "Source:",
    "OptionAll": "All",
    "LabelImage": "Image:",
    "ButtonBrowseImages": "Browse Images",
    "HeaderImages": "Images",
    "HeaderBackdrops": "Backdrops",
    "HeaderScreenshots": "Screenshots",
    "HeaderAddUpdateImage": "Add\/Update Image",
    "LabelJpgPngOnly": "JPG\/PNG only",
    "LabelImageType": "Image type:",
    "OptionPrimary": "Primary",
    "OptionArt": "Art",
    "OptionBox": "Box",
    "OptionBoxRear": "Box rear",
    "OptionDisc": "Disc",
    "OptionIcon": "Icon",
    "OptionLogo": "Logo",
    "OptionMenu": "Menu",
    "OptionScreenshot": "Screenshot",
    "OptionLocked": "Locked",
    "OptionUnidentified": "Unidentified",
    "OptionMissingParentalRating": "Missing parental rating",
    "OptionStub": "Stub",
    "HeaderEpisodes": "Episodes:",
    "OptionSeason0": "Season 0",
    "LabelReport": "Report:",
    "OptionReportSongs": "Songs",
    "OptionReportSeries": "Series",
    "OptionReportSeasons": "Seasons",
    "OptionReportTrailers": "Trailers",
    "OptionReportMusicVideos": "Music videos",
    "OptionReportMovies": "Movies",
    "OptionReportHomeVideos": "Home videos",
    "OptionReportGames": "Games",
    "OptionReportEpisodes": "Episodes",
    "OptionReportCollections": "Collections",
    "OptionReportBooks": "Books",
    "OptionReportArtists": "Artists",
    "OptionReportAlbums": "Albums",
    "OptionReportAdultVideos": "Adult videos",
    "ButtonMore": "More",
    "HeaderActivity": "Activity",
    "ScheduledTaskStartedWithName": "{0} started",
    "ScheduledTaskCancelledWithName": "{0} was cancelled",
    "ScheduledTaskCompletedWithName": "{0} completed",
    "ScheduledTaskFailed": "Scheduled task completed",
    "PluginInstalledWithName": "{0} was installed",
    "PluginUpdatedWithName": "{0} was updated",
    "PluginUninstalledWithName": "{0} was uninstalled",
    "ScheduledTaskFailedWithName": "{0} failed",
    "ItemAddedWithName": "{0} was added to the library",
    "ItemRemovedWithName": "{0} was removed from the library",
    "DeviceOnlineWithName": "{0} is connected",
    "UserOnlineFromDevice": "{0} is online from {1}",
    "DeviceOfflineWithName": "{0} has disconnected",
    "UserOfflineFromDevice": "{0} has disconnected from {1}",
    "SubtitlesDownloadedForItem": "Subtitles downloaded for {0}",
    "SubtitleDownloadFailureForItem": "Subtitles failed to download for {0}",
    "LabelRunningTimeValue": "Running time: {0}",
    "LabelIpAddressValue": "Ip address: {0}",
    "UserLockedOutWithName": "User {0} has been locked out",
    "UserConfigurationUpdatedWithName": "User configuration has been updated for {0}",
    "UserCreatedWithName": "User {0} has been created",
    "UserPasswordChangedWithName": "Password has been changed for user {0}",
    "UserDeletedWithName": "User {0} has been deleted",
    "MessageServerConfigurationUpdated": "Server configuration has been updated",
    "MessageNamedServerConfigurationUpdatedWithValue": "Server configuration section {0} has been updated",
    "MessageApplicationUpdated": "Emby Server has been updated",
    "AuthenticationSucceededWithUserName": "{0} successfully authenticated",
    "FailedLoginAttemptWithUserName": "Failed login attempt from {0}",
    "UserDownloadingItemWithValues": "{0} is downloading {1}",
    "UserStartedPlayingItemWithValues": "{0} has started playing {1}",
    "UserStoppedPlayingItemWithValues": "{0} has stopped playing {1}",
    "AppDeviceValues": "App: {0}, Device: {1}",
    "ProviderValue": "Provider: {0}",
    "LabelChannelDownloadSizeLimit": "Download size limit (GB):",
    "LabelChannelDownloadSizeLimitHelpText": "Limit the size of the channel download folder.",
    "HeaderRecentActivity": "Recent Activity",
    "HeaderPeople": "People",
    "HeaderDownloadPeopleMetadataFor": "Download biography and images for:",
    "OptionComposers": "Composers",
    "OptionOthers": "Others",
    "HeaderDownloadPeopleMetadataForHelp": "Enabling additional options will provide more on-screen information but will result in slower library scans.",
    "ViewTypeFolders": "Folders",
    "LabelDisplayFoldersView": "Display a folders view to show plain media folders",
    "ViewTypeLiveTvRecordingGroups": "Recordings",
    "ViewTypeLiveTvChannels": "Channels",
    "LabelEasyPinCode": "Easy pin code:",
    "EasyPasswordHelp": "Your easy pin code is used for offline access with supported Emby apps, and can also be used for easy in-network sign in.",
    "LabelInNetworkSignInWithEasyPassword": "Enable in-network sign in with my easy pin code",
    "LabelInNetworkSignInWithEasyPasswordHelp": "If enabled, you'll be able to use your easy pin code to sign in to Emby apps from inside your home network. Your regular password will only be needed away from home. If the pin code is left blank, you won't need a password within your home network.",
    "HeaderPassword": "Password",
    "HeaderLocalAccess": "Local Access",
    "HeaderViewOrder": "View Order",
    "ButtonResetEasyPassword": "Reset easy pin code",
    "LabelSelectUserViewOrder": "Choose the order your views will be displayed in within Emby apps",
    "LabelMetadataRefreshMode": "Metadata refresh mode:",
    "LabelImageRefreshMode": "Image refresh mode:",
    "OptionDownloadMissingImages": "Download missing images",
    "OptionReplaceExistingImages": "Replace existing images",
    "OptionRefreshAllData": "Refresh all data",
    "OptionAddMissingDataOnly": "Add missing data only",
    "OptionLocalRefreshOnly": "Local refresh only",
    "HeaderRefreshMetadata": "Refresh Metadata",
    "HeaderPersonInfo": "Person Info",
    "HeaderIdentifyItemHelp": "Enter one or more search criteria. Remove criteria to increase search results.",
    "HeaderConfirmDeletion": "Confirm Deletion",
    "LabelFollowingFileWillBeDeleted": "The following file will be deleted:",
    "LabelIfYouWishToContinueWithDeletion": "If you wish to continue, please confirm by entering the value of:",
    "ButtonIdentify": "Identify",
    "LabelAlbumArtist": "Album artist:",
    "LabelAlbumArtists": "Album artists:",
    "LabelAlbum": "Album:",
    "LabelCommunityRating": "Community rating:",
    "LabelVoteCount": "Vote count:",
    "LabelMetascore": "Metascore:",
    "LabelCriticRating": "Critic rating:",
    "LabelCriticRatingSummary": "Critic rating summary:",
    "LabelAwardSummary": "Award summary:",
    "LabelWebsite": "Website:",
    "LabelTagline": "Tagline:",
    "LabelOverview": "Overview:",
    "LabelShortOverview": "Short overview:",
    "LabelReleaseDate": "Release date:",
    "LabelYear": "Year:",
    "LabelPlaceOfBirth": "Place of birth:",
    "LabelEndDate": "End date:",
    "LabelAirDate": "Air days:",
    "LabelAirTime:": "Air time:",
    "LabelRuntimeMinutes": "Run time (minutes):",
    "LabelParentalRating": "Parental rating:",
    "LabelCustomRating": "Custom rating:",
    "LabelBudget": "Budget",
    "LabelRevenue": "Revenue ($):",
    "LabelOriginalAspectRatio": "Original aspect ratio:",
    "LabelPlayers": "Players:",
    "Label3DFormat": "3D format:",
    "HeaderAlternateEpisodeNumbers": "Alternate Episode Numbers",
    "HeaderSpecialEpisodeInfo": "Special Episode Info",
    "HeaderExternalIds": "External Id's:",
    "LabelDvdSeasonNumber": "Dvd season number:",
    "LabelDvdEpisodeNumber": "Dvd episode number:",
    "LabelAbsoluteEpisodeNumber": "Absolute episode number:",
    "LabelAirsBeforeSeason": "Airs before season:",
    "LabelAirsAfterSeason": "Airs after season:",
    "LabelAirsBeforeEpisode": "Airs before episode:",
    "LabelTreatImageAs": "Treat image as:",
    "LabelDisplayOrder": "Display order:",
    "LabelDisplaySpecialsWithinSeasons": "Display specials within seasons they aired in",
    "HeaderCountries": "Countries",
    "HeaderGenres": "Genres",
    "HeaderPlotKeywords": "Plot Keywords",
    "HeaderStudios": "Studios",
    "HeaderTags": "Tags",
    "HeaderMetadataSettings": "Metadata Settings",
    "LabelLockItemToPreventChanges": "Lock this item to prevent future changes",
    "MessageLeaveEmptyToInherit": "Leave empty to inherit settings from a parent item, or the global default value.",
    "HeaderDonationType": "Donation type:",
    "OptionMakeOneTimeDonation": "Make a separate donation",
    "OptionNoTrailer": "No Trailer",
    "OptionNoThemeSong": "No Theme Song",
    "OptionNoThemeVideo": "No Theme Video",
    "LabelOneTimeDonationAmount": "Donation amount:",
    "ButtonPurchase": "Purchase",
    "OptionActor": "Actor",
    "OptionComposer": "Composer",
    "OptionDirector": "Director",
    "OptionGuestStar": "Guest star",
    "OptionProducer": "Producer",
    "OptionWriter": "Writer",
    "LabelAirDays": "Air days:",
    "LabelAirTime": "Air time:",
    "HeaderMediaInfo": "Media Info",
    "HeaderPhotoInfo": "Photo Info",
    "HeaderInstall": "Install",
    "LabelSelectVersionToInstall": "Select version to install:",
    "LinkLearnMoreAboutSubscription": "Learn about Emby Premiere",
    "MessagePluginRequiresSubscription": "This plugin will require an active Emby Premiere subscription after the 14 day free trial.",
    "MessagePremiumPluginRequiresMembership": "This plugin will require an active Emby Premiere subscription in order to purchase after the 14 day free trial.",
    "HeaderReviews": "Reviews",
    "HeaderDeveloperInfo": "Developer Info",
    "HeaderRevisionHistory": "Revision History",
    "ButtonViewWebsite": "View website",
    "HeaderXmlSettings": "Xml Settings",
    "HeaderXmlDocumentAttributes": "Xml Document Attributes",
    "HeaderXmlDocumentAttribute": "Xml Document Attribute",
    "XmlDocumentAttributeListHelp": "These attributes are applied to the root element of every xml response.",
    "OptionSaveMetadataAsHidden": "Save metadata and images as hidden files",
    "LabelExtractChaptersDuringLibraryScan": "Extract chapter images during the library scan",
    "LabelExtractChaptersDuringLibraryScanHelp": "If enabled, chapter images will be extracted when videos are imported during the library scan. If disabled they will be extracted during the chapter images scheduled task, allowing the regular library scan to complete faster.",
    "LabelConnectGuestUserName": "Their Emby username or email address:",
    "LabelConnectUserName": "Emby username\/email:",
    "LabelConnectUserNameHelp": "Connect this local user to an online Emby account to enable easy sign-in access from any Emby app without having to know the server ip address.",
    "ButtonLearnMoreAboutEmbyConnect": "Learn more about Emby Connect",
    "LabelExternalPlayers": "External players:",
    "LabelExternalPlayersHelp": "Display buttons to play content in external players. This is only available on devices that support url schemes, generally Android and iOS. With external players there is generally no support for remote control or resuming.",
    "LabelNativeExternalPlayersHelp": "Display buttons to play content in external players.",
    "LabelEnableItemPreviews": "Enable item previews",
    "LabelEnableItemPreviewsHelp": "if enabled, sliding previews will appear when clicking items on certain screens.",
    "HeaderSubtitleProfile": "Subtitle Profile",
    "HeaderSubtitleProfiles": "Subtitle Profiles",
    "HeaderSubtitleProfilesHelp": "Subtitle profiles describe the subtitle formats supported by the device.",
    "LabelFormat": "Format:",
    "LabelMethod": "Method:",
    "LabelDidlMode": "Didl mode:",
    "OptionCaptionInfoExSamsung": "CaptionInfoEx (Samsung)",
    "OptionResElement": "res element",
    "OptionEmbedSubtitles": "Embed within container",
    "OptionExternallyDownloaded": "External download",
    "OptionHlsSegmentedSubtitles": "Hls segmented subtitles",
    "LabelSubtitleFormatHelp": "Example: srt",
    "ButtonLearnMore": "Learn more",
    "TabPlayback": "Playback",
    "HeaderLanguagePreferences": "Language Preferences",
    "TabCinemaMode": "Cinema Mode",
    "TitlePlayback": "Playback",
    "LabelEnableCinemaModeFor": "Enable cinema mode for:",
    "CinemaModeConfigurationHelp": "Cinema mode brings the theater experience straight to your living room with the ability to play trailers and custom intros before the main feature.",
    "OptionTrailersFromMyMovies": "Include trailers from movies in my library",
    "OptionUpcomingMoviesInTheaters": "Include trailers from new and upcoming movies",
    "LabelLimitIntrosToUnwatchedContent": "Only use trailers from unwatched content",
    "LabelEnableIntroParentalControl": "Enable smart parental control",
    "LabelEnableIntroParentalControlHelp": "Trailers will only be selected with a parental rating equal to or less than the content being watched.",
    "LabelTheseFeaturesRequireSubscriptionHelpAndTrailers": "These features require an active Emby Premiere subscription and installation of the Trailer channel plugin.",
    "OptionTrailersFromMyMoviesHelp": "Requires setup of local trailers.",
    "LabelCustomIntrosPath": "Custom intros path:",
    "LabelCustomIntrosPathHelp": "A folder containing video files. A video will be randomly selected and played after trailers.",
    "ValueSpecialEpisodeName": "Special - {0}",
    "LabelSelectInternetTrailersForCinemaMode": "Internet trailers:",
    "OptionUpcomingDvdMovies": "Include trailers from new and upcoming movies on Dvd & Blu-ray",
    "OptionUpcomingStreamingMovies": "Include trailers from new and upcoming movies on Netflix",
    "LabelDisplayTrailersWithinMovieSuggestions": "Display trailers within movie suggestions",
    "LabelDisplayTrailersWithinMovieSuggestionsHelp": "Requires installation of the Trailer channel.",
    "CinemaModeConfigurationHelp2": "Emby apps will have a setting to enable or disable cinema mode. TV apps enable cinema mode by default.",
    "LabelEnableCinemaMode": "Enable cinema mode",
    "HeaderCinemaMode": "Cinema Mode",
    "LabelDateAddedBehavior": "Date added behavior for new content:",
    "OptionDateAddedImportTime": "Use date scanned into the library",
    "OptionDateAddedFileTime": "Use file creation date",
    "LabelDateAddedBehaviorHelp": "If a metadata value is present it will always be used before either of these options.",
    "LabelNumberTrailerToPlay": "Number of trailers to play:",
    "TitleDevices": "Devices",
    "TabCameraUpload": "Camera Upload",
    "TabDevices": "Devices",
    "HeaderCameraUploadHelp": "Automatically upload photos and videos taken from your mobile devices into Emby.",
    "MessageNoDevicesSupportCameraUpload": "You currently don't have any devices that support camera upload.",
    "LabelCameraUploadPath": "Camera upload path:",
    "LabelCameraUploadPathHelp": "Select a custom upload path, if desired. If unspecified a default folder will be used. If using a custom path it will also need to be added in the library setup area.",
    "LabelCreateCameraUploadSubfolder": "Create a subfolder for each device",
    "LabelCreateCameraUploadSubfolderHelp": "Specific folders can be assigned to a device by clicking on it from the Devices page.",
    "LabelCustomDeviceDisplayName": "Display name:",
    "LabelCustomDeviceDisplayNameHelp": "Supply a custom display name or leave empty to use the name reported by the device.",
    "HeaderInviteUser": "Invite User",
    "LabelConnectGuestUserNameHelp": "This is the username that your friend uses to sign in to the Emby website, or their email address.",
    "HeaderInviteUserHelp": "Sharing your media with friends is easier than ever before with Emby Connect.",
    "ButtonSendInvitation": "Send Invitation",
    "HeaderSignInWithConnect": "Sign in with Emby Connect",
    "HeaderGuests": "Guests",
    "HeaderLocalUsers": "Local Users",
    "HeaderPendingInvitations": "Pending Invitations",
    "TabParentalControl": "Parental Control",
    "HeaderAccessSchedule": "Access Schedule",
    "HeaderAccessScheduleHelp": "Create an access schedule to limit access to certain hours.",
    "ButtonAddSchedule": "Add Schedule",
    "LabelAccessDay": "Day of week:",
    "LabelAccessStart": "Start time:",
    "LabelAccessEnd": "End time:",
    "HeaderSchedule": "Schedule",
    "OptionEveryday": "Every day",
    "OptionWeekdays": "Weekdays",
    "OptionWeekends": "Weekends",
    "MessageProfileInfoSynced": "User profile information synced with Emby Connect.",
    "HeaderOptionalLinkEmbyAccount": "Optional: Link your Emby account",
    "ButtonTrailerReel": "Trailer reel",
    "HeaderTrailerReel": "Trailer Reel",
    "OptionPlayUnwatchedTrailersOnly": "Play only unwatched trailers",
    "HeaderTrailerReelHelp": "Start a trailer reel to play a long running playlist of trailers.",
    "MessageNoTrailersFound": "No trailers found. Install the Trailer channel to enhance your movie experience by adding a library of internet trailers.",
    "HeaderNewUsers": "New Users",
    "ButtonSignUp": "Sign up",
    "ButtonForgotPassword": "Forgot password",
    "OptionDisableUserPreferences": "Disable access to user preferences",
    "OptionDisableUserPreferencesHelp": "If enabled, only administrators will be able to configure user profile images, passwords, and language preferences.",
    "HeaderSelectServer": "Select Server",
    "MessageNoServersAvailableToConnect": "No servers are available to connect to. If you've been invited to share a server, make sure to accept it below or by clicking the link in the email.",
    "TitleNewUser": "New User",
    "ButtonConfigurePassword": "Configure Password",
    "HeaderDashboardUserPassword": "User passwords are managed within each user's personal profile settings.",
    "HeaderLibraryAccess": "Library Access",
    "HeaderChannelAccess": "Channel Access",
    "HeaderLatestItems": "Latest Items",
    "LabelSelectLastestItemsFolders": "Include media from the following sections in Latest Items",
    "HeaderShareMediaFolders": "Share Media Folders",
    "MessageGuestSharingPermissionsHelp": "Most features are initially unavailable to guests but can be enabled as needed.",
    "HeaderInvitations": "Invitations",
    "LabelForgotPasswordUsernameHelp": "Enter your username, if you remember it.",
    "HeaderForgotPassword": "Forgot Password",
    "TitleForgotPassword": "Forgot Password",
    "TitlePasswordReset": "Password Reset",
    "LabelPasswordRecoveryPinCode": "Pin code:",
    "HeaderPasswordReset": "Password Reset",
    "HeaderParentalRatings": "Parental Ratings",
    "HeaderVideoTypes": "Video Types",
    "HeaderYears": "Years",
    "HeaderBlockItemsWithNoRating": "Block content with no or unrecognized rating information:",
    "LabelBlockContentWithTags": "Block content with tags:",
    "LabelEnableSingleImageInDidlLimit": "Limit to single embedded image",
    "LabelEnableSingleImageInDidlLimitHelp": "Some devices will not render properly if multiple images are embedded within Didl.",
    "TabActivity": "Activity",
    "TitleSync": "Sync",
    "OptionAllowSyncContent": "Allow Sync",
    "OptionAllowContentDownloading": "Allow media downloading",
    "NameSeasonUnknown": "Season Unknown",
    "NameSeasonNumber": "Season {0}",
    "LabelNewUserNameHelp": "Usernames can contain letters (a-z), numbers (0-9), dashes (-), underscores (_), apostrophes ('), and periods (.)",
    "TabJobs": "Jobs",
    "TabSyncJobs": "Sync Jobs",
    "LabelTagFilterMode": "Mode:",
    "LabelTagFilterAllowModeHelp": "If allowed tags are used as part of a deeply nested folder structure, content that is tagged will require parent folders to be tagged as well.",
    "HeaderThisUserIsCurrentlyDisabled": "This user is currently disabled",
    "MessageReenableUser": "See below to reenable",
    "LabelEnableInternetMetadataForTvPrograms": "Download internet metadata for:",
    "OptionTVMovies": "TV Movies",
    "HeaderUpcomingMovies": "Upcoming Movies",
    "HeaderUpcomingSports": "Upcoming Sports",
    "HeaderUpcomingPrograms": "Upcoming Programs",
    "ButtonMoreItems": "More",
    "LabelShowLibraryTileNames": "Show library tile names",
    "LabelShowLibraryTileNamesHelp": "Determines if labels will be displayed underneath library tiles on the home page",
    "OptionEnableTranscodingThrottle": "Enable throttling",
    "OptionEnableTranscodingThrottleHelp": "Throttling will automatically adjust transcoding speed in order to minimize server cpu utilization during playback.",
    "LabelUploadSpeedLimit": "Upload speed limit (Mbps):",
    "OptionAllowSyncTranscoding": "Allow syncing that requires transcoding",
    "HeaderPlayback": "Media Playback",
    "OptionAllowAudioPlaybackTranscoding": "Allow audio playback that requires transcoding",
    "OptionAllowVideoPlaybackTranscoding": "Allow video playback that requires transcoding",
    "OptionAllowMediaPlaybackTranscodingHelp": "Users will receive friendly messages when content is unplayable based on policy.",
    "TabStreaming": "Streaming",
    "LabelRemoteClientBitrateLimit": "Internet streaming bitrate limit (Mbps):",
    "LabelRemoteClientBitrateLimitHelp": "An optional streaming bitrate limit for all out of network clients. This is useful to prevent clients from requesting a higher bitrate than your internet connection can handle.",
    "LabelConversionCpuCoreLimit": "CPU core limit:",
    "LabelConversionCpuCoreLimitHelp": "Limit the number of CPU cores that will be used during sync conversion.",
    "OptionEnableFullSpeedConversion": "Enable full speed conversion",
    "OptionEnableFullSpeedConversionHelp": "By default, sync conversion is performed at a low speed to minimize resource consumption.",
    "HeaderPlaylists": "Playlists",
    "HeaderViewStyles": "View Styles",
    "LabelSelectViewStyles": "Enable enhanced presentations for:",
    "LabelSelectViewStylesHelp": "If enabled, views will be built with metadata to offer categories such as Suggestions, Latest, Genres, and more. If disabled, they'll be displayed with simple folders.",
    "TabPhotos": "Photos",
    "TabVideos": "Videos",
    "HeaderWelcomeToEmby": "Welcome to Emby",
    "EmbyIntroMessage": "With Emby you can easily stream videos, music and photos to smart phones, tablets and other devices from your Emby Server.",
    "ButtonSkip": "Skip",
    "TextConnectToServerManually": "Connect to server manually",
    "ButtonSignInWithConnect": "Sign in with Emby Connect",
    "ButtonConnect": "Connect",
    "LabelServerHost": "Host:",
    "LabelServerHostHelp": "192.168.1.100 or https:\/\/myserver.com",
    "LabelServerPort": "Port:",
    "HeaderNewServer": "New Server",
    "ButtonChangeServer": "Change Server",
    "HeaderConnectToServer": "Connect to Server",
    "OptionReportList": "List View",
    "OptionReportStatistics": "Statistics",
    "OptionReportGrouping": "Grouping",
    "HeaderExport": "Export",
    "HeaderColumns": "Columns",
    "ButtonReset": "Reset",
    "OptionEnableExternalVideoPlayers": "Enable external video players",
    "ButtonUnlockGuide": "Unlock Guide",
    "LabelEnableFullScreen": "Enable fullscreen mode",
    "LabelEnableChromecastAc3Passthrough": "Enable Chromecast AC3 Passthrough",
    "OptionSyncToSDCard": "Synced to external SD card",
    "LabelEmail": "Email:",
    "LabelUsername": "Username:",
    "HeaderSignUp": "Sign Up",
    "LabelPasswordConfirm": "Password (confirm):",
    "ButtonAddServer": "Add Server",
    "TabHomeScreen": "Home Screen",
    "HeaderDisplay": "Display",
    "HeaderNavigation": "Navigation",
    "LegendTheseSettingsShared": "These settings are shared on all devices",
    "OptionEnableAutomaticServerUpdates": "Enable automatic server updates",
    "OptionOtherTrailers": "Include trailers from older movies",
    "HeaderOverview": "Overview",
    "HeaderShortOverview": "Short Overview",
    "HeaderType": "Type",
    "HeaderSeverity": "Severity",
    "OptionReportActivities": "Activities Log",
    "HeaderTunerDevices": "Tuner Devices",
    "ButtonAddDevice": "Add Device",
    "HeaderAddDevice": "Add Device",
    "HeaderExternalServices": "External Services",
    "LabelTunerIpAddress": "Tuner IP Address:",
    "TabExternalServices": "External Services",
    "TabTuners": "Tuners",
    "HeaderGuideProviders": "Guide Providers",
    "AddGuideProviderHelp": "Add a source for TV Guide information",
    "LabelZipCode": "Zip Code:",
    "GuideProviderSelectListings": "Select Listings",
    "GuideProviderLogin": "Login",
    "LabelLineup": "Lineup:",
    "MessageTunerDeviceNotListed": "Is your tuner device not listed? Try installing an external service provider for more Live TV options.",
    "LabelImportOnlyFavoriteChannels": "Restrict to channels marked as favorite",
    "ImportFavoriteChannelsHelp": "If enabled, only channels that are marked as favorite on the tuner device will be imported.",
    "ButtonRepeat": "Repeat",
    "LabelEnableThisTuner": "Enable this tuner",
    "LabelEnableThisTunerHelp": "Uncheck to prevent importing channels from this tuner.",
    "HeaderLocked": "Locked",
    "HeaderUnidentified": "Unidentified",
    "HeaderImagePrimary": "Primary",
    "HeaderImageBackdrop": "Backdrop",
    "HeaderImageLogo": "Logo",
    "HeaderUserPrimaryImage": "User Image",
    "ButtonDisplaySettings": "Display settings",
    "ButtonHomeScreenSettings": "Home screen settings",
    "ButtonPlaybackSettings": "Playback settings",
    "ButtonProfile": "Profile",
    "ButtonDisplaySettingsHelp": "Your Emby display settings",
    "ButtonHomeScreenSettingsHelp": "Configure the display of your home screen",
    "ButtonPlaybackSettingsHelp": "Specify your audio and subtitle preferences, streaming quality, and more.",
    "ButtonProfileHelp": "Set your profile image and password.",
    "HeaderHomeScreenSettings": "Home Screen settings",
    "HeaderProfile": "Profile",
    "HeaderLanguage": "Language",
    "ButtonSyncSettings": "Sync settings",
    "ButtonSyncSettingsHelp": "Configure your sync settings",
    "LabelTranscodingThreadCount": "Transcoding thread count:",
    "LabelTranscodingThreadCountHelp": "Select the maximum number of threads to use when transcoding. Reducing the thread count will lower cpu usage but may not convert fast enough for a smooth playback experience.",
    "OptionMax": "Max",
    "HeaderEmbyGuide": "Emby Guide",
    "LabelSyncPath": "Synced content path:",
    "OptionSyncOnlyOnWifi": "Sync only on Wifi",
    "OptionSyncLosslessAudioOriginal": "Sync lossless audio at original quality",
    "HeaderMetadata": "Metadata",
    "HeaderRecordingOptions": "Recording Options",
    "ButtonShare": "Share",
    "HeaderUpcomingForKids": "Upcoming for Kids",
    "HeaderSetupLiveTV": "Setup Live TV",
    "LabelTunerType": "Tuner type:",
    "HelpMoreTunersCanBeAdded": "Additional tuners can be added later within the Live TV section.",
    "AdditionalLiveTvProvidersCanBeInstalledLater": "Additional Live TV providers can be added later within the Live TV section.",
    "MessageActiveSubscriptionRequiredSeriesRecordings": "An active Emby Premiere subscription is required in order to create automated series recordings.",
    "HeaderSetupTVGuide": "Setup TV Guide",
    "LabelDataProvider": "Data provider:",
    "OptionSendRecordingsToAutoOrganize": "Enable Auto-Organize for new recordings",
    "OptionSendRecordingsToAutoOrganizeHelp": "New recordings will be sent to the Auto-Organize feature and imported into your media library.",
    "HeaderDefaultPadding": "Default Padding",
    "HeaderSubtitles": "Subtitles",
    "HeaderVideos": "Videos",
    "OptionEnableVideoFrameAnalysis": "Enable frame by frame video analysis",
    "OptionEnableVideoFrameAnalysisHelp": "Extract detailed information about videos that can be used to make transcoding as efficient as possible. This will cause library scans to take longer.",
    "LabelVideoFrameAnalysisLimit": "Limit frame by frame analysis to videos less than:",
    "LabelHardwareAccelerationType": "Hardware acceleration:",
    "LabelHardwareAccelerationTypeHelp": "Available on supported systems only.",
    "ButtonServerDashboard": "Server Dashboard",
    "HeaderAdmin": "Admin",
    "ButtonSignOut": "Sign out",
    "HeaderCameraUpload": "Camera Upload",
    "SelectCameraUploadServers": "Upload camera photos to the following servers:",
    "ButtonClear": "Clear",
    "ButtonEditImages": "Edit Images",
    "LabelFolder": "Folder:",
    "HeadersFolders": "Folders",
    "LabelDisplayName": "Display name:"
}