{
    "SettingsSaved": "Innstillinger lagret",
    "AddUser": "Legg til bruker",
    "Users": "Brukere",
    "Delete": "Slett",
    "Administrator": "Administrator",
    "Password": "Passord",
    "DeleteImage": "Slett bilde",
    "DeleteImageConfirmation": "Er du sikker p\u00e5 at du vil slette bildet?",
    "FileReadCancelled": "Lesing av filen kansellert.",
    "FileNotFound": "Fil ikke funnet",
    "FileReadError": "Feil oppstod i det filen ble lest",
    "DeleteUser": "Slett bruker",
    "DeleteUserConfirmation": "Er du sikker p\u00e5 at du vil slette denne brukeren?",
    "PasswordResetHeader": "Tilbakestill passord",
    "PasswordResetComplete": "Passordet har blitt tilbakestilt",
    "PasswordResetConfirmation": "Er du sikker p\u00e5 at du vil tilbakestille passordet?",
    "PasswordSaved": "Passord lagret",
    "PasswordMatchError": "Passord og passord-verifiseringen m\u00e5 matche",
    "OptionOff": "Av",
    "OptionOn": "P\u00e5",
    "OptionRelease": "Offisiell utgivelse",
    "OptionBeta": "Beta",
    "OptionDev": "Dev (Ustabil)",
    "UninstallPluginHeader": "Avinstaller programtillegget",
    "UninstallPluginConfirmation": "Er du sikker p\u00e5 at du \u00f8nsker \u00e5 avinstallere {0}?",
    "NoPluginConfigurationMessage": "Dette programtillegget har ingenting \u00e5 konfigurere.",
    "NoPluginsInstalledMessage": "Du har ingen programtillegg installert.",
    "BrowsePluginCatalogMessage": "Browse v\u00e5r plugin-katalog for \u00e5 se tilgjengelige plugins",
    "ButtonOk": "Ok",
    "ButtonCancel": "Avbryt",
    "ButtonSave": "Lagre",
    "TabEpisodes": "Episoder",
    "HeaderUsers": "Brukere",
    "ButtonFilter": "Filter",
    "HeaderResume": "Fortsette",
    "HeaderNextUp": "Neste",
    "HeaderLatestEpisodes": "Siste episoder",
    "TabSongs": "Sanger",
    "TabAlbums": "Album",
    "TabMusicVideos": "Musikk-videoer",
    "ButtonSort": "Sorter",
    "HeaderSortBy": "Sorter etter:",
    "HeaderSortOrder": "Sorter Etter:",
    "OptionAscending": "\u00d8kende",
    "OptionDescending": "Synkende",
    "OptionRuntime": "Spilletid",
    "OptionPlayCount": "Antall avspillinger",
    "OptionDatePlayed": "Dato spilt",
    "OptionDateAdded": "Dato lagt til",
    "OptionAlbumArtist": "Album Artist",
    "OptionArtist": "Artist",
    "OptionAlbum": "Album",
    "OptionTrackName": "L\u00e5tnavn",
    "OptionCommunityRating": "Community Rangering",
    "OptionNameSort": "Navn",
    "OptionBudget": "Budsjett",
    "OptionRevenue": "Inntjening",
    "OptionPoster": "Plakat",
    "OptionTimeline": "Tidslinje",
    "OptionCriticRating": "Kritikervurdering",
    "OptionVideoBitrate": "Video bitrate",
    "OptionThumb": "Thumb",
    "OptionBanner": "Banner",
    "TabMovies": "Filmer",
    "TabTrailers": "Trailere",
    "HeaderLatestMovies": "Siste Filmer",
    "OptionImdbRating": "IMDb Rangering",
    "OptionParentalRating": "Foreldresensur",
    "OptionPremiereDate": "Premieredato",
    "TabAdvanced": "Avansert",
    "OptionContinuing": "Fortsetter",
    "OptionEnded": "Avsluttet",
    "OptionSunday": "S\u00f8ndag",
    "OptionMonday": "Mandag",
    "OptionTuesday": "Tirsdag",
    "OptionWednesday": "Onsdag",
    "OptionThursday": "Torsdag",
    "OptionFriday": "Fredag",
    "OptionSaturday": "L\u00f8rdag",
    "LabelName": "Navn",
    "OptionMetascore": "Metascore",
    "ButtonSelect": "Velg",
    "TabServer": "Server",
    "TabGames": "Spill",
    "OptionMovies": "Filmer",
    "OptionEpisodes": "Episoder",
    "HeaderChannels": "Kanaler",
    "TabSeries": "Serier",
    "HeaderAllRecordings": "Alle opptak",
    "ButtonPlay": "Spill",
    "ButtonEdit": "Rediger",
    "ButtonRecord": "Opptak",
    "ButtonDelete": "Slett",
    "TitleLiveTV": "Live TV",
    "OptionAutomatic": "Auto",
    "ButtonAdd": "Legg til",
    "HeaderMediaFolders": "Mediemapper",
    "HeaderScenes": "Scener",
    "OptionTvdbRating": "Tvdb Rangering",
    "ButtonNew": "Ny",
    "TabMetadata": "Metadata",
    "ButtonSearch": "S\u00f8k",
    "ButtonRemove": "Fjern",
    "TabInfo": "Info",
    "HeaderNewCollection": "Ny Samling",
    "NewCollectionNameExample": "Eksempel: Star Wars-samling",
    "OptionSearchForInternetMetadata": "S\u00f8k p\u00e5 internet for artwork og metadata",
    "HeaderName": "Navn",
    "LabelSeasonNumber": "Season number:",
    "LabelEpisodeNumber": "Episode number:",
    "HeaderSupportTheTeam": "St\u00f8tt Emby teamet!",
    "ButtonRestart": "Restart",
    "ButtonUpdateNow": "Oppdater N\u00e5",
    "TabNotifications": "Varslinger",
    "ButtonHome": "Hjem",
    "ButtonSettings": "Innstillinger",
    "ButtonScenes": "Scener",
    "ButtonSubtitles": "Undertekster",
    "ButtonStop": "Stopp",
    "ButtonPause": "Pause",
    "ButtonMute": "Mute",
    "HeaderLatestMedia": "Siste Media",
    "OptionDefaultSort": "Standard",
    "MessageKeyEmailedTo": "N\u00f8kkel sendt til {0}",
    "MessageKeysLinked": "N\u00f8kler lenket.",
    "HeaderConfirmation": "Bekreftelse",
    "MessageKeyUpdated": "Thank you. Your Emby Premiere key has been updated.",
    "MessageKeyRemoved": "Thank you. Your Emby Premiere key has been removed.",
    "HeaderSearch": "S\u00f8k",
    "LabelArtist": "Artist",
    "LabelMovie": "Film",
    "LabelMusicVideo": "Musikk Video",
    "LabelEpisode": "Episode",
    "LabelSeries": "Serier",
    "LabelStopping": "Stoppe",
    "LabelCancelled": "(kansellert)",
    "LabelFailed": "(feilet)",
    "LabelScheduledTaskLastRan": "Sist kj\u00f8rt {0}, tar {1}.",
    "HeaderDeleteTaskTrigger": "Slett Oppgave Trigger",
    "HeaderTaskTriggers": "Oppgave Triggers",
    "MessageDeleteTaskTrigger": "Er du sikker p\u00e5 at du vil slette denne oppgave triggeren?",
    "MessageNoPluginsInstalled": "Du har ingen programtillegg installert.",
    "LabelVersionInstalled": "{0} installert.",
    "LabelNumberReviews": "{0} Anmeldelser",
    "LabelFree": "Gratis",
    "HeaderSelectAudio": "Velg Lyd",
    "HeaderSelectSubtitles": "Velg Undertekst",
    "LabelDefaultStream": "(Standard)",
    "LabelForcedStream": "(Tvunget)",
    "LabelDefaultForcedStream": "(Standard\/Tvunget)",
    "LabelUnknownLanguage": "Ukjent spr\u00e5k",
    "ButtonUnmute": "Lyd p\u00e5",
    "ButtonNextTrack": "Next Track",
    "ButtonPlaylist": "Spilleliste",
    "ButtonPreviousTrack": "Previous Track",
    "LabelEnabled": "Aktivert",
    "LabelDisabled": "Deaktivert",
    "ButtonMoreInformation": "Mer Informasjon",
    "LabelNoUnreadNotifications": "Ingen uleste meldinger.",
    "ButtonViewNotifications": "Se meldinger.",
    "ButtonMarkTheseRead": "Maker disse som lest",
    "ButtonClose": "Lukk",
    "LabelAllPlaysSentToPlayer": "Alt som spilles vil bli sendt til den valgte spilleren.",
    "MessageInvalidUser": "Ugyldig brukernavn eller passord. Vennligst pr\u00f8v igjen.",
    "RecommendationBecauseYouLike": "Fordi du liker {0}",
    "RecommendationBecauseYouWatched": "Fordi du s\u00e5 {0}",
    "RecommendationDirectedBy": "Regissert av {0}",
    "RecommendationStarring": "Med {0}",
    "HeaderConfirmRecordingCancellation": "Bekreft Avbryt Opptak",
    "MessageConfirmRecordingCancellation": "Er du sikker p\u00e5 at du vil avbryte dette opptaket?",
    "MessageRecordingCancelled": "Opptak er Avbrutt.",
    "HeaderConfirmRecordingDeletion": "Bekreft Sletting av Opptak",
    "MessageConfirmRecordingDeletion": "Er du sikker p\u00e5 at du vil slette dette opptaket?",
    "MessageRecordingDeleted": "Opptak slettet.",
    "ButonCancelRecording": "Avbryt Opptak",
    "MessageRecordingSaved": "Opptak lagret.",
    "LabelAbortedByServerShutdown": "(Avbrutt av server shutdown)",
    "HeaderConfirmSeriesCancellation": "Bekreft Serier kansellering",
    "MessageConfirmSeriesCancellation": "Er du sikker p\u00e5 at du vil kansellere denne serien?",
    "MessageSeriesCancelled": "Serie kansellert.",
    "HeaderConfirmDeletion": "Bekreft Kansellering",
    "MessageConfirmPathSubstitutionDeletion": "Er du sikker p\u00e5 at du vil slette sti erstatter?",
    "LiveTvUpdateAvailable": "(Oppdatering tilgjengelig)",
    "LabelVersionUpToDate": "Oppdatert!",
    "ButtonResetTuner": "Reset tuner",
    "HeaderResetTuner": "Reset Tuner",
    "MessageConfirmResetTuner": "Er du sikker p\u00e5 at du vil resette denne tuneren? Alle aktive enheter eller opptak vil br\u00e5tt stoppe.",
    "ButtonCancelSeries": "Kanseller Serier",
    "LabelAllChannels": "Alle kanaler",
    "HeaderSeriesRecordings": "Serie Oppdak",
    "LabelAnytime": "N\u00e5r som helst",
    "StatusRecording": "Opptak",
    "StatusWatching": "Ser P\u00e5",
    "StatusRecordingProgram": "Opptak {0}",
    "StatusWatchingProgram": "Ser P\u00e5 {0}",
    "ButtonQueue": "K\u00f8",
    "ButtonPlayTrailer": "Spill trailer",
    "HeaderSplitMedia": "Del Media Fra Hverandre",
    "MessageConfirmSplitMedia": "Er du sikker at du vil splitte mediakilden i separerte elementer?",
    "HeaderError": "Feil",
    "ButtonMore": "Mer",
    "HeaderFavoriteMovies": "Favorittfilmer",
    "HeaderFavoriteShows": "Favorittserier",
    "HeaderFavoriteEpisodes": "Favorittepisoder",
    "HeaderFavoriteGames": "Favorittspill",
    "HeaderRatingsDownloads": "Rangering \/ Nedlasting",
    "HeaderConfirmProfileDeletion": "Bekreft sletting av profil",
    "MessageConfirmProfileDeletion": "Er du sikker p\u00e5 at du vil slette denne profilen?",
    "HeaderSelectServerCachePath": "Velg Sti for Server Cache",
    "HeaderSelectTranscodingPath": "Velg Sti for Midlertidig Transcoding",
    "HeaderSelectImagesByNamePath": "Velg Sti for Bilder etter Navn",
    "HeaderSelectMetadataPath": "Velg Sti for Metadata",
    "HeaderSelectServerCachePathHelp": "Bla eller skriv stien som skal brukes for server cache filer. Mappen m\u00e5 v\u00e6re skrivbar.",
    "HeaderSelectTranscodingPathHelp": "Bla eller skriv stien som skal brukes for transcoding av midlertidige filer. Mappen m\u00e5 v\u00e6re skrivbar.",
    "HeaderSelectImagesByNamePathHelp": "Bla eller skriv stien til dine elementer etter navn mappe. Mappen m\u00e5 v\u00e6re skrivbar.",
    "HeaderSelectMetadataPathHelp": "Bla eller skriv stien som skal brukes for metadata. Mappen m\u00e5 v\u00e6re skrivbar.",
    "ErrorLaunchingChromecast": "Det var en feil ved start av Chromecast. Vennligst forsikre deg om at enheten har korrekt forbindelse til ditt tr\u00e5dl\u00f8se nettverk.",
    "MessagePleaseSelectOneItem": "Vennligst velg minst ett element.",
    "MessagePleaseSelectTwoItems": "Vennligst velg minst to elementer.",
    "HeaderSelectChannelDownloadPath": "Velg Nedlastingsti For Kanal",
    "HeaderSelectChannelDownloadPathHelp": "Bla igjennom eller skriv en sti som brukes for lagring av cache filer. Mappen m\u00e5 v\u00e6re skrivbar.",
    "OptionNewCollection": "Ny...",
    "HeaderAddToCollection": "Legg til i Samling",
    "ButtonSubmit": "Send",
    "LabelSelectCollection": "Velg samling:",
    "LabelChapterDownloaders": "Kapittel nedlastinger:",
    "LabelChapterDownloadersHelp": "Aktiver og ranger din foretrukne kapittel nedlasting i f\u00f8lgende prioritet. Lavere prioritet nedlastinger vil kun bli brukt for \u00e5 fylle inn manglende informasjon",
    "HeaderLibraryFolders": "Media Mapper",
    "HeaderFavoriteAlbums": "Favoritt Albumer",
    "HeaderLatestChannelMedia": "Siste Kanal Elementer",
    "ButtonOrganizeFile": "Organiser Fil",
    "ButtonDeleteFile": "Slett FIl",
    "HeaderOrganizeFile": "Organiser Fil",
    "HeaderDeleteFile": "Slett FIl",
    "StatusSkipped": "Hoppet over",
    "StatusFailed": "Feilet",
    "StatusSuccess": "Sukksess",
    "MessageFileWillBeDeleted": "F\u00f8lgende fil vil bli slettet:",
    "MessageSureYouWishToProceed": "Er du sikker p\u00e5 at du vil forsette?",
    "MessageDuplicatesWillBeDeleted": "I tillegg vil f\u00f8lgende duplisering bli slettet:",
    "MessageFollowingFileWillBeMovedFrom": "F\u00f8lgende fil har blitt flyttet fra:",
    "MessageDestinationTo": "til:",
    "HeaderSelectWatchFolder": "Velg overv\u00e5ket mappe",
    "HeaderSelectWatchFolderHelp": "S\u00f8k igjennom eller velg sti for din Se mappe. Mappen m\u00e5 v\u00e6re skrivbar.",
    "OrganizePatternResult": "Resultat: {0}",
    "HeaderRestart": "Omstart",
    "HeaderShutdown": "Sl\u00e5 Av",
    "MessageConfirmRestart": "Er du sikker p\u00e5 at du vil starte Emby Server p\u00e5 ny?",
    "MessageConfirmShutdown": "Er du sikker p\u00e5 at du vil avslutte Emby Server",
    "NewVersionOfSomethingAvailable": "En ny versjon av {0} er tilgjengelig!",
    "VersionXIsAvailableForDownload": "Vesjon {0} er n\u00e5 tilgjengelig for nedlasting.",
    "LabelVersionNumber": "Versjon {0}",
    "LabelPlayMethodTranscoding": "Transcoding",
    "LabelPlayMethodDirectStream": "Direkte Streaming",
    "LabelPlayMethodDirectPlay": "Direkte Avspilling",
    "LabelAudioCodec": "Lyd: {0}",
    "LabelVideoCodec": "Video: {0}",
    "LabelRemoteAccessUrl": "Ekstern tilgang: {0}",
    "LabelRunningOnPort": "Kj\u00f8rer p\u00e5 http port {0}.",
    "LabelRunningOnPorts": "Kj\u00f8rer p\u00e5 http port {0} og https port {1}.",
    "HeaderLatestFromChannel": "Siste fra {0}",
    "ButtonDownload": "Nedlasting",
    "LabelUnknownLanaguage": "Ukjent Spr\u00e5k",
    "HeaderCurrentSubtitles": "N\u00e5v\u00e6rende undertekster",
    "MessageDownloadQueued": "Nedlastingen har blitt satt i k\u00f8.",
    "MessageAreYouSureDeleteSubtitles": "Er du sikker p\u00e5 at du vil slette denne undertekst filen?",
    "ButtonRemoteControl": "Ekstern Kontroll",
    "HeaderMyViews": "Mitt Syn",
    "HeaderLatestTvRecordings": "Siste Opptak",
    "ButtonRefresh": "Oppdater",
    "LabelCurrentPath": "N\u00e5v\u00e6rende sti:",
    "HeaderSelectMediaPath": "Velg Media Sti",
    "ButtonNetwork": "Nettverk",
    "MessageDirectoryPickerInstruction": "Nettverksti kan skrives inn manuelt i tilfelle Nettverk-knappen ikke klarer \u00e5 lokalisere enhetene dine. For eksempel {0} eller {1}.",
    "HeaderMenu": "Meny",
    "ButtonOpen": "\u00c5pne",
    "ButtonOpenInNewTab": "\u00c5pne i ny fane",
    "ButtonShuffle": "Shuffle",
    "ButtonInstantMix": "Direktemiks",
    "ButtonResume": "Fortsette",
    "HeaderAudioTracks": "Lydspor",
    "HeaderSubtitles": "Undertekster",
    "HeaderVideoQuality": "Videookvalitet",
    "MessageErrorPlayingVideo": "Det oppstod en feil ved avspilling av vidoen.",
    "MessageEnsureOpenTuner": "Vennligst s\u00f8rg for at det minst er \u00e9n \u00e5pen tuner tilgjengelig.",
    "ButtonDashboard": "Dashbord",
    "ButtonReports": "Rapporter",
    "ButtonMetadataManager": "Metadata Behandler",
    "HeaderTime": "Tid",
    "HeaderAlbum": "Album",
    "HeaderAlbumArtist": "Album Artist",
    "HeaderArtist": "Artist",
    "LabelAddedOnDate": "Lagt til {0}",
    "ButtonStart": "Start",
    "OptionBlockOthers": "Andre",
    "OptionBlockTvShows": "TV Serier",
    "OptionBlockTrailers": "Trailere",
    "OptionBlockMusic": "Musikk",
    "OptionBlockMovies": "Filmer",
    "OptionBlockBooks": "B\u00f8ker",
    "OptionBlockGames": "Spill",
    "OptionBlockLiveTvPrograms": "Live TV Programmer",
    "OptionBlockLiveTvChannels": "Live TV Kanaler",
    "OptionBlockChannelContent": "Innhold fra Internettkanal",
    "OptionList": "Liste",
    "ButtonRevoke": "Tilbakekall",
    "MessageConfirmRevokeApiKey": "Are you sure you wish to revoke this api key? The application's connection to Emby Server will be abruptly terminated.",
    "HeaderConfirmRevokeApiKey": "Tilbakekall API-n\u00f8kkel",
    "ValueContainer": "Kontainer: {0}",
    "ValueAudioCodec": "Lyd Kodek: {0}",
    "ValueVideoCodec": "Video Kodek: {0}",
    "ValueCodec": "Kodek: {0}",
    "ValueConditions": "Tilstand: {0}",
    "LabelAll": "Alle",
    "HeaderDeleteImage": "Slett bilde",
    "MessageFileNotFound": "Fant ikke fil.",
    "MessageFileReadError": "En feil oppstod n\u00e5r filen skulle leses.",
    "ButtonNextPage": "Neste Side",
    "ButtonPreviousPage": "Forrige Side",
    "ButtonMoveLeft": "Flytt til venstre",
    "ButtonMoveRight": "Flytt til h\u00f8yre",
    "ButtonBrowseOnlineImages": "Bla igjennom bilder online",
    "HeaderDeleteItem": "Slett element",
    "ConfirmDeleteItem": "Sletter elementet fra b\u00e5de filsystemet og biblioteket. Er du sikker p\u00e5 at du vil fortsette?",
    "MessagePleaseEnterNameOrId": "Vennligst skriv ett navn eller en ekstern id.",
    "MessageValueNotCorrect": "Verdien som ble skrevet er ikke korrekt. Vennligst pr\u00f8v igjen.",
    "MessageItemSaved": "Element lagret.",
    "HeaderLiveTV": "Live TV",
    "MissingLocalTrailer": "Mangler lokal trailer",
    "MissingPrimaryImage": "Mangler primary bilde.",
    "MissingBackdropImage": "Mangler backdrop bilde.",
    "MissingLogoImage": "Mangler logo bilde.",
    "MissingEpisode": "Mangler episode.",
    "OptionScreenshots": "Screenshots",
    "OptionBackdrops": "Backdrops",
    "OptionImages": "Bilder",
    "OptionKeywords": "N\u00f8kkelord",
    "OptionTags": "Tagger",
    "OptionStudios": "Studioer",
    "OptionName": "Navn",
    "OptionOverview": "Oversikt",
    "OptionGenres": "Sjangere",
    "OptionPeople": "Person",
    "OptionProductionLocations": "Produksjonsplass",
    "OptionBirthLocation": "F\u00f8dested",
    "LabelLiveProgram": "LIVE",
    "LabelNewProgram": "NY",
    "LabelPremiereProgram": "PREMIERE",
    "HeaderChangeFolderType": "Endre innholdstype",
    "HeaderChangeFolderTypeHelp": "For \u00e5 endre type, fjern og opprett ny mappe med den nye typen.",
    "HeaderAlert": "Varsling",
    "MessagePleaseRestart": "Vennligst utf\u00f8r en omstart for \u00e5 fullf\u00f8re oppdatering.",
    "MessagePleaseRefreshPage": "Vennligst last inn siden p\u00e5 nytt for \u00e5 motta nye oppdateringer fra serveren.",
    "ButtonHide": "Skjul",
    "MessageSettingsSaved": "Innstillinger lagret.",
    "ButtonMyProfile": "Min Profil",
    "ButtonMyPreferences": "Mine Preferanser",
    "MessageBrowserDoesNotSupportWebSockets": "Denne nettleseren st\u00f8tter ikke web sockets. For en bedre brukeropplevelse pr\u00f8v en nyere nettleser som for eksemepel Chrome, Firefox, IE10+, Safari (IOS) eller Opera.",
    "LabelInstallingPackage": "Installerer {0}",
    "LabelPackageInstallCompleted": "{0} installering fullf\u00f8rt.",
    "LabelPackageInstallFailed": "{0} installasjon feilet.",
    "LabelPackageInstallCancelled": "{0} installasjon avbrutt.",
    "TabUsers": "Brukere",
    "TabLibrary": "Bibliotek",
    "TabDLNA": "DLNA",
    "TabLiveTV": "Live TV",
    "TabAutoOrganize": "Auto-organiser",
    "TabPlugins": "Programtillegg",
    "TabHelp": "Hjelp",
    "TabScheduledTasks": "Planlagte Oppgaver",
    "ButtonFullscreen": "Fullskjerm",
    "ButtonAudioTracks": "Lydspor",
    "ButtonQuality": "Kvalitet",
    "ButtonView": "Se",
    "HeaderNotifications": "Melding",
    "HeaderSelectPlayer": "Select Player",
    "HeaderAdvanced": "Avansert",
    "MessageInternetExplorerWebm": "For det beste resultatet med Internet Explorer anbefales det at du installerer WebM programtillegg for videoavspilling.",
    "HeaderVideoError": "Video Error",
    "ButtonSync": "Synk",
    "TabSync": "Synk",
    "ButtonAddToPlaylist": "Legg til spilleliste",
    "HeaderAddToPlaylist": "Legg til Spilleliste",
    "LabelSelectPlaylist": "Spilleliste",
    "OptionNewPlaylist": "Ny spilleliste...",
    "MessageAddedToPlaylistSuccess": "Ok",
    "LabelHDProgram": "HD",
    "ButtonViewSeriesRecording": "Se serie opptak",
    "ValueOriginalAirDate": "Original lanseringsdato: {0}",
    "ButtonRemoveFromPlaylist": "Fjern fra spilleliste",
    "HeaderSpecials": "Specials",
    "HeaderTrailers": "Trailere",
    "HeaderAudio": "Lyd",
    "HeaderResolution": "Oppl\u00f8sning",
    "HeaderVideo": "Video",
    "HeaderRuntime": "Spilletid",
    "HeaderCommunityRating": "Fellesskap anmeldelse",
    "HeaderParentalRating": "Parental rating",
    "HeaderReleaseDate": "Utgivelsesdato",
    "HeaderDateAdded": "Date added",
    "HeaderSeries": "Series",
    "HeaderSeason": "Sesong",
    "HeaderSeasonNumber": "Sesong nummer",
    "HeaderNetwork": "Nettverk",
    "HeaderYear": "Year",
    "HeaderGameSystem": "Spill system",
    "HeaderPlayers": "Players",
    "HeaderEmbeddedImage": "innebygd bilde",
    "HeaderTrack": "Spor",
    "HeaderDisc": "Disk",
    "HeaderPeople": "Personer",
    "OptionCollections": "Samlinger",
    "OptionSeries": "Serier",
    "OptionSeasons": "Sesonger",
    "OptionGames": "Spill",
    "OptionGameSystems": "Spill systemer",
    "OptionMusicArtists": "Musikk artist",
    "OptionMusicAlbums": "Musikk album",
    "OptionMusicVideos": "Musikk videoer",
    "OptionSongs": "Sanger",
    "OptionHomeVideos": "Hjemme videoer",
    "OptionBooks": "B\u00f8ker",
    "OptionAdultVideos": "Voksen videoer",
    "ButtonUp": "Opp",
    "ButtonDown": "Ned",
    "LabelMetadataReaders": "Metadata Behandler:",
    "LabelMetadataReadersHelp": "Ranger dine prefererte lokale metadata kilder i prioritert rekkef\u00f8lge. F\u00f8rste fil funnet vil bli lest.",
    "LabelMetadataDownloaders": "Metadata nedlastere:",
    "LabelMetadataDownloadersHelp": "Aktiver og ranger din foretrukne kapittel nedlasting i f\u00f8lgende prioritet. Lavere prioritet nedlastinger vil kun bli brukt for \u00e5 fylle inn manglende informasjon",
    "LabelMetadataSavers": "Metadata savers:",
    "LabelMetadataSaversHelp": "Velg filformatene dine metadata skal lagres til.",
    "LabelImageFetchers": "Bildekilder:",
    "LabelImageFetchersHelp": "Aktiver og ranger dine foretrukne bildekilder i prioritert rekkef\u00f8lge.",
    "ButtonQueueAllFromHere": "K\u00f8 alt herfra",
    "ButtonPlayAllFromHere": "Spill alt herfra",
    "LabelDynamicExternalId": "{0} Id:",
    "HeaderIdentify": "Identifiser Element",
    "PersonTypePerson": "Person",
    "LabelTitleDisplayOrder": "Tittel visnings rekkef\u00f8lge:",
    "OptionSortName": "Sorterings navn",
    "OptionReleaseDate": "Utgivelsesdato",
    "LabelDiscNumber": "Disk nummer",
    "LabelParentNumber": "Forelder-ID",
    "LabelTrackNumber": "Spor nummer:",
    "LabelNumber": "Nummer:",
    "LabelReleaseDate": "Utgivelsesdato:",
    "LabelEndDate": "Slutt dato:",
    "LabelYear": "\u00c5r:",
    "LabelDateOfBirth": "F\u00f8dseldato:",
    "LabelBirthYear": "F\u00f8dsels\u00e5r:",
    "LabelDeathDate": "D\u00f8dsdato:",
    "HeaderRemoveMediaLocation": "Fjern Mediamappe",
    "MessageConfirmRemoveMediaLocation": "Er du sikker p\u00e5 at du vil slette dette stedet??",
    "HeaderRenameMediaFolder": "Endre navn p\u00e5 Mediamappe",
    "LabelNewName": "Nytt navn:",
    "HeaderAddMediaFolder": "Legg til mediamappe",
    "HeaderAddMediaFolderHelp": "Navn (Filmer, Musikk, TV, etc):",
    "HeaderRemoveMediaFolder": "Fjern Mediamappe",
    "MessageTheFollowingLocationWillBeRemovedFromLibrary": "F\u00f8lgende mapper med media vil bli fjernet fra ditt bibliotek:",
    "MessageAreYouSureYouWishToRemoveMediaFolder": "Er du sikker p\u00e5 at dul vil slette denne media-mappen?",
    "ButtonRename": "Gi nytt navn",
    "HeaderMediaLocations": "Media Steder",
    "LabelPathSubstitutionHelp": "Valgfritt: Sti erstatter kan koble server stier til nettverkressurser som klienter har tilgang til for direkte avspilling.",
    "FolderTypeMovies": "Filmer",
    "FolderTypeMusic": "Musikk",
    "FolderTypeAdultVideos": "Voksen-videoer",
    "FolderTypePhotos": "Foto",
    "FolderTypeMusicVideos": "Musikk-videoer",
    "FolderTypeHomeVideos": "Hjemme-videoer",
    "FolderTypeGames": "Spill",
    "FolderTypeBooks": "B\u00f8ker",
    "FolderTypeTvShows": "TV",
    "BirthPlaceValue": "F\u00f8dested: {0}",
    "DeathDateValue": "D\u00f8de: {0}",
    "BirthDateValue": "F\u00f8dt: {0}",
    "ButtonAdvancedRefresh": "Avansert Oppfrskning",
    "HeaderIdentifyItem": "Identifiser Element",
    "ButtonIdentify": "Identifiser",
    "HeaderPlotKeywords": "Plott n\u00f8kkelord",
    "HeaderTags": "Tagger",
    "HeaderSupporterBenefit": "St\u00f8ttemedlemskap gir ytterligere fordeler som for eksempel tilgang til synkronisering, premium plugins, internett-kanaler og mer. {0}L\u00e6r mer{1}.",
    "HeaderLatestReviews": "Siste anmeldelser",
    "HeaderPluginInstallation": "Programtillegg installasjon",
    "MessageAlreadyInstalled": "Denne versjonen er allerede installert.",
    "ValueReviewCount": "{0} Anmeldelser",
    "MessageYouHaveVersionInstalled": "Du har for \u00f8yeblikket versjon {0} installert",
    "MessageTrialExpired": "Pr\u00f8veperioden for denne funksjonen er utl\u00f8pt",
    "MessageTrialWillExpireIn": "Pr\u00f8veperioden for denne funksjonen utl\u00f8per om {0} dag (er)",
    "MessageInstallPluginFromApp": "Dette programtillegget m\u00e5 installeres direkte i appen du har tenkt \u00e5 bruke den i.",
    "ValuePriceUSD": "Pris: {0} (USD)",
    "LabelRecurringDonationCanBeCancelledHelp": "Gjentakende donasjoner kan avbrytes n\u00e5r som helst fra din PayPal-konto.",
    "MessageFeatureIncludedWithSupporter": "You are registered for this feature, and will be able to continue using it with an active Emby Premiere subscription.",
    "MessageChangeRecurringPlanConfirm": "Etter \u00e5 ha fullf\u00f8rt denne transaksjonen vil du m\u00e5tte avbestille din forrige gjentagende donasjon fra din PayPal-konto. Takk for at du st\u00f8tter Emby.",
    "HeaderUnrated": "Uvurdert",
    "ValueDiscNumber": "Disk {0}",
    "HeaderUnknownDate": "Ukjent dato",
    "HeaderUnknownYear": "Ukjent \u00e5r",
    "ValueMinutes": "{0} minutter",
    "ButtonPlayExternalPlayer": "Spill i ekstern avspiller",
    "HeaderSelectExternalPlayer": "Velg ekstern avspiller",
    "HeaderExternalPlayerPlayback": "Ekstern avspilling",
    "ButtonImDone": "Jeg er ferdig",
    "OptionWatched": "Sett",
    "OptionUnwatched": "Usett",
    "ExternalPlayerPlaystateOptionsHelp": "Spesifiser hvordan du vil fortsette avspillingen av denne videoen neste gang.",
    "LabelMarkAs": "Merk som:",
    "OptionInProgress": "Igang",
    "LabelResumePoint": "Fortsettelsespunkt",
    "ValueOneMovie": "1 film",
    "ValueMovieCount": "{0} filmer",
    "ValueOneTrailer": "1 trailer",
    "ValueTrailerCount": "{0} trailere",
    "ValueOneSeries": "1 serie",
    "ValueSeriesCount": "{0} serier",
    "ValueOneEpisode": "1 episode",
    "ValueEpisodeCount": "{0} episoder",
    "ValueOneGame": "1 spill",
    "ValueGameCount": "{0} spill",
    "ValueOneAlbum": "1 album",
    "ValueAlbumCount": "{0} album",
    "ValueOneSong": "1 sang",
    "ValueSongCount": "{0} sanger",
    "ValueOneMusicVideo": "1 musikkvideo",
    "ValueMusicVideoCount": "{0} musikkvideoer",
    "HeaderOffline": "Offline",
    "HeaderUnaired": "Ikke sendt",
    "HeaderMissing": "Mangler",
    "ButtonWebsite": "Nettsted",
    "TooltipFavorite": "Favoritt",
    "TooltipLike": "Liker",
    "TooltipDislike": "Misliker",
    "TooltipPlayed": "Sett",
    "ValueSeriesYearToPresent": "{0}-N\u00e5",
    "ValueAwards": "Priser: {0}",
    "ValueBudget": "Budsjett: {0}",
    "ValueRevenue": "Inntjening: {0}",
    "ValuePremiered": "Premiere {0}",
    "ValuePremieres": "Premiere {0}",
    "ValueStudio": "Studio: {0}",
    "ValueStudios": "Studioer: {0}",
    "ValueSpecialEpisodeName": "Spesiell - {0}",
    "LabelLimit": "Grense:",
    "ValueLinks": "Lenker: {0}",
    "HeaderCastAndCrew": "Cast & Crew",
    "ValueArtist": "Artist: {0}",
    "ValueArtists": "Artister: {0}",
    "MediaInfoCameraMake": "Kameramerke",
    "MediaInfoCameraModel": "Kameramodell",
    "MediaInfoAltitude": "H\u00f8yde",
    "MediaInfoAperture": "Blender\u00e5pning",
    "MediaInfoExposureTime": "Eksponeringstid",
    "MediaInfoFocalLength": "Brennvidde",
    "MediaInfoOrientation": "Orientering",
    "MediaInfoIsoSpeedRating": "ISO innstilling",
    "MediaInfoLatitude": "Breddegrad",
    "MediaInfoLongitude": "Lengdegrad",
    "MediaInfoShutterSpeed": "Lukkerhastighet",
    "MediaInfoSoftware": "Programvare",
    "HeaderIfYouLikeCheckTheseOut": "Hvis du liker {0}, sjekk ut disse...",
    "HeaderMovies": "Filmer",
    "HeaderAlbums": "Albumer",
    "HeaderGames": "Spill",
    "HeaderBooks": "B\u00f8ker",
    "HeaderEpisodes": "Episoder",
    "HeaderSeasons": "Sesonger",
    "HeaderTracks": "Spor",
    "HeaderItems": "Elementer",
    "HeaderOtherItems": "Andre elementer",
    "ButtonFullReview": "Full anmeldelse",
    "ValueAsRole": "som {0}",
    "ValueGuestStar": "Gjesteartist",
    "MediaInfoSize": "St\u00f8rrelse",
    "MediaInfoPath": "Sti",
    "MediaInfoFormat": "Format",
    "MediaInfoContainer": "Kontainer",
    "MediaInfoDefault": "Standard",
    "MediaInfoForced": "Tvunget",
    "MediaInfoExternal": "Ekstern",
    "MediaInfoTimestamp": "Tidstempel",
    "MediaInfoPixelFormat": "Pikselformat",
    "MediaInfoBitDepth": "Bitdybde",
    "MediaInfoSampleRate": "Sample rate",
    "MediaInfoBitrate": "Bitrate",
    "MediaInfoChannels": "Kanaler",
    "MediaInfoLayout": "Layout",
    "MediaInfoLanguage": "Spr\u00e5k",
    "MediaInfoCodec": "Kodek",
    "MediaInfoProfile": "Profil",
    "MediaInfoLevel": "Niv\u00e5",
    "MediaInfoAspectRatio": "Sideforhold",
    "MediaInfoResolution": "Oppl\u00f8sning",
    "MediaInfoAnamorphic": "Anamorfisk",
    "MediaInfoInterlaced": "Linjeflettet",
    "MediaInfoFramerate": "Bildefrekvens",
    "MediaInfoStreamTypeAudio": "Lyd",
    "MediaInfoStreamTypeData": "Data",
    "MediaInfoStreamTypeVideo": "Video",
    "MediaInfoStreamTypeSubtitle": "Undertekst",
    "MediaInfoStreamTypeEmbeddedImage": "Innebygd bilde",
    "ButtonLearnMore": "L\u00e6re mer",
    "MediaInfoRefFrames": "Ref frames",
    "TabPlayback": "Spill av",
    "HeaderSelectCustomIntrosPath": "Velg tilpasset intro sti",
    "HeaderRateAndReview": "Ranger og anmeld",
    "HeaderThankYou": "Takk",
    "MessageThankYouForYourReview": "Takk for din anmeldelse.",
    "LabelYourRating": "Din vurdering:",
    "LabelFullReview": "Full anmeldelse:",
    "LabelShortRatingDescription": "Kort sammendrag av vurdering:",
    "OptionIRecommendThisItem": "Jeg anbefaler dette elementet",
    "WebClientTourContent": "Vis dine nylig tilf\u00f8yde medier, neste episodene og mer. De gr\u00f8nne sirklene viser hvor mange uspilte elementer du har.",
    "WebClientTourMovies": "Spill av filmer, trailere og mer fra hvilken som helst enhet med en nettleser",
    "WebClientTourMouseOver": "Hold the mouse over any poster for quick access to important information",
    "WebClientTourTapHold": "Trykk og hold eller h\u00f8yreklikk hvilken som helst plakat for en hurtigmeny",
    "WebClientTourMetadataManager": "Klikk rediger for \u00e5 \u00e5pne metadata behandleren",
    "WebClientTourPlaylists": "Du kan enkelt lage spillelister og direktemikser, og spille dem p\u00e5 hvilken som helst enhet",
    "WebClientTourCollections": "Lag dine egne samlebokser",
    "WebClientTourUserPreferences1": "User preferences allow you to customize the way your library is presented in all of your Emby apps",
    "WebClientTourUserPreferences2": "Configure your audio and subtitle language settings once, for every Emby app",
    "WebClientTourUserPreferences3": "Utform startsiden slik du \u00f8nsker den.",
    "WebClientTourUserPreferences4": "Konfigurer bakgrunner, temasanger og eksterne avspillere",
    "WebClientTourMobile1": "Webklienten fungerer bra p\u00e5 smarttelefoner og nettbrett ...",
    "WebClientTourMobile2": "and easily controls other devices and Emby apps",
    "MessageEnjoyYourStay": "Nyt oppholdet",
    "ButtonTakeTheTour": "Bli med p\u00e5 omvisning",
    "DashboardTourDashboard": "Server dashboard lar deg overv\u00e5ke serveren og brukerene. Du kan til enhver tid se hvem som gj\u00f8r hva, og hvor de er.",
    "DashboardTourUsers": "Opprett bruker kontoer enkelt for dine venner og familie, hver med deres egne rettigheter, bibliotek tillgang, foreldre kontroll og mere til.",
    "DashboardTourCinemaMode": "Kino-modus bringer kinoopplevelsen direkte til din stue med muligheten til \u00e5 spille trailere og tilpassede introer f\u00f8r filmen begynner.",
    "DashboardTourChapters": "Aktiver generering av kapittel bilder  for dine videoer for en mer behagelig presentasjon mens du ser p\u00e5.",
    "DashboardTourSubtitles": "Last ned undertekster automatisk for dine videoer p\u00e5 alle spr\u00e5k.",
    "DashboardTourPlugins": "Installer programtillegg som internett video kanaler, direkte tv, metadata eskanners, og mere til.",
    "DashboardTourNotifications": "Send meldinger automatisk for server handlinger til dine mobile enheter, epost, etc.",
    "DashboardTourScheduledTasks": "Administrer enkelt operasjoner som kan ta lang tid med oppgaveplanlegging. Bestem n\u00e5r de kj\u00f8rer og hvor ofte.",
    "DashboardTourMobile": "The Emby Server dashboard works great on smartphones and tablets. Manage your server from the palm of your hand anytime, anywhere.",
    "MessageRefreshQueued": "Oppfrisk k\u00f8en",
    "TabDevices": "Enheter",
    "DeviceLastUsedByUserName": "Sist brukt av {0}",
    "HeaderDeleteDevice": "Slett Enhet",
    "DeleteDeviceConfirmation": "Er du sikker p\u00e5 at du vil slette denne enheten? Den vil gjenoppst\u00e5 neste gang en bruker logger inn med den.",
    "LabelEnableCameraUploadFor": "Aktiver kameraopplasting for:",
    "HeaderSelectUploadPath": "Velg Opplastings sti",
    "LabelEnableCameraUploadForHelp": "Uploads will occur automatically in the background when signed into Emby.",
    "ErrorMessageStartHourGreaterThanEnd": "Sluttid m\u00e5 v\u00e6re senere enn starttid.",
    "ButtonLibraryAccess": "Bibliotektilgang",
    "ButtonParentalControl": "Foreldrekontroll",
    "OptionEveryday": "Hver dag",
    "HeaderLoginFailure": "P\u00e5loggingsfeil",
    "HeaderInvitationSent": "Invitasjon Sendt",
    "MessageInvitationSentToUser": "En epost har blitt sent til {0} med oppfordring til \u00e5 godta invitasjonen din.",
    "MessageInvitationSentToNewUser": "An email has been sent to {0} inviting them to sign up with Emby.",
    "HeaderConnectionFailure": "Tilkobling feilet",
    "MessageUnableToConnectToServer": "Vi kan ikke kontakte angitt server akkurat n\u00e5. Sjekk at den er startet og pr\u00f8v igjen.",
    "ButtonSelectServer": "Velg server",
    "MessagePluginConfigurationRequiresLocalAccess": "Logg inn p\u00e5 din lokale server direkte for \u00e5 konfigurere dette programtillegget.",
    "MessageLoggedOutParentalControl": "Tilgangen er forel\u00f8pig begrenset. Vennligst pr\u00f8v igjen senere.",
    "HeaderLibraryAccess": "Bibliotek tilgang",
    "HeaderChannelAccess": "Kanal tilgang",
    "DefaultErrorMessage": "Det skjedde en feil under behandling av foresp\u00f8rselen. Vennligst pr\u00f8v igjen senere.",
    "ButtonAccept": "Godta",
    "ButtonReject": "Avvis",
    "HeaderForgotPassword": "Glemt passord",
    "MessageContactAdminToResetPassword": "Vennligst kontakte administrator for hjelp til \u00e5 resette passordet ditt.",
    "MessageForgotPasswordInNetworkRequired": "Vennligst pr\u00f8v igjen fra hjemmenettet ditt for \u00e5 starte prosessen med \u00e5 gjenopprette passordet ditt.",
    "MessageForgotPasswordFileCreated": "F\u00f8lgende fil er opprettet p\u00e5 serveren og inneholder instruksjoner om hvordan du kan fortsette:",
    "MessageForgotPasswordFileExpiration": "PIN-koden for gjenoppretting er gyldig til {0}.",
    "MessageInvalidForgotPasswordPin": "Ugyldig eller utg\u00e5tt PIN kode angitt. Vennligst pr\u00f8v igjen.",
    "MessagePasswordResetForUsers": "Passwords have been removed for the following users. To login, sign in with a blank password.",
    "HeaderPasswordReset": "Resett passord",
    "OptionPosterCard": "Plakatkort",
    "OptionThumbCard": "Thumb-kort",
    "HeaderInviteGuest": "Inviter gjest",
    "MessageConnectAccountRequiredToInviteGuest": "In order to invite guests you need to first link your Emby account to this server.",
    "HeaderAddTag": "Legg til tag",
    "LabelTag": "Tag:",
    "SyncMedia": "Synkroniser media",
    "HeaderCancelSyncJob": "Avbryt synkronisering",
    "CancelSyncJobConfirmation": "Cancelling the sync job will remove synced media from the device during the next sync process. Are you sure you wish to proceed?",
    "MessagePleaseSelectDeviceToSyncTo": "Velg enhet \u00e5 synkronisere til.",
    "MessageSyncJobCreated": "Synkroniseringsjobb p\u00e5begynt.",
    "LabelSyncTo": "Synkroniser til:",
    "LabelSyncJobName": "Navn p\u00e5 synkroniseringsjobb:",
    "LabelQuality": "Kvalitet:",
    "TitleSync": "Synk",
    "HeaderSettings": "Innstillinger",
    "OptionAutomaticallySyncNewContent": "Automatisk synkroniser nytt innhold",
    "OptionAutomaticallySyncNewContentHelp": "New content added to will be automatically synced to the device.",
    "OptionSyncUnwatchedVideosOnly": "Synkroniser kun usette videoer",
    "OptionSyncUnwatchedVideosOnlyHelp": "Kun usette videoer blir synkronisert, og videoer blir fjernet fra enheten s\u00e5 snart de er sett.",
    "LabelBirthDate": "F\u00f8dselsdato:",
    "LabelItemLimit": "Begrenset antall:",
    "LabelItemLimitHelp": "Valgfri. Sett en grense for hvor mange enheter som skal synkroniseres.",
    "MessageBookPluginRequired": "Forutsetter at programtillegget bokhylle er installert",
    "MessageGamePluginRequired": "Forutsetter at programtillegget GameBrowser er installert",
    "ButtonHelp": "Hjelp",
    "DashboardTourHelp": "Applikasjonens hjelpesystem har knapper som gir enkel tilgang til relevant dokumentasjon fra wikien.",
    "FolderTypeUnset": "Ikke bestemt (variert innhold)",
    "MessageUnsetContentHelp": "Innhold vises som enkle mapper. For beste resultat, bruk metadata for \u00e5 sette innholdstype for mapper.",
    "HeaderDeviceAccess": "Enhetstilgang",
    "HeaderSelectDevices": "Velg enheter",
    "MessageNoSyncJobsFound": "Ingen synkroniseringsjobber funnet. Opprett en synkroniseringsjobb ved hjelp av Synkroniseringsknappene i biblioteket",
    "LabelContentTypeValue": "Innholdstype {0}",
    "SyncJobItemStatusQueued": "I k\u00f8",
    "SyncJobItemStatusConverting": "Konverterer",
    "SyncJobItemStatusTransferring": "Overf\u00f8rer",
    "SyncJobItemStatusSynced": "Synkronisert",
    "SyncJobItemStatusFailed": "Feilet",
    "SyncJobItemStatusRemovedFromDevice": "Fjernet fra enheten",
    "SyncJobItemStatusCancelled": "Kansellert",
    "MessagePleaseAcceptTermsOfServiceBeforeContinuing": "Vennligst aksepter tjenestevilk\u00e5rene f\u00f8r du fortsetter.",
    "ButtonUninstall": "Avinstaller",
    "HeaderWelcomeBack": "Velkommen tilbake!",
    "ButtonTakeTheTourToSeeWhatsNew": "Ta en titt p\u00e5 hva som er nytt",
    "HeaderDevices": "Enheter",
    "LabelLocalAccessUrl": "Lokal tilgang: {0}",
    "TabExpert": "Ekspert",
    "TabExtras": "Ekstra",
    "TitleNotifications": "Beskjeder",
    "MessageThankYouForSupporting": "Takk for at du st\u00f8tter Emby.",
    "ButtonCancelItem": "Avbryt element",
    "ButtonQueueForRetry": "K\u00f8 for \u00e5 pr\u00f8ve igjen",
    "ButtonReenable": "Skru p\u00e5 igjen",
    "SyncJobItemStatusSyncedMarkForRemoval": "Markert for fjerning",
    "ButtonMarkForRemoval": "Fjern fra enheten.",
    "ButtonUnmarkForRemoval": "Avbryt fjerning fra enheten",
    "MessageConfirmSyncJobItemCancellation": "Er du sikker p\u00e5 at du vil kansellere dette elementet?",
    "HeaderLibraries": "Bibliotek",
    "ButtonScheduledTasks": "Planlagte oppgaver",
    "ConfirmMessageScheduledTaskButton": "This operation normally runs automatically as a scheduled task and does not require any manual effort. To configure the scheduled task, see:",
    "ValueDateCreated": "Dato opprettet: {0}",
    "MessageItemsAdded": "Elementer lagt til",
    "ButtonAddToCollection": "Legg til samling",
    "HeaderSelectCertificatePath": "Velg sti for sertifikat:",
    "HeaderSelectPath": "Velg sti",
    "LabelCollection": "Samling",
    "TextEnjoyBonusFeatures": "Nyt bonusfunksjonene",
    "PinCodeResetComplete": "PIN-koden har blitt tilbakestilt",
    "PinCodeResetConfirmation": "Er du sikker p\u00e5 at du vil tilbakestille PIN-koden?",
    "HeaderPinCodeReset": "Tilbakestill PIN-kode",
    "SyncJobStatusQueued": "I k\u00f8",
    "SyncJobStatusCompleted": "Synkronisert",
    "SyncJobStatusCompletedWithError": "Synkronisert med feil",
    "SyncJobStatusConverting": "Konverterer",
    "SyncJobStatusFailed": "Feilet",
    "SyncJobStatusCancelled": "Avbrutt",
    "SyncJobStatusTransferring": "Overf\u00f8rer",
    "ValueItemCount": "{0} element",
    "ValueItemCountPlural": "{0} elementer",
    "SyncJobStatusReadyToTransfer": "Klar til overf\u00f8ring",
    "SyncJobItemStatusReadyToTransfer": "Klar til overf\u00f8ring",
    "LabelSyncNoTargetsHelp": "Det ser ikke ut til at du har noen applikasjoner som st\u00f8tter synkronisering.",
    "WebClientTourMySync": "Synkronis\u00e9r dine personlige mediefiler til dine enheter for offline bruk.",
    "DashboardTourSync": "Synkroniser personlige mediafiler til din enhet for \u00e5 se p\u00e5 offline.",
    "ValueTimeLimitSingleHour": "Tidsgrense: 1 time",
    "ValueTimeLimitMultiHour": "Tidsgrense: {0} time",
    "HeaderPlaybackError": "Avspillingsfeil",
    "MessagePlaybackErrorNotAllowed": "Du er for \u00f8yeblikket ikke autorisert til \u00e5 spille dette innholdet. Ta kontakt med systemadministratoren for mer informasjon.",
    "MessagePlaybackErrorNoCompatibleStream": "Ingen kompatible streamer er tilgjengelig for \u00f8yeblikket. Vennligst pr\u00f8v igjen senere eller kontakt systemadministratoren for mer informasjon.",
    "MessagePlaybackErrorRateLimitExceeded": "Avspillingshastighet grensen er overskredet. Ta kontakt med systemadministratoren for mer informasjon.",
    "PluginCategoryGeneral": "Generelt",
    "PluginCategoryContentProvider": "Innholdstilbydere",
    "PluginCategoryScreenSaver": "Skjermspar",
    "PluginCategoryTheme": "Temaer",
    "PluginCategorySync": "Synk",
    "PluginCategorySocialIntegration": "Sosiale nettverk",
    "PluginCategoryNotifications": "Varslinger",
    "PluginCategoryMetadata": "Metadata",
    "PluginCategoryLiveTV": "Live TV",
    "PluginCategoryChannel": "Kanaler",
    "TitlePlugins": "Programtillegg",
    "ValueStatus": "Status: {0}",
    "MessageErrorLoadingSupporterInfo": "There was an error loading Emby Premiere information. Please try again later.",
    "MessageLinkYourSupporterKey": "Link your Emby Premiere key with up to {0} Emby Connect members to enjoy free access to the following apps:",
    "HeaderConfirmRemoveUser": "Fjern bruker",
    "MessageConfirmRemoveConnectSupporter": "Are you sure you wish to remove additional Emby Premiere benefits from this user?",
    "LabelProfile": "Profil:",
    "LabelBitrateMbps": "Bitrate (Mbps):",
    "MessageSwipeDownOnRemoteControl": "Welcome to remote control. Select the device to control by clicking the cast icon in the upper right corner. Swipe down anywhere on this screen to go back to where you came from.",
    "MessagePleaseSupportProject": "Vennligst st\u00f8tt Emby.",
    "HeaderWelcomeToProjectServerDashboard": "Velkommen til Emby Server Dashboard",
    "HeaderWelcomeToProjectWebClient": "Velkommen til Emby",
    "HeaderEmbyAccountAdded": "Emby konto lagt til",
    "MessageEmbyAccountAdded": "Emby-konto er blitt lagt til denne brukeren.",
    "MessagePendingEmbyAccountAdded": "The Emby account has been added to this user. An email will be sent to the owner of the account. The invitation will need to be confirmed by clicking a link within the email.",
    "HeaderEmbyAccountRemoved": "Embykonto er fjernet",
    "MessageEmbyAccontRemoved": "The Emby account has been removed from this user.",
    "TooltipLinkedToEmbyConnect": "Knyttet til Emby Connect.",
    "ButtonLinkMyEmbyAccount": "Link kontoen min n\u00e5",
    "MessagePlaybackErrorPlaceHolder": "Valgt innholdet, kan ikke avspilles fra denne enheten.",
    "OptionWeekend": "Helger",
    "OptionWeekday": "Ukedager",
    "HeaderSync": "Synk.",
    "MessageChromecastConnectionError": "Chromecastmottakeren din klarer ikke \u00e5 koble til Emby Server. Vennligst sjekk deres internettforbindelser og pr\u00f8v igjen.",
    "HeaderMyMedia": "Mine media",
    "HeaderSelectDate": "Velg dato",
    "EmbyIntroDownloadMessage": "For \u00e5 laste ned og installere Emby Server bes\u00f8k {0}.",
    "ButtonNewServer": "Ny server",
    "ButtonSignInWithConnect": "Logg inn med Emby Connect",
    "HeaderNewServer": "Ny server",
    "MyDevice": "Min(e) enhet(er)",
    "ButtonRemote": "Fjernkont.",
    "TabCast": "Cast",
    "TabScenes": "Scener",
    "HeaderUnlockApp": "Unlock App",
    "MessageUnlockAppWithPurchaseOrSupporter": "Unlock this feature with a small one-time purchase, or with an active Emby Premiere subscription.",
    "MessageUnlockAppWithSupporter": "Unlock this feature with an active Emby Premiere subscription.",
    "MessageToValidateSupporter": "If you have an active Emby Premiere subscription, simply sign into the app using your Wifi connection within your home network.",
    "MessagePaymentServicesUnavailable": "Payment services are currently unavailable. Please try again later.",
    "MessagePleaseSignInLocalNetwork": "Before proceeding, please ensure that you're connected to your local network using a Wifi or LAN connection.",
    "ButtonUnlockWithPurchase": "Unlock with Purchase",
    "MessageLiveTvGuideRequiresUnlock": "The Live TV Guide is currently limited to {0} channels. Click the unlock button to learn how to enjoy the full experience.",
    "OptionEnableFullscreen": "Enable Fullscreen",
    "ButtonServer": "Server",
    "HeaderAdmin": "Admin",
    "HeaderLibrary": "Library",
    "HeaderMedia": "Media",
    "ButtonInbox": "Inbox",
    "ButtonUnlockPrice": "Unlock {0}",
    "HeaderSaySomethingLike": "Say Something Like...",
    "ButtonTryAgain": "Try Again",
    "HeaderYouSaid": "You Said...",
    "MessageWeDidntRecognizeCommand": "We're sorry, we didn't recognize that command.",
    "MessageIfYouBlockedVoice": "If you denied voice access to the app you'll need to reconfigure before trying again.",
    "MessageNoItemsFound": "No items found.",
    "ButtonManageServer": "Manage Server",
    "ButtonPreferences": "Preferences",
    "ButtonViewArtist": "View artist",
    "ButtonViewAlbum": "View album",
    "ButtonCancelSyncJob": "Cancel sync",
    "HeaderGroupVersions": "Group Versions",
    "ErrorMessagePasswordNotMatchConfirm": "The password and password confirmation must match.",
    "ErrorMessageUsernameInUse": "The username is already in use. Please choose a new name and try again.",
    "ErrorMessageEmailInUse": "The email address is already in use. Please enter a new email address and try again, or use the forgot password feature.",
    "MessageThankYouForConnectSignUp": "Thank you for signing up for Emby Connect. An email will be sent to your address with instructions on how to confirm your new account. Please confirm the account and then return here to sign in.",
    "HeaderShare": "Share",
    "ButtonShareHelp": "Share a web page containing media information with social media. Media files are never shared publicly.",
    "ButtonShare": "Share",
    "HeaderConfirm": "Confirm",
    "MessageConfirmDeleteTunerDevice": "Are you sure you wish to delete this device?",
    "MessageConfirmDeleteGuideProvider": "Are you sure you wish to delete this guide provider?",
    "HeaderDeleteProvider": "Delete Provider",
    "HeaderAddProvider": "Add Provider",
    "ErrorAddingTunerDevice": "There was an error adding the tuner device. Please ensure it is accessible and try again.",
    "ErrorSavingTvProvider": "There was an error saving the TV provider. Please ensure it is accessible and try again.",
    "ErrorGettingTvLineups": "There was an error downloading tv lineups. Please ensure your information is correct and try again.",
    "MessageCreateAccountAt": "Create an account at {0}",
    "ErrorPleaseSelectLineup": "Please select a lineup and try again. If no lineups are available, then please check that your username, password, and postal code is correct.",
    "HeaderTryCinemaMode": "Try Cinema Mode",
    "ButtonBecomeSupporter": "Get Emby Premiere",
    "ButtonClosePlayVideo": "Close and play my media",
    "MessageDidYouKnowCinemaMode": "Did you know that with Emby Premiere, you can enhance your experience with features like Cinema Mode?",
    "MessageDidYouKnowCinemaMode2": "Cinema Mode gives you the true cinema experience with trailers and custom intros before the main feature.",
    "ButtonMoreItems": "More...",
    "MessageDirectoryPickerBSDInstruction": "For BSD, you may need to configure storage within your FreeNAS Jail in order to allow Emby to access it.",
    "OptionEnableDisplayMirroring": "Enable display mirroring",
    "HeaderSyncRequiresSupporterMembershipAppVersion": "Sync requires connecting to an Emby Server with an active Emby Premiere subscription.",
    "HeaderSyncRequiresSupporterMembership": "Sync requires an active Emby Premiere subscription.",
    "ErrorValidatingSupporterInfo": "There was an error validating your Emby Premiere information. Please try again later.",
    "LabelLocalSyncStatusValue": "Status: {0}",
    "MessageSyncStarted": "Sync started",
    "HeaderEnabledFields": "Enabled Fields",
    "HeaderEnabledFieldsHelp": "Uncheck a field to lock it and prevent it's data from being changed.",
    "NoSlideshowContentFound": "No slideshow images were found.",
    "OptionPhotoSlideshow": "Photo slideshow",
    "OptionBackdropSlideshow": "Backdrop slideshow",
    "HeaderTopPlugins": "Top Plugins",
    "ButtonOther": "Other",
    "ForAdditionalLiveTvOptions": "For additional Live TV providers, click on the External Services tab to see the available options.",
    "ButtonMenu": "Menu",
    "ButtonGuide": "Guide",
    "ButtonRecordedTv": "Recorded TV",
    "ButtonDisconnect": "Disconnect",
    "HeaderDisconnectFromPlayer": "Disconnect from Player",
    "ConfirmEndPlayerSession": "Would you like to shutdown the app on the remote device?",
    "ButtonYes": "Yes",
    "ButtonNo": "No",
    "HeaderBlockItemsWithNoRating": "Block content with no rating information:",
    "ButtonRestorePreviousPurchase": "Restore Purchase",
    "LabelAutomaticUpdateLevel": "Automatic update level:",
    "LabelAutomaticUpdateLevelForPlugins": "Automatic update level for plugins:",
    "ButtonRemoveFromCollection": "Remove from Collection",
    "ButtonSelectView": "Select view",
    "ButtonEditSubtitles": "Edit subtitles",
    "HeaderUploadImage": "Upload Image",
    "ButtonForYou": "For You",
    "ButtonLibrary": "Library",
    "ButtonNowPlaying": "Now Playing",
    "ButtonViewNewApp": "View new app",
    "HeaderEmbyForAndroidHasMoved": "Emby for Android has moved!",
    "MessageEmbyForAndroidHasMoved": "Emby for Android has moved to a new home in the app store. Please consider checking out the new app. You may continue to use this app for as long as you wish.",
    "ButtonSignOut": "Sign Out",
    "EmbyPremiereMonthlyWithPrice": "Emby Premiere Monthly {0}",
    "HeaderEmailAddress": "E-Mail Address",
    "TextPleaseEnterYourEmailAddressForSubscription": "Please enter your e-mail address.",
    "HeaderUnlockSync": "Unlock Emby Sync",
    "AutoOrganizeError": "Error Organizing File",
    "ErrorOrganizingFileWithErrorCode": "There was an error organizing the file. Error code: {0}.",
    "EmbyPremiereMonthly": "Emby Premiere Monthly",
    "MessageDirectoryPickerLinuxInstruction": "For Linux, you must grant the Emby system user at least read access to your storage locations.",
    "LoginDisclaimer": "Emby is designed to help you manage your personal media library, such as home videos and photos. Please see our terms of use. Downloading any Emby software constitutes acceptance of these terms.",
    "TermsOfUse": "Terms of use",
    "ButtonEditImages": "Edit images",
    "HeaderTryMultiSelect": "Try Multi-Select",
    "TryMultiSelectMessage": "To edit multiple media items, just click and hold any poster and select the items you want to manage. Try it!",
    "ButtonChangeContentType": "Change content type",
    "NumLocationsValue": "{0} folders",
    "ButtonAddMediaLibrary": "Add Media Library",
    "ButtonManageFolders": "Manage folders",
    "HeaderTryDragAndDrop": "Try Drag and Drop",
    "TryDragAndDropMessage": "To re-arrange playlist items, just drag and drop. Try it!",
    "HeaderTryMicrosoftEdge": "Try Microsoft Edge",
    "MessageTryMicrosoftEdge": "For a better experience on Windows 10, try the new Microsoft Edge Browser.",
    "MessageTheSelectedItemsWillBeGrouped": "The selected videos will be grouped into one virtual item. Emby apps will automatically choose which version to play based on device and network performance. Are you sure you wish to continue?",
    "ErrorAddingListingsToSchedulesDirect": "There was an error adding the lineup to your Schedules Direct account. Schedules Direct only allows a limited number of lineups per account. You may need to log into the Schedules Direct website and remove others listings from your account before proceeeding.",
    "PleaseAddAtLeastOneFolder": "Please add at least one folder to this library by clicking the Add button.",
    "ErrorAddingMediaPathToVirtualFolder": "There was an error adding the media path. Please ensure the path is valid and the Emby Server process has access to that location.",
    "ErrorRemovingEmbyConnectAccount": "There was an error removing the Emby Connect account. Please ensure you have an active internet connection and try again.",
    "ErrorAddingEmbyConnectAccount": "There was an error adding the Emby Connect account. Please ensure the Emby account has been activated by following the instructions in the email sent after creating the account. If this email was not received please send an email to apps@emby.media from the email address used with the Emby account.",
    "MessageTheFollowingItemsWillBeGrouped": "F\u00f8lgende titler vil bli gruppert til ett element:",
    "MessageConfirmItemGrouping": "Emby apps vil automatisk velge den optimale versjonen for \u00e5 spille av, basert p\u00e5 enheten og nettverksytelse. Er du sikker p\u00e5 at du vil fortsette?"
}