{
    "LabelFromHelp": "Example: {0} (on the server)",
    "SettingsSaved": "Configuraci\u00f3 guardada.",
    "AddUser": "Afegir Usuari",
    "Users": "Usuaris",
    "Delete": "Esborrar",
    "Administrator": "Administrador",
    "Password": "Contrasenya",
    "DeleteImage": "Esborrar Imatge",
    "MessageThankYouForSupporting": "Thank you for supporting Emby.",
    "MessagePleaseSupportProject": "Si et plau d\u00f3na suport a Emby.",
    "DeleteImageConfirmation": "Esteu segur que voleu suprimir aquesta imatge?",
    "FileReadCancelled": "La lectura de l'arxiu ha estat cancel\u00b7lada.",
    "FileNotFound": "Arxiu no trobat.",
    "FileReadError": "S'ha produ\u00eft un error en llegir el fitxer.",
    "DeleteUser": "Esborrar Usuari",
    "DeleteUserConfirmation": "Are you sure you wish to delete this user?",
    "PasswordResetHeader": "Reset Password",
    "PasswordResetComplete": "La contrasenya s'ha restablert.",
    "PinCodeResetComplete": "The pin code has been reset.",
    "PasswordResetConfirmation": "Est\u00e0s segur que vols restablir la contrasenya?",
    "PinCodeResetConfirmation": "Are you sure you wish to reset the pin code?",
    "HeaderPinCodeReset": "Reset Pin Code",
    "PasswordSaved": "Contrasenya desada.",
    "PasswordMatchError": "La confirmaci\u00f3 de la contrasenya i la contrasenya han de coincidir.",
    "OptionRelease": "Versi\u00f3 Oficial",
    "OptionBeta": "Beta",
    "OptionDev": "Dev (Inestable)",
    "UninstallPluginHeader": "Desinstal\u00b7lar Complement.",
    "UninstallPluginConfirmation": "Est\u00e0s segur que vols desinstal\u00b7lar {0}?",
    "NoPluginConfigurationMessage": "Aquest complement no necessita configuraci\u00f3.",
    "NoPluginsInstalledMessage": "No tens cap complement instal\u00b7lat.",
    "BrowsePluginCatalogMessage": "Consulta el nostre cat\u00e0leg per veure els complements disponibles.",
    "MessageKeyEmailedTo": "Key emailed to {0}.",
    "MessageKeysLinked": "Keys linked.",
    "HeaderConfirmation": "Confirmation",
    "MessageKeyUpdated": "Thank you. Your Emby Premiere key has been updated.",
    "MessageKeyRemoved": "Thank you. Your Emby Premiere key has been removed.",
    "HeaderSupportTheTeam": "D\u00f3na suport a l'equip d'Emby",
    "TextEnjoyBonusFeatures": "Gaudeix de caracter\u00edstiques addicionals",
    "TitleLiveTV": "TV en Directe",
    "ButtonCancelSyncJob": "Cancel\u00b7la sync",
    "HeaderAddTag": "Afegir Etiqueta",
    "LabelTag": "Tag:",
    "ButtonSelectView": "Select view",
    "TitleSync": "Sync",
    "OptionAutomatic": "Auto",
    "HeaderSelectDate": "Select Date",
    "ButtonIdentify": "Identify",
    "HeaderIdentifyItem": "Identify Item",
    "LabelRecurringDonationCanBeCancelledHelp": "Recurring donations can be cancelled at any time from within your PayPal account.",
    "HeaderMyMedia": "Els Meus Multim\u00e8dia",
    "ButtonRemoveFromCollection": "Remove from Collection",
    "LabelAutomaticUpdateLevel": "Automatic update level:",
    "LabelAutomaticUpdateLevelForPlugins": "Automatic update level for plugins:",
    "TitleNotifications": "Notificacions",
    "ErrorLaunchingChromecast": "There was an error launching chromecast. Please ensure your device is connected to your wireless network.",
    "MessageErrorLoadingSupporterInfo": "There was an error loading Emby Premiere information. Please try again later.",
    "MessageLinkYourSupporterKey": "Link your Emby Premiere key with up to {0} Emby Connect members to enjoy free access to the following apps:",
    "HeaderConfirmRemoveUser": "Remove User",
    "MessageConfirmRemoveConnectSupporter": "Are you sure you wish to remove additional Emby Premiere benefits from this user?",
    "ValueTimeLimitSingleHour": "Time limit: 1 hour",
    "ValueTimeLimitMultiHour": "Time limit: {0} hours",
    "HeaderUsers": "Usuaris",
    "PluginCategoryGeneral": "General",
    "PluginCategoryContentProvider": "Content Providers",
    "PluginCategoryScreenSaver": "Protectors de Pantalla",
    "PluginCategoryTheme": "Themes",
    "PluginCategorySync": "Sync",
    "PluginCategorySocialIntegration": "Social Networks",
    "PluginCategoryNotifications": "Notificacions",
    "PluginCategoryMetadata": "Metadades",
    "PluginCategoryLiveTV": "TV en Directe",
    "PluginCategoryChannel": "Canals",
    "HeaderSearch": "Search",
    "ValueDateCreated": "Date created: {0}",
    "LabelArtist": "Artist",
    "LabelMovie": "Movie",
    "LabelMusicVideo": "V\u00eddeo Musical",
    "LabelEpisode": "Episode",
    "LabelSeries": "S\u00e8ries",
    "LabelStopping": "Stopping",
    "LabelCancelled": "(cancel\u00b7lat)",
    "LabelFailed": "(failed)",
    "ButtonHelp": "Ajuda",
    "ButtonSave": "Desa",
    "ButtonDownload": "Descarrega",
    "SyncJobStatusQueued": "Queued",
    "SyncJobStatusConverting": "Converting",
    "SyncJobStatusFailed": "Failed",
    "SyncJobStatusCancelled": "Cancel\u00b7lat",
    "SyncJobStatusCompleted": "Synced",
    "SyncJobStatusReadyToTransfer": "Ready to Transfer",
    "SyncJobStatusTransferring": "Transferring",
    "SyncJobStatusCompletedWithError": "Synced with errors",
    "SyncJobItemStatusReadyToTransfer": "Ready to Transfer",
    "LabelCollection": "Collection",
    "HeaderAddToCollection": "Afegir a Col\u00b7lecci\u00f3",
    "HeaderNewCollection": "New Collection",
    "NewCollectionNameExample": "Example: Star Wars Collection",
    "OptionSearchForInternetMetadata": "Search the internet for artwork and metadata",
    "LabelSelectCollection": "Select collection:",
    "HeaderDevices": "Dispositius",
    "ButtonScheduledTasks": "Scheduled tasks",
    "MessageItemsAdded": "\u00cdtems afegits",
    "ButtonAddToCollection": "Afegeix a col\u00b7lecci\u00f3",
    "HeaderSelectCertificatePath": "Select Certificate Path",
    "ConfirmMessageScheduledTaskButton": "This operation normally runs automatically as a scheduled task and does not require any manual effort. To configure the scheduled task, see:",
    "HeaderSupporterBenefit": "An active Emby Premiere subscription provides additional benefits such as access to sync, premium plugins, internet channel content, and more. {0}Learn more{1}.",
    "LabelSyncNoTargetsHelp": "It looks like you don't currently have any apps that support sync.",
    "HeaderWelcomeToProjectServerDashboard": "Welcome to the Emby Server Dashboard",
    "HeaderWelcomeToProjectWebClient": "Benvingut a Emby",
    "ButtonTakeTheTour": "Fes el tour",
    "HeaderWelcomeBack": "Welcome back!",
    "TitlePlugins": "Complements",
    "ButtonTakeTheTourToSeeWhatsNew": "Fes el tour per veure qu\u00e8 hi ha de nou",
    "MessageNoSyncJobsFound": "No sync jobs found. Create sync jobs using the Sync buttons found throughout the web interface.",
    "HeaderLibraryAccess": "Acc\u00e9s a la Biblioteca",
    "HeaderChannelAccess": "Channel Access",
    "HeaderDeviceAccess": "Device Access",
    "HeaderSelectDevices": "Select Devices",
    "ButtonCancelItem": "Cancel\u00b7la \u00edtem",
    "ButtonQueueForRetry": "Queue for retry",
    "ButtonReenable": "Re-enable",
    "ButtonLearnMore": "Learn more",
    "SyncJobItemStatusSyncedMarkForRemoval": "Marked for removal",
    "LabelAbortedByServerShutdown": "(Aborted by server shutdown)",
    "LabelScheduledTaskLastRan": "Last ran {0}, taking {1}.",
    "HeaderDeleteTaskTrigger": "Delete Task Trigger",
    "HeaderTaskTriggers": "Task Triggers",
    "MessageDeleteTaskTrigger": "Are you sure you wish to delete this task trigger?",
    "MessageNoPluginsInstalled": "You have no plugins installed.",
    "LabelVersionInstalled": "{0} installed",
    "LabelNumberReviews": "{0} Reviews",
    "LabelFree": "Free",
    "HeaderPlaybackError": "Playback Error",
    "MessagePlaybackErrorNotAllowed": "You're currently not authorized to play this content. Please contact your system administrator for details.",
    "MessagePlaybackErrorNoCompatibleStream": "No compatible streams are currently available. Please try again later or contact your system administrator for details.",
    "MessagePlaybackErrorRateLimitExceeded": "Your playback rate limit has been exceeded. Please contact your system administrator for details.",
    "MessagePlaybackErrorPlaceHolder": "The content chosen is not playable from this device.",
    "HeaderSelectAudio": "Select Audio",
    "HeaderSelectSubtitles": "Select Subtitles",
    "ButtonMarkForRemoval": "Remove from device",
    "ButtonUnmarkForRemoval": "Cancel removal from device",
    "LabelDefaultStream": "(Default)",
    "LabelForcedStream": "(Forced)",
    "LabelDefaultForcedStream": "(Default\/Forced)",
    "LabelUnknownLanguage": "Unknown language",
    "MessageConfirmSyncJobItemCancellation": "Are you sure you wish to cancel this item?",
    "ButtonMute": "Mute",
    "ButtonUnmute": "Unmute",
    "ButtonStop": "Stop",
    "ButtonNextTrack": "Next Track",
    "ButtonPause": "Pause",
    "ButtonPlay": "Play",
    "ButtonEdit": "Edit",
    "ButtonQueue": "Queue",
    "ButtonPlayTrailer": "Play trailer",
    "ButtonPlaylist": "Llista de reproducci\u00f3",
    "ButtonPreviousTrack": "Previous Track",
    "LabelEnabled": "Enabled",
    "LabelDisabled": "Disabled",
    "ButtonMoreInformation": "More Information",
    "LabelNoUnreadNotifications": "No unread notifications.",
    "ButtonViewNotifications": "View notifications",
    "ButtonMarkTheseRead": "Mark these read",
    "ButtonClose": "Close",
    "LabelAllPlaysSentToPlayer": "All plays will be sent to the selected player.",
    "MessageInvalidUser": "Invalid username or password. Please try again.",
    "HeaderLoginFailure": "Login Failure",
    "HeaderAllRecordings": "All Recordings",
    "RecommendationBecauseYouLike": "Because you like {0}",
    "RecommendationBecauseYouWatched": "Because you watched {0}",
    "RecommendationDirectedBy": "Directed by {0}",
    "RecommendationStarring": "Starring {0}",
    "HeaderConfirmRecordingCancellation": "Confirmar Cancel\u00b7laci\u00f3 de l'Enregistrament",
    "MessageConfirmRecordingCancellation": "Est\u00e0s segur que vols cancel\u00b7lar aquest enregistrament?",
    "MessageRecordingCancelled": "Enregistrament cancel\u00b7lat.",
    "MessageRecordingScheduled": "Recording scheduled.",
    "HeaderConfirmSeriesCancellation": "Confirm Series Cancellation",
    "MessageConfirmSeriesCancellation": "Are you sure you wish to cancel this series?",
    "MessageSeriesCancelled": "Series cancelled.",
    "HeaderConfirmRecordingDeletion": "Confirm Recording Deletion",
    "MessageConfirmRecordingDeletion": "Are you sure you wish to delete this recording?",
    "MessageRecordingDeleted": "Recording deleted.",
    "ButonCancelRecording": "Cancel Recording",
    "MessageRecordingSaved": "Recording saved.",
    "OptionSunday": "Sunday",
    "OptionMonday": "Monday",
    "OptionTuesday": "Tuesday",
    "OptionWednesday": "Wednesday",
    "OptionThursday": "Thursday",
    "OptionFriday": "Friday",
    "OptionSaturday": "Saturday",
    "OptionEveryday": "Every day",
    "OptionWeekend": "Weekends",
    "OptionWeekday": "Weekdays",
    "HeaderConfirmDeletion": "Confirm Deletion",
    "MessageConfirmPathSubstitutionDeletion": "Are you sure you wish to delete this path substitution?",
    "LiveTvUpdateAvailable": "(Update available)",
    "LabelVersionUpToDate": "Up to date!",
    "ButtonResetTuner": "Reset tuner",
    "HeaderResetTuner": "Reset Tuner",
    "MessageConfirmResetTuner": "Are you sure you wish to reset this tuner? Any active players or recordings will be abruptly stopped.",
    "ButtonCancelSeries": "Cancel Series",
    "HeaderSeriesRecordings": "Series Recordings",
    "LabelAnytime": "Any time",
    "StatusRecording": "Recording",
    "StatusWatching": "Watching",
    "StatusRecordingProgram": "Recording {0}",
    "StatusWatchingProgram": "Watching {0}",
    "HeaderSplitMedia": "Split Media Apart",
    "MessageConfirmSplitMedia": "Are you sure you wish to split the media sources into separate items?",
    "HeaderError": "Error",
    "MessageChromecastConnectionError": "Your Chromecast receiver is unable to connect to your Emby Server. Please check their connections and try again.",
    "MessagePleaseSelectOneItem": "Please select at least one item.",
    "MessagePleaseSelectTwoItems": "Please select at least two items.",
    "MessageTheSelectedItemsWillBeGrouped": "The selected videos will be grouped into one virtual item. Emby apps will automatically choose which version to play based on device and network performance. Are you sure you wish to continue?",
    "HeaderResume": "Resume",
    "HeaderMyViews": "My Views",
    "HeaderLibraryFolders": "Directoris Multim\u00e8dia",
    "HeaderLatestMedia": "Darrers Multim\u00e8dia",
    "ButtonMoreItems": "More...",
    "ButtonMore": "More",
    "HeaderFavoriteMovies": "Favorite Movies",
    "HeaderFavoriteShows": "Programes Preferits",
    "HeaderFavoriteEpisodes": "Favorite Episodes",
    "HeaderFavoriteGames": "Favorite Games",
    "HeaderRatingsDownloads": "Valoraci\u00f3 \/ Desc\u00e0rregues",
    "HeaderConfirmProfileDeletion": "Confirm Profile Deletion",
    "MessageConfirmProfileDeletion": "N'est\u00e0s segur d'eliminar aquest perfil?",
    "HeaderSelectServerCachePath": "Select Server Cache Path",
    "HeaderSelectTranscodingPath": "Select Transcoding Temporary Path",
    "HeaderSelectImagesByNamePath": "Select Images By Name Path",
    "HeaderSelectMetadataPath": "Select Metadata Path",
    "HeaderSelectServerCachePathHelp": "Browse or enter the path to use for server cache files. The folder must be writeable.",
    "HeaderSelectTranscodingPathHelp": "Browse or enter the path to use for transcoding temporary files. The folder must be writeable.",
    "HeaderSelectImagesByNamePathHelp": "Browse or enter the path to your items by name folder. The folder must be writeable.",
    "HeaderSelectMetadataPathHelp": "Browse or enter the path you'd like to store metadata within. The folder must be writeable.",
    "HeaderSelectChannelDownloadPath": "Select Channel Download Path",
    "HeaderSelectChannelDownloadPathHelp": "Browse or enter the path to use for storing channel cache files. The folder must be writeable.",
    "OptionNewCollection": "New...",
    "ButtonAdd": "Afegeix",
    "ButtonRemove": "Remove",
    "LabelChapterDownloaders": "Chapter downloaders:",
    "LabelChapterDownloadersHelp": "Enable and rank your preferred chapter downloaders in order of priority. Lower priority downloaders will only be used to fill in missing information.",
    "HeaderFavoriteAlbums": "Favorite Albums",
    "HeaderLatestChannelMedia": "Latest Channel Items",
    "ButtonOrganizeFile": "Organize File",
    "ButtonDeleteFile": "Esborra Fitxer",
    "HeaderOrganizeFile": "Organize File",
    "HeaderDeleteFile": "Esborrar Fitxer",
    "StatusSkipped": "Skipped",
    "StatusFailed": "Failed",
    "StatusSuccess": "Success",
    "MessageFileWillBeDeleted": "El seg\u00fcent fitxer ser\u00e0 eliminat:",
    "MessageSureYouWishToProceed": "Are you sure you wish to proceed?",
    "MessageDuplicatesWillBeDeleted": "In addition the following dupliates will be deleted:",
    "MessageFollowingFileWillBeMovedFrom": "The following file will be moved from:",
    "MessageDestinationTo": "to:",
    "HeaderSelectWatchFolder": "Select Watch Folder",
    "HeaderSelectWatchFolderHelp": "Browse or enter the path to your watch folder. The folder must be writeable.",
    "OrganizePatternResult": "Result: {0}",
    "AutoOrganizeError": "Error Organizing File",
    "ErrorOrganizingFileWithErrorCode": "There was an error organizing the file. Error code: {0}.",
    "HeaderRestart": "Reiniciar",
    "HeaderShutdown": "Shutdown",
    "MessageConfirmRestart": "Est\u00e0s segur que vols reiniciar el Servidor d'Emby?",
    "MessageConfirmShutdown": "Are you sure you wish to shutdown Emby Server?",
    "ButtonUpdateNow": "Update Now",
    "ValueItemCount": "{0} item",
    "ValueItemCountPlural": "{0} items",
    "NewVersionOfSomethingAvailable": "A new version of {0} is available!",
    "VersionXIsAvailableForDownload": "La versi\u00f3 {0} est\u00e0 disponible per a descarregar-la.",
    "LabelVersionNumber": "Versi\u00f3 {0}",
    "LabelPlayMethodTranscoding": "Transcoding",
    "LabelPlayMethodDirectStream": "Direct Streaming",
    "LabelPlayMethodDirectPlay": "Direct Playing",
    "LabelAudioCodec": "Audio: {0}",
    "LabelVideoCodec": "Video: {0}",
    "LabelLocalAccessUrl": "Acc\u00e9s local: {0}",
    "LabelRemoteAccessUrl": "Acc\u00e9s remot: {0}",
    "LabelRunningOnPort": "Corrent al port http {0}.",
    "LabelRunningOnPorts": "Corrent al port http {0} i al port https {1}.",
    "HeaderLatestFromChannel": "Latest from {0}",
    "LabelUnknownLanaguage": "Unknown language",
    "HeaderCurrentSubtitles": "Current Subtitles",
    "MessageDownloadQueued": "The download has been queued.",
    "MessageAreYouSureDeleteSubtitles": "Are you sure you wish to delete this subtitle file?",
    "ButtonRemoteControl": "Control Remot",
    "HeaderLatestTvRecordings": "Latest Recordings",
    "ButtonOk": "D'acord",
    "ButtonCancel": "Cancel\u00b7la",
    "ButtonRefresh": "Refresh",
    "LabelCurrentPath": "Current path:",
    "HeaderSelectMediaPath": "Select Media Path",
    "HeaderSelectPath": "Select Path",
    "ButtonNetwork": "Network",
    "MessageDirectoryPickerInstruction": "Network paths can be entered manually in the event the Network button fails to locate your devices. For example, {0} or {1}.",
    "MessageDirectoryPickerBSDInstruction": "For BSD, you may need to configure storage within your FreeNAS Jail in order to allow Emby to access it.",
    "MessageDirectoryPickerLinuxInstruction": "For Linux, you must grant the Emby system user at least read access to your storage locations.",
    "HeaderMenu": "Menu",
    "ButtonOpen": "Obre",
    "ButtonOpenInNewTab": "Obre en una nova pestanya",
    "ButtonShuffle": "Shuffle",
    "ButtonInstantMix": "Instant mix",
    "ButtonResume": "Resume",
    "HeaderScenes": "Scenes",
    "HeaderAudioTracks": "Audio Tracks",
    "HeaderLibraries": "Libraries",
    "HeaderSubtitles": "Subtitles",
    "HeaderVideoQuality": "Video Quality",
    "MessageErrorPlayingVideo": "There was an error playing the video.",
    "MessageEnsureOpenTuner": "Please ensure there is an open tuner availalble.",
    "ButtonHome": "Inici",
    "ButtonDashboard": "Tauler de Control",
    "ButtonReports": "Reports",
    "ButtonMetadataManager": "Gestor de Metadades",
    "HeaderTime": "Time",
    "HeaderName": "Name",
    "HeaderAlbum": "Album",
    "HeaderAlbumArtist": "Album Artist",
    "HeaderArtist": "Artist",
    "LabelAddedOnDate": "Added {0}",
    "ButtonStart": "Start",
    "HeaderChannels": "Canals",
    "HeaderMediaFolders": "Directoris Multim\u00e8dia",
    "HeaderBlockItemsWithNoRating": "Block content with no rating information:",
    "OptionBlockOthers": "Others",
    "OptionBlockTvShows": "TV Shows",
    "OptionBlockTrailers": "Tr\u00e0ilers",
    "OptionBlockMusic": "M\u00fasica",
    "OptionBlockMovies": "Pel\u00b7l\u00edcules",
    "OptionBlockBooks": "Llibres",
    "OptionBlockGames": "Jocs",
    "OptionBlockLiveTvPrograms": "Live TV Programs",
    "OptionBlockLiveTvChannels": "Live TV Channels",
    "OptionBlockChannelContent": "Internet Channel Content",
    "ButtonRevoke": "Revoke",
    "MessageConfirmRevokeApiKey": "Are you sure you wish to revoke this api key? The application's connection to Emby Server will be abruptly terminated.",
    "HeaderConfirmRevokeApiKey": "Revoke Api Key",
    "ValueContainer": "Container: {0}",
    "ValueAudioCodec": "Audio Codec: {0}",
    "ValueVideoCodec": "Video Codec: {0}",
    "ValueCodec": "Codec: {0}",
    "ValueConditions": "Conditions: {0}",
    "LabelAll": "All",
    "HeaderDeleteImage": "Esborrar Imatge",
    "MessageFileNotFound": "File not found.",
    "MessageFileReadError": "An error occurred reading this file.",
    "ButtonNextPage": "Next Page",
    "ButtonPreviousPage": "Previous Page",
    "ButtonMoveLeft": "Move left",
    "ButtonMoveRight": "Move right",
    "ButtonBrowseOnlineImages": "Browse online images",
    "HeaderDeleteItem": "Esborrar \u00cdtem",
    "ConfirmDeleteItem": "Deleting this item will delete it from both the file system and your media library. Are you sure you wish to continue?",
    "MessagePleaseEnterNameOrId": "Please enter a name or an external Id.",
    "MessageValueNotCorrect": "The value entered is not correct. Please try again.",
    "MessageItemSaved": "\u00cdtem desat.",
    "MessagePleaseAcceptTermsOfServiceBeforeContinuing": "Please accept the terms of service before continuing.",
    "OptionEnded": "Ended",
    "OptionContinuing": "Continuing",
    "OptionOff": "Apagat",
    "OptionOn": "Enc\u00e8s",
    "ButtonSettings": "Prefer\u00e8ncies",
    "ButtonUninstall": "Uninstall",
    "HeaderEnabledFields": "Enabled Fields",
    "HeaderEnabledFieldsHelp": "Uncheck a field to lock it and prevent it's data from being changed.",
    "HeaderLiveTV": "TV en Directe",
    "MissingLocalTrailer": "Missing local trailer.",
    "MissingPrimaryImage": "Missing primary image.",
    "MissingBackdropImage": "Missing backdrop image.",
    "MissingLogoImage": "Missing logo image.",
    "MissingEpisode": "Missing episode.",
    "OptionScreenshots": "Screenshots",
    "OptionBackdrops": "Backdrops",
    "OptionImages": "Images",
    "OptionKeywords": "Keywords",
    "OptionTags": "Tags",
    "OptionStudios": "Studios",
    "OptionName": "Name",
    "OptionOverview": "Overview",
    "OptionGenres": "Genres",
    "OptionParentalRating": "Parental Rating",
    "OptionPeople": "People",
    "OptionRuntime": "Runtime",
    "OptionProductionLocations": "Production Locations",
    "OptionBirthLocation": "Birth Location",
    "LabelAllChannels": "All channels",
    "LabelLiveProgram": "LIVE",
    "LabelNewProgram": "NEW",
    "LabelPremiereProgram": "PREMIERE",
    "LabelHDProgram": "HD",
    "HeaderChangeFolderType": "Change Content Type",
    "HeaderChangeFolderTypeHelp": "To change the type, please remove and rebuild the library with the new type.",
    "HeaderAlert": "Alert",
    "MessagePleaseRestart": "Si et plau, reinicia per finalitzar l'actualitzaci\u00f3.",
    "ButtonRestart": "Reinicia",
    "MessagePleaseRefreshPage": "Please refresh this page to receive new updates from Emby Server.",
    "ButtonHide": "Hide",
    "MessageSettingsSaved": "Prefer\u00e8ncies desades.",
    "ButtonSignOut": "Sign Out",
    "ButtonMyProfile": "My Profile",
    "ButtonMyPreferences": "My Preferences",
    "MessageBrowserDoesNotSupportWebSockets": "This browser does not support web sockets. For a better experience, try a newer browser such as Chrome, Firefox, IE10+, Safari (iOS) or Opera.",
    "LabelInstallingPackage": "Installing {0}",
    "LabelPackageInstallCompleted": "{0} installation completed.",
    "LabelPackageInstallFailed": "{0} installation failed.",
    "LabelPackageInstallCancelled": "Instal\u00b7laci\u00f3 {0} cancel\u00b7lada.",
    "TabServer": "Server",
    "TabUsers": "Usuaris",
    "TabLibrary": "Biblioteca",
    "TabMetadata": "Metadades",
    "TabDLNA": "DLNA",
    "TabLiveTV": "TV en Directe",
    "TabAutoOrganize": "Auto-Organitza",
    "TabPlugins": "Complements",
    "TabAdvanced": "Avan\u00e7at",
    "TabHelp": "Ajuda",
    "TabScheduledTasks": "Tasques Programades",
    "ButtonFullscreen": "Fullscreen",
    "ButtonAudioTracks": "Audio Tracks",
    "ButtonSubtitles": "Subtitles",
    "ButtonScenes": "Scenes",
    "ButtonQuality": "Quality",
    "HeaderNotifications": "Notificacions",
    "HeaderSelectPlayer": "Select Player",
    "ButtonSelect": "Select",
    "ButtonNew": "New",
    "MessageInternetExplorerWebm": "For best results with Internet Explorer please install the WebM playback plugin.",
    "HeaderVideoError": "Video Error",
    "ButtonAddToPlaylist": "Afegir a la llista de reproducci\u00f3",
    "HeaderAddToPlaylist": "Afegir a la llista de reproducci\u00f3",
    "LabelName": "Nom:",
    "ButtonSubmit": "Submit",
    "LabelSelectPlaylist": "Llista de rep.:",
    "OptionNewPlaylist": "Nova llista de reproducci\u00f3...",
    "MessageAddedToPlaylistSuccess": "D'acord",
    "ButtonView": "View",
    "ButtonViewSeriesRecording": "View series recording",
    "ValueOriginalAirDate": "Original air date: {0}",
    "ButtonRemoveFromPlaylist": "Esborra de la llista de reproducci\u00f3",
    "HeaderSpecials": "Specials",
    "HeaderTrailers": "Tr\u00e0ilers",
    "HeaderAudio": "\u00c0udio",
    "HeaderResolution": "Resolution",
    "HeaderVideo": "Video",
    "HeaderRuntime": "Runtime",
    "HeaderCommunityRating": "Community rating",
    "HeaderPasswordReset": "Password Reset",
    "HeaderParentalRating": "Parental rating",
    "HeaderReleaseDate": "Data de publicaci\u00f3",
    "HeaderDateAdded": "Date added",
    "HeaderSeries": "S\u00e8ries",
    "HeaderSeason": "Temporada",
    "HeaderSeasonNumber": "Season number",
    "HeaderNetwork": "Network",
    "HeaderYear": "Year",
    "HeaderGameSystem": "Game system",
    "HeaderPlayers": "Players",
    "HeaderEmbeddedImage": "Embedded image",
    "HeaderTrack": "Track",
    "HeaderDisc": "Disc",
    "OptionMovies": "Pel\u00b7l\u00edcules",
    "OptionCollections": "Col\u00b7leccions",
    "OptionSeries": "S\u00e8ries",
    "OptionSeasons": "Seasons",
    "OptionEpisodes": "Episodes",
    "OptionGames": "Jocs",
    "OptionGameSystems": "Game systems",
    "OptionMusicArtists": "M\u00fasics",
    "OptionMusicAlbums": "\u00c0lbums musicals",
    "OptionMusicVideos": "V\u00eddeos musicals",
    "OptionSongs": "Songs",
    "OptionHomeVideos": "V\u00eddeos dom\u00e8stics",
    "OptionBooks": "Llibres",
    "OptionAdultVideos": "Adult videos",
    "ButtonUp": "Up",
    "ButtonDown": "Down",
    "LabelMetadataReaders": "Metadata readers:",
    "LabelMetadataReadersHelp": "Rank your preferred local metadata sources in order of priority. The first file found will be read.",
    "LabelMetadataDownloaders": "Metadata downloaders:",
    "LabelMetadataDownloadersHelp": "Enable and rank your preferred metadata downloaders in order of priority. Lower priority downloaders will only be used to fill in missing information.",
    "LabelMetadataSavers": "Metadata savers:",
    "LabelMetadataSaversHelp": "Choose the file formats to save your metadata to.",
    "LabelImageFetchers": "Image fetchers:",
    "LabelImageFetchersHelp": "Enable and rank your preferred image fetchers in order of priority.",
    "ButtonQueueAllFromHere": "Queue all from here",
    "ButtonPlayAllFromHere": "Play all from here",
    "LabelDynamicExternalId": "{0} Id:",
    "HeaderIdentify": "Identify Item",
    "PersonTypePerson": "Person",
    "LabelTitleDisplayOrder": "Title display order:",
    "OptionSortName": "Sort name",
    "OptionReleaseDate": "Data de publicaci\u00f3",
    "LabelSeasonNumber": "Season number:",
    "LabelDiscNumber": "Disc number",
    "LabelParentNumber": "Parent number",
    "LabelEpisodeNumber": "Episode number:",
    "LabelTrackNumber": "Track number:",
    "LabelNumber": "Number:",
    "LabelReleaseDate": "Data de publicaci\u00f3:",
    "LabelEndDate": "End date:",
    "LabelYear": "Year:",
    "LabelDateOfBirth": "Date of birth:",
    "LabelBirthYear": "Birth year:",
    "LabelBirthDate": "Birth date:",
    "LabelDeathDate": "Death date:",
    "HeaderRemoveMediaLocation": "Remove Media Location",
    "MessageConfirmRemoveMediaLocation": "Are you sure you wish to remove this location?",
    "HeaderRenameMediaFolder": "Rename Media Folder",
    "LabelNewName": "Nou nom:",
    "HeaderAddMediaFolder": "Afegir Directori Multim\u00e8dia",
    "HeaderAddMediaFolderHelp": "Name (Movies, Music, TV, etc):",
    "HeaderRemoveMediaFolder": "Remove Media Folder",
    "MessageTheFollowingLocationWillBeRemovedFromLibrary": "The following media locations will be removed from your library:",
    "MessageAreYouSureYouWishToRemoveMediaFolder": "Are you sure you wish to remove this media folder?",
    "ButtonRename": "Rename",
    "ButtonChangeContentType": "Change content type",
    "HeaderMediaLocations": "Media Locations",
    "LabelContentTypeValue": "Content type: {0}",
    "LabelPathSubstitutionHelp": "Optional: Path substitution can map server paths to network shares that clients can access for direct playback.",
    "FolderTypeUnset": "No definit (contingut mesclat)",
    "FolderTypeMovies": "Pel\u00b7l\u00edcules",
    "FolderTypeMusic": "M\u00fasica",
    "FolderTypeAdultVideos": "Adult videos",
    "FolderTypePhotos": "Fotos",
    "FolderTypeMusicVideos": "V\u00eddeos musicals",
    "FolderTypeHomeVideos": "V\u00eddeos dom\u00e8stics",
    "FolderTypeGames": "Jocs",
    "FolderTypeBooks": "Llibres",
    "FolderTypeTvShows": "TV",
    "TabMovies": "Pel\u00b7l\u00edcules",
    "TabSeries": "S\u00e8ries",
    "TabEpisodes": "Episodes",
    "TabTrailers": "Tr\u00e0ilers",
    "TabGames": "Jocs",
    "TabAlbums": "Albums",
    "TabSongs": "Songs",
    "TabMusicVideos": "V\u00eddeos musicals",
    "BirthPlaceValue": "Birth place: {0}",
    "DeathDateValue": "Died: {0}",
    "BirthDateValue": "Born: {0}",
    "HeaderLatestReviews": "Latest Reviews",
    "HeaderPluginInstallation": "Plugin Installation",
    "MessageAlreadyInstalled": "This version is already installed.",
    "ValueReviewCount": "{0} Reviews",
    "MessageYouHaveVersionInstalled": "Actualment tens la versi\u00f3 {0} instal\u00b7lada.",
    "MessageTrialExpired": "The trial period for this feature has expired",
    "MessageTrialWillExpireIn": "The trial period for this feature will expire in {0} day(s)",
    "MessageInstallPluginFromApp": "This plugin must be installed from with in the app you intend to use it in.",
    "ValuePriceUSD": "Price: {0} (USD)",
    "MessageFeatureIncludedWithSupporter": "You are registered for this feature, and will be able to continue using it with an active Emby Premiere subscription.",
    "MessageChangeRecurringPlanConfirm": "After completing this transaction you will need to cancel your previous recurring donation from within your PayPal account. Thank you for supporting Emby.",
    "ButtonDelete": "Esborra",
    "HeaderEmbyAccountAdded": "Emby Account Added",
    "MessageEmbyAccountAdded": "The Emby account has been added to this user.",
    "MessagePendingEmbyAccountAdded": "The Emby account has been added to this user. An email will be sent to the owner of the account. The invitation will need to be confirmed by clicking a link within the email.",
    "HeaderEmbyAccountRemoved": "Emby Account Removed",
    "MessageEmbyAccontRemoved": "The Emby account has been removed from this user.",
    "TooltipLinkedToEmbyConnect": "Linked to Emby Connect",
    "HeaderUnrated": "Unrated",
    "ValueDiscNumber": "Disc {0}",
    "HeaderUnknownDate": "Unknown Date",
    "HeaderUnknownYear": "Unknown Year",
    "ValueMinutes": "{0} min",
    "ButtonPlayExternalPlayer": "Play with external player",
    "HeaderSelectExternalPlayer": "Select External Player",
    "HeaderExternalPlayerPlayback": "External Player Playback",
    "ButtonImDone": "I'm Done",
    "OptionWatched": "Watched",
    "OptionUnwatched": "Unwatched",
    "ExternalPlayerPlaystateOptionsHelp": "Specify how you would like to resume playing this video next time.",
    "LabelMarkAs": "Mark as:",
    "OptionInProgress": "In-Progress",
    "LabelResumePoint": "Resume point:",
    "ValueOneMovie": "1 movie",
    "ValueMovieCount": "{0} movies",
    "ValueOneTrailer": "1 trailer",
    "ValueTrailerCount": "{0} trailers",
    "ValueOneSeries": "1 series",
    "ValueSeriesCount": "{0} series",
    "ValueOneEpisode": "1 episode",
    "ValueEpisodeCount": "{0} episodes",
    "ValueOneGame": "1 game",
    "ValueGameCount": "{0} games",
    "ValueOneAlbum": "1 album",
    "ValueAlbumCount": "{0} albums",
    "ValueOneSong": "1 song",
    "ValueSongCount": "{0} songs",
    "ValueOneMusicVideo": "1 v\u00eddeo musical",
    "ValueMusicVideoCount": "{0} v\u00eddeos musicals",
    "HeaderOffline": "Offline",
    "HeaderUnaired": "No em\u00e8s",
    "HeaderMissing": "Missing",
    "ButtonWebsite": "Website",
    "TooltipFavorite": "Favorite",
    "TooltipLike": "Like",
    "TooltipDislike": "Dislike",
    "TooltipPlayed": "Played",
    "ValueSeriesYearToPresent": "{0}-Present",
    "ValueAwards": "Awards: {0}",
    "ValueBudget": "Budget: {0}",
    "ValueRevenue": "Revenue: {0}",
    "ValuePremiered": "Premiered {0}",
    "ValuePremieres": "Premieres {0}",
    "ValueStudio": "Studio: {0}",
    "ValueStudios": "Studios: {0}",
    "ValueStatus": "Status: {0}",
    "ValueSpecialEpisodeName": "Special - {0}",
    "LabelLimit": "Limit:",
    "ValueLinks": "Links: {0}",
    "HeaderPeople": "People",
    "HeaderCastAndCrew": "Cast & Crew",
    "ValueArtist": "Artist: {0}",
    "ValueArtists": "Artists: {0}",
    "HeaderTags": "Tags",
    "MediaInfoCameraMake": "Camera make",
    "MediaInfoCameraModel": "Camera model",
    "MediaInfoAltitude": "Altitude",
    "MediaInfoAperture": "Aperture",
    "MediaInfoExposureTime": "Exposure time",
    "MediaInfoFocalLength": "Focal length",
    "MediaInfoOrientation": "Orientation",
    "MediaInfoIsoSpeedRating": "Iso speed rating",
    "MediaInfoLatitude": "Latitude",
    "MediaInfoLongitude": "Longitude",
    "MediaInfoShutterSpeed": "Shutter speed",
    "MediaInfoSoftware": "Software",
    "HeaderIfYouLikeCheckTheseOut": "If you like {0}, check these out...",
    "HeaderPlotKeywords": "Plot Keywords",
    "HeaderMovies": "Pel\u00b7l\u00edcules",
    "HeaderAlbums": "Albums",
    "HeaderGames": "Jocs",
    "HeaderBooks": "Llibres",
    "HeaderEpisodes": "Episodes",
    "HeaderSeasons": "Seasons",
    "HeaderTracks": "Tracks",
    "HeaderItems": "Items",
    "HeaderOtherItems": "Other Items",
    "ButtonFullReview": "Full review",
    "ValueAsRole": "as {0}",
    "ValueGuestStar": "Artista convidat",
    "MediaInfoSize": "Size",
    "MediaInfoPath": "Path",
    "MediaInfoFormat": "Format",
    "MediaInfoContainer": "Container",
    "MediaInfoDefault": "Default",
    "MediaInfoForced": "Forced",
    "MediaInfoExternal": "External",
    "MediaInfoTimestamp": "Timestamp",
    "MediaInfoPixelFormat": "Pixel format",
    "MediaInfoBitDepth": "Bit depth",
    "MediaInfoSampleRate": "Sample rate",
    "MediaInfoBitrate": "Bitrate",
    "MediaInfoChannels": "Canals",
    "MediaInfoLayout": "Layout",
    "MediaInfoLanguage": "Language",
    "MediaInfoCodec": "Codec",
    "MediaInfoCodecTag": "Codec tag",
    "MediaInfoProfile": "Profile",
    "MediaInfoLevel": "Level",
    "MediaInfoAspectRatio": "Aspect ratio",
    "MediaInfoResolution": "Resolution",
    "MediaInfoAnamorphic": "Anamorphic",
    "MediaInfoInterlaced": "Interlaced",
    "MediaInfoFramerate": "Framerate",
    "MediaInfoStreamTypeAudio": "\u00c0udio",
    "MediaInfoStreamTypeData": "Data",
    "MediaInfoStreamTypeVideo": "Video",
    "MediaInfoStreamTypeSubtitle": "Subtitle",
    "MediaInfoStreamTypeEmbeddedImage": "Embedded Image",
    "MediaInfoRefFrames": "Ref frames",
    "TabPlayback": "Reproducci\u00f3",
    "TabNotifications": "Notificacions",
    "TabExpert": "Expert",
    "HeaderSelectCustomIntrosPath": "Select Custom Intros Path",
    "HeaderRateAndReview": "Rate and Review",
    "HeaderThankYou": "Thank You",
    "MessageThankYouForYourReview": "Thank you for your review.",
    "LabelYourRating": "Your rating:",
    "LabelFullReview": "Full review:",
    "LabelShortRatingDescription": "Short rating summary:",
    "OptionIRecommendThisItem": "I recommend this item",
    "WebClientTourContent": "View your recently added media, next episodes, and more. The green circles indicate how many unplayed items you have.",
    "WebClientTourMovies": "Play movies, trailers and more from any device with a web browser",
    "WebClientTourMouseOver": "Hold the mouse over any poster for quick access to important information",
    "WebClientTourTapHold": "Tap and hold or right click any poster for a context menu",
    "WebClientTourMetadataManager": "Fes clic a edita per obrir el gestor de metadades",
    "WebClientTourPlaylists": "Easily create playlists and instant mixes, and play them on any device",
    "WebClientTourCollections": "Create movie collections to group box sets together",
    "WebClientTourUserPreferences1": "User preferences allow you to customize the way your library is presented in all of your Emby apps",
    "WebClientTourUserPreferences2": "Configure your audio and subtitle language settings once, for every Emby app",
    "WebClientTourUserPreferences3": "Design the web client home page to your liking",
    "WebClientTourUserPreferences4": "Configure backdrops, theme songs and external players",
    "WebClientTourMobile1": "The web client works great on smartphones and tablets...",
    "WebClientTourMobile2": "i controla f\u00e0cilment altres dispositius i aplicacions Emby",
    "WebClientTourMySync": "Sync your personal media to your devices for offline viewing.",
    "MessageEnjoyYourStay": "Enjoy your stay",
    "DashboardTourDashboard": "The server dashboard allows you to monitor your server and your users. You'll always know who is doing what and where they are.",
    "DashboardTourHelp": "In-app help provides easy buttons to open wiki pages relating to the on-screen content.",
    "DashboardTourUsers": "Easily create user accounts for your friends and family, each with their own permissions, library access, parental controls and more.",
    "DashboardTourCinemaMode": "Cinema mode brings the theater experience straight to your living room with the ability to play trailers and custom intros before the main feature.",
    "DashboardTourChapters": "Enable chapter image generation for your videos for a more pleasing presentation while viewing.",
    "DashboardTourSubtitles": "Automatically download subtitles for your videos in any language.",
    "DashboardTourPlugins": "Install plugins such as internet video channels, live tv, metadata scanners, and more.",
    "DashboardTourNotifications": "Automatically send notifications of server events to your mobile device, email and more.",
    "DashboardTourScheduledTasks": "Easily manage long running operations with scheduled tasks. Decide when they run, and how often.",
    "DashboardTourMobile": "The Emby Server dashboard works great on smartphones and tablets. Manage your server from the palm of your hand anytime, anywhere.",
    "DashboardTourSync": "Sync your personal media to your devices for offline viewing.",
    "MessageRefreshQueued": "Refresh queued",
    "TabDevices": "Dispositius",
    "TabExtras": "Extres",
    "HeaderUploadImage": "Pujar Imatge",
    "DeviceLastUsedByUserName": "Last used by {0}",
    "HeaderDeleteDevice": "Eliminar Dispositiu",
    "DeleteDeviceConfirmation": "Are you sure you wish to delete this device? It will reappear the next time a user signs in with it.",
    "LabelEnableCameraUploadFor": "Enable camera upload for:",
    "HeaderSelectUploadPath": "Select Upload Path",
    "LabelEnableCameraUploadForHelp": "Uploads will occur automatically in the background when signed into Emby.",
    "ErrorMessageStartHourGreaterThanEnd": "End time must be greater than the start time.",
    "ButtonLibraryAccess": "Acc\u00e9s a la biblioteca",
    "ButtonParentalControl": "Control parental",
    "HeaderInvitationSent": "Invitation Sent",
    "MessageInvitationSentToUser": "An email has been sent to {0}, inviting them to accept your sharing invitation.",
    "MessageInvitationSentToNewUser": "An email has been sent to {0} inviting them to sign up with Emby.",
    "HeaderConnectionFailure": "Connection Failure",
    "MessageUnableToConnectToServer": "We're unable to connect to the selected server right now. Please ensure it is running and try again.",
    "ButtonSelectServer": "Seleccionar servidor",
    "MessagePluginConfigurationRequiresLocalAccess": "To configure this plugin please sign in to your local server directly.",
    "MessageLoggedOutParentalControl": "Access is currently restricted. Please try again later.",
    "DefaultErrorMessage": "There was an error processing the request. Please try again later.",
    "ButtonAccept": "Acceptar",
    "ButtonReject": "Reject",
    "HeaderForgotPassword": "He oblidat la contrasenya",
    "MessageContactAdminToResetPassword": "Sisplau contacta amb l'adiministrador per restablir la contrasenya.",
    "MessageForgotPasswordInNetworkRequired": "Please try again within your home network to initiate the password reset process.",
    "MessageForgotPasswordFileCreated": "The following file has been created on your server and contains instructions on how to proceed:",
    "MessageForgotPasswordFileExpiration": "The reset pin will expire at {0}.",
    "MessageInvalidForgotPasswordPin": "An invalid or expired pin was entered. Please try again.",
    "MessagePasswordResetForUsers": "Passwords have been removed for the following users. To login, sign in with a blank password.",
    "HeaderInviteGuest": "Invite Guest",
    "ButtonLinkMyEmbyAccount": "Link my account now",
    "MessageConnectAccountRequiredToInviteGuest": "In order to invite guests you need to first link your Emby account to this server.",
    "ButtonSync": "Sync",
    "SyncMedia": "Sync Media",
    "HeaderCancelSyncJob": "Cancel Sync",
    "CancelSyncJobConfirmation": "Cancelling the sync job will remove synced media from the device during the next sync process. Are you sure you wish to proceed?",
    "TabSync": "Sync",
    "MessagePleaseSelectDeviceToSyncTo": "Please select a device to sync to.",
    "MessageSyncJobCreated": "Sync job created.",
    "LabelSyncTo": "Sync to:",
    "LabelSyncJobName": "Sync job name:",
    "LabelQuality": "Qualitat",
    "HeaderSettings": "Prefer\u00e8ncies",
    "OptionAutomaticallySyncNewContent": "Automatically sync new content",
    "OptionAutomaticallySyncNewContentHelp": "New content added to will be automatically synced to the device.",
    "OptionSyncUnwatchedVideosOnly": "Sync unwatched videos only",
    "OptionSyncUnwatchedVideosOnlyHelp": "Only unwatched videos will be synced, and videos will be removed from the device as they are watched.",
    "LabelItemLimit": "Item limit:",
    "LabelItemLimitHelp": "Optional. Set a limit to the number of items that will be synced.",
    "MessageBookPluginRequired": "Requires installation of the Bookshelf plugin",
    "MessageGamePluginRequired": "Requires installation of the GameBrowser plugin",
    "MessageUnsetContentHelp": "Content will be displayed as plain folders. For best results use the metadata manager to set the content types of sub-folders.",
    "SyncJobItemStatusQueued": "En cua",
    "SyncJobItemStatusConverting": "Convertint",
    "SyncJobItemStatusTransferring": "Transferint",
    "SyncJobItemStatusSynced": "Sincronitzat",
    "SyncJobItemStatusFailed": "Failed",
    "SyncJobItemStatusRemovedFromDevice": "Removed from device",
    "SyncJobItemStatusCancelled": "Cancel\u00b7lat",
    "LabelProfile": "Perfil:",
    "LabelBitrateMbps": "Bitrate (Mbps):",
    "EmbyIntroDownloadMessage": "To download and install Emby Server visit {0}.",
    "ButtonNewServer": "Nou servidor",
    "ButtonSignInWithConnect": "Inicia sessi\u00f3 amb Emby Connect",
    "HeaderNewServer": "Nou servidor",
    "MyDevice": "El meu dispositiu",
    "ButtonRemote": "Remot",
    "TabInfo": "Informaci\u00f3",
    "TabCast": "Actors",
    "TabScenes": "Escenes",
    "HeaderUnlockApp": "Desbloqueja App",
    "HeaderUnlockSync": "Desbloqueja Emby Sync",
    "MessageUnlockAppWithPurchaseOrSupporter": "Unlock this feature with a small one-time purchase, or with an active Emby Premiere subscription.",
    "MessageUnlockAppWithSupporter": "Desbloqueja aquesta funci\u00f3 amb una subscripci\u00f3 activa Emby Premiere.",
    "MessageToValidateSupporter": "If you have an active Emby Premiere subscription, simply sign into the app once using your Wifi connection within your home network.",
    "MessagePaymentServicesUnavailable": "Els serveis de pagament no estan disponibles actualment. Siusplau, intenta-ho m\u00e9s tard.",
    "MessagePleaseSignInLocalNetwork": "Abans de continuar, si et plau assegura't que est\u00e0s connectat a la xarxa local utilitzant una connexi\u00f3 Wi-Fi o LAN.",
    "ButtonUnlockWithPurchase": "Desbloquejar amb la compra",
    "ButtonUnlockPrice": "Unlock {0}",
    "MessageLiveTvGuideRequiresUnlock": "The Live TV Guide is currently limited to {0} channels. Click the unlock button to learn how to enjoy the full experience.",
    "OptionEnableFullscreen": "Habilita pantalla completa",
    "ButtonServer": "Servidor",
    "HeaderAdmin": "Admin",
    "HeaderLibrary": "Biblioteca",
    "HeaderMedia": "Media",
    "ButtonInbox": "Safata d'entrada",
    "HeaderAdvanced": "Avan\u00e7at",
    "HeaderGroupVersions": "Group Versions",
    "HeaderSaySomethingLike": "Digues alguna cosa com...",
    "ButtonTryAgain": "Intenta-ho de nou",
    "HeaderYouSaid": "Has dit...",
    "MessageWeDidntRecognizeCommand": "Ho sentim, no reconeixem aquesta comanda.",
    "MessageIfYouBlockedVoice": "If you denied voice access to the app you'll need to reconfigure before trying again.",
    "MessageNoItemsFound": "No s'han trobat \u00edtems.",
    "ButtonManageServer": "Gestionar Servidor",
    "ButtonEditSubtitles": "Edita subt\u00edtols",
    "ButtonPreferences": "Prefer\u00e8ncies",
    "ButtonViewArtist": "Veure artista",
    "ButtonViewAlbum": "Veure \u00e0lbum",
    "ButtonEditImages": "Edita imatges",
    "ErrorMessagePasswordNotMatchConfirm": "La contrasenya i la confirmaci\u00f3 de la contrasenya han de coincidir.",
    "ErrorMessageUsernameInUse": "Aquest nom d'usuari ja est\u00e0 en \u00fas. Si et plau, escull un altre nom i torna a provar.",
    "ErrorMessageEmailInUse": "The email address is already in use. Please enter a new email address and try again, or use the forgot password feature.",
    "MessageThankYouForConnectSignUp": "Thank you for signing up for Emby Connect. An email will be sent to your address with instructions on how to confirm your new account. Please confirm the account and then return here to sign in.",
    "HeaderShare": "Compartir",
    "ButtonShareHelp": "Share a web page containing media information with social media. Media files are never shared publicly.",
    "ButtonShare": "Comparteix",
    "HeaderConfirm": "Confirmar",
    "ButtonAdvancedRefresh": "Advanced Refresh",
    "MessageConfirmDeleteTunerDevice": "Are you sure you wish to delete this device?",
    "MessageConfirmDeleteGuideProvider": "Are you sure you wish to delete this guide provider?",
    "HeaderDeleteProvider": "Delete Provider",
    "HeaderAddProvider": "Add Provider",
    "ErrorAddingTunerDevice": "There was an error adding the tuner device. Please ensure it is accessible and try again.",
    "ErrorSavingTvProvider": "There was an error saving the TV provider. Please ensure it is accessible and try again.",
    "ErrorGettingTvLineups": "There was an error downloading tv lineups. Please ensure your information is correct and try again.",
    "MessageCreateAccountAt": "Create an account at {0}",
    "ErrorPleaseSelectLineup": "Please select a lineup and try again. If no lineups are available, then please check that your username, password, and postal code is correct.",
    "HeaderTryEmbyPremiere": "Try Emby Premiere",
    "ButtonBecomeSupporter": "Obtenir Emby Premiere",
    "ButtonClosePlayVideo": "Tanca i reprodueix els meus multim\u00e8dia",
    "MessageDidYouKnowCinemaMode": "Did you know that with Emby Premiere, you can enhance your experience with features like Cinema Mode?",
    "MessageDidYouKnowCinemaMode2": "Cinema Mode gives you the true cinema experience with trailers and custom intros before the main feature.",
    "OptionEnableDisplayMirroring": "Enable display mirroring",
    "HeaderSyncRequiresSupporterMembership": "Sync requires an active Emby Premiere subscription.",
    "HeaderSyncRequiresSupporterMembershipAppVersion": "Sync requires connecting to an Emby Server with an active Emby Premiere subscription.",
    "ErrorValidatingSupporterInfo": "There was an error validating your Emby Premiere information. Please try again later.",
    "HeaderSync": "Sync",
    "LabelLocalSyncStatusValue": "Status: {0}",
    "MessageSyncStarted": "Sync started",
    "OptionPoster": "Poster",
    "OptionPosterCard": "Poster card",
    "OptionTimeline": "Timeline",
    "OptionList": "List",
    "OptionThumb": "Thumb",
    "OptionThumbCard": "Thumb card",
    "OptionBanner": "Banner",
    "NoSlideshowContentFound": "No slideshow images were found.",
    "OptionPhotoSlideshow": "Presentaci\u00f3 de diapositives",
    "OptionBackdropSlideshow": "Backdrop slideshow",
    "HeaderTopPlugins": "Top Plugins",
    "ButtonRecord": "Record",
    "ButtonOther": "Altres",
    "HeaderSortBy": "Ordena per:",
    "HeaderSortOrder": "Ordre de Classificaci\u00f3:",
    "OptionAscending": "Ascendent",
    "OptionDescending": "Descendent",
    "OptionNameSort": "Nom",
    "OptionTvdbRating": "Valoraci\u00f3 TVDB",
    "OptionPremiereDate": "Premiere Date",
    "OptionImdbRating": "Qualificaci\u00f3 IMDb",
    "OptionDatePlayed": "Data de Reproducci\u00f3",
    "OptionDateAdded": "Data afegida",
    "OptionPlayCount": "Nombre de Reproduccions",
    "ButtonDisconnect": "Desconnecta",
    "OptionAlbumArtist": "Album Artist",
    "OptionArtist": "Artista",
    "OptionAlbum": "\u00c0lbum",
    "OptionTrackName": "Track Name",
    "OptionCommunityRating": "Valoraci\u00f3 de la Comunitat",
    "ButtonSort": "Ordena",
    "ButtonMenu": "Men\u00fa",
    "OptionDefaultSort": "Per defecte",
    "ButtonFilter": "Filtrar",
    "OptionCriticRating": "Valoraci\u00f3 dels Cr\u00edtics",
    "OptionVideoBitrate": "Bitrate del V\u00eddeo",
    "OptionMetascore": "Metascore",
    "OptionRevenue": "Ingressos",
    "OptionBudget": "Pressupost",
    "ForAdditionalLiveTvOptions": "For additional Live TV providers, click on the External Services tab to see the available options.",
    "ButtonGuide": "Guia",
    "ButtonRecordedTv": "Recorded TV",
    "HeaderDisconnectFromPlayer": "Desconnectar del Reproductor",
    "ConfirmEndPlayerSession": "Vols apagar l'emby al dispositiu?",
    "ButtonYes": "S\u00ed",
    "ButtonNo": "No",
    "ButtonRestorePreviousPurchase": "Restaurar la compra",
    "AlreadyPaid": "Already Paid?",
    "AlreadyPaidHelp1": "If you already paid to install an older version of Media Browser for Android, you don't need to pay again in order to activate this app. Send us an email at {0} and we'll get it activated for you.",
    "AlreadyPaidHelp2": "Got Emby Premiere? Just cancel this dialog, sign into the app from within your home WIFI network, and it will be unlocked automatically.",
    "ButtonForYou": "Per a tu",
    "ButtonLibrary": "Biblioteca",
    "ButtonSearch": "Cercar",
    "ButtonNowPlaying": "Reprodu\u00efnt",
    "ButtonViewNewApp": "View new app",
    "HeaderEmbyForAndroidHasMoved": "L'Emby per Android s'ha mogut!",
    "MessageEmbyForAndroidHasMoved": "Emby for Android has moved to a new home in the app store. Please consider checking out the new app. You may continue to use this app for as long as you wish.",
    "HeaderNextUp": "A Continuaci\u00f3",
    "HeaderLatestMovies": "\u00daltimes pel\u00b7l\u00edcules",
    "HeaderLatestEpisodes": "\u00daltims episodis",
    "EmbyPremiereMonthly": "Emby Premiere Monthly",
    "EmbyPremiereMonthlyWithPrice": "Emby Premiere Monthly {0}",
    "HeaderEmailAddress": "Correu electr\u00f2nic",
    "TextPleaseEnterYourEmailAddressForSubscription": "Introdu\u00efu la vostra adre\u00e7a de correu electr\u00f2nic",
    "LoginDisclaimer": "Emby is designed to help you manage your personal media library, such as home videos and photos. Please see our terms of use. The use of any Emby software constitutes acceptance of these terms.",
    "TermsOfUse": "Condicions d'\u00fas",
    "HeaderTryMultiSelect": "Try Multi-Select",
    "TryMultiSelectMessage": "Per editar m\u00faltiples mitjans multim\u00e8dia simplement fes clic i mantingues premut sobre qualsevol cartell i despr\u00e9s selecciona els \u00edtems que vulguis gestionar. Prova-ho!",
    "NumLocationsValue": "{0} directoris",
    "ButtonAddMediaLibrary": "Afegir Biblioteca Multim\u00e8dia",
    "ButtonManageFolders": "Gestiona directoris",
    "HeaderTryDragAndDrop": "Tracta d'arrossegar i deixar anar",
    "TryDragAndDropMessage": "To re-arrange playlist items, just drag and drop. Try it!",
    "HeaderTryMicrosoftEdge": "Prova Microsoft Edge",
    "MessageTryMicrosoftEdge": "Per una millor experi\u00e8ncia a Windows 10, prova el nou Microsoft Edge Browser",
    "HeaderTryModernBrowser": "Try a Modern Web Browser",
    "MessageTryModernBrowser": "For a better experience on Windows, try a modern web browser such as Google Chrome, Firefox, or Opera.",
    "ErrorAddingListingsToSchedulesDirect": "There was an error adding the lineup to your Schedules Direct account. Schedules Direct only allows a limited number of lineups per account. You may need to log into the Schedules Direct website and remove others listings from your account before proceeeding.",
    "PleaseAddAtLeastOneFolder": "Please add at least one folder to this library by clicking the Add button.",
    "ErrorAddingMediaPathToVirtualFolder": "There was an error adding the media path. Please ensure the path is valid and the Emby Server process has access to that location.",
    "ErrorRemovingEmbyConnectAccount": "There was an error removing the Emby Connect account. Please ensure you have an active internet connection and try again.",
    "ErrorAddingEmbyConnectAccount1": "There was an error adding the Emby Connect account. Have you created an Emby account? Sign up at {0}.",
    "ErrorAddingEmbyConnectAccount2": "Please ensure the Emby account has been activated by following the instructions in the email sent after creating the account. If you did not receive this email then please send an email to {0} from the email address used with the Emby account.",
    "HeaderFavoriteArtists": "Artistes preferits",
    "HeaderFavoriteSongs": "Can\u00e7ons Preferides",
    "HeaderConfirmPluginInstallation": "Confirm Plugin Installation",
    "PleaseConfirmPluginInstallation": "Please click OK to confirm you've read the above and wish to proceed with the plugin installation.",
    "MessagePluginInstallDisclaimer": "Plugins built by Emby community members are a great way to enhance your Emby experience with additional features and benefits. Before installing, please be aware of the effects they may have on your Emby Server, such as longer library scans, additional background processing, and decreased system stability.",
    "ButtonPlayOneMinute": "Play one minute",
    "ThankYouForTryingEnjoyOneMinute": "Please enjoy one minute of playback. Thank you for trying Emby.",
    "HeaderTryPlayback": "Try Playback",
    "HeaderBenefitsEmbyPremiere": "Benefits of Emby Premiere",
    "MobileSyncFeatureDescription": "Sync your media to your smart phones and tablets for easy offline access.",
    "CoverArtFeatureDescription": "Cover Art creates fun covers and other treatments to help you personalize your media images.",
    "HeaderMobileSync": "Mobile Sync",
    "HeaderCloudSync": "Cloud Sync",
    "CloudSyncFeatureDescription": "Sync your media to the cloud for easy backup, archiving, and converting.",
    "HeaderFreeApps": "Apps d'Emby gratu\u00eftes.",
    "FreeAppsFeatureDescription": "Enjoy free access to select Emby apps for your devices.",
    "HeaderCinemaMode": "Mode Cinema",
    "CinemaModeFeatureDescription": "El Mode Cinema li d\u00f3na la veritable experi\u00e8ncia de cinema amb tr\u00e0ilers i intros perzonalitzats abans de la funci\u00f3.",
    "CoverArt": "Cover Art",
    "ButtonOff": "Off"
}