{
    "LabelFromHelp": "Example: {0} (on the server)",
    "SettingsSaved": "Settaggi salvati.",
    "AddUser": "Aggiungi utente",
    "Users": "Utenti",
    "Delete": "Elimina",
    "Administrator": "Amministratore",
    "Password": "Password",
    "DeleteImage": "Elimina immagine",
    "MessageThankYouForSupporting": "Grazie per il tuo sostegno a Emby.",
    "MessagePleaseSupportProject": "Per favore, sostieni Emby.",
    "DeleteImageConfirmation": "Sei sicuro di voler eliminare questa immagine?",
    "FileReadCancelled": "Il file letto \u00e8 stato cancellato.",
    "FileNotFound": "File non trovato",
    "FileReadError": "Errore durante la lettura del file.",
    "DeleteUser": "Elimina utente",
    "DeleteUserConfirmation": "Sei sicuro di voler eliminare questo utente",
    "PasswordResetHeader": "Ripristina Password",
    "PasswordResetComplete": "la password \u00e8 stata ripristinata.",
    "PinCodeResetComplete": "Il codice PIN \u00e8 stato resettato",
    "PasswordResetConfirmation": "Sei sicuro di voler ripristinare la password?",
    "PinCodeResetConfirmation": "Sei sicuro di voler resettare il codice PIN?",
    "HeaderPinCodeReset": "Resetta il codice PIN",
    "PasswordSaved": "Password salvata.",
    "PasswordMatchError": "Le password non coincidono.",
    "OptionRelease": "Versione Ufficiale",
    "OptionBeta": "Beta",
    "OptionDev": "Dev (instabile)",
    "UninstallPluginHeader": "Disinstalla Plugin",
    "UninstallPluginConfirmation": "Sei sicuro di voler Disinstallare {0}?",
    "NoPluginConfigurationMessage": "Questo Plugin non \u00e8 stato configurato.",
    "NoPluginsInstalledMessage": "Non ci sono Plugins installati.",
    "BrowsePluginCatalogMessage": "Sfoglia il catalogo dei Plugins.",
    "MessageKeyEmailedTo": "Chiave inviata all'email {0}.",
    "MessageKeysLinked": "Chiave Collegata.",
    "HeaderConfirmation": "Conferma",
    "MessageKeyUpdated": "Grazie. La tua chiave Emby Premiere \u00e8 stata aggiornata.",
    "MessageKeyRemoved": "Grazie. La tua chiave Emby Premiere \u00e8 stata rimossa.",
    "HeaderSupportTheTeam": "Supporta il Team di Emby",
    "TextEnjoyBonusFeatures": "Goditi le caratteristiche aggiuntive",
    "TitleLiveTV": "Tv in diretta",
    "ButtonCancelSyncJob": "Canc. Sincronizzazione",
    "HeaderAddTag": "Aggiungi Tag",
    "LabelTag": "Tag:",
    "ButtonSelectView": "Seleziona vista",
    "TitleSync": "Sincronizza",
    "OptionAutomatic": "Automatico",
    "HeaderSelectDate": "Seleziona la data",
    "ButtonIdentify": "Identifica",
    "HeaderIdentifyItem": "Identifica elemento",
    "LabelRecurringDonationCanBeCancelledHelp": "Donazioni ricorrenti possono essere cancellati in qualsiasi momento dal tuo conto PayPal.",
    "HeaderMyMedia": "I miei media",
    "ButtonRemoveFromCollection": "Rimuovi da Collezione",
    "LabelAutomaticUpdateLevel": "Livello di aggiornamento automatico:",
    "LabelAutomaticUpdateLevelForPlugins": "Livello di aggiornamento automatico per i plugin:",
    "TitleNotifications": "Notifiche",
    "ErrorLaunchingChromecast": "Si \u00e8 verificato un errore all'avvio di chromecast. Assicurati che il tuo dispositivo sia connesso alla rete wireless.",
    "MessageErrorLoadingSupporterInfo": "C'\u00e8 stato un errore nel caricamento delle informazioni dell'Emby Premiere. Per favore riprova pi\u00f9 tardi.",
    "MessageLinkYourSupporterKey": "Collega la tua chiave Emby Premiere con {0} membri Emby Connect per godere dell'accesso gratuito alle seguenti app:",
    "HeaderConfirmRemoveUser": "Cancellazione utente",
    "MessageConfirmRemoveConnectSupporter": "Sei sicuro che vuoi rimuovere i benefici di Emby Premiere da questo utente?",
    "ValueTimeLimitSingleHour": "Tempo limite: 1 ora",
    "ValueTimeLimitMultiHour": "Tempo limite: {0} ore",
    "HeaderUsers": "Utenti",
    "PluginCategoryGeneral": "Generale",
    "PluginCategoryContentProvider": "Fornitori di contenuti",
    "PluginCategoryScreenSaver": "Salva schermo",
    "PluginCategoryTheme": "Temi",
    "PluginCategorySync": "Sincr.",
    "PluginCategorySocialIntegration": "Social Networks",
    "PluginCategoryNotifications": "Notifiche",
    "PluginCategoryMetadata": "Metadati",
    "PluginCategoryLiveTV": "TV in diretta",
    "PluginCategoryChannel": "Canali",
    "HeaderSearch": "Ricerca",
    "ValueDateCreated": "Data di creazione {0}",
    "LabelArtist": "Artista",
    "LabelMovie": "Film",
    "LabelMusicVideo": "Video Musicali",
    "LabelEpisode": "Episodio",
    "LabelSeries": "Serie",
    "LabelStopping": "Sto fermando",
    "LabelCancelled": "(cancellato)",
    "LabelFailed": "(fallito)",
    "ButtonHelp": "Aiuto",
    "ButtonSave": "Salva",
    "ButtonDownload": "Download",
    "SyncJobStatusQueued": "In Coda",
    "SyncJobStatusConverting": "Conversione",
    "SyncJobStatusFailed": "Fallito",
    "SyncJobStatusCancelled": "Cancellato",
    "SyncJobStatusCompleted": "Sinc.to",
    "SyncJobStatusReadyToTransfer": "Pronti a trasferire",
    "SyncJobStatusTransferring": "Trasferimento",
    "SyncJobStatusCompletedWithError": "Sincronizzato con errori",
    "SyncJobItemStatusReadyToTransfer": "Pronti a trasferire",
    "LabelCollection": "Collezione",
    "HeaderAddToCollection": "Aggiungi alla Collezione",
    "HeaderNewCollection": "Nuova collezione",
    "NewCollectionNameExample": "Esempio: Collezione Star wars",
    "OptionSearchForInternetMetadata": "Cerca su internet le immagini e i metadati",
    "LabelSelectCollection": "Seleziona Collezione:",
    "HeaderDevices": "Dispositivi",
    "ButtonScheduledTasks": "Operazioni Pianificate",
    "MessageItemsAdded": "Oggetti aggiunti",
    "ButtonAddToCollection": "Aggiungi alla collezione",
    "HeaderSelectCertificatePath": "Seleziona il percorso del Certificato",
    "ConfirmMessageScheduledTaskButton": "Questa operazione viene eseguito normalmente automaticamente come un'attivit\u00e0 pianificata e non richiede alcun intervento manuale. Per configurare l'operazione pianificata, vedere:",
    "HeaderSupporterBenefit": "An active Emby Premiere subscription provides additional benefits such as access to sync, premium plugins, internet channel content, and more. {0}Learn more{1}.",
    "LabelSyncNoTargetsHelp": "Sembra che al momento non avete applicazioni che supportano la sincronizzazione.",
    "HeaderWelcomeToProjectServerDashboard": "Benvenuto nel Pannello di controllo del Server Emby",
    "HeaderWelcomeToProjectWebClient": "Benvenuto in Emby",
    "ButtonTakeTheTour": "Fai una visita",
    "HeaderWelcomeBack": "Ben tornato!",
    "TitlePlugins": "Plugin",
    "ButtonTakeTheTourToSeeWhatsNew": "Fai un tour per vedere cosa \u00e8 cambiato",
    "MessageNoSyncJobsFound": "Nessuna sincronizzazione pianificata. Creane una utilizzando i pulsanti sull'interfaccia web",
    "HeaderLibraryAccess": "Accesso libreria",
    "HeaderChannelAccess": "Accesso canali",
    "HeaderDeviceAccess": "Accesso al dispositivo",
    "HeaderSelectDevices": "Seleziona periferiche",
    "ButtonCancelItem": "Cancella oggetto",
    "ButtonQueueForRetry": "In attesa di riprovare",
    "ButtonReenable": "Ri-abilita",
    "ButtonLearnMore": "saperne di pi\u00f9",
    "SyncJobItemStatusSyncedMarkForRemoval": "Selezionato per la rimozione",
    "LabelAbortedByServerShutdown": "(Interrotto dallo spegnimento del server)",
    "LabelScheduledTaskLastRan": "Ultima esecuzione  {0}, taking {1}.",
    "HeaderDeleteTaskTrigger": "Elimina Operazione pianificata",
    "HeaderTaskTriggers": "Operazione Pianificata",
    "MessageDeleteTaskTrigger": "Sei sicuro di voler cancellare questo evento?",
    "MessageNoPluginsInstalled": "Non hai plugin installati",
    "LabelVersionInstalled": "{0} installato",
    "LabelNumberReviews": "{0} Recensioni",
    "LabelFree": "Gratis",
    "HeaderPlaybackError": "Errore di riproduzione",
    "MessagePlaybackErrorNotAllowed": "Al momento non sei autorizzato a riprodurre questo contenuto. Per favore contatta l'amministratore del sistema per ulteriori dettagli",
    "MessagePlaybackErrorNoCompatibleStream": "Nessuna trasmissione compatibile \u00e8 al momento disponibile. Per favore riprova in seguito o contatta il tuo Amministratore di sistema per chiarimenti",
    "MessagePlaybackErrorRateLimitExceeded": "La tua quota di riproduzione \u00e8 stata raggiunta. Per favore contatta l'amministratore del sistema per ulteriori dettagli",
    "MessagePlaybackErrorPlaceHolder": "Il contenuto scelto non pu\u00f2 essere riprodotto su questo dispositivo",
    "HeaderSelectAudio": "Seleziona audio",
    "HeaderSelectSubtitles": "Seleziona sottotitoli",
    "ButtonMarkForRemoval": "Rimuovi dal dispositivo",
    "ButtonUnmarkForRemoval": "Annulla rimozione dal dispositivo",
    "LabelDefaultStream": "(Predefinito)",
    "LabelForcedStream": "(forzato)",
    "LabelDefaultForcedStream": "(Predefinito\/Forzato)",
    "LabelUnknownLanguage": "Lingua Sconosciuta",
    "MessageConfirmSyncJobItemCancellation": "Sei sicuro di voler cancellare questo elemento?",
    "ButtonMute": "Muto",
    "ButtonUnmute": "Togli muto",
    "ButtonStop": "Stop",
    "ButtonNextTrack": "Traccia successiva",
    "ButtonPause": "Pausa",
    "ButtonPlay": "Riproduci",
    "ButtonEdit": "Modifica",
    "ButtonQueue": "In coda",
    "ButtonPlayTrailer": "Visualizza Trailer",
    "ButtonPlaylist": "Playlist",
    "ButtonPreviousTrack": "Traccia precedente",
    "LabelEnabled": "Abilitato",
    "LabelDisabled": "Disabilitato",
    "ButtonMoreInformation": "Maggiori informazioni",
    "LabelNoUnreadNotifications": "Nessuna notifica non letta",
    "ButtonViewNotifications": "Vedi notifiche",
    "ButtonMarkTheseRead": "Segna come lette",
    "ButtonClose": "Chiudi",
    "LabelAllPlaysSentToPlayer": "Tutti i play saranno inviati al riproduttore selezionato.",
    "MessageInvalidUser": "Utente o password errato. Riprova",
    "HeaderLoginFailure": "Errore di accesso",
    "HeaderAllRecordings": "Tutte le registrazioni",
    "RecommendationBecauseYouLike": "Perch\u00e9 ti piace {0}",
    "RecommendationBecauseYouWatched": "Perch\u00e9 hai visto {0}",
    "RecommendationDirectedBy": "Diretto da {0}",
    "RecommendationStarring": "Protagonisti {0}",
    "HeaderConfirmRecordingCancellation": "Conferma eliminazione registrazione",
    "MessageConfirmRecordingCancellation": "Sei sicuro di voler cancellare questa registrazione?",
    "MessageRecordingCancelled": "Registrazione eliminata.",
    "MessageRecordingScheduled": "Recording scheduled.",
    "HeaderConfirmSeriesCancellation": "Conferma cancellazione serie",
    "MessageConfirmSeriesCancellation": "Sei sicuro di voler cancellare questa serie?",
    "MessageSeriesCancelled": "Serie cancellata",
    "HeaderConfirmRecordingDeletion": "Conferma cancellazione registrazione",
    "MessageConfirmRecordingDeletion": "Sei sicuro di voler cancellare questa registrazione?",
    "MessageRecordingDeleted": "Registrazione eliminata",
    "ButonCancelRecording": "Cancellazione registrazione",
    "MessageRecordingSaved": "Salvataggio registrazione",
    "OptionSunday": "Domenica",
    "OptionMonday": "Luned\u00ec",
    "OptionTuesday": "Marted\u00ec",
    "OptionWednesday": "Mercoled\u00ec",
    "OptionThursday": "Gioved\u00ec",
    "OptionFriday": "Venerd\u00ec",
    "OptionSaturday": "Sabato",
    "OptionEveryday": "Tutti i giorni",
    "OptionWeekend": "weekend",
    "OptionWeekday": "Giorni feriali",
    "HeaderConfirmDeletion": "Conferma Cancellazione",
    "MessageConfirmPathSubstitutionDeletion": "Sei sicuro di voler cancellare questa sostituzione percorso?",
    "LiveTvUpdateAvailable": "(Aggiornamento disponibile)",
    "LabelVersionUpToDate": "Aggiornato!",
    "ButtonResetTuner": "Riavvia scheda TV",
    "HeaderResetTuner": "Riavvia Scheda TV",
    "MessageConfirmResetTuner": "Sei sicuro di voler ripristinare questo sintonizzatore? Tutti i riproduttori attivi o registrazioni saranno bruscamente fermati.",
    "ButtonCancelSeries": "Serie cancellate",
    "HeaderSeriesRecordings": "Serie registrate",
    "LabelAnytime": "Qualsiasi ora",
    "StatusRecording": "Registrazione",
    "StatusWatching": "Sto guardando",
    "StatusRecordingProgram": "Registrando {0}",
    "StatusWatchingProgram": "Guardando {0}",
    "HeaderSplitMedia": "Dividi Media",
    "MessageConfirmSplitMedia": "Sei sicuro di voler dividere le fonti dei media in voci separate?",
    "HeaderError": "Errore",
    "MessageChromecastConnectionError": "Il tuo ricevitore Chromecast non \u00e8 in grado di collegarsi al tuo Server Emby. Si prega di verificare la connessione e provare di nuovo",
    "MessagePleaseSelectOneItem": "Si prega di selezionare almeno un elemento.",
    "MessagePleaseSelectTwoItems": "Seleziona almeno due elementi.",
    "MessageTheSelectedItemsWillBeGrouped": "I video selezionati verranno raggruppati in un unico elemento virtuale. Le app di Emby sceglieranno automaticamente quale versione riprodurre in base al dispositivo e alle prestazioni di rete. Sei sicuro di voler continuare?",
    "HeaderResume": "Riprendi",
    "HeaderMyViews": "Mie viste",
    "HeaderLibraryFolders": "Cartelle dei mediati",
    "HeaderLatestMedia": "Ultimi Media",
    "ButtonMoreItems": "Pi\u00f9...",
    "ButtonMore": "Dettagli",
    "HeaderFavoriteMovies": "Film preferiti",
    "HeaderFavoriteShows": "Show preferiti",
    "HeaderFavoriteEpisodes": "Episodi preferiti",
    "HeaderFavoriteGames": "Giochi preferiti",
    "HeaderRatingsDownloads": "Voti \/ Download",
    "HeaderConfirmProfileDeletion": "Conferma eliminazione profilo",
    "MessageConfirmProfileDeletion": "Sei sicuro di voler cancellare questo profilo?",
    "HeaderSelectServerCachePath": "Seleziona percorso Cache Server",
    "HeaderSelectTranscodingPath": "Selezionare Percorso Temporaneo Transcodifica",
    "HeaderSelectImagesByNamePath": "Selezionare Percorso Immagini Per Nome",
    "HeaderSelectMetadataPath": "Selezionare Percorso Metadati",
    "HeaderSelectServerCachePathHelp": "Sfoglia o immetti il percorso da utilizzare per i file di cache server. La cartella deve essere scrivibile",
    "HeaderSelectTranscodingPathHelp": "Sfoglia o immettere il percorso da utilizzare per la transcodifica dei file temporanei. La cartella deve essere scrivibile.",
    "HeaderSelectImagesByNamePathHelp": "Sfoglia oppure immettere il percorso per i vostri oggetti per nome cartella. La cartella deve essere scrivibile.",
    "HeaderSelectMetadataPathHelp": "Sfoglia o inserire il percorso in cui vuoi archiviare i metadati. La cartella deve essere scrivibile.",
    "HeaderSelectChannelDownloadPath": "Selezionare il percorso di download del Canale",
    "HeaderSelectChannelDownloadPathHelp": "Sfoglia o immettere il percorso da utilizzare per memorizzare i file di cache del canale. La cartella deve essere scrivibile.",
    "OptionNewCollection": "Nuovo...",
    "ButtonAdd": "Aggiungi",
    "ButtonRemove": "Rimuovi",
    "LabelChapterDownloaders": "Downloader capitoli:",
    "LabelChapterDownloadersHelp": "Abilitare e classificare le downloader capitoli preferiti in ordine di priorit\u00e0. I Downloader con priorit\u00e0 pi\u00f9 bassa saranno utilizzati solo per compilare le informazioni mancanti.",
    "HeaderFavoriteAlbums": "Album preferiti",
    "HeaderLatestChannelMedia": "Ultimi elementi aggiunti",
    "ButtonOrganizeFile": "Organizza file",
    "ButtonDeleteFile": "Elimina file",
    "HeaderOrganizeFile": "Organizza file",
    "HeaderDeleteFile": "Elimina file",
    "StatusSkipped": "Salta",
    "StatusFailed": "Fallito",
    "StatusSuccess": "Successo",
    "MessageFileWillBeDeleted": "Questo file sar\u00e0 eliminato:",
    "MessageSureYouWishToProceed": "Sei sicuro ,Procedo?",
    "MessageDuplicatesWillBeDeleted": "Inoltre saranno cancellati i seguenti duplicati:",
    "MessageFollowingFileWillBeMovedFrom": "Il seguente file verr\u00e0 spostato da:",
    "MessageDestinationTo": "A:",
    "HeaderSelectWatchFolder": "Seleziona Cartella",
    "HeaderSelectWatchFolderHelp": "Sfoglia o inserire il percorso della cartella controllata. La cartella deve essere scrivibile.",
    "OrganizePatternResult": "Risultati: {0}",
    "AutoOrganizeError": "Errore Organizzazione File",
    "ErrorOrganizingFileWithErrorCode": "C'\u00e8 stato un errore nell'organizzare il file. Codice errore {0} .",
    "HeaderRestart": "Riavvia",
    "HeaderShutdown": "Spegni",
    "MessageConfirmRestart": "Sei sicuro di voler riavviare il Server Emby?",
    "MessageConfirmShutdown": "Sei sicuro di voler spegnere il Server Emby?",
    "ButtonUpdateNow": "Aggiorna Adesso",
    "ValueItemCount": "{0} elemento",
    "ValueItemCountPlural": "{0} elementi",
    "NewVersionOfSomethingAvailable": "Una nuova versione di {0} \u00e8 disponibile!",
    "VersionXIsAvailableForDownload": "Versione {0} \u00e8 ora disponibile per il download.",
    "LabelVersionNumber": "Versione {0}",
    "LabelPlayMethodTranscoding": "Trascodifica",
    "LabelPlayMethodDirectStream": "Streaming Diretto",
    "LabelPlayMethodDirectPlay": "Riproduzione Diretta",
    "LabelAudioCodec": "Audio: {0}",
    "LabelVideoCodec": "Video: {0}",
    "LabelLocalAccessUrl": "Accesso locale {0}",
    "LabelRemoteAccessUrl": "Accesso remoto: {0}",
    "LabelRunningOnPort": "In esecuzione sulla porta HTTP {0}.",
    "LabelRunningOnPorts": "In esecuzione sulla porta HTTP {0}, e porta HTTPS {1}",
    "HeaderLatestFromChannel": "Ultime da {0}",
    "LabelUnknownLanaguage": "lingua sconosciuta",
    "HeaderCurrentSubtitles": "Sottotitoli correnti",
    "MessageDownloadQueued": "Il download \u00e8 stato accodato.",
    "MessageAreYouSureDeleteSubtitles": "Sei sicuro di voler cancellare questo file dei sottotitoli?",
    "ButtonRemoteControl": "Telecomando",
    "HeaderLatestTvRecordings": "Ultime registrazioni",
    "ButtonOk": "OK",
    "ButtonCancel": "Annulla",
    "ButtonRefresh": "Aggiorna",
    "LabelCurrentPath": "Percorso Corrente:",
    "HeaderSelectMediaPath": "Seleziona il percorso",
    "HeaderSelectPath": "Seleziona Percorso",
    "ButtonNetwork": "Rete",
    "MessageDirectoryPickerInstruction": "Percorsi di rete possono essere inseriti manualmente nel caso in cui il pulsante Rete non riesce a individuare i vostri dispositivi. Ad esempio, {0} o {1}",
    "MessageDirectoryPickerBSDInstruction": "Per BSD, potrebbe essere necessario per configurare le unit\u00e0 all'interno della vostra prigione FreeNAS al fine di permettere ricamato accedervi.",
    "MessageDirectoryPickerLinuxInstruction": "Per Linux, devi garantire all'utente di sistema Emby almeno l'accesso in lettura ai tuoi percorsi di archiviazione.",
    "HeaderMenu": "Menu",
    "ButtonOpen": "Apri",
    "ButtonOpenInNewTab": "Apri in una nuova finestra",
    "ButtonShuffle": "A caso",
    "ButtonInstantMix": "Mix istantaneo",
    "ButtonResume": "Riprendi",
    "HeaderScenes": "Scene",
    "HeaderAudioTracks": "Tracce audio",
    "HeaderLibraries": "Librerie",
    "HeaderSubtitles": "Sottotitoli",
    "HeaderVideoQuality": "Qualit\u00e0 video",
    "MessageErrorPlayingVideo": "Si \u00e8 verificato un errore nella riproduzione del video.",
    "MessageEnsureOpenTuner": "Si prega di assicurarsi che ci sia un sintonizzatore disponibile.",
    "ButtonHome": "Home",
    "ButtonDashboard": "Pannello",
    "ButtonReports": "Reports",
    "ButtonMetadataManager": "Manager Metadati",
    "HeaderTime": "Tempo",
    "HeaderName": "Nome",
    "HeaderAlbum": "Album",
    "HeaderAlbumArtist": "Artista Album",
    "HeaderArtist": "Artista",
    "LabelAddedOnDate": "Aggiunto {0}",
    "ButtonStart": "Avvio",
    "HeaderChannels": "Canali",
    "HeaderMediaFolders": "Cartelle dei media",
    "HeaderBlockItemsWithNoRating": "Bloccare i contenuti senza valutazione:",
    "OptionBlockOthers": "Altri",
    "OptionBlockTvShows": "Serie TV",
    "OptionBlockTrailers": "Trailer",
    "OptionBlockMusic": "Musica",
    "OptionBlockMovies": "Film",
    "OptionBlockBooks": "Libri",
    "OptionBlockGames": "Giochi",
    "OptionBlockLiveTvPrograms": "Programmi TV in onda",
    "OptionBlockLiveTvChannels": "Canali TV in onda",
    "OptionBlockChannelContent": "Contenuto di Canali Internet",
    "ButtonRevoke": "Revocare",
    "MessageConfirmRevokeApiKey": "Sei sicuro di voler revocare questa chiave api? La connessione dell'applicazione al Server Emby terminer\u00e0 immediatamente",
    "HeaderConfirmRevokeApiKey": "Revocare Chiave Api",
    "ValueContainer": "Contenitore: {0}",
    "ValueAudioCodec": "Audio Codec: {0}",
    "ValueVideoCodec": "Video Codec: {0}",
    "ValueCodec": "Codec: {0}",
    "ValueConditions": "Condizioni: {0}",
    "LabelAll": "Tutti",
    "HeaderDeleteImage": "Cancella Immagine",
    "MessageFileNotFound": "File non trovato.",
    "MessageFileReadError": "Errore leggendo questo file",
    "ButtonNextPage": "Prossima pagina",
    "ButtonPreviousPage": "Pagina precedente",
    "ButtonMoveLeft": "Muovi a sinistra",
    "ButtonMoveRight": "Muovi a destra",
    "ButtonBrowseOnlineImages": "Sfoglia le immagini Online",
    "HeaderDeleteItem": "Elimina elemento",
    "ConfirmDeleteItem": "L'eliminazione di questo articolo sar\u00e0 eliminarlo sia dal file system e la vostra libreria multimediale. Sei sicuro di voler continuare?",
    "MessagePleaseEnterNameOrId": "Inserisci il nome o id esterno.",
    "MessageValueNotCorrect": "Il valore inserito non \u00e8 corretto.Riprova di nuovo.",
    "MessageItemSaved": "Elemento salvato.",
    "MessagePleaseAcceptTermsOfServiceBeforeContinuing": "Per favore accetta i termini di servizio prima di continuare.",
    "OptionEnded": "Finito",
    "OptionContinuing": "In corso",
    "OptionOff": "Off",
    "OptionOn": "On",
    "ButtonSettings": "Impostazioni",
    "ButtonUninstall": "Disinstalla",
    "HeaderEnabledFields": "campi abilitati",
    "HeaderEnabledFieldsHelp": "Deselezionare un campo per bloccarlo e impedirgli di dati venga modificata.",
    "HeaderLiveTV": "Tv in diretta",
    "MissingLocalTrailer": "Trailer locali mancanti",
    "MissingPrimaryImage": "Immagini principali locali mancanti",
    "MissingBackdropImage": "Sfondi mancanti",
    "MissingLogoImage": "Loghi mancanti",
    "MissingEpisode": "Episodi mancanti",
    "OptionScreenshots": "Screenshots",
    "OptionBackdrops": "Sfondi",
    "OptionImages": "Immagini",
    "OptionKeywords": "Parole",
    "OptionTags": "Tags",
    "OptionStudios": "Studios",
    "OptionName": "Nome",
    "OptionOverview": "Panoramica",
    "OptionGenres": "Generi",
    "OptionParentalRating": "Voto Genitori",
    "OptionPeople": "Persone",
    "OptionRuntime": "Durata",
    "OptionProductionLocations": "Sedi di produzione",
    "OptionBirthLocation": "Nascita Posizione",
    "LabelAllChannels": "Tutti i canali",
    "LabelLiveProgram": "LIVE",
    "LabelNewProgram": "Nuovo",
    "LabelPremiereProgram": "PREMIERE",
    "LabelHDProgram": "HD",
    "HeaderChangeFolderType": "Cambia il tipo di contenuto",
    "HeaderChangeFolderTypeHelp": "Per modificare il tipo, rimuovere e ricostruire la raccolta con il nuovo tipo.",
    "HeaderAlert": "Avviso",
    "MessagePleaseRestart": "Si prega di riavviare per completare l'aggiornamento.",
    "ButtonRestart": "Riavvia",
    "MessagePleaseRefreshPage": "Please refresh this page to receive new updates from Emby Server.",
    "ButtonHide": "Nascondi",
    "MessageSettingsSaved": "Settaggi salvati.",
    "ButtonSignOut": "Esci",
    "ButtonMyProfile": "Mio Profilo",
    "ButtonMyPreferences": "Mie preferenze",
    "MessageBrowserDoesNotSupportWebSockets": "Questo browser non supporta i socket web. Per una migliore esperienza, provare un browser pi\u00f9 recente come Chrome, Firefox, IE10 +, Safari (iOS) o Opera.",
    "LabelInstallingPackage": "Installazione di {0}",
    "LabelPackageInstallCompleted": "{0} completamento dell'installazione.",
    "LabelPackageInstallFailed": "{0} installazione non \u00e8 riuscita.",
    "LabelPackageInstallCancelled": "{0} installazione annullata.",
    "TabServer": "Server",
    "TabUsers": "Utenti",
    "TabLibrary": "Librerie",
    "TabMetadata": "Metadati",
    "TabDLNA": "DLNA",
    "TabLiveTV": "Tv indiretta",
    "TabAutoOrganize": "Organizza Autom.",
    "TabPlugins": "Plugins",
    "TabAdvanced": "Avanzato",
    "TabHelp": "Aiuto",
    "TabScheduledTasks": "Operazioni pianificate",
    "ButtonFullscreen": "Tutto schermo",
    "ButtonAudioTracks": "Tracce audio",
    "ButtonSubtitles": "Sottotitoli",
    "ButtonScenes": "Scene",
    "ButtonQuality": "Qualit\u00e0",
    "HeaderNotifications": "Notifiche",
    "HeaderSelectPlayer": "Utente selezionato :",
    "ButtonSelect": "Seleziona",
    "ButtonNew": "Nuovo",
    "MessageInternetExplorerWebm": "Se utilizzi internet  Explorer installa WebM plugin",
    "HeaderVideoError": "Video Errore",
    "ButtonAddToPlaylist": "Aggiungi alla playlist",
    "HeaderAddToPlaylist": "Aggiungi alla playlist",
    "LabelName": "Nome:",
    "ButtonSubmit": "Invia",
    "LabelSelectPlaylist": "Playlist:",
    "OptionNewPlaylist": "Nuova  playlist...",
    "MessageAddedToPlaylistSuccess": "Ok",
    "ButtonView": "Vista",
    "ButtonViewSeriesRecording": "Vista delle serie in registrazione",
    "ValueOriginalAirDate": "Prima messa in onda (originale): {0}",
    "ButtonRemoveFromPlaylist": "Rimuovi dalla playlist",
    "HeaderSpecials": "Speciali",
    "HeaderTrailers": "Trailers",
    "HeaderAudio": "Audio",
    "HeaderResolution": "Risoluzione",
    "HeaderVideo": "Video",
    "HeaderRuntime": "Durata",
    "HeaderCommunityRating": "Voto Comunit\u00e0",
    "HeaderPasswordReset": "Reset della Password",
    "HeaderParentalRating": "Valutazione parentale",
    "HeaderReleaseDate": "Data Rilascio",
    "HeaderDateAdded": "Data aggiunta",
    "HeaderSeries": "Series",
    "HeaderSeason": "Stagione",
    "HeaderSeasonNumber": "Stagione Numero",
    "HeaderNetwork": "Rete",
    "HeaderYear": "Anno",
    "HeaderGameSystem": "Gioco Sistema",
    "HeaderPlayers": "Giocatori",
    "HeaderEmbeddedImage": "Immagine incorporata",
    "HeaderTrack": "Traccia",
    "HeaderDisc": "Disco",
    "OptionMovies": "Film",
    "OptionCollections": "Collezioni",
    "OptionSeries": "Serie",
    "OptionSeasons": "Stagioni",
    "OptionEpisodes": "Episodi",
    "OptionGames": "Giochi",
    "OptionGameSystems": "Configurazione gioco",
    "OptionMusicArtists": "Artisti",
    "OptionMusicAlbums": "Album",
    "OptionMusicVideos": "Video",
    "OptionSongs": "Canzoni",
    "OptionHomeVideos": "Video personali",
    "OptionBooks": "Libri",
    "OptionAdultVideos": "Video per adulti",
    "ButtonUp": "Su",
    "ButtonDown": "Giu",
    "LabelMetadataReaders": "Lettori Metadati:",
    "LabelMetadataReadersHelp": "Classificare le origini metadati locali preferite in ordine di priorit\u00e0. Il primo file trovato verr\u00e0 letto.",
    "LabelMetadataDownloaders": "Metadata downloaders:",
    "LabelMetadataDownloadersHelp": "Abilitare e classificare i tuoi downloader metadati preferite in ordine di priorit\u00e0. Downloader di priorit\u00e0 inferiori saranno utilizzati solo per riempire le informazioni mancanti.",
    "LabelMetadataSavers": "Metadata savers:",
    "LabelMetadataSaversHelp": "Scegliere i formati di file per salvare i metadati",
    "LabelImageFetchers": "Immagini compatibili:",
    "LabelImageFetchersHelp": "Abilitare e classificare i tuoi Fetchers immagini preferite in ordine di priorit\u00e0.",
    "ButtonQueueAllFromHere": "Coda tutto da qui",
    "ButtonPlayAllFromHere": "play tutto da qui",
    "LabelDynamicExternalId": "{0} Id:",
    "HeaderIdentify": "Identificare Elemento",
    "PersonTypePerson": "Persona",
    "LabelTitleDisplayOrder": "Titolo mostrato in ordine:",
    "OptionSortName": "Nome ordinato",
    "OptionReleaseDate": "data di rilascio",
    "LabelSeasonNumber": "Stagione N\u00b0:",
    "LabelDiscNumber": "Disco numero",
    "LabelParentNumber": "Numero superiore",
    "LabelEpisodeNumber": "Episodio N\u00b0:",
    "LabelTrackNumber": "Traccia numero:",
    "LabelNumber": "Numero:",
    "LabelReleaseDate": "Data di rilascio:",
    "LabelEndDate": "Fine data:",
    "LabelYear": "Anno:",
    "LabelDateOfBirth": "Data nascita:",
    "LabelBirthYear": "Anno nascita:",
    "LabelBirthDate": "Data nascita:",
    "LabelDeathDate": "Anno morte:",
    "HeaderRemoveMediaLocation": "Rimuovi percorso media",
    "MessageConfirmRemoveMediaLocation": "Sei sicuro di voler rimuovere questa posizione?",
    "HeaderRenameMediaFolder": "Rinomina cartella",
    "LabelNewName": "Nuovo nome:",
    "HeaderAddMediaFolder": "Aggiungi cartella",
    "HeaderAddMediaFolderHelp": "Nome (film,musica,tv etc ):",
    "HeaderRemoveMediaFolder": "Rimuovi cartella",
    "MessageTheFollowingLocationWillBeRemovedFromLibrary": "I seguenti percorsi multimediali saranno rimossi dalla libreria:",
    "MessageAreYouSureYouWishToRemoveMediaFolder": "Sei sicuro di voler rimuovere questa posizione?",
    "ButtonRename": "Rinomina",
    "ButtonChangeContentType": "Cambia tipo del contenuto",
    "HeaderMediaLocations": "Posizioni Media",
    "LabelContentTypeValue": "Tipo di contenuto {0}",
    "LabelPathSubstitutionHelp": "Opzionale: cambio Path pu\u00f2 mappare i percorsi del server a condivisioni di rete che i clienti possono accedere per la riproduzione diretta.",
    "FolderTypeUnset": "Disinserito (contenuto misto)",
    "FolderTypeMovies": "Film",
    "FolderTypeMusic": "Musica",
    "FolderTypeAdultVideos": "Video per adulti",
    "FolderTypePhotos": "Foto",
    "FolderTypeMusicVideos": "Video musicali",
    "FolderTypeHomeVideos": "Video personali",
    "FolderTypeGames": "Giochi",
    "FolderTypeBooks": "Libri",
    "FolderTypeTvShows": "Tv",
    "TabMovies": "Film",
    "TabSeries": "Serie TV",
    "TabEpisodes": "Episodi",
    "TabTrailers": "Trailer",
    "TabGames": "Giochi",
    "TabAlbums": "Album",
    "TabSongs": "Canzoni",
    "TabMusicVideos": "Video Musicali",
    "BirthPlaceValue": "Luogo di nascita: {0}",
    "DeathDateValue": "Morto: {0}",
    "BirthDateValue": "Nato: {0}",
    "HeaderLatestReviews": "Ultime recensioni",
    "HeaderPluginInstallation": "Installazione Plugin",
    "MessageAlreadyInstalled": "Questa versione \u00e8 gi\u00e0 installata.",
    "ValueReviewCount": "{0} recensioni",
    "MessageYouHaveVersionInstalled": "Attualmente hai la versione {0} installato.",
    "MessageTrialExpired": "Il periodo di prova per questa funzione \u00e8 scaduto.",
    "MessageTrialWillExpireIn": "Il periodo di prova per questa funzione scadr\u00e0 in {0} giorni",
    "MessageInstallPluginFromApp": "Questo Plugin deve essere installato dall'app in cui vuoi farlo funzionare",
    "ValuePriceUSD": "Prezzo: {0} (USD)",
    "MessageFeatureIncludedWithSupporter": "Sei registrato per questa funzionalit\u00e0 e potrai continuare ad usarla con un abbonamento Emby Premiere attivo.",
    "MessageChangeRecurringPlanConfirm": "Dopo aver completato questa transazione dovrai cancellare dal tuo account PayPal la tua precedente donazione ricorrente. Grazie per aver sostenuto Emby.",
    "ButtonDelete": "Elimina",
    "HeaderEmbyAccountAdded": "Account Emby aggiunto",
    "MessageEmbyAccountAdded": "L'account Emby \u00e8 stato aggiunto a questo utente",
    "MessagePendingEmbyAccountAdded": "L'account Emby \u00e8 stato aggiunto a questo utente. Un'email sar\u00e0 inviata al proprietario dell'account. L'invito dovr\u00e0 essere confermato selezionando il link contenuto nell'email",
    "HeaderEmbyAccountRemoved": "Account Emby rimosso",
    "MessageEmbyAccontRemoved": "L'account Emby \u00e8 stato rimosso da questo utente",
    "TooltipLinkedToEmbyConnect": "Collegato ad Emby Connect",
    "HeaderUnrated": "Non votato",
    "ValueDiscNumber": "Disco {0}",
    "HeaderUnknownDate": "Data Sconosciuta",
    "HeaderUnknownYear": "Anno Sconosciuto",
    "ValueMinutes": "{0} min",
    "ButtonPlayExternalPlayer": "Play con un lettore esterno",
    "HeaderSelectExternalPlayer": "Seleziona il lettore esterno",
    "HeaderExternalPlayerPlayback": "Riproduzione con un player esterno",
    "ButtonImDone": "Ho fatto",
    "OptionWatched": "Visto",
    "OptionUnwatched": "Non visto",
    "ExternalPlayerPlaystateOptionsHelp": "Specificare come si desidera riprendere la riproduzione di questo video la prossima volta.",
    "LabelMarkAs": "Segna come:",
    "OptionInProgress": "In Corso",
    "LabelResumePoint": "Punto di ripristino:",
    "ValueOneMovie": "1 film",
    "ValueMovieCount": "{0} film",
    "ValueOneTrailer": "1 trailer",
    "ValueTrailerCount": "{0} trailer",
    "ValueOneSeries": "1 serie",
    "ValueSeriesCount": "{0} serie",
    "ValueOneEpisode": "1 episodio",
    "ValueEpisodeCount": "{0} episodi",
    "ValueOneGame": "1 gioco",
    "ValueGameCount": "{0}  giochi",
    "ValueOneAlbum": "1 album",
    "ValueAlbumCount": "{0} album",
    "ValueOneSong": "1 canzone",
    "ValueSongCount": "{0} Canzoni",
    "ValueOneMusicVideo": "1 video musicale",
    "ValueMusicVideoCount": "{0} video musicali",
    "HeaderOffline": "Spento",
    "HeaderUnaired": "mai in onda",
    "HeaderMissing": "Assente",
    "ButtonWebsite": "Web",
    "TooltipFavorite": "Preferito",
    "TooltipLike": "Bello",
    "TooltipDislike": "Brutto",
    "TooltipPlayed": "Visto",
    "ValueSeriesYearToPresent": "{0}-Presenti",
    "ValueAwards": "Premi: {0}",
    "ValueBudget": "Budget: {0}",
    "ValueRevenue": "Entrate: {0}",
    "ValuePremiered": "Debuttato {0}",
    "ValuePremieres": "Debuttato {0}",
    "ValueStudio": "Studio: {0}",
    "ValueStudios": "Studi: {0}",
    "ValueStatus": "Stato {0}",
    "ValueSpecialEpisodeName": "Speciali - {0}",
    "LabelLimit": "Limite:",
    "ValueLinks": "Collegamenti: {0}",
    "HeaderPeople": "Persone",
    "HeaderCastAndCrew": "Cast & Crew",
    "ValueArtist": "Artista: {0}",
    "ValueArtists": "Artisti: {0}",
    "HeaderTags": "Tags",
    "MediaInfoCameraMake": "Camera make",
    "MediaInfoCameraModel": "Camera modello",
    "MediaInfoAltitude": "Altitudine",
    "MediaInfoAperture": "Apertura",
    "MediaInfoExposureTime": "Tempo Esposizione",
    "MediaInfoFocalLength": "Lunghezza focale",
    "MediaInfoOrientation": "Orientamento",
    "MediaInfoIsoSpeedRating": "Sensibilit\u00e0 ISO",
    "MediaInfoLatitude": "latitudine",
    "MediaInfoLongitude": "Longitudine",
    "MediaInfoShutterSpeed": "velocit\u00e0 otturatore",
    "MediaInfoSoftware": "Software",
    "HeaderIfYouLikeCheckTheseOut": "Se ti piace {0}, guarda questi ...",
    "HeaderPlotKeywords": "Trama",
    "HeaderMovies": "Film",
    "HeaderAlbums": "Album",
    "HeaderGames": "Giochi",
    "HeaderBooks": "Libri",
    "HeaderEpisodes": "Episodi",
    "HeaderSeasons": "Stagioni",
    "HeaderTracks": "Traccia",
    "HeaderItems": "Elementi",
    "HeaderOtherItems": "Altri elmenti",
    "ButtonFullReview": "Trama completa",
    "ValueAsRole": "Come {0}",
    "ValueGuestStar": "Personaggi famosi",
    "MediaInfoSize": "Dimensione",
    "MediaInfoPath": "Percorso",
    "MediaInfoFormat": "Formato",
    "MediaInfoContainer": "Contenitore",
    "MediaInfoDefault": "Default",
    "MediaInfoForced": "Forzato",
    "MediaInfoExternal": "Esterno",
    "MediaInfoTimestamp": "Timestamp",
    "MediaInfoPixelFormat": "Formato Pixel",
    "MediaInfoBitDepth": "Profondit\u00e0 Bit",
    "MediaInfoSampleRate": "frequenza di campion.",
    "MediaInfoBitrate": "Bitrate",
    "MediaInfoChannels": "Canali",
    "MediaInfoLayout": "disposizione",
    "MediaInfoLanguage": "Lingua",
    "MediaInfoCodec": "Codec",
    "MediaInfoCodecTag": "Codec tag",
    "MediaInfoProfile": "Profilo",
    "MediaInfoLevel": "Livello",
    "MediaInfoAspectRatio": "Formato",
    "MediaInfoResolution": "Risoluzione",
    "MediaInfoAnamorphic": "Anamorfico",
    "MediaInfoInterlaced": "Interlacciato",
    "MediaInfoFramerate": "Framerate",
    "MediaInfoStreamTypeAudio": "Audio",
    "MediaInfoStreamTypeData": "Dati",
    "MediaInfoStreamTypeVideo": "Video",
    "MediaInfoStreamTypeSubtitle": "Sottotitolo",
    "MediaInfoStreamTypeEmbeddedImage": "Immagine incorporata",
    "MediaInfoRefFrames": "Ref frames",
    "TabPlayback": "Riproduzione",
    "TabNotifications": "Notifiche",
    "TabExpert": "Esperto",
    "HeaderSelectCustomIntrosPath": "Selezionare Intro Path Personalizzata",
    "HeaderRateAndReview": "Punteggio e Commenti",
    "HeaderThankYou": "Grazie",
    "MessageThankYouForYourReview": "Grazie per la tua opinione.",
    "LabelYourRating": "Il tuo voto:",
    "LabelFullReview": "Recensione completa:",
    "LabelShortRatingDescription": "Breve riassunto Valutazione:",
    "OptionIRecommendThisItem": "Consiglio questo elemento",
    "WebClientTourContent": "Visualizza i file multimediali aggiunti di recente, i prossimi episodi, e altro ancora. I cerchi verdi indicano quanti oggetti unplayed avete.",
    "WebClientTourMovies": "Riprodurre filmati, trailer e altro da qualsiasi dispositivo con un browser web",
    "WebClientTourMouseOver": "Tenete il mouse su ogni manifesto per un rapido accesso alle informazioni importanti",
    "WebClientTourTapHold": "Toccare e tenere premuto o fare clic destro qualsiasi manifesto per un menu di scelta rapida",
    "WebClientTourMetadataManager": "Fare clic su Modifica per aprire la gestione dei metadati",
    "WebClientTourPlaylists": "Facile creazione di playlist , e riprodurli su qualsiasi dispositivo",
    "WebClientTourCollections": "Creare collezioni di film di casella di gruppo imposta insieme",
    "WebClientTourUserPreferences1": "Le Preferenze Utente consentono di personalizzare il modo in cui la tua libreria viene presentata in tutte le app Emby",
    "WebClientTourUserPreferences2": "Configura le impostazioni audio e la lingua dei sottotitoli valide per tutte le app Emby",
    "WebClientTourUserPreferences3": "Progettare la home page del client web a proprio piacimento",
    "WebClientTourUserPreferences4": "Configurare fondali, sigle e lettori esterni",
    "WebClientTourMobile1": "Il client web funziona alla grande su smartphone e tablet ...",
    "WebClientTourMobile2": "e controlla facilmente altri dispositivi e app Emby",
    "WebClientTourMySync": "Sincronizza il tuo personal media per i dispositivi per la visualizzazione offline.",
    "MessageEnjoyYourStay": "Godetevi il vostro soggiorno",
    "DashboardTourDashboard": "Il pannello di controllo del server consente di monitorare il vostro server e gli utenti. Potrai sempre sapere chi sta facendo cosa e dove sono.",
    "DashboardTourHelp": "In-app help offre pulsanti facili da aprire le pagine wiki relative al contenuto sullo schermo.",
    "DashboardTourUsers": "Facile creazione di account utente per i vostri amici e la famiglia, ognuno con le proprie autorizzazioni, accesso alla libreria, controlli parentali e altro ancora.",
    "DashboardTourCinemaMode": "Modalit\u00e0 Cinema porta l'esperienza del teatro direttamente nel tuo salotto con la possibilit\u00e0 di giocare trailer e intro personalizzati prima la caratteristica principale.",
    "DashboardTourChapters": "Abilita capitolo generazione di immagini per i vostri video per una presentazione pi\u00f9 gradevole durante la visualizzazione.",
    "DashboardTourSubtitles": "Scaricare automaticamente i sottotitoli per i tuoi video in qualsiasi lingua.",
    "DashboardTourPlugins": "Installare il plugin come canali internet video, live tv, scanner metadati e altro ancora.",
    "DashboardTourNotifications": "Inviare automaticamente notifiche di eventi server al vostro dispositivo mobile, e-mail e altro ancora.",
    "DashboardTourScheduledTasks": "Gestire facilmente le operazioni di lunga esecuzione con le operazioni pianificate. Decidere quando corrono, e con quale frequenza.",
    "DashboardTourMobile": "Il Pannello di Controllo del Server Emby funziona bene su smartphone e tablet. Gestisci il tuo server con il palmo della tua mano, quando vuoi, dove vuoi",
    "DashboardTourSync": "Sincronizza il tuo personal media per i dispositivi per la visualizzazione offline.",
    "MessageRefreshQueued": "Aggiornamento programmato",
    "TabDevices": "Dispositivi",
    "TabExtras": "Extra",
    "HeaderUploadImage": "Carica immagine",
    "DeviceLastUsedByUserName": "Ultimo utilizzata da {0}",
    "HeaderDeleteDevice": "Elimina dispositivo",
    "DeleteDeviceConfirmation": "Sei sicuro di voler cancellare questo dispositivo? Esso riapparir\u00e0 la prossima volta che un utente accede con esso.",
    "LabelEnableCameraUploadFor": "Abilita caricamento macchina fotografica per:",
    "HeaderSelectUploadPath": "Seleziona cartella upload",
    "LabelEnableCameraUploadForHelp": "Gli upload saranno eseguiti automaticamente in background quando sei collegato a Emby",
    "ErrorMessageStartHourGreaterThanEnd": "Ora di fine deve essere maggiore del tempo di avvio.",
    "ButtonLibraryAccess": "Accesso biblioteca",
    "ButtonParentalControl": "Controllo parentale",
    "HeaderInvitationSent": "Invito inviato",
    "MessageInvitationSentToUser": "Una e-mail \u00e8 stata inviata a {0}, invitandoli ad accettare l'invito di condivisione.",
    "MessageInvitationSentToNewUser": "Un'email \u00e8 stata inviata a {0} invitandolo a registrarsi a Emby",
    "HeaderConnectionFailure": "Errore di connessione",
    "MessageUnableToConnectToServer": "Non siamo in grado di connettersi al server selezionato al momento. Per favore assicurati che sia in esecuzione e riprova.",
    "ButtonSelectServer": "Scegli Server",
    "MessagePluginConfigurationRequiresLocalAccess": "Per configurare questo plugin si prega di accedere al proprio server locale direttamente.",
    "MessageLoggedOutParentalControl": "L'accesso \u00e8 attualmente limitato. Si prega di riprovare pi\u00f9 tardi.",
    "DefaultErrorMessage": "Si \u00e8 verificato un errore durante l'elaborazione della richiesta. Si prega di riprovare pi\u00f9 tardi.",
    "ButtonAccept": "Accetta",
    "ButtonReject": "Rifiuta",
    "HeaderForgotPassword": "Password dimenticata",
    "MessageContactAdminToResetPassword": "Si prega di contattare l'amministratore di sistema per reimpostare la password.",
    "MessageForgotPasswordInNetworkRequired": "Riprova all'interno della rete domestica per avviare il processo di reimpostazione della password.",
    "MessageForgotPasswordFileCreated": "Il seguente file \u00e8 stato creato sul server e contiene le istruzioni su come procedere:",
    "MessageForgotPasswordFileExpiration": "Il pin scadr\u00e0 {0}.",
    "MessageInvalidForgotPasswordPin": "Un pin Invalido o scaduto \u00e8 stato inserito. Riprova.",
    "MessagePasswordResetForUsers": "Le password sono state rimosse dai seguenti utenti. Per accedere lasciare vuoto il campo password.",
    "HeaderInviteGuest": "Invita Ospite",
    "ButtonLinkMyEmbyAccount": "Collega il mio account ora",
    "MessageConnectAccountRequiredToInviteGuest": "Per invitare gli amici \u00e8 necessario innanzitutto collegare l'account Emby a questo server.",
    "ButtonSync": "Sinc.",
    "SyncMedia": "Sync media",
    "HeaderCancelSyncJob": "Cancel Sync",
    "CancelSyncJobConfirmation": "La cancellazione dell'attivit\u00e0 di sincronizzazione causer\u00e0 la rimozione dal dispositivo dei media sincronizzati durante il prossimo processo di sincronizzazione. Sei sicuro di voler comunque procedere?",
    "TabSync": "Sinc",
    "MessagePleaseSelectDeviceToSyncTo": "Selezionare un dispositivo per la sincronizzazione",
    "MessageSyncJobCreated": "Attivit\u00e0 di Sincronizz. Creata",
    "LabelSyncTo": "Sincronizza su:",
    "LabelSyncJobName": "Nome Attivit\u00e0 di Sincroniz.:",
    "LabelQuality": "Qualit\u00e0:",
    "HeaderSettings": "Configurazione",
    "OptionAutomaticallySyncNewContent": "Sincronizza automaticamente nuovi contenuti",
    "OptionAutomaticallySyncNewContentHelp": "Nuovi contenuti aggiunto verranno sincronizzati automaticamente al dispositivo.",
    "OptionSyncUnwatchedVideosOnly": "Sincronizza solo i video non visti",
    "OptionSyncUnwatchedVideosOnlyHelp": "Solo i video non visti saranno sincronizzati, e video saranno rimossi dal dispositivo in cui sono guardato.",
    "LabelItemLimit": "limite elementi:",
    "LabelItemLimitHelp": "Opzionale. Impostare un limite al numero di elementi che verranno sincronizzati.",
    "MessageBookPluginRequired": "Richiede l'installazione del plugin Bookshelf",
    "MessageGamePluginRequired": "Richiede l'installazione del plugin GameBrowser",
    "MessageUnsetContentHelp": "Il contenuto verr\u00e0 visualizzato come pianura cartelle. Per ottenere i migliori risultati utilizzare il gestore di metadati per impostare i tipi di contenuto di sottocartelle.",
    "SyncJobItemStatusQueued": "In coda",
    "SyncJobItemStatusConverting": "Conversione",
    "SyncJobItemStatusTransferring": "Trasferimento",
    "SyncJobItemStatusSynced": "Sincronizzato",
    "SyncJobItemStatusFailed": "Fallito",
    "SyncJobItemStatusRemovedFromDevice": "Rimosso dal dispositivo",
    "SyncJobItemStatusCancelled": "Cancellato",
    "LabelProfile": "Profilo:",
    "LabelBitrateMbps": "Bitrate (Mbps):",
    "EmbyIntroDownloadMessage": "Per scaricare e installare Emby server visita {0}.",
    "ButtonNewServer": "Nuovo Server",
    "ButtonSignInWithConnect": "Accedi con Emby Connect",
    "HeaderNewServer": "Nuovo Server",
    "MyDevice": "Mio dispositivo",
    "ButtonRemote": "Remoto",
    "TabInfo": "Info",
    "TabCast": "Cast",
    "TabScenes": "Scene",
    "HeaderUnlockApp": "Sblocca App",
    "HeaderUnlockSync": "Sblocca Emby Sync",
    "MessageUnlockAppWithPurchaseOrSupporter": "Sblocca questa funzionalit\u00e0 con un piccolo acquisto singolo, o con un abbonamento Emby Premiere",
    "MessageUnlockAppWithSupporter": "Sblocca questa funzionalit\u00e0 con un abbonamento Emby Premiere",
    "MessageToValidateSupporter": "If you have an active Emby Premiere subscription, simply sign into the app once using your Wifi connection within your home network.",
    "MessagePaymentServicesUnavailable": "I servizi di pagamento non sono attualmente disponibili. Per favore riprova pi\u00f9 tardi.",
    "MessagePleaseSignInLocalNetwork": "Prima di procedere, assicurarsi che si \u00e8 connessi alla rete locale utilizzando una connessione WiFi o LAN.",
    "ButtonUnlockWithPurchase": "Sbloccare con l'acquisto",
    "ButtonUnlockPrice": "Sblocca {0}",
    "MessageLiveTvGuideRequiresUnlock": "La Guida TV \u00e8 attualmente limitata a {0} canali. Premi il tasto di sblocco per imparare come goderti una piena esperienza.",
    "OptionEnableFullscreen": "Abilita schermo intero",
    "ButtonServer": "Server",
    "HeaderAdmin": "Admin",
    "HeaderLibrary": "Libreria",
    "HeaderMedia": "Media",
    "ButtonInbox": "Posta",
    "HeaderAdvanced": "Avanzato",
    "HeaderGroupVersions": "Versione di gruppo",
    "HeaderSaySomethingLike": "Dire qualcosa di simile ...",
    "ButtonTryAgain": "Riprova ancora",
    "HeaderYouSaid": "Hai detto...",
    "MessageWeDidntRecognizeCommand": "Ci dispiace, non riconosciamo il comando.",
    "MessageIfYouBlockedVoice": "Se tu hai negato l'accesso all app avrai bisogno di reconfigurarlo prima di riprovarci.",
    "MessageNoItemsFound": "Nessun elemento trovato.",
    "ButtonManageServer": "Gestisci Server",
    "ButtonEditSubtitles": "modificare i sottotitoli",
    "ButtonPreferences": "Preferenze",
    "ButtonViewArtist": "Visualizza artista",
    "ButtonViewAlbum": "Visualizza album",
    "ButtonEditImages": "Modifica Immagini",
    "ErrorMessagePasswordNotMatchConfirm": "La password e la password di conferma devono corrispondere.",
    "ErrorMessageUsernameInUse": "L' username \u00e8 gi\u00e0 usato. Per favore scegli un nuovo nome e riprova.",
    "ErrorMessageEmailInUse": "L'indirizzo email \u00e8 gi\u00e0 usato.Per favore inserisci un nuovo indirizzo email e riprova, o usa la funzione password dimenticata.",
    "MessageThankYouForConnectSignUp": "Grazie per esserti registrato si Emby Connect. Ti verr\u00e0 invita un email al tuo indirizzo con le istruzioni su come confermare il tuo nuovo account. Per favore conferma il nuovo account e poi ritorna qui per fare il log in.",
    "HeaderShare": "Condividi",
    "ButtonShareHelp": "Condividi una pagina web contenente informazioni multimediali con i social media. I file multimediali non verranno mai condivisi pubblicamente.",
    "ButtonShare": "Condividi",
    "HeaderConfirm": "Conferma",
    "ButtonAdvancedRefresh": "Aggiornamento (avanzato)",
    "MessageConfirmDeleteTunerDevice": "Sei sicuro di voler cancellare questo dispositivo?",
    "MessageConfirmDeleteGuideProvider": "Sei sicuro di voler cancellare questo fornitore di guida?",
    "HeaderDeleteProvider": "eliminare Provider",
    "HeaderAddProvider": "aggiungere Provider",
    "ErrorAddingTunerDevice": "Si \u00e8 verificato un errore durante l'aggiunta del sintonizzatore. Si prega di assicurarsi che sia accessibile e riprovare.",
    "ErrorSavingTvProvider": "Si \u00e8 verificato un errore durante il salvataggio del fornitore di TV. Si prega di assicurarsi che sia accessibile e riprovare.",
    "ErrorGettingTvLineups": "Si \u00e8 verificato un errore durante il download formazioni tv. Assicurarsi vostre informazioni sono corrette e riprovare.",
    "MessageCreateAccountAt": "Crea un account a {0}",
    "ErrorPleaseSelectLineup": "Si prega di selezionare una scaletta e riprova. Se non formazioni sono disponibili, quindi si prega di verificare che il vostro nome utente, password, e il codice postale \u00e8 corretto.",
    "HeaderTryEmbyPremiere": "Try Emby Premiere",
    "ButtonBecomeSupporter": "Ottieni Emby Premiere",
    "ButtonClosePlayVideo": "Chiudi e avvia il mio media",
    "MessageDidYouKnowCinemaMode": "Lo sapevi che con Emby Premiere puoi migilorare la tua esperienza con funzionalit\u00e0 come la Modalit\u00e0 Cinema?",
    "MessageDidYouKnowCinemaMode2": "La Modalit\u00e0 Cinema ti d\u00e0 la vera una esperienza da cinema con trailers e intro personalizzati prima delle funzioni principali.",
    "OptionEnableDisplayMirroring": "Abilita visualizzazione remota",
    "HeaderSyncRequiresSupporterMembership": "Sincronizzazione richiede un abbonamento Emby Premiere attivo.",
    "HeaderSyncRequiresSupporterMembershipAppVersion": "La sincronizzazione richiede la connessione con Emby Server, e un abbonamento Emby Premiere attivo.",
    "ErrorValidatingSupporterInfo": "C'\u00e8 stato un errore nella convalida delle informazioni sul tuo abonamento Emby Premiere. Riprova pi\u00f9 tardi.",
    "HeaderSync": "Sincronizza",
    "LabelLocalSyncStatusValue": "Stato {0}",
    "MessageSyncStarted": "Sync iniziato",
    "OptionPoster": "Locandina",
    "OptionPosterCard": "Scheda locandina",
    "OptionTimeline": "Cronologia",
    "OptionList": "Lista",
    "OptionThumb": "Pollice",
    "OptionThumbCard": "carta Thumb",
    "OptionBanner": "Banner",
    "NoSlideshowContentFound": "Non sono state trovate immagini della presentazione.",
    "OptionPhotoSlideshow": "Foto presentazione",
    "OptionBackdropSlideshow": "Scenografia presentazione",
    "HeaderTopPlugins": "Migliori Plugins",
    "ButtonRecord": "Registra",
    "ButtonOther": "Altro",
    "HeaderSortBy": "Ordina per:",
    "HeaderSortOrder": "Ordina per:",
    "OptionAscending": "Ascendente",
    "OptionDescending": "Discentente",
    "OptionNameSort": "Nome",
    "OptionTvdbRating": "Voto Tvdb",
    "OptionPremiereDate": "Data della prima",
    "OptionImdbRating": "Voto IMDB",
    "OptionDatePlayed": "Visto il",
    "OptionDateAdded": "Aggiunto il",
    "OptionPlayCount": "Visto N\u00b0",
    "ButtonDisconnect": "Disconetti",
    "OptionAlbumArtist": "Artista dell'album",
    "OptionArtist": "Artista",
    "OptionAlbum": "Album",
    "OptionTrackName": "Nome Brano",
    "OptionCommunityRating": "Voto del pubblico",
    "ButtonSort": "Ordina",
    "ButtonMenu": "Menu",
    "OptionDefaultSort": "Predefinito",
    "ButtonFilter": "Filtro",
    "OptionCriticRating": "Voto della critica",
    "OptionVideoBitrate": "Bitrate Video",
    "OptionMetascore": "Punteggio",
    "OptionRevenue": "Recensione",
    "OptionBudget": "Budget",
    "ForAdditionalLiveTvOptions": "Per ulteriori provider Live TV, fare clic sulla scheda Servizi Esterni per vedere le opzioni disponibili.",
    "ButtonGuide": "Guida",
    "ButtonRecordedTv": "Tv Registrata",
    "HeaderDisconnectFromPlayer": "Disconnetti utente",
    "ConfirmEndPlayerSession": "Would you like to close Emby on the device?",
    "ButtonYes": "Si",
    "ButtonNo": "No",
    "ButtonRestorePreviousPurchase": "Ripristinare acquisto",
    "AlreadyPaid": "Already Paid?",
    "AlreadyPaidHelp1": "If you already paid to install an older version of Media Browser for Android, you don't need to pay again in order to activate this app. Send us an email at {0} and we'll get it activated for you.",
    "AlreadyPaidHelp2": "Got Emby Premiere? Just cancel this dialog, sign into the app from within your home WIFI network, and it will be unlocked automatically.",
    "ButtonForYou": "Per te",
    "ButtonLibrary": "libreria",
    "ButtonSearch": "Cerca",
    "ButtonNowPlaying": "In riproduzione ora",
    "ButtonViewNewApp": "Vedi nuova app",
    "HeaderEmbyForAndroidHasMoved": "Emby per Android \u00e8 altrove!",
    "MessageEmbyForAndroidHasMoved": "Emby per Android ha una nuova casa nell'appo store. Dai un'occhiata alla nuova app. Puoi anche continuare a usare questa app fin che vuoi",
    "HeaderNextUp": "Prossimo",
    "HeaderLatestMovies": "Ultimi Film Aggiunti",
    "HeaderLatestEpisodes": "Ultimi Episodi Aggiunti",
    "EmbyPremiereMonthly": "Emby Premiere Mensile",
    "EmbyPremiereMonthlyWithPrice": "Emby Premiere Mensile {0}",
    "HeaderEmailAddress": "Indirizzo E-Mail",
    "TextPleaseEnterYourEmailAddressForSubscription": "Per favore inserisci il tuo indirizzo e-mail.",
    "LoginDisclaimer": "Emby is designed to help you manage your personal media library, such as home videos and photos. Please see our terms of use. The use of any Emby software constitutes acceptance of these terms.",
    "TermsOfUse": "Termini di utilizzo",
    "HeaderTryMultiSelect": "Prova la selezione multipla",
    "TryMultiSelectMessage": "Per modificare pi\u00f9 elementi, clicca e tieni premuto so un poster, e seleziona gli elementi che vuoi gestire. Prova!",
    "NumLocationsValue": "{0} cartelle",
    "ButtonAddMediaLibrary": "Aggiungi raccolta multimediale",
    "ButtonManageFolders": "Gestisci cartelle",
    "HeaderTryDragAndDrop": "Prova il trascinamento",
    "TryDragAndDropMessage": "Per riordinare gli elementi nella playlist trascinali nella posizione che vuoi. Prova!",
    "HeaderTryMicrosoftEdge": "Prova Microsoft Edge",
    "MessageTryMicrosoftEdge": "Per un'esperienza migliore su Windows 10, prova il browser Microsoft Edge.",
    "HeaderTryModernBrowser": "Try a Modern Web Browser",
    "MessageTryModernBrowser": "For a better experience on Windows, try a modern web browser such as Google Chrome, Firefox, or Opera.",
    "ErrorAddingListingsToSchedulesDirect": "C'\u00e8 stato un errore nell'aggiunta della tua lista all'account Schedules Direct.\nSchedules Direct permette solo un numero limitato di selezioni per account. Potresti aver bisogno di accedere al sito Schedules Direct e rimuoverne alcune prima di procedere.",
    "PleaseAddAtLeastOneFolder": "Per favore aggiungi almeno una cartella alla raccolta cliccando sul pulsante Aggiungi.",
    "ErrorAddingMediaPathToVirtualFolder": "C'\u00e8 stato un errore durante l'aggiunta del percorso. Per favore controlla che sia valido, e che Emby Server abbia l'accesso alla posizione indicata.",
    "ErrorRemovingEmbyConnectAccount": "C'\u00e8 stato un errore nella rimozione dell'account Emby Connect. Per favore assicurati di avere una connessione a internet attiva e riprova.",
    "ErrorAddingEmbyConnectAccount1": "There was an error adding the Emby Connect account. Have you created an Emby account? Sign up at {0}.",
    "ErrorAddingEmbyConnectAccount2": "Please ensure the Emby account has been activated by following the instructions in the email sent after creating the account. If you did not receive this email then please send an email to {0} from the email address used with the Emby account.",
    "HeaderFavoriteArtists": "Favorite Artists",
    "HeaderFavoriteSongs": "Favorite Songs",
    "HeaderConfirmPluginInstallation": "Confirm Plugin Installation",
    "PleaseConfirmPluginInstallation": "Please click OK to confirm you've read the above and wish to proceed with the plugin installation.",
    "MessagePluginInstallDisclaimer": "Plugins built by Emby community members are a great way to enhance your Emby experience with additional features and benefits. Before installing, please be aware of the effects they may have on your Emby Server, such as longer library scans, additional background processing, and decreased system stability.",
    "ButtonPlayOneMinute": "Play one minute",
    "ThankYouForTryingEnjoyOneMinute": "Please enjoy one minute of playback. Thank you for trying Emby.",
    "HeaderTryPlayback": "Try Playback",
    "HeaderBenefitsEmbyPremiere": "Benefits of Emby Premiere",
    "MobileSyncFeatureDescription": "Sync your media to your smart phones and tablets for easy offline access.",
    "CoverArtFeatureDescription": "Cover Art creates fun covers and other treatments to help you personalize your media images.",
    "HeaderMobileSync": "Mobile Sync",
    "HeaderCloudSync": "Cloud Sync",
    "CloudSyncFeatureDescription": "Sync your media to the cloud for easy backup, archiving, and converting.",
    "HeaderFreeApps": "Free Emby Apps",
    "FreeAppsFeatureDescription": "Enjoy free access to select Emby apps for your devices.",
    "HeaderCinemaMode": "Modalit\u00e0 cinema",
    "CinemaModeFeatureDescription": "Cinema Mode gives you the true cinema experience with trailers and custom intros before the feature.",
    "CoverArt": "Cover Art",
    "ButtonOff": "Off"
}