{
    "SettingsSaved": "Settings saved.",
    "AddUser": "Add User",
    "Users": "Users",
    "Delete": "Delete",
    "Administrator": "Administrator",
    "Password": "Password",
    "DeleteImage": "Delete Image",
    "DeleteImageConfirmation": "Are you sure you wish to delete this image?",
    "FileReadCancelled": "The file read has been canceled.",
    "FileNotFound": "File not found.",
    "FileReadError": "An error occurred while reading the file.",
    "DeleteUser": "Delete User",
    "DeleteUserConfirmation": "Are you sure you wish to delete this user?",
    "PasswordResetHeader": "Reset Password",
    "PasswordResetComplete": "The password has been reset.",
    "PasswordResetConfirmation": "Are you sure you wish to reset the password?",
    "PasswordSaved": "Password saved.",
    "PasswordMatchError": "Password and password confirmation must match.",
    "OptionOff": "Off",
    "OptionOn": "On",
    "OptionRelease": "Official Release",
    "OptionBeta": "Beta",
    "OptionDev": "Dev (Unstable)",
    "UninstallPluginHeader": "Uninstall Plugin",
    "UninstallPluginConfirmation": "Are you sure you wish to uninstall {0}?",
    "NoPluginConfigurationMessage": "This plugin has nothing to configure.",
    "NoPluginsInstalledMessage": "You have no plugins installed.",
    "BrowsePluginCatalogMessage": "Browse our plugin catalog to view available plugins.",
    "ButtonOk": "OK",
    "ButtonCancel": "Abbreche",
    "ButtonSave": "Speichere",
    "TabEpisodes": "Episode",
    "HeaderUsers": "User",
    "ButtonFilter": "Filter",
    "HeaderResume": "Fortsetze",
    "HeaderNextUp": "Als n\u00f6chsts",
    "HeaderLatestEpisodes": "Letschti Episode",
    "TabSongs": "Songs",
    "TabAlbums": "Albene",
    "TabMusicVideos": "Musigvideos",
    "ButtonSort": "Sortiere",
    "HeaderSortBy": "Sortier nach:",
    "HeaderSortOrder": "Sortier Reihefolg:",
    "OptionAscending": "Ufstiigend",
    "OptionDescending": "Abstiigend",
    "OptionRuntime": "Laufziit",
    "OptionPlayCount": "Z\u00e4hler",
    "OptionDatePlayed": "Abgspellt am",
    "OptionDateAdded": "Dezue gf\u00fcegt am",
    "OptionAlbumArtist": "Album-Artist",
    "OptionArtist": "Artist",
    "OptionAlbum": "Album",
    "OptionTrackName": "Track Name",
    "OptionCommunityRating": "Community Bewertig",
    "OptionNameSort": "Name",
    "OptionBudget": "Budget",
    "OptionRevenue": "iinahme",
    "OptionPoster": "Poster",
    "OptionTimeline": "Ziitlinie",
    "OptionCriticRating": "Kritiker Bewertig",
    "OptionVideoBitrate": "Video Bitrate",
    "OptionThumb": "Thumb",
    "OptionBanner": "Banner",
    "TabMovies": "Film",
    "TabTrailers": "Trailers",
    "HeaderLatestMovies": "Letschti Film",
    "OptionImdbRating": "IMDB Bewertig",
    "OptionParentalRating": "Altersfriigab",
    "OptionPremiereDate": "Premiere Datum",
    "TabAdvanced": "Erwiitert",
    "OptionContinuing": "Fortlaufend",
    "OptionEnded": "Beendent",
    "OptionSunday": "Sonntig",
    "OptionMonday": "M\u00e4ntig",
    "OptionTuesday": "Tsischtig",
    "OptionWednesday": "Mittwoch",
    "OptionThursday": "Donnstig",
    "OptionFriday": "Friitig",
    "OptionSaturday": "Samstig",
    "LabelName": "Name:",
    "OptionMetascore": "Metascore",
    "ButtonSelect": "Select",
    "TabServer": "Server",
    "TabGames": "Games",
    "OptionMovies": "Movies",
    "OptionEpisodes": "Episodes",
    "HeaderChannels": "Channels",
    "TabSeries": "Series",
    "HeaderAllRecordings": "All Recordings",
    "ButtonPlay": "Play",
    "ButtonEdit": "Edit",
    "ButtonRecord": "Record",
    "ButtonDelete": "Delete",
    "TitleLiveTV": "Live TV",
    "OptionAutomatic": "Auto",
    "ButtonAdd": "Add",
    "HeaderMediaFolders": "Media Folders",
    "HeaderScenes": "Scenes",
    "OptionTvdbRating": "Tvdb Rating",
    "ButtonNew": "Neu",
    "TabMetadata": "Metadate",
    "ButtonSearch": "Search",
    "ButtonRemove": "Remove",
    "TabInfo": "Info",
    "HeaderNewCollection": "New Collection",
    "NewCollectionNameExample": "Biispell: Star Wars Sammlig",
    "OptionSearchForInternetMetadata": "Dursuechs Internet nach Bilder und Metadate",
    "HeaderName": "Name",
    "LabelSeasonNumber": "Season number:",
    "LabelEpisodeNumber": "Episode number:",
    "HeaderSupportTheTeam": "Support the Emby Team",
    "ButtonRestart": "Restart",
    "ButtonUpdateNow": "Update Now",
    "TabNotifications": "Mitteilige",
    "ButtonHome": "Home",
    "ButtonSettings": "Settings",
    "ButtonScenes": "Scenes",
    "ButtonSubtitles": "Subtitles",
    "ButtonStop": "Stop",
    "ButtonPause": "Pause",
    "ButtonMute": "Mute",
    "HeaderLatestMedia": "Latest Media",
    "OptionDefaultSort": "Default",
    "MessageKeyEmailedTo": "Key emailed to {0}.",
    "MessageKeysLinked": "Keys linked.",
    "HeaderConfirmation": "Confirmation",
    "MessageKeyUpdated": "Thank you. Your Emby Premiere key has been updated.",
    "MessageKeyRemoved": "Thank you. Your Emby Premiere key has been removed.",
    "HeaderSearch": "Search",
    "LabelArtist": "Artist",
    "LabelMovie": "Movie",
    "LabelMusicVideo": "Music Video",
    "LabelEpisode": "Episode",
    "LabelSeries": "Series",
    "LabelStopping": "Stopping",
    "LabelCancelled": "(cancelled)",
    "LabelFailed": "(failed)",
    "LabelScheduledTaskLastRan": "Last ran {0}, taking {1}.",
    "HeaderDeleteTaskTrigger": "Delete Task Trigger",
    "HeaderTaskTriggers": "Task Triggers",
    "MessageDeleteTaskTrigger": "Are you sure you wish to delete this task trigger?",
    "MessageNoPluginsInstalled": "You have no plugins installed.",
    "LabelVersionInstalled": "{0} installed",
    "LabelNumberReviews": "{0} Reviews",
    "LabelFree": "Free",
    "HeaderSelectAudio": "Select Audio",
    "HeaderSelectSubtitles": "Select Subtitles",
    "LabelDefaultStream": "(Default)",
    "LabelForcedStream": "(Forced)",
    "LabelDefaultForcedStream": "(Default\/Forced)",
    "LabelUnknownLanguage": "Unknown language",
    "ButtonUnmute": "Unmute",
    "ButtonNextTrack": "Next Track",
    "ButtonPlaylist": "Playlist",
    "ButtonPreviousTrack": "Previous Track",
    "LabelEnabled": "Enabled",
    "LabelDisabled": "Disabled",
    "ButtonMoreInformation": "More Information",
    "LabelNoUnreadNotifications": "No unread notifications.",
    "ButtonViewNotifications": "View notifications",
    "ButtonMarkTheseRead": "Mark these read",
    "ButtonClose": "Close",
    "LabelAllPlaysSentToPlayer": "All plays will be sent to the selected player.",
    "MessageInvalidUser": "Invalid username or password. Please try again.",
    "RecommendationBecauseYouLike": "Because you like {0}",
    "RecommendationBecauseYouWatched": "Because you watched {0}",
    "RecommendationDirectedBy": "Directed by {0}",
    "RecommendationStarring": "Starring {0}",
    "HeaderConfirmRecordingCancellation": "Confirm Recording Cancellation",
    "MessageConfirmRecordingCancellation": "Are you sure you wish to cancel this recording?",
    "MessageRecordingCancelled": "Recording cancelled.",
    "HeaderConfirmRecordingDeletion": "Confirm Recording Deletion",
    "MessageConfirmRecordingDeletion": "Are you sure you wish to delete this recording?",
    "MessageRecordingDeleted": "Recording deleted.",
    "ButonCancelRecording": "Cancel Recording",
    "MessageRecordingSaved": "Recording saved.",
    "LabelAbortedByServerShutdown": "(Aborted by server shutdown)",
    "HeaderConfirmSeriesCancellation": "Confirm Series Cancellation",
    "MessageConfirmSeriesCancellation": "Are you sure you wish to cancel this series?",
    "MessageSeriesCancelled": "Series cancelled.",
    "HeaderConfirmDeletion": "Confirm Deletion",
    "MessageConfirmPathSubstitutionDeletion": "Are you sure you wish to delete this path substitution?",
    "LiveTvUpdateAvailable": "(Update available)",
    "LabelVersionUpToDate": "Up to date!",
    "ButtonResetTuner": "Reset tuner",
    "HeaderResetTuner": "Reset Tuner",
    "MessageConfirmResetTuner": "Are you sure you wish to reset this tuner? Any active players or recordings will be abruptly stopped.",
    "ButtonCancelSeries": "Cancel Series",
    "LabelAllChannels": "All channels",
    "HeaderSeriesRecordings": "Series Recordings",
    "LabelAnytime": "Any time",
    "StatusRecording": "Recording",
    "StatusWatching": "Watching",
    "StatusRecordingProgram": "Recording {0}",
    "StatusWatchingProgram": "Watching {0}",
    "ButtonQueue": "Queue",
    "ButtonPlayTrailer": "Play trailer",
    "HeaderSplitMedia": "Split Media Apart",
    "MessageConfirmSplitMedia": "Are you sure you wish to split the media sources into separate items?",
    "HeaderError": "Error",
    "ButtonMore": "More",
    "HeaderFavoriteMovies": "Favorite Movies",
    "HeaderFavoriteShows": "Favorite Shows",
    "HeaderFavoriteEpisodes": "Favorite Episodes",
    "HeaderFavoriteGames": "Favorite Games",
    "HeaderRatingsDownloads": "Rating \/ Downloads",
    "HeaderConfirmProfileDeletion": "Confirm Profile Deletion",
    "MessageConfirmProfileDeletion": "Are you sure you wish to delete this profile?",
    "HeaderSelectServerCachePath": "Select Server Cache Path",
    "HeaderSelectTranscodingPath": "Select Transcoding Temporary Path",
    "HeaderSelectImagesByNamePath": "Select Images By Name Path",
    "HeaderSelectMetadataPath": "Select Metadata Path",
    "HeaderSelectServerCachePathHelp": "Browse or enter the path to use for server cache files. The folder must be writeable.",
    "HeaderSelectTranscodingPathHelp": "Browse or enter the path to use for transcoding temporary files. The folder must be writeable.",
    "HeaderSelectImagesByNamePathHelp": "Browse or enter the path to your items by name folder. The folder must be writeable.",
    "HeaderSelectMetadataPathHelp": "Browse or enter the path you'd like to store metadata within. The folder must be writeable.",
    "ErrorLaunchingChromecast": "There was an error launching chromecast. Please ensure your device is connected to your wireless network.",
    "MessagePleaseSelectOneItem": "Please select at least one item.",
    "MessagePleaseSelectTwoItems": "Please select at least two items.",
    "HeaderSelectChannelDownloadPath": "Select Channel Download Path",
    "HeaderSelectChannelDownloadPathHelp": "Browse or enter the path to use for storing channel cache files. The folder must be writeable.",
    "OptionNewCollection": "New...",
    "HeaderAddToCollection": "Zur Sammlig hinzue f\u00fcege",
    "ButtonSubmit": "Submit",
    "LabelSelectCollection": "W\u00e4hl Sammlig:",
    "LabelChapterDownloaders": "Chapter downloaders:",
    "LabelChapterDownloadersHelp": "Enable and rank your preferred chapter downloaders in order of priority. Lower priority downloaders will only be used to fill in missing information.",
    "HeaderLibraryFolders": "Media Folders",
    "HeaderFavoriteAlbums": "Favorite Albums",
    "HeaderLatestChannelMedia": "Latest Channel Items",
    "ButtonOrganizeFile": "Organize File",
    "ButtonDeleteFile": "Delete File",
    "HeaderOrganizeFile": "Organize File",
    "HeaderDeleteFile": "Delete File",
    "StatusSkipped": "Skipped",
    "StatusFailed": "Failed",
    "StatusSuccess": "Success",
    "MessageFileWillBeDeleted": "The following file will be deleted:",
    "MessageSureYouWishToProceed": "Are you sure you wish to proceed?",
    "MessageDuplicatesWillBeDeleted": "In addition the following dupliates will be deleted:",
    "MessageFollowingFileWillBeMovedFrom": "The following file will be moved from:",
    "MessageDestinationTo": "to:",
    "HeaderSelectWatchFolder": "Select Watch Folder",
    "HeaderSelectWatchFolderHelp": "Browse or enter the path to your watch folder. The folder must be writeable.",
    "OrganizePatternResult": "Result: {0}",
    "HeaderRestart": "Restart",
    "HeaderShutdown": "Shutdown",
    "MessageConfirmRestart": "Are you sure you wish to restart Emby Server?",
    "MessageConfirmShutdown": "Are you sure you wish to shutdown Emby Server?",
    "NewVersionOfSomethingAvailable": "A new version of {0} is available!",
    "VersionXIsAvailableForDownload": "Version {0} is now available for download.",
    "LabelVersionNumber": "Version {0}",
    "LabelPlayMethodTranscoding": "Transcoding",
    "LabelPlayMethodDirectStream": "Direct Streaming",
    "LabelPlayMethodDirectPlay": "Direct Playing",
    "LabelAudioCodec": "Audio: {0}",
    "LabelVideoCodec": "Video: {0}",
    "LabelRemoteAccessUrl": "Remote access: {0}",
    "LabelRunningOnPort": "Running on http port {0}.",
    "LabelRunningOnPorts": "Running on http port {0}, and https port {1}.",
    "HeaderLatestFromChannel": "Latest from {0}",
    "ButtonDownload": "Download",
    "LabelUnknownLanaguage": "Unknown language",
    "HeaderCurrentSubtitles": "Current Subtitles",
    "MessageDownloadQueued": "The download has been queued.",
    "MessageAreYouSureDeleteSubtitles": "Are you sure you wish to delete this subtitle file?",
    "ButtonRemoteControl": "Remote Control",
    "HeaderMyViews": "My Views",
    "HeaderLatestTvRecordings": "Latest Recordings",
    "ButtonRefresh": "Refresh",
    "LabelCurrentPath": "Current path:",
    "HeaderSelectMediaPath": "Select Media Path",
    "ButtonNetwork": "Network",
    "MessageDirectoryPickerInstruction": "Network paths can be entered manually in the event the Network button fails to locate your devices. For example, {0} or {1}.",
    "HeaderMenu": "Menu",
    "ButtonOpen": "Open",
    "ButtonOpenInNewTab": "Open in new tab",
    "ButtonShuffle": "Shuffle",
    "ButtonInstantMix": "Instant mix",
    "ButtonResume": "Resume",
    "HeaderAudioTracks": "Audio Tracks",
    "HeaderSubtitles": "Subtitles",
    "HeaderVideoQuality": "Video Quality",
    "MessageErrorPlayingVideo": "There was an error playing the video.",
    "MessageEnsureOpenTuner": "Please ensure there is an open tuner availalble.",
    "ButtonDashboard": "Dashboard",
    "ButtonReports": "Reports",
    "ButtonMetadataManager": "Metadata Manager",
    "HeaderTime": "Time",
    "HeaderAlbum": "Album",
    "HeaderAlbumArtist": "Album Artist",
    "HeaderArtist": "Artist",
    "LabelAddedOnDate": "Added {0}",
    "ButtonStart": "Start",
    "OptionBlockOthers": "Others",
    "OptionBlockTvShows": "TV Shows",
    "OptionBlockTrailers": "Trailers",
    "OptionBlockMusic": "Music",
    "OptionBlockMovies": "Movies",
    "OptionBlockBooks": "Books",
    "OptionBlockGames": "Games",
    "OptionBlockLiveTvPrograms": "Live TV Programs",
    "OptionBlockLiveTvChannels": "Live TV Channels",
    "OptionBlockChannelContent": "Internet Channel Content",
    "OptionList": "List",
    "ButtonRevoke": "Revoke",
    "MessageConfirmRevokeApiKey": "Are you sure you wish to revoke this api key? The application's connection to Emby Server will be abruptly terminated.",
    "HeaderConfirmRevokeApiKey": "Revoke Api Key",
    "ValueContainer": "Container: {0}",
    "ValueAudioCodec": "Audio Codec: {0}",
    "ValueVideoCodec": "Video Codec: {0}",
    "ValueCodec": "Codec: {0}",
    "ValueConditions": "Conditions: {0}",
    "LabelAll": "All",
    "HeaderDeleteImage": "Delete Image",
    "MessageFileNotFound": "File not found.",
    "MessageFileReadError": "An error occurred reading this file.",
    "ButtonNextPage": "Next Page",
    "ButtonPreviousPage": "Previous Page",
    "ButtonMoveLeft": "Move left",
    "ButtonMoveRight": "Move right",
    "ButtonBrowseOnlineImages": "Browse online images",
    "HeaderDeleteItem": "Delete Item",
    "ConfirmDeleteItem": "Deleting this item will delete it from both the file system and your media library. Are you sure you wish to continue?",
    "MessagePleaseEnterNameOrId": "Please enter a name or an external Id.",
    "MessageValueNotCorrect": "The value entered is not correct. Please try again.",
    "MessageItemSaved": "Item saved.",
    "HeaderLiveTV": "Live TV",
    "MissingLocalTrailer": "Missing local trailer.",
    "MissingPrimaryImage": "Missing primary image.",
    "MissingBackdropImage": "Missing backdrop image.",
    "MissingLogoImage": "Missing logo image.",
    "MissingEpisode": "Missing episode.",
    "OptionScreenshots": "Screenshots",
    "OptionBackdrops": "Backdrops",
    "OptionImages": "Images",
    "OptionKeywords": "Keywords",
    "OptionTags": "Tags",
    "OptionStudios": "Studios",
    "OptionName": "Name",
    "OptionOverview": "Overview",
    "OptionGenres": "Genres",
    "OptionPeople": "People",
    "OptionProductionLocations": "Production Locations",
    "OptionBirthLocation": "Birth Location",
    "LabelLiveProgram": "LIVE",
    "LabelNewProgram": "NEW",
    "LabelPremiereProgram": "PREMIERE",
    "HeaderChangeFolderType": "Change Content Type",
    "HeaderChangeFolderTypeHelp": "To change the type, please remove and rebuild the library with the new type.",
    "HeaderAlert": "Alert",
    "MessagePleaseRestart": "Please restart to finish updating.",
    "MessagePleaseRefreshPage": "Please refresh this page to receive new updates from the server.",
    "ButtonHide": "Hide",
    "MessageSettingsSaved": "Settings saved.",
    "ButtonMyProfile": "My Profile",
    "ButtonMyPreferences": "My Preferences",
    "MessageBrowserDoesNotSupportWebSockets": "This browser does not support web sockets. For a better experience, try a newer browser such as Chrome, Firefox, IE10+, Safari (iOS) or Opera.",
    "LabelInstallingPackage": "Installing {0}",
    "LabelPackageInstallCompleted": "{0} installation completed.",
    "LabelPackageInstallFailed": "{0} installation failed.",
    "LabelPackageInstallCancelled": "{0} installation cancelled.",
    "TabUsers": "Users",
    "TabLibrary": "Library",
    "TabDLNA": "DLNA",
    "TabLiveTV": "Live TV",
    "TabAutoOrganize": "Auto-Organize",
    "TabPlugins": "Plugins",
    "TabHelp": "Help",
    "TabScheduledTasks": "Scheduled Tasks",
    "ButtonFullscreen": "Fullscreen",
    "ButtonAudioTracks": "Audio Tracks",
    "ButtonQuality": "Quality",
    "ButtonView": "View",
    "HeaderNotifications": "Notifications",
    "HeaderSelectPlayer": "Select Player",
    "HeaderAdvanced": "Advanced",
    "MessageInternetExplorerWebm": "For best results with Internet Explorer please install the WebM playback plugin.",
    "HeaderVideoError": "Video Error",
    "ButtonSync": "Sync",
    "TabSync": "Sync",
    "ButtonAddToPlaylist": "Add to playlist",
    "HeaderAddToPlaylist": "Add to Playlist",
    "LabelSelectPlaylist": "Playlist:",
    "OptionNewPlaylist": "New playlist...",
    "MessageAddedToPlaylistSuccess": "Ok",
    "LabelHDProgram": "HD",
    "ButtonViewSeriesRecording": "View series recording",
    "ValueOriginalAirDate": "Original air date: {0}",
    "ButtonRemoveFromPlaylist": "Remove from playlist",
    "HeaderSpecials": "Specials",
    "HeaderTrailers": "Trailers",
    "HeaderAudio": "Audio",
    "HeaderResolution": "Resolution",
    "HeaderVideo": "Video",
    "HeaderRuntime": "Runtime",
    "HeaderCommunityRating": "Community rating",
    "HeaderParentalRating": "Parental rating",
    "HeaderReleaseDate": "Release date",
    "HeaderDateAdded": "Date added",
    "HeaderSeries": "Series",
    "HeaderSeason": "Season",
    "HeaderSeasonNumber": "Season number",
    "HeaderNetwork": "Network",
    "HeaderYear": "Year",
    "HeaderGameSystem": "Game system",
    "HeaderPlayers": "Players",
    "HeaderEmbeddedImage": "Embedded image",
    "HeaderTrack": "Track",
    "HeaderDisc": "Disc",
    "HeaderPeople": "People",
    "OptionCollections": "Collections",
    "OptionSeries": "Series",
    "OptionSeasons": "Seasons",
    "OptionGames": "Games",
    "OptionGameSystems": "Game systems",
    "OptionMusicArtists": "Music artists",
    "OptionMusicAlbums": "Music albums",
    "OptionMusicVideos": "Music videos",
    "OptionSongs": "Songs",
    "OptionHomeVideos": "Home videos",
    "OptionBooks": "Books",
    "OptionAdultVideos": "Adult videos",
    "ButtonUp": "Up",
    "ButtonDown": "Down",
    "LabelMetadataReaders": "Metadata readers:",
    "LabelMetadataReadersHelp": "Rank your preferred local metadata sources in order of priority. The first file found will be read.",
    "LabelMetadataDownloaders": "Metadata downloaders:",
    "LabelMetadataDownloadersHelp": "Enable and rank your preferred metadata downloaders in order of priority. Lower priority downloaders will only be used to fill in missing information.",
    "LabelMetadataSavers": "Metadata savers:",
    "LabelMetadataSaversHelp": "Choose the file formats to save your metadata to.",
    "LabelImageFetchers": "Image fetchers:",
    "LabelImageFetchersHelp": "Enable and rank your preferred image fetchers in order of priority.",
    "ButtonQueueAllFromHere": "Queue all from here",
    "ButtonPlayAllFromHere": "Play all from here",
    "LabelDynamicExternalId": "{0} Id:",
    "HeaderIdentify": "Identify Item",
    "PersonTypePerson": "Person",
    "LabelTitleDisplayOrder": "Title display order:",
    "OptionSortName": "Sort name",
    "OptionReleaseDate": "Release date",
    "LabelDiscNumber": "Disc number",
    "LabelParentNumber": "Parent number",
    "LabelTrackNumber": "Track number:",
    "LabelNumber": "Number:",
    "LabelReleaseDate": "Release date:",
    "LabelEndDate": "End date:",
    "LabelYear": "Year:",
    "LabelDateOfBirth": "Date of birth:",
    "LabelBirthYear": "Birth year:",
    "LabelDeathDate": "Death date:",
    "HeaderRemoveMediaLocation": "Remove Media Location",
    "MessageConfirmRemoveMediaLocation": "Are you sure you wish to remove this location?",
    "HeaderRenameMediaFolder": "Rename Media Folder",
    "LabelNewName": "New name:",
    "HeaderAddMediaFolder": "Add Media Folder",
    "HeaderAddMediaFolderHelp": "Name (Movies, Music, TV, etc):",
    "HeaderRemoveMediaFolder": "Remove Media Folder",
    "MessageTheFollowingLocationWillBeRemovedFromLibrary": "The following media locations will be removed from your library:",
    "MessageAreYouSureYouWishToRemoveMediaFolder": "Are you sure you wish to remove this media folder?",
    "ButtonRename": "Rename",
    "HeaderMediaLocations": "Media Locations",
    "LabelPathSubstitutionHelp": "Optional: Path substitution can map server paths to network shares that clients can access for direct playback.",
    "FolderTypeMovies": "Film",
    "FolderTypeMusic": "Musig",
    "FolderTypeAdultVideos": "Erwachseni Film",
    "FolderTypePhotos": "F\u00f6teli",
    "FolderTypeMusicVideos": "Musigvideos",
    "FolderTypeHomeVideos": "Heimvideos",
    "FolderTypeGames": "Games",
    "FolderTypeBooks": "B\u00fcecher",
    "FolderTypeTvShows": "TV",
    "BirthPlaceValue": "Birth place: {0}",
    "DeathDateValue": "Died: {0}",
    "BirthDateValue": "Born: {0}",
    "ButtonAdvancedRefresh": "Advanced Refresh",
    "HeaderIdentifyItem": "Identify Item",
    "ButtonIdentify": "Identify",
    "HeaderPlotKeywords": "Plot Keywords",
    "HeaderTags": "Tags",
    "HeaderSupporterBenefit": "En Supporter-Mitgliedschaft git dir zues\u00e4tzlichi M\u00f6glichkeite wie de Zuegriff uf Synchronisierig, Premium Plugins, Internet Kan\u00e4l und meh. {0}Meh erfahre{1}",
    "HeaderLatestReviews": "Latest Reviews",
    "HeaderPluginInstallation": "Plugin Installation",
    "MessageAlreadyInstalled": "This version is already installed.",
    "ValueReviewCount": "{0} Reviews",
    "MessageYouHaveVersionInstalled": "You currently have version {0} installed.",
    "MessageTrialExpired": "The trial period for this feature has expired",
    "MessageTrialWillExpireIn": "The trial period for this feature will expire in {0} day(s)",
    "MessageInstallPluginFromApp": "This plugin must be installed from with in the app you intend to use it in.",
    "ValuePriceUSD": "Price: {0} (USD)",
    "LabelRecurringDonationCanBeCancelledHelp": "Gmachti Spende ch\u00f6nt jederziit abbroche werde mithilf vo dim PayPal Account.",
    "MessageFeatureIncludedWithSupporter": "You are registered for this feature, and will be able to continue using it with an active Emby Premiere subscription.",
    "MessageChangeRecurringPlanConfirm": "After completing this transaction you will need to cancel your previous recurring donation from within your PayPal account. Thank you for supporting Emby.",
    "HeaderUnrated": "Unrated",
    "ValueDiscNumber": "Disc {0}",
    "HeaderUnknownDate": "Unknown Date",
    "HeaderUnknownYear": "Unknown Year",
    "ValueMinutes": "{0} min",
    "ButtonPlayExternalPlayer": "Play with external player",
    "HeaderSelectExternalPlayer": "Select External Player",
    "HeaderExternalPlayerPlayback": "External Player Playback",
    "ButtonImDone": "I'm Done",
    "OptionWatched": "Watched",
    "OptionUnwatched": "Unwatched",
    "ExternalPlayerPlaystateOptionsHelp": "Specify how you would like to resume playing this video next time.",
    "LabelMarkAs": "Mark as:",
    "OptionInProgress": "In-Progress",
    "LabelResumePoint": "Resume point:",
    "ValueOneMovie": "1 movie",
    "ValueMovieCount": "{0} movies",
    "ValueOneTrailer": "1 trailer",
    "ValueTrailerCount": "{0} trailers",
    "ValueOneSeries": "1 series",
    "ValueSeriesCount": "{0} series",
    "ValueOneEpisode": "1 episode",
    "ValueEpisodeCount": "{0} episodes",
    "ValueOneGame": "1 game",
    "ValueGameCount": "{0} games",
    "ValueOneAlbum": "1 album",
    "ValueAlbumCount": "{0} albums",
    "ValueOneSong": "1 song",
    "ValueSongCount": "{0} songs",
    "ValueOneMusicVideo": "1 music video",
    "ValueMusicVideoCount": "{0} music videos",
    "HeaderOffline": "Offline",
    "HeaderUnaired": "Unaired",
    "HeaderMissing": "Missing",
    "ButtonWebsite": "Website",
    "TooltipFavorite": "Favorite",
    "TooltipLike": "Like",
    "TooltipDislike": "Dislike",
    "TooltipPlayed": "Played",
    "ValueSeriesYearToPresent": "{0}-Present",
    "ValueAwards": "Awards: {0}",
    "ValueBudget": "Budget: {0}",
    "ValueRevenue": "Revenue: {0}",
    "ValuePremiered": "Premiered {0}",
    "ValuePremieres": "Premieres {0}",
    "ValueStudio": "Studio: {0}",
    "ValueStudios": "Studios: {0}",
    "ValueSpecialEpisodeName": "Special - {0}",
    "LabelLimit": "Limit:",
    "ValueLinks": "Links: {0}",
    "HeaderCastAndCrew": "Cast & Crew",
    "ValueArtist": "Artist: {0}",
    "ValueArtists": "Artists: {0}",
    "MediaInfoCameraMake": "Camera make",
    "MediaInfoCameraModel": "Camera model",
    "MediaInfoAltitude": "Altitude",
    "MediaInfoAperture": "Aperture",
    "MediaInfoExposureTime": "Exposure time",
    "MediaInfoFocalLength": "Focal length",
    "MediaInfoOrientation": "Orientation",
    "MediaInfoIsoSpeedRating": "Iso speed rating",
    "MediaInfoLatitude": "Latitude",
    "MediaInfoLongitude": "Longitude",
    "MediaInfoShutterSpeed": "Shutter speed",
    "MediaInfoSoftware": "Software",
    "HeaderIfYouLikeCheckTheseOut": "If you like {0}, check these out...",
    "HeaderMovies": "Movies",
    "HeaderAlbums": "Albums",
    "HeaderGames": "Games",
    "HeaderBooks": "Books",
    "HeaderEpisodes": "Episodes",
    "HeaderSeasons": "Seasons",
    "HeaderTracks": "Tracks",
    "HeaderItems": "Items",
    "HeaderOtherItems": "Other Items",
    "ButtonFullReview": "Full review",
    "ValueAsRole": "as {0}",
    "ValueGuestStar": "Guest star",
    "MediaInfoSize": "Size",
    "MediaInfoPath": "Path",
    "MediaInfoFormat": "Format",
    "MediaInfoContainer": "Container",
    "MediaInfoDefault": "Default",
    "MediaInfoForced": "Forced",
    "MediaInfoExternal": "External",
    "MediaInfoTimestamp": "Timestamp",
    "MediaInfoPixelFormat": "Pixel format",
    "MediaInfoBitDepth": "Bit depth",
    "MediaInfoSampleRate": "Sample rate",
    "MediaInfoBitrate": "Bitrate",
    "MediaInfoChannels": "Channels",
    "MediaInfoLayout": "Layout",
    "MediaInfoLanguage": "Language",
    "MediaInfoCodec": "Codec",
    "MediaInfoProfile": "Profile",
    "MediaInfoLevel": "Level",
    "MediaInfoAspectRatio": "Aspect ratio",
    "MediaInfoResolution": "Resolution",
    "MediaInfoAnamorphic": "Anamorphic",
    "MediaInfoInterlaced": "Interlaced",
    "MediaInfoFramerate": "Framerate",
    "MediaInfoStreamTypeAudio": "Audio",
    "MediaInfoStreamTypeData": "Data",
    "MediaInfoStreamTypeVideo": "Video",
    "MediaInfoStreamTypeSubtitle": "Subtitle",
    "MediaInfoStreamTypeEmbeddedImage": "Embedded Image",
    "ButtonLearnMore": "Learn more",
    "MediaInfoRefFrames": "Ref frames",
    "TabPlayback": "Playback",
    "HeaderSelectCustomIntrosPath": "Select Custom Intros Path",
    "HeaderRateAndReview": "Rate and Review",
    "HeaderThankYou": "Thank You",
    "MessageThankYouForYourReview": "Thank you for your review.",
    "LabelYourRating": "Your rating:",
    "LabelFullReview": "Full review:",
    "LabelShortRatingDescription": "Short rating summary:",
    "OptionIRecommendThisItem": "I recommend this item",
    "WebClientTourContent": "View your recently added media, next episodes, and more. The green circles indicate how many unplayed items you have.",
    "WebClientTourMovies": "Play movies, trailers and more from any device with a web browser",
    "WebClientTourMouseOver": "Hold the mouse over any poster for quick access to important information",
    "WebClientTourTapHold": "Tap and hold or right click any poster for a context menu",
    "WebClientTourMetadataManager": "Click edit to open the metadata manager",
    "WebClientTourPlaylists": "Easily create playlists and instant mixes, and play them on any device",
    "WebClientTourCollections": "Create movie collections to group box sets together",
    "WebClientTourUserPreferences1": "User preferences allow you to customize the way your library is presented in all of your Emby apps",
    "WebClientTourUserPreferences2": "Configure your audio and subtitle language settings once, for every Emby app",
    "WebClientTourUserPreferences3": "Design the web client home page to your liking",
    "WebClientTourUserPreferences4": "Configure backdrops, theme songs and external players",
    "WebClientTourMobile1": "The web client works great on smartphones and tablets...",
    "WebClientTourMobile2": "and easily controls other devices and Emby apps",
    "MessageEnjoyYourStay": "Enjoy your stay",
    "ButtonTakeTheTour": "Mach d'Tour",
    "DashboardTourDashboard": "The server dashboard allows you to monitor your server and your users. You'll always know who is doing what and where they are.",
    "DashboardTourUsers": "Easily create user accounts for your friends and family, each with their own permissions, library access, parental controls and more.",
    "DashboardTourCinemaMode": "Cinema mode brings the theater experience straight to your living room with the ability to play trailers and custom intros before the main feature.",
    "DashboardTourChapters": "Enable chapter image generation for your videos for a more pleasing presentation while viewing.",
    "DashboardTourSubtitles": "Automatically download subtitles for your videos in any language.",
    "DashboardTourPlugins": "Install plugins such as internet video channels, live tv, metadata scanners, and more.",
    "DashboardTourNotifications": "Automatically send notifications of server events to your mobile device, email and more.",
    "DashboardTourScheduledTasks": "Easily manage long running operations with scheduled tasks. Decide when they run, and how often.",
    "DashboardTourMobile": "The Emby Server dashboard works great on smartphones and tablets. Manage your server from the palm of your hand anytime, anywhere.",
    "MessageRefreshQueued": "Refresh queued",
    "TabDevices": "Devices",
    "DeviceLastUsedByUserName": "Last used by {0}",
    "HeaderDeleteDevice": "Delete Device",
    "DeleteDeviceConfirmation": "Are you sure you wish to delete this device? It will reappear the next time a user signs in with it.",
    "LabelEnableCameraUploadFor": "Enable camera upload for:",
    "HeaderSelectUploadPath": "Select Upload Path",
    "LabelEnableCameraUploadForHelp": "Uploads will occur automatically in the background when signed into Emby.",
    "ErrorMessageStartHourGreaterThanEnd": "End time must be greater than the start time.",
    "ButtonLibraryAccess": "Library access",
    "ButtonParentalControl": "Parental control",
    "OptionEveryday": "Every day",
    "HeaderLoginFailure": "Login Failure",
    "HeaderInvitationSent": "Invitation Sent",
    "MessageInvitationSentToUser": "An email has been sent to {0}, inviting them to accept your sharing invitation.",
    "MessageInvitationSentToNewUser": "An email has been sent to {0} inviting them to sign up with Emby.",
    "HeaderConnectionFailure": "Connection Failure",
    "MessageUnableToConnectToServer": "We're unable to connect to the selected server right now. Please ensure it is running and try again.",
    "ButtonSelectServer": "Select Server",
    "MessagePluginConfigurationRequiresLocalAccess": "To configure this plugin please sign in to your local server directly.",
    "MessageLoggedOutParentalControl": "Access is currently restricted. Please try again later.",
    "HeaderLibraryAccess": "Library Access",
    "HeaderChannelAccess": "Channel Access",
    "DefaultErrorMessage": "There was an error processing the request. Please try again later.",
    "ButtonAccept": "Accept",
    "ButtonReject": "Reject",
    "HeaderForgotPassword": "Forgot Password",
    "MessageContactAdminToResetPassword": "Please contact your system administrator to reset your password.",
    "MessageForgotPasswordInNetworkRequired": "Please try again within your home network to initiate the password reset process.",
    "MessageForgotPasswordFileCreated": "The following file has been created on your server and contains instructions on how to proceed:",
    "MessageForgotPasswordFileExpiration": "The reset pin will expire at {0}.",
    "MessageInvalidForgotPasswordPin": "An invalid or expired pin was entered. Please try again.",
    "MessagePasswordResetForUsers": "Passwords have been removed for the following users. To login, sign in with a blank password.",
    "HeaderPasswordReset": "Password Reset",
    "OptionPosterCard": "Postercharte",
    "OptionThumbCard": "Thumbcharte",
    "HeaderInviteGuest": "Invite Guest",
    "MessageConnectAccountRequiredToInviteGuest": "In order to invite guests you need to first link your Emby account to this server.",
    "HeaderAddTag": "Add Tag",
    "LabelTag": "Tag:",
    "SyncMedia": "Sync Media",
    "HeaderCancelSyncJob": "Cancel Sync",
    "CancelSyncJobConfirmation": "Cancelling the sync job will remove synced media from the device during the next sync process. Are you sure you wish to proceed?",
    "MessagePleaseSelectDeviceToSyncTo": "Please select a device to sync to.",
    "MessageSyncJobCreated": "Sync job created.",
    "LabelSyncTo": "Sync to:",
    "LabelSyncJobName": "Sync job name:",
    "LabelQuality": "Quality:",
    "TitleSync": "Sync",
    "HeaderSettings": "Settings",
    "OptionAutomaticallySyncNewContent": "Automatically sync new content",
    "OptionAutomaticallySyncNewContentHelp": "New content added to will be automatically synced to the device.",
    "OptionSyncUnwatchedVideosOnly": "Sync unwatched videos only",
    "OptionSyncUnwatchedVideosOnlyHelp": "Only unwatched videos will be synced, and videos will be removed from the device as they are watched.",
    "LabelBirthDate": "Birth date:",
    "LabelItemLimit": "Item limit:",
    "LabelItemLimitHelp": "Optional. Set a limit to the number of items that will be synced.",
    "MessageBookPluginRequired": "Requires installation of the Bookshelf plugin",
    "MessageGamePluginRequired": "Requires installation of the GameBrowser plugin",
    "ButtonHelp": "Help",
    "DashboardTourHelp": "In-app help provides easy buttons to open wiki pages relating to the on-screen content.",
    "FolderTypeUnset": "Unset (mixed content)",
    "MessageUnsetContentHelp": "Content will be displayed as plain folders. For best results use the metadata manager to set the content types of sub-folders.",
    "HeaderDeviceAccess": "Gr\u00e4t Zuegriff",
    "HeaderSelectDevices": "Select Devices",
    "MessageNoSyncJobsFound": "No sync jobs found. Create sync jobs using the Sync buttons found throughout the web interface.",
    "LabelContentTypeValue": "Content type: {0}",
    "SyncJobItemStatusQueued": "Queued",
    "SyncJobItemStatusConverting": "Converting",
    "SyncJobItemStatusTransferring": "Transferring",
    "SyncJobItemStatusSynced": "Synced",
    "SyncJobItemStatusFailed": "Failed",
    "SyncJobItemStatusRemovedFromDevice": "Removed from device",
    "SyncJobItemStatusCancelled": "Cancelled",
    "MessagePleaseAcceptTermsOfServiceBeforeContinuing": "Please accept the terms of service before continuing.",
    "ButtonUninstall": "Uninstall",
    "HeaderWelcomeBack": "Welcome back!",
    "ButtonTakeTheTourToSeeWhatsNew": "Take the tour to see what's new",
    "HeaderDevices": "Devices",
    "LabelLocalAccessUrl": "Local access: {0}",
    "TabExpert": "Expert",
    "TabExtras": "Extras",
    "TitleNotifications": "Mitteilige",
    "MessageThankYouForSupporting": "Thank you for supporting Emby.",
    "ButtonCancelItem": "Cancel item",
    "ButtonQueueForRetry": "Queue for retry",
    "ButtonReenable": "Re-enable",
    "SyncJobItemStatusSyncedMarkForRemoval": "Marked for removal",
    "ButtonMarkForRemoval": "Remove from device",
    "ButtonUnmarkForRemoval": "Cancel removal from device",
    "MessageConfirmSyncJobItemCancellation": "Are you sure you wish to cancel this item?",
    "HeaderLibraries": "Libraries",
    "ButtonScheduledTasks": "Scheduled tasks",
    "ConfirmMessageScheduledTaskButton": "This operation normally runs automatically as a scheduled task and does not require any manual effort. To configure the scheduled task, see:",
    "ValueDateCreated": "Date created: {0}",
    "MessageItemsAdded": "Items added",
    "ButtonAddToCollection": "Add to collection",
    "HeaderSelectCertificatePath": "Select Certificate Path",
    "HeaderSelectPath": "Select Path",
    "LabelCollection": "Collection",
    "TextEnjoyBonusFeatures": "Erleb di ganze Bonis",
    "PinCodeResetComplete": "The pin code has been reset.",
    "PinCodeResetConfirmation": "Are you sure you wish to reset the pin code?",
    "HeaderPinCodeReset": "Reset Pin Code",
    "SyncJobStatusQueued": "Queued",
    "SyncJobStatusCompleted": "Synced",
    "SyncJobStatusCompletedWithError": "Synced with errors",
    "SyncJobStatusConverting": "Converting",
    "SyncJobStatusFailed": "Failed",
    "SyncJobStatusCancelled": "Cancelled",
    "SyncJobStatusTransferring": "Transferring",
    "ValueItemCount": "{0} item",
    "ValueItemCountPlural": "{0} items",
    "SyncJobStatusReadyToTransfer": "Ready to Transfer",
    "SyncJobItemStatusReadyToTransfer": "Ready to Transfer",
    "LabelSyncNoTargetsHelp": "It looks like you don't currently have any apps that support sync.",
    "WebClientTourMySync": "Sync your personal media to your devices for offline viewing.",
    "DashboardTourSync": "Sync your personal media to your devices for offline viewing.",
    "ValueTimeLimitSingleHour": "Time limit: 1 hour",
    "ValueTimeLimitMultiHour": "Time limit: {0} hours",
    "HeaderPlaybackError": "Playback Error",
    "MessagePlaybackErrorNotAllowed": "You're currently not authorized to play this content. Please contact your system administrator for details.",
    "MessagePlaybackErrorNoCompatibleStream": "No compatible streams are currently available. Please try again later or contact your system administrator for details.",
    "MessagePlaybackErrorRateLimitExceeded": "Your playback rate limit has been exceeded. Please contact your system administrator for details.",
    "PluginCategoryGeneral": "General",
    "PluginCategoryContentProvider": "Content Providers",
    "PluginCategoryScreenSaver": "Screen Savers",
    "PluginCategoryTheme": "Themes",
    "PluginCategorySync": "Sync",
    "PluginCategorySocialIntegration": "Social Networks",
    "PluginCategoryNotifications": "Notifications",
    "PluginCategoryMetadata": "Metadata",
    "PluginCategoryLiveTV": "Live TV",
    "PluginCategoryChannel": "Channels",
    "TitlePlugins": "Plugins",
    "ValueStatus": "Status: {0}",
    "MessageErrorLoadingSupporterInfo": "There was an error loading Emby Premiere information. Please try again later.",
    "MessageLinkYourSupporterKey": "Link your Emby Premiere key with up to {0} Emby Connect members to enjoy free access to the following apps:",
    "HeaderConfirmRemoveUser": "Remove User",
    "MessageConfirmRemoveConnectSupporter": "Are you sure you wish to remove additional Emby Premiere benefits from this user?",
    "LabelProfile": "Profile:",
    "LabelBitrateMbps": "Bitrate (Mbps):",
    "MessageSwipeDownOnRemoteControl": "Welcome to remote control. Select the device to control by clicking the cast icon in the upper right corner. Swipe down anywhere on this screen to go back to where you came from.",
    "MessagePleaseSupportProject": "Please support Emby.",
    "HeaderWelcomeToProjectServerDashboard": "Welcome to the Emby Server Dashboard",
    "HeaderWelcomeToProjectWebClient": "Welcome to Emby",
    "HeaderEmbyAccountAdded": "Emby Account Added",
    "MessageEmbyAccountAdded": "The Emby account has been added to this user.",
    "MessagePendingEmbyAccountAdded": "The Emby account has been added to this user. An email will be sent to the owner of the account. The invitation will need to be confirmed by clicking a link within the email.",
    "HeaderEmbyAccountRemoved": "Emby Account Removed",
    "MessageEmbyAccontRemoved": "The Emby account has been removed from this user.",
    "TooltipLinkedToEmbyConnect": "Linked to Emby Connect",
    "ButtonLinkMyEmbyAccount": "Link my account now",
    "MessagePlaybackErrorPlaceHolder": "The content chosen is not playable from this device.",
    "OptionWeekend": "Weekends",
    "OptionWeekday": "Weekdays",
    "HeaderSync": "synchronisiere",
    "MessageChromecastConnectionError": "Your Chromecast receiver is unable to connect to your Emby Server. Please check their connections and try again.",
    "HeaderMyMedia": "My Media",
    "HeaderSelectDate": "Select Date",
    "EmbyIntroDownloadMessage": "To download and install Emby Server visit {0}.",
    "ButtonNewServer": "New Server",
    "ButtonSignInWithConnect": "Sign in with Emby Connect",
    "HeaderNewServer": "New Server",
    "MyDevice": "My Device",
    "ButtonRemote": "Remote",
    "TabCast": "Cast",
    "TabScenes": "Scenes",
    "HeaderUnlockApp": "Unlock App",
    "MessageUnlockAppWithPurchaseOrSupporter": "Unlock this feature with a small one-time purchase, or with an active Emby Premiere subscription.",
    "MessageUnlockAppWithSupporter": "Unlock this feature with an active Emby Premiere subscription.",
    "MessageToValidateSupporter": "If you have an active Emby Premiere subscription, simply sign into the app using your Wifi connection within your home network.",
    "MessagePaymentServicesUnavailable": "Payment services are currently unavailable. Please try again later.",
    "MessagePleaseSignInLocalNetwork": "Before proceeding, please ensure that you're connected to your local network using a Wifi or LAN connection.",
    "ButtonUnlockWithPurchase": "Unlock with Purchase",
    "MessageLiveTvGuideRequiresUnlock": "The Live TV Guide is currently limited to {0} channels. Click the unlock button to learn how to enjoy the full experience.",
    "OptionEnableFullscreen": "Enable Fullscreen",
    "ButtonServer": "Server",
    "HeaderAdmin": "Admin",
    "HeaderLibrary": "Library",
    "HeaderMedia": "Media",
    "ButtonInbox": "Inbox",
    "ButtonUnlockPrice": "Unlock {0}",
    "HeaderSaySomethingLike": "Say Something Like...",
    "ButtonTryAgain": "Try Again",
    "HeaderYouSaid": "You Said...",
    "MessageWeDidntRecognizeCommand": "We're sorry, we didn't recognize that command.",
    "MessageIfYouBlockedVoice": "If you denied voice access to the app you'll need to reconfigure before trying again.",
    "MessageNoItemsFound": "No items found.",
    "ButtonManageServer": "Manage Server",
    "ButtonPreferences": "Preferences",
    "ButtonViewArtist": "View artist",
    "ButtonViewAlbum": "View album",
    "ButtonCancelSyncJob": "Cancel sync",
    "HeaderGroupVersions": "Group Versions",
    "ErrorMessagePasswordNotMatchConfirm": "The password and password confirmation must match.",
    "ErrorMessageUsernameInUse": "The username is already in use. Please choose a new name and try again.",
    "ErrorMessageEmailInUse": "The email address is already in use. Please enter a new email address and try again, or use the forgot password feature.",
    "MessageThankYouForConnectSignUp": "Thank you for signing up for Emby Connect. An email will be sent to your address with instructions on how to confirm your new account. Please confirm the account and then return here to sign in.",
    "HeaderShare": "Share",
    "ButtonShareHelp": "Share a web page containing media information with social media. Media files are never shared publicly.",
    "ButtonShare": "Share",
    "HeaderConfirm": "Confirm",
    "MessageConfirmDeleteTunerDevice": "Are you sure you wish to delete this device?",
    "MessageConfirmDeleteGuideProvider": "Are you sure you wish to delete this guide provider?",
    "HeaderDeleteProvider": "Delete Provider",
    "HeaderAddProvider": "Add Provider",
    "ErrorAddingTunerDevice": "There was an error adding the tuner device. Please ensure it is accessible and try again.",
    "ErrorSavingTvProvider": "There was an error saving the TV provider. Please ensure it is accessible and try again.",
    "ErrorGettingTvLineups": "There was an error downloading tv lineups. Please ensure your information is correct and try again.",
    "MessageCreateAccountAt": "Create an account at {0}",
    "ErrorPleaseSelectLineup": "Please select a lineup and try again. If no lineups are available, then please check that your username, password, and postal code is correct.",
    "HeaderTryCinemaMode": "Try Cinema Mode",
    "ButtonBecomeSupporter": "Get Emby Premiere",
    "ButtonClosePlayVideo": "Close and play my media",
    "MessageDidYouKnowCinemaMode": "Did you know that with Emby Premiere, you can enhance your experience with features like Cinema Mode?",
    "MessageDidYouKnowCinemaMode2": "Cinema Mode gives you the true cinema experience with trailers and custom intros before the main feature.",
    "ButtonMoreItems": "More...",
    "MessageDirectoryPickerBSDInstruction": "For BSD, you may need to configure storage within your FreeNAS Jail in order to allow Emby to access it.",
    "OptionEnableDisplayMirroring": "Enable display mirroring",
    "HeaderSyncRequiresSupporterMembershipAppVersion": "Sync requires connecting to an Emby Server with an active Emby Premiere subscription.",
    "HeaderSyncRequiresSupporterMembership": "Sync requires an active Emby Premiere subscription.",
    "ErrorValidatingSupporterInfo": "There was an error validating your Emby Premiere information. Please try again later.",
    "LabelLocalSyncStatusValue": "Status: {0}",
    "MessageSyncStarted": "Sync started",
    "HeaderEnabledFields": "Enabled Fields",
    "HeaderEnabledFieldsHelp": "Uncheck a field to lock it and prevent it's data from being changed.",
    "NoSlideshowContentFound": "No slideshow images were found.",
    "OptionPhotoSlideshow": "Photo slideshow",
    "OptionBackdropSlideshow": "Backdrop slideshow",
    "HeaderTopPlugins": "Top Plugins",
    "ButtonOther": "Other",
    "ForAdditionalLiveTvOptions": "For additional Live TV providers, click on the External Services tab to see the available options.",
    "ButtonMenu": "Menu",
    "ButtonGuide": "Guide",
    "ButtonRecordedTv": "Recorded TV",
    "ButtonDisconnect": "Disconnect",
    "HeaderDisconnectFromPlayer": "Disconnect from Player",
    "ConfirmEndPlayerSession": "Would you like to shutdown the app on the remote device?",
    "ButtonYes": "Yes",
    "ButtonNo": "No",
    "HeaderBlockItemsWithNoRating": "Block content with no rating information:",
    "ButtonRestorePreviousPurchase": "Restore Purchase",
    "LabelAutomaticUpdateLevel": "Automatic update level:",
    "LabelAutomaticUpdateLevelForPlugins": "Automatic update level for plugins:",
    "ButtonRemoveFromCollection": "Remove from Collection",
    "ButtonSelectView": "Select view",
    "ButtonEditSubtitles": "Edit subtitles",
    "HeaderUploadImage": "Upload Image",
    "ButtonForYou": "For You",
    "ButtonLibrary": "Library",
    "ButtonNowPlaying": "Now Playing",
    "ButtonViewNewApp": "View new app",
    "HeaderEmbyForAndroidHasMoved": "Emby for Android has moved!",
    "MessageEmbyForAndroidHasMoved": "Emby for Android has moved to a new home in the app store. Please consider checking out the new app. You may continue to use this app for as long as you wish.",
    "ButtonSignOut": "Sign Out",
    "EmbyPremiereMonthlyWithPrice": "Emby Premiere Monthly {0}",
    "HeaderEmailAddress": "E-Mail Address",
    "TextPleaseEnterYourEmailAddressForSubscription": "Please enter your e-mail address.",
    "HeaderUnlockSync": "Unlock Emby Sync",
    "AutoOrganizeError": "Error Organizing File",
    "ErrorOrganizingFileWithErrorCode": "There was an error organizing the file. Error code: {0}.",
    "EmbyPremiereMonthly": "Emby Premiere Monthly",
    "MessageDirectoryPickerLinuxInstruction": "For Linux, you must grant the Emby system user at least read access to your storage locations.",
    "LoginDisclaimer": "Emby is designed to help you manage your personal media library, such as home videos and photos. Please see our terms of use. Downloading any Emby software constitutes acceptance of these terms.",
    "TermsOfUse": "Terms of use",
    "ButtonEditImages": "Edit images",
    "HeaderTryMultiSelect": "Try Multi-Select",
    "TryMultiSelectMessage": "To edit multiple media items, just click and hold any poster and select the items you want to manage. Try it!",
    "ButtonChangeContentType": "Change content type",
    "NumLocationsValue": "{0} folders",
    "ButtonAddMediaLibrary": "Add Media Library",
    "ButtonManageFolders": "Manage folders",
    "HeaderTryDragAndDrop": "Try Drag and Drop",
    "TryDragAndDropMessage": "To re-arrange playlist items, just drag and drop. Try it!",
    "HeaderTryMicrosoftEdge": "Try Microsoft Edge",
    "MessageTryMicrosoftEdge": "For a better experience on Windows 10, try the new Microsoft Edge Browser.",
    "MessageTheSelectedItemsWillBeGrouped": "The selected videos will be grouped into one virtual item. Emby apps will automatically choose which version to play based on device and network performance. Are you sure you wish to continue?",
    "ErrorAddingListingsToSchedulesDirect": "There was an error adding the lineup to your Schedules Direct account. Schedules Direct only allows a limited number of lineups per account. You may need to log into the Schedules Direct website and remove others listings from your account before proceeeding.",
    "PleaseAddAtLeastOneFolder": "Please add at least one folder to this library by clicking the Add button.",
    "ErrorAddingMediaPathToVirtualFolder": "There was an error adding the media path. Please ensure the path is valid and the Emby Server process has access to that location.",
    "ErrorRemovingEmbyConnectAccount": "There was an error removing the Emby Connect account. Please ensure you have an active internet connection and try again.",
    "ErrorAddingEmbyConnectAccount": "There was an error adding the Emby Connect account. Please ensure the Emby account has been activated by following the instructions in the email sent after creating the account. If this email was not received please send an email to apps@emby.media from the email address used with the Emby account.",
    "MessageTheFollowingItemsWillBeGrouped": "The following titles will be grouped into one item:",
    "MessageConfirmItemGrouping": "Emby apps will automatically choose the optimal version to play based on device and network performance. Are you sure you wish to continue?"
}