{
    "OptionSmartSubtitles": "Smart",
    "OptionSmartSubtitlesHelp": "Subtitles matching the language preference will be loaded when the audio is in a foreign language.",
    "LabelExit": "Avslutt",
    "LabelVisitCommunity": "Bes\u00f8k oss",
    "LabelGithub": "Github",
    "LabelSwagger": "Swagger",
    "LabelStandard": "Standard",
    "LabelApiDocumentation": "API-dokumentasjon",
    "LabelDeveloperResources": "Ressurser for Utviklere",
    "LabelBrowseLibrary": "Browse biblioteket",
    "LabelConfigureServer": "Konfigurer Emby",
    "LabelOpenLibraryViewer": "\u00c5pne Biblioteket",
    "LabelRestartServer": "Restart serveren",
    "LabelShowLogWindow": "Se logg-vinduet",
    "LabelPrevious": "Forrige",
    "LabelFinish": "Ferdig",
    "LabelNext": "Neste",
    "LabelYoureDone": "Ferdig!",
    "WelcomeToProject": "Velkommen til Emby",
    "ThisWizardWillGuideYou": "Denne wizarden vil guide deg gjennom server-konfigurasjonen. For \u00e5 begynne, vennligst velg spr\u00e5k.",
    "TellUsAboutYourself": "Fortell om deg selv",
    "ButtonQuickStartGuide": "Hurtigstartveiledning",
    "LabelYourFirstName": "Ditt fornavn",
    "MoreUsersCanBeAddedLater": "Du kan legge til flere brukere senere via Dashbord",
    "UserProfilesIntro": "Emby har innebygd st\u00f8tte for brukerprofiler, slik at hver bruker har sine egne skjerminnstillinger, playstation og foreldrekontroll.",
    "LabelWindowsService": "Windows Service",
    "AWindowsServiceHasBeenInstalled": "Windows Service har blitt installert",
    "WindowsServiceIntro1": "Emby Server normalt kj\u00f8rer som en desktop applikasjon, men hvis du foretrekker \u00e5 kj\u00f8re det som en bakgrunnstjeneste, kan det  i stedet startes fra Windows Services i kontrollpanelet.",
    "WindowsServiceIntro2": "Hvis du bruker Windows, v\u00e6r oppmerksom p\u00e5 at det ikke kan kj\u00f8res samtidig som ikonet, slik at du trenger \u00e5 g\u00e5 ut av \"trayen\" for \u00e5 kj\u00f8re tjenesten. Tjenesten m\u00e5 ogs\u00e5 konfigureres med administratorrettigheter via kontrollpanelet. V\u00e6r oppmerksom p\u00e5 at p\u00e5 denne tiden tjenesten ikke er i stand til selv-oppdatering, s\u00e5 nye versjoner vil kreve manuell interaksjon.",
    "WizardCompleted": "Det er alt vi trenger for n\u00e5. Emby har begynt \u00e5 samle informasjon om mediebiblioteket. Sjekk ut noen av v\u00e5re programmer, og klikk deretter <b> Fullf\u00f8r <\/b> for \u00e5 se <b> Server Dashboard<\/b>.",
    "LabelConfigureSettings": "Konfigurer innstillinger",
    "LabelEnableVideoImageExtraction": "Aktiv\u00e9r uthenting av stillbilder fra video",
    "VideoImageExtractionHelp": "For videoer som ikke allerede har bilder, og som vi ikke klarer \u00e5 finne internettbilder for. Dette gj\u00f8r at det f\u00f8rste biblioteks\u00f8ket tar noe lenger tid, men vil resultere i en mer tiltalende presentasjon.",
    "LabelEnableChapterImageExtractionForMovies": "Generer kapittelbilde for Filmer",
    "LabelChapterImageExtractionForMoviesHelp": "Uthenting av kapittelbilder gj\u00f8r klientene i stand til \u00e5 vise grafiske menyer for valg av scene. Prosessen kan v\u00e6re treg, CPU-intensiv og kan kreve sv\u00e6rt mange gigabytes lagringsplass. Dette kj\u00f8res som en nattlig oppgave, og kan konfigureres under Planlagte Aktiviteter. Det anbefales ikke \u00e5 kj\u00f8re denne jobben n\u00e5r serveren brukes til annet.",
    "LabelEnableAutomaticPortMapping": "Sl\u00e5 p\u00e5 automatisk port-mapping",
    "LabelEnableAutomaticPortMappingHelp": "UPnP tillater automatisert router-konfigurasjon for enkel ekstern tilgang. Denne funksjonen st\u00f8ttes ikke av alle routere.",
    "HeaderTermsOfService": "Emby vilk\u00e5r for bruk.",
    "MessagePleaseAcceptTermsOfService": "Vennligst aksepter v\u00e5re servicevilk\u00e5r og personvernpolicy f\u00f8r du fortsetter.",
    "OptionIAcceptTermsOfService": "Jeg aksepterer servicevilk\u00e5rene",
    "ButtonPrivacyPolicy": "Personvernpolicy",
    "ButtonTermsOfService": "Servicevilk\u00e5r",
    "HeaderDeveloperOptions": "Utvikler-innstillinger",
    "OptionEnableWebClientResponseCache": "Aktiver webklient respons-caching",
    "OptionDisableForDevelopmentHelp": "Konfigurer disse i forbindelse med utvikling av web-klienten.",
    "OptionEnableWebClientResourceMinification": "Aktiver ressursminimering for webklient",
    "LabelDashboardSourcePath": "Webklient kildesti:",
    "LabelDashboardSourcePathHelp": "Hvis serveren kj\u00f8rer fra kildekode, angi sti til mappe for dashboard-ui. Alle filer for webklienten kommer fra denne mappen.",
    "ButtonConvertMedia": "Konverter media",
    "ButtonOrganize": "Organiser",
    "LinkedToEmbyConnect": "Knyttet til Emby Connect.",
    "HeaderSupporterBenefits": "Emby Premiere Benefits",
    "HeaderAddUser": "Ny bruker",
    "LabelAddConnectSupporterHelp": "For \u00e5 legge til en bruker som ikke er oppf\u00f8rt, m\u00e5 du f\u00f8rst koble sin konto til Emby Connect fra deres brukerprofilside.",
    "LabelPinCode": "Pin kode:",
    "OptionHideWatchedContentFromLatestMedia": "Skjul sett innhold fra siste media.",
    "HeaderSync": "Synk.",
    "ButtonOk": "Ok",
    "ButtonCancel": "Avbryt",
    "ButtonExit": "Avslutt",
    "ButtonNew": "Ny",
    "HeaderTV": "TV",
    "HeaderAudio": "Lyd",
    "HeaderVideo": "Video",
    "HeaderPaths": "Stier",
    "CategorySync": "Synk",
    "TabPlaylist": "Spilleliste",
    "HeaderEasyPinCode": "Enkel PIN-kode",
    "HeaderGrownupsOnly": "Bare for voksne!",
    "DividerOr": "-- eller --",
    "HeaderInstalledServices": "Installerte programtillegg",
    "HeaderAvailableServices": "Tilgjengelige tjenester",
    "MessageNoServicesInstalled": "Ingen programtillegg er installert.",
    "HeaderToAccessPleaseEnterEasyPinCode": "Oppgi din enkle PIN-kode for \u00e5 f\u00e5 tilgang",
    "KidsModeAdultInstruction": "Klikk p\u00e5 l\u00e5s-ikonet nede til h\u00f8yre for \u00e5 konfigurere eller forlate barnamodus. PIN-koden vil v\u00e6re n\u00f8dvendig.",
    "ButtonConfigurePinCode": "Konfigurer PIN-kode",
    "HeaderAdultsReadHere": "Voksne les her!",
    "RegisterWithPayPal": "Registrer med PayPal",
    "HeaderEnjoyDayTrial": "Hygg deg med en 14-dagers gratis pr\u00f8veperiode",
    "LabelSyncTempPath": "Midlertidig fil-sti:",
    "LabelSyncTempPathHelp": "Spesifiser din egen synk-mappe. Konverterte mediefiler opprettet ved synkronisering vil lagres her.",
    "LabelCustomCertificatePath": "Sti for eget sertifikat:",
    "LabelCustomCertificatePathHelp": "Angi ditt eget SSL-sertifikats .ptx-fil. Hvis feltet er blankt vil serveren opprette et eget selv-signert sertifikat.",
    "TitleNotifications": "Beskjeder",
    "OptionDetectArchiveFilesAsMedia": "Behandle arkivfiler som media",
    "OptionDetectArchiveFilesAsMediaHelp": "Hvis aktivert blir .rar- og .zipfiler behandlet som mediafiler.",
    "LabelEnterConnectUserName": "Brukernavn eller epostadresse:",
    "LabelEnterConnectUserNameHelp": "This is your Emby online account username or email.",
    "LabelEnableEnhancedMovies": "Aktiver forbedrede filmvisning",
    "LabelEnableEnhancedMoviesHelp": "N\u00e5r den er aktivert, vil filmene bli vist som mapper for \u00e5 inkludere trailere, statister, cast og crew, og annet relatert innhold.",
    "HeaderSyncJobInfo": "Synk.jobb",
    "FolderTypeMixed": "Blandet innhold",
    "FolderTypeMovies": "Filmer",
    "FolderTypeMusic": "Musikk",
    "FolderTypeAdultVideos": "Voksen-videoer",
    "FolderTypePhotos": "Foto",
    "FolderTypeMusicVideos": "Musikk-videoer",
    "FolderTypeHomeVideos": "Hjemme-videoer",
    "FolderTypeGames": "Spill",
    "FolderTypeBooks": "B\u00f8ker",
    "FolderTypeTvShows": "TV",
    "FolderTypeInherit": "Arve",
    "LabelContentType": "Innholdstype:",
    "TitleScheduledTasks": "Planlagt oppgaver",
    "HeaderSetupLibrary": "Setup your media libraries",
    "ButtonAddMediaFolder": "Legg til media-mappe",
    "LabelFolderType": "Mappetype",
    "ReferToMediaLibraryWiki": "Se i wik for media-biblioteket.",
    "LabelCountry": "Land:",
    "LabelLanguage": "Spr\u00e5k:",
    "LabelTimeLimitHours": "Tidsbegrensning (timer):",
    "ButtonJoinTheDevelopmentTeam": "Bli med i utvikler-teamet",
    "HeaderPreferredMetadataLanguage": "Foretrukket spr\u00e5k for metadata",
    "LabelSaveLocalMetadata": "Lagre cover og metadata i medie-mappene",
    "LabelSaveLocalMetadataHelp": "Lagring av artwork og metadata direkte gjennom mediemapper vil legge dem et sted hvor de lett kan editeres.",
    "LabelDownloadInternetMetadata": "Last ned cover og metadata fra internett",
    "LabelDownloadInternetMetadataHelp": "Emby Server kan laste ned informasjon om mediene for \u00e5 aktivere rike presentasjoner.",
    "TabPreferences": "Preferanser",
    "TabPassword": "Passord",
    "TabLibraryAccess": "Bibliotektilgang",
    "TabAccess": "Tilgang",
    "TabImage": "Bilde",
    "TabProfile": "Profil",
    "TabMetadata": "Metadata",
    "TabImages": "Bilder",
    "TabNotifications": "Varslinger",
    "TabCollectionTitles": "Titler",
    "HeaderDeviceAccess": "Enhetstilgang",
    "OptionEnableAccessFromAllDevices": "Gi tilgang fra alle enheter",
    "OptionEnableAccessToAllChannels": "Gi tilgang til alle kanaler",
    "OptionEnableAccessToAllLibraries": "Gi tilgang til alle bibliotek",
    "DeviceAccessHelp": "Dette gjelder bare for enheter som som kan unikt identifiseres og vil ikke forindre tilgang fra nettleser. Filtrering av brukerens enhet vil forhindre dem fra \u00e5 bruke nye enheter inntil de har blitt godkjent her.",
    "LabelDisplayMissingEpisodesWithinSeasons": "Vis episoder som mangler fra sesongen",
    "LabelUnairedMissingEpisodesWithinSeasons": "Vis episoder som enn\u00e5 ikke har blitt sendt",
    "HeaderVideoPlaybackSettings": "Innstillinger for video-avspilling",
    "HeaderPlaybackSettings": "Avspillingsinnstillinger",
    "LabelAudioLanguagePreference": "Foretrukket lydspor:",
    "LabelSubtitleLanguagePreference": "Foretrukket undertekst:",
    "OptionDefaultSubtitles": "Standard",
    "OptionOnlyForcedSubtitles": "Kun tvungede undertekster",
    "OptionAlwaysPlaySubtitles": "Alltid vis undertekster",
    "OptionNoSubtitles": "Ingen undertekster",
    "OptionDefaultSubtitlesHelp": "Undertekster som samsvarer med foretrukket spr\u00e5k vil bli vist n\u00e5r lyden er p\u00e5 et fremmed spr\u00e5k.",
    "OptionOnlyForcedSubtitlesHelp": "Kun undertekster markert som tvunget vil bli vist.",
    "OptionAlwaysPlaySubtitlesHelp": "Undertekster som samsvarer med foretrukket spr\u00e5k vil bli vist uavhengig lydens spr\u00e5k.",
    "OptionNoSubtitlesHelp": "Undertekster vil ikke bli lastet som standard.",
    "TabProfiles": "Profiler",
    "TabSecurity": "Sikkerhet",
    "ButtonAddUser": "Ny bruker",
    "ButtonAddLocalUser": "Legg til lokal bruker",
    "ButtonInviteUser": "Invit\u00e9r Bruker",
    "ButtonSave": "Lagre",
    "ButtonResetPassword": "Tilbakestill passord",
    "LabelNewPassword": "Nytt passord:",
    "LabelNewPasswordConfirm": "Bekreft nytt passord:",
    "HeaderCreatePassword": "Lag nytt passord",
    "LabelCurrentPassword": "N\u00e5v\u00e6rende passord:",
    "LabelMaxParentalRating": "Maks tillatt sensur:",
    "MaxParentalRatingHelp": "Innhold med h\u00f8yere aldersgrense vil bli skjult for brukeren",
    "LibraryAccessHelp": "Velg media mappe som skal deles med denne brukren. Administrator vil ha mulighet for \u00e5 endre alle mapper ved \u00e5 bruke metadata behandler.",
    "ChannelAccessHelp": "Velg kanaler som skal deler med denne brukeren. Administratorer har mulighet til \u00e5 editere p\u00e5 alle kanaler som benytter metadata behandleren.",
    "ButtonDeleteImage": "Slett bilde",
    "LabelSelectUsers": "Velg brukere:",
    "ButtonUpload": "Last opp",
    "HeaderUploadNewImage": "Last opp nytt bilde",
    "LabelDropImageHere": "Slipp bilde her",
    "ImageUploadAspectRatioHelp": "1:1 sideforhold anbefales. Kun JPG\/PNG.",
    "MessageNothingHere": "Ingeting her.",
    "MessagePleaseEnsureInternetMetadata": "P\u00e5se at nedlasting av internet-metadata er sl\u00e5tt p\u00e5.",
    "TabSuggested": "Forslag",
    "TabSuggestions": "Forslag",
    "TabLatest": "Siste",
    "TabUpcoming": "Kommer",
    "TabShows": "Show",
    "TabEpisodes": "Episoder",
    "TabGenres": "Sjangre",
    "TabPeople": "Folk",
    "TabNetworks": "Nettverk",
    "HeaderUsers": "Brukere",
    "HeaderFilters": "Filtre",
    "ButtonFilter": "Filter",
    "OptionFavorite": "Favoritter",
    "OptionLikes": "Liker",
    "OptionDislikes": "Misliker",
    "OptionActors": "Skuespillere",
    "OptionGuestStars": "Gjeste-opptredener",
    "OptionDirectors": "Regis\u00f8r",
    "OptionWriters": "Manus",
    "OptionProducers": "Produsent",
    "HeaderResume": "Fortsette",
    "HeaderNextUp": "Neste",
    "NoNextUpItemsMessage": "Ingen funnet. Begyn \u00e5 se det du har",
    "HeaderLatestEpisodes": "Siste episoder",
    "HeaderPersonTypes": "Persontyper:",
    "TabSongs": "Sanger",
    "TabAlbums": "Album",
    "TabArtists": "Artister",
    "TabAlbumArtists": "Album Artister",
    "TabMusicVideos": "Musikk-videoer",
    "ButtonSort": "Sorter",
    "HeaderSortBy": "Sorter etter:",
    "HeaderSortOrder": "Sorter Etter:",
    "OptionPlayed": "Sett",
    "OptionUnplayed": "Ikke sett",
    "OptionAscending": "\u00d8kende",
    "OptionDescending": "Synkende",
    "OptionRuntime": "Spilletid",
    "OptionReleaseDate": "Uttgitt dato",
    "OptionPlayCount": "Antall avspillinger",
    "OptionDatePlayed": "Dato spilt",
    "OptionDateAdded": "Dato lagt til",
    "OptionAlbumArtist": "Album Artist",
    "OptionArtist": "Artist",
    "OptionAlbum": "Album",
    "OptionTrackName": "L\u00e5tnavn",
    "OptionCommunityRating": "Community Rangering",
    "OptionNameSort": "Navn",
    "OptionFolderSort": "Mapper",
    "OptionBudget": "Budsjett",
    "OptionRevenue": "Inntjening",
    "OptionPoster": "Plakat",
    "OptionPosterCard": "Plakatkort",
    "OptionBackdrop": "Bakgrunn",
    "OptionTimeline": "Tidslinje",
    "OptionThumb": "Thumb",
    "OptionThumbCard": "Thumb-kort",
    "OptionBanner": "Banner",
    "OptionCriticRating": "Kritikervurdering",
    "OptionVideoBitrate": "Video bitrate",
    "OptionResumable": "Kan fortsettes",
    "ScheduledTasksHelp": "Klikk p\u00e5 en oppgave for \u00e5 tilpasse tidsplan",
    "ScheduledTasksTitle": "Planlagte Oppgaver",
    "TabMyPlugins": "Mine programtillegg",
    "TabCatalog": "Katalog",
    "TitlePlugins": "Programtillegg",
    "HeaderAutomaticUpdates": "Automatiske oppdateringer",
    "HeaderNowPlaying": "Spiller n\u00e5",
    "HeaderLatestAlbums": "Siste album",
    "HeaderLatestSongs": "Siste l\u00e5ter",
    "HeaderRecentlyPlayed": "Nylig avspilt",
    "HeaderFrequentlyPlayed": "Ofte avspilt",
    "DevBuildWarning": "Dev builds er \u00e5 anses som ustabile. Disse har ikke blitt testet. Dette vil kunne medf\u00f8re til at applikasjonen kan krasje og komplette funksjoner ikke fungerer.",
    "LabelVideoType": "Video-type:",
    "OptionBluray": "Bluray",
    "OptionDvd": "DVD",
    "OptionIso": "ISO",
    "Option3D": "3D",
    "LabelFeatures": "Funksjoner:",
    "LabelService": "Service:",
    "LabelStatus": "Status:",
    "LabelVersion": "Versjon:",
    "LabelLastResult": "Siste resultat:",
    "OptionHasSubtitles": "Undertekster",
    "OptionHasTrailer": "Trailer",
    "OptionHasThemeSong": "Temasang",
    "OptionHasThemeVideo": "Temavideo",
    "TabMovies": "Filmer",
    "TabStudios": "Studio",
    "TabTrailers": "Trailere",
    "LabelArtists": "Artister:",
    "LabelArtistsHelp": "Skill flere med semikolon ;",
    "HeaderLatestMovies": "Siste Filmer",
    "HeaderLatestTrailers": "Siste Trailers",
    "OptionHasSpecialFeatures": "Spesialfunksjoner",
    "OptionImdbRating": "IMDb Rangering",
    "OptionParentalRating": "Foreldresensur",
    "OptionPremiereDate": "Premieredato",
    "TabBasic": "Enkel",
    "TabAdvanced": "Avansert",
    "HeaderStatus": "Status",
    "OptionContinuing": "Fortsetter",
    "OptionEnded": "Avsluttet",
    "HeaderAirDays": "Vises dager",
    "OptionSunday": "S\u00f8ndag",
    "OptionMonday": "Mandag",
    "OptionTuesday": "Tirsdag",
    "OptionWednesday": "Onsdag",
    "OptionThursday": "Torsdag",
    "OptionFriday": "Fredag",
    "OptionSaturday": "L\u00f8rdag",
    "HeaderManagement": "Strying",
    "LabelManagement": "Administrasjon",
    "OptionMissingImdbId": "Mangler IMDb ID",
    "OptionMissingTvdbId": "Mangler TVDB ID",
    "OptionMissingOverview": "Mangler oversikt",
    "OptionFileMetadataYearMismatch": "Fil\/Metadata \u00e5r mismatch",
    "TabGeneral": "Genrelt",
    "TitleSupport": "Support",
    "TabLog": "Logg",
    "TabAbout": "Om",
    "TabSupporterKey": "Emby Premiere Key",
    "TabBecomeSupporter": "Get Emby Premiere",
    "TabEmbyPremiere": "Emby Premiere",
    "ProjectHasCommunity": "Emby har et voksende fellesskap av brukere og bidragsytere.",
    "CheckoutKnowledgeBase": "Sjekk ut v\u00e5r kunnskapsbase for \u00e5 hjelpe deg til \u00e5 f\u00e5 mest mulig ut av Emby.",
    "SearchKnowledgeBase": "S\u00f8k kunnskapsbasen",
    "VisitTheCommunity": "Bes\u00f8k oss",
    "VisitProjectWebsite": "Bes\u00f8k Emby Media",
    "VisitProjectWebsiteLong": "Bes\u00f8k Emby.media for \u00e5 f\u00e5 de siste nyhetene og holde tritt med utviklerbloggen.",
    "OptionHideUser": "Skjul brukere fra logginn-skjermen",
    "OptionHideUserFromLoginHelp": "Praktisk for private eller skjulte administratorer. Brukeren vil m\u00e5tte logge inn manuelt ved \u00e5 skrive inn brukernavn og passord.",
    "OptionDisableUser": "Deaktiver denne brukeren",
    "OptionDisableUserHelp": "Hvis avsl\u00e5tt vil ikke serveren godta noen forbindelser fra denne brukeren. Eksisterende forbindelser vil avsluttes umiddelbart.",
    "HeaderAdvancedControl": "Avansert Kontroll",
    "LabelName": "Navn",
    "ButtonHelp": "Hjelp",
    "OptionAllowUserToManageServer": "TIllatt denne brukeren \u00e5 administrere serveren",
    "HeaderFeatureAccess": "Funksjonstilgang",
    "OptionAllowMediaPlayback": "Tillate avspilling av media",
    "OptionAllowBrowsingLiveTv": "Tillate Live TV",
    "OptionAllowDeleteLibraryContent": "Tillate sletting av media",
    "OptionAllowManageLiveTv": "Tillate administrasjon av Live TV",
    "OptionAllowRemoteControlOthers": "Tillat fjernstyring av andre brukere",
    "OptionAllowRemoteSharedDevices": "Tillate fjernstyring av delte enheter",
    "OptionAllowRemoteSharedDevicesHelp": "DLNA-enheter betraktes som delte inntil en bruker begynner \u00e5 styre dem.",
    "OptionAllowLinkSharing": "Tillat deling p\u00e5 sosiale media",
    "OptionAllowLinkSharingHelp": "Only web pages containing media information are shared. Media files are never shared publicly. Shares are time-limited and will expire based on your server sharing settings.",
    "HeaderSharing": "Sharing",
    "HeaderRemoteControl": "Fjernstyring",
    "OptionMissingTmdbId": "Mangler Tmdb ID",
    "OptionIsHD": "HD",
    "OptionIsSD": "SD",
    "OptionMetascore": "Metascore",
    "ButtonSelect": "Velg",
    "ButtonGroupVersions": "Gruppeversjoner",
    "ButtonAddToCollection": "Legg til samling",
    "PismoMessage": "Utnytte Pismo File Mount gjennom en donert lisens.",
    "TangibleSoftwareMessage": "Utnytte konkrete l\u00f8sninger Java \/ C # omformere gjennom en donert lisens.",
    "HeaderCredits": "Credits",
    "PleaseSupportOtherProduces": "Vennligst gi st\u00f8tte til andre gratisprodukter vi benytter:",
    "VersionNumber": "Versjon {0}",
    "TabPaths": "Stier",
    "TabServer": "Server",
    "TabTranscoding": "Transcoding",
    "TitleAdvanced": "Avansert",
    "OptionRelease": "Offisiell utgivelse",
    "OptionBeta": "Beta",
    "OptionDev": "Dev (Ustabil)",
    "LabelAllowServerAutoRestart": "Tillat at serveren restartes automatisk for \u00e5 gjennomf\u00f8re oppdateringer",
    "LabelAllowServerAutoRestartHelp": "Serveren vil kun restartes i inaktive perioder, n\u00e5r ingen brukere er aktive.",
    "LabelEnableDebugLogging": "Sl\u00e5 p\u00e5 debug logging.",
    "LabelRunServerAtStartup": "Start server ved maskin-oppstart",
    "LabelRunServerAtStartupHelp": "Dette vil starte ikonet ved oppstart av Windows. For \u00e5 starte Windows-tjeneste, fjerner du denne markering og kj\u00f8rer tjenesten fra kontrollpanelet i Windows. V\u00e6r oppmerksom p\u00e5 at du ikke kan kj\u00f8re begge p\u00e5 samme tid, s\u00e5 du m\u00e5 g\u00e5 ut av ikonet f\u00f8r du starter tjenesten.",
    "ButtonSelectDirectory": "Velg Katalog",
    "LabelCustomPaths": "Angi egendefinerte stier der du \u00f8nsker. La feltene st\u00e5 tomme for \u00e5 bruke standardinnstillingene.",
    "LabelCachePath": "Buffer sti:",
    "LabelCachePathHelp": "Specify a custom location for server cache files, such as images. Leave blank to use the server default.",
    "LabelRecordingPath": "Recording path:",
    "LabelRecordingPathHelp": "Specify a custom location to save recordings. Leave blank to use the server default.",
    "LabelImagesByNamePath": "Bilder etter navn sti:",
    "LabelImagesByNamePathHelp": "Angi en egen katalog for nedlastede bilder for skuespiller, sjanger og studio.",
    "LabelMetadataPath": "Metadata sti:",
    "LabelMetadataPathHelp": "Specify a custom location for downloaded artwork and metadata.",
    "LabelTranscodingTempPath": "Sti for midlertidig transcoding:",
    "LabelTranscodingTempPathHelp": "Denne mappen inneholder fungerende filer som blir brukt av transcoderen. Spesifiser en tilpasset sti eller la det st\u00e5 tomt for \u00e5 benytte serverens standard sti.",
    "TabBasics": "Basics",
    "TabTV": "TV",
    "TabGames": "Spill",
    "TabMusic": "Musikk",
    "TabOthers": "Andre",
    "HeaderExtractChapterImagesFor": "Pakk ut kapittelbilder for:",
    "OptionMovies": "Filmer",
    "OptionEpisodes": "Episoder",
    "OptionOtherVideos": "Andre Videoer",
    "TitleMetadata": "Metadata",
    "LabelAutomaticUpdates": "Skru p\u00e5 automatiske oppdateringer",
    "LabelAutomaticUpdatesTmdb": "Aktiver automatisk oppdateringer fra TheMovieDB.org",
    "LabelAutomaticUpdatesTvdb": "Aktiver automatisk oppdateringer fra TheTVDB.com",
    "LabelAutomaticUpdatesFanartHelp": "If enabled, new images will be downloaded automatically as they're added to fanart.tv. Existing images will not be replaced. This will cause library scans to take longer and will result in more disk activity.",
    "LabelAutomaticUpdatesTmdbHelp": "If enabled, new images will be downloaded automatically as they're added to TheMovieDB.org. Existing images will not be replaced. This will cause library scans to take longer and will result in more disk activity.",
    "LabelAutomaticUpdatesTvdbHelp": "If enabled, new images will be downloaded automatically as they're added to TheTVDB.com. Existing images will not be replaced. This will cause library scans to take longer and will result in more disk activity.",
    "LabelFanartApiKey": "Personlig API-n\u00f8kkel:",
    "LabelFanartApiKeyHelp": "Foresp\u00f8rsler for fanart uten personlig API-n\u00f8kkel vil gi resultater som ble godkjent for over 7 dager siden. Med en personlig API-n\u00f8kkel synker dette til 48 timer, og med et fanart VIP-medlemskap synker det ytterliger til ca. 10 minutter.",
    "ExtractChapterImagesHelp": "Ved \u00e5 hente ut kapittelbilder kan klientene vise grafiske menyer for valg av sccene. Denne prosessen kan v\u00e6re treg, CPU-intensiv og krever flerfoldige gigabytes med plass. Prosessen kj\u00f8res n\u00e5r videoer scannes, og kan ogs\u00e5 kj\u00f8res om natten. Dette er konfigurerbart under Planlagte Aktiviteter. Det er ikke anbefalt \u00e5 kj\u00f8re dette mens serveren er i bruk til visning av media.",
    "LabelMetadataDownloadLanguage": "Foretrukket nedlastingsspr\u00e5k:",
    "ButtonAutoScroll": "Auto-scroll",
    "LabelImageSavingConvention": "Bilde besparende konvensjon:",
    "LabelImageSavingConventionHelp": "Emby recognizes images from most major media applications. Choosing your downloading convention is useful if you also use other products.",
    "OptionImageSavingCompatible": "Kompatibel - Emby\/Kodi\/Plex",
    "OptionImageSavingStandard": "Standard - MB2",
    "ButtonSignIn": "Logg inn",
    "TitleSignIn": "Logg inn",
    "HeaderPleaseSignIn": "Vennligst Logg inn",
    "LabelUser": "Bruker:",
    "LabelPassword": "Passord:",
    "ButtonManualLogin": "Manuell Login",
    "PasswordLocalhostMessage": "Passord er ikke n\u00f8dvendig n\u00e5r du logger inn fra lokalhost.",
    "TabGuide": "Guide",
    "TabChannels": "Kanaler",
    "TabCollections": "Samlinger",
    "HeaderChannels": "Kanaler",
    "TabRecordings": "Opptak",
    "TabScheduled": "Planlagt",
    "TabSeries": "Serier",
    "TabFavorites": "Favoritter",
    "TabMyLibrary": "Mitt Bibliotek",
    "ButtonCancelRecording": "Avbryt Opptak",
    "HeaderPrePostPadding": "Margin f\u00f8r\/etter",
    "LabelPrePaddingMinutes": "Margin f\u00f8r programstart i minutter:",
    "OptionPrePaddingRequired": "Margin f\u00f8r programstart kreves for \u00e5 kunne gj\u00f8re opptak",
    "LabelPostPaddingMinutes": "Margin etter programslutt i minutter:",
    "OptionPostPaddingRequired": "Margin etter programslutt kreves for \u00e5 kunne gj\u00f8re opptak",
    "HeaderWhatsOnTV": "Hva er p\u00e5",
    "HeaderUpcomingTV": "Kommende TV",
    "TabStatus": "Status",
    "TabSettings": "Innstillinger",
    "ButtonRefreshGuideData": "Oppdater Guide Data",
    "ButtonRefresh": "Oppdater",
    "ButtonAdvancedRefresh": "Avansert Oppfrskning",
    "OptionPriority": "Prioritet",
    "OptionRecordOnAllChannels": "Ta opptak p\u00e5 alle kanaler",
    "OptionRecordAnytime": "Ta opptak n\u00e5r som helst",
    "OptionRecordOnlyNewEpisodes": "Ta opptak kun av nye episoder",
    "HeaderRepeatingOptions": "Gjenta alternativer",
    "HeaderDays": "Dager",
    "HeaderActiveRecordings": "Aktive opptak",
    "HeaderLatestRecordings": "Siste opptak",
    "HeaderAllRecordings": "Alle opptak",
    "ButtonPlay": "Spill",
    "ButtonEdit": "Rediger",
    "ButtonRecord": "Opptak",
    "ButtonDelete": "Slett",
    "ButtonRemove": "Fjern",
    "OptionRecordSeries": "Ta opptak av Serier",
    "HeaderDetails": "Detaljer",
    "TitleLiveTV": "Live TV",
    "LabelNumberOfGuideDays": "Antall dager av guide data som skal lastes ned",
    "LabelNumberOfGuideDaysHelp": "Nedlasting av guide data for flere dager gir muligheten for \u00e5 planlegge i forveien og for \u00e5 se flere listinger. Dette vil ogs\u00e5 ta lengre tid for nedlasting. Auto vil velge basert p\u00e5 antall kanaler.",
    "OptionAutomatic": "Auto",
    "HeaderServices": "Tjenester",
    "LiveTvPluginRequired": "En Live TV tilbyder trengs for \u00e5 kunne fortsette.",
    "LiveTvPluginRequiredHelp": "Vennligst installer en av v\u00e5re tilgjengelige programtillegg, f.eks Next Pvr eller ServerWmc.",
    "LabelCustomizeOptionsPerMediaType": "Tilpass for media type:",
    "OptionDownloadThumbImage": "Thumb",
    "OptionDownloadMenuImage": "Meny",
    "OptionDownloadLogoImage": "Logo",
    "OptionDownloadBoxImage": "Boks",
    "OptionDownloadDiscImage": "Disk",
    "OptionDownloadBannerImage": "Banner",
    "OptionDownloadBackImage": "Tilbake",
    "OptionDownloadArtImage": "Art",
    "OptionDownloadPrimaryImage": "Prim\u00e6r",
    "HeaderFetchImages": "Hent Bilder:",
    "HeaderImageSettings": "Bildeinnstillinger",
    "TabOther": "Andre",
    "LabelMaxBackdropsPerItem": "Maks antall av backdrops for hvert element:",
    "LabelMaxScreenshotsPerItem": "Maks antall av screenshots for hvert element:",
    "LabelMinBackdropDownloadWidth": "Minimum backdrop nedlastings bredde:",
    "LabelMinScreenshotDownloadWidth": "Minimum nedlasted screenshot bredde:",
    "ButtonAddScheduledTaskTrigger": "Legg til trigger",
    "HeaderAddScheduledTaskTrigger": "Legg til trigger",
    "ButtonAdd": "Legg til",
    "LabelTriggerType": "Trigger Type:",
    "OptionDaily": "Daglig",
    "OptionWeekly": "Ukentlig",
    "OptionOnInterval": "P\u00e5 intervall",
    "OptionOnAppStartup": "Ved applikasjonens oppstart",
    "OptionAfterSystemEvent": "Etter systemhendelse",
    "LabelDay": "Dag:",
    "LabelTime": "Tid:",
    "LabelEvent": "Hendelse:",
    "OptionWakeFromSleep": "V\u00e5kne fra dvale",
    "LabelEveryXMinutes": "Hver",
    "HeaderTvTuners": "Tunere",
    "HeaderGallery": "Galleri",
    "HeaderLatestGames": "Siste Spill",
    "HeaderRecentlyPlayedGames": "Nylig Spilte Spill",
    "TabGameSystems": "Spill Systemer",
    "TitleMediaLibrary": "Media-bibliotek",
    "TabFolders": "Mapper",
    "TabPathSubstitution": "Sti erstatter",
    "LabelSeasonZeroDisplayName": "Sesong 0 visningsnavn:",
    "LabelEnableRealtimeMonitor": "Aktiver sanntids monitorering",
    "LabelEnableRealtimeMonitorHelp": "Endinger vil bli prossesert umiddelbart, til st\u00f8ttede filsystemer.",
    "ButtonScanLibrary": "S\u00f8k Gjennom Bibliotek",
    "HeaderNumberOfPlayers": "Spillere:",
    "OptionAnyNumberOfPlayers": "Noen",
    "Option1Player": "1+",
    "Option2Player": "2+",
    "Option3Player": "3+",
    "Option4Player": "4+",
    "HeaderMediaFolders": "Mediemapper",
    "HeaderThemeVideos": "Temavideoer",
    "HeaderThemeSongs": "Temasanger",
    "HeaderScenes": "Scener",
    "HeaderAwardsAndReviews": "Priser og anmeldelser",
    "HeaderSoundtracks": "Lydspor",
    "HeaderMusicVideos": "Musikkvideoer",
    "HeaderSpecialFeatures": "Spesielle Funksjoner",
    "HeaderCastCrew": "Mannskap",
    "HeaderAdditionalParts": "Tilleggsdeler",
    "ButtonSplitVersionsApart": "Splitt versjoner fra hverandre",
    "ButtonPlayTrailer": "Trailer",
    "LabelMissing": "Mangler",
    "LabelOffline": "Offline",
    "PathSubstitutionHelp": "Sti erstatninger er brukt for \u00e5 koble en katalog p\u00e5 serveren til en katalog som brukeren har tilgang til. Ved \u00e5 gi brukerne direkte tilgang til media p\u00e5 serveren kan de v\u00e6re i stand til \u00e5 spille dem direkte over nettverket, og unng\u00e5 \u00e5 bruke serverens ressurser til \u00e5 streame og transcode dem.",
    "HeaderFrom": "Fra",
    "HeaderTo": "Til",
    "LabelFrom": "Fra:",
    "LabelFromHelp": "Eksempel: D:\\Filmer (P\u00e5 serveren)",
    "LabelTo": "Til:",
    "LabelToHelp": "Eksempel: \\\\MinServer\\Filmer (en sti som klienter kan f\u00e5 tilgang til)",
    "ButtonAddPathSubstitution": "Legg til erstatter",
    "OptionSpecialEpisode": "Spesielle",
    "OptionMissingEpisode": "Mangler Episoder",
    "OptionUnairedEpisode": "Kommende Episoder",
    "OptionEpisodeSortName": "Episode Etter Navn",
    "OptionSeriesSortName": "Serienavn",
    "OptionTvdbRating": "Tvdb Rangering",
    "HeaderTranscodingQualityPreference": "\u00d8nsket kvalitet for transcoding",
    "OptionAutomaticTranscodingHelp": "Serveren bestemmer kvalitet og hastighet",
    "OptionHighSpeedTranscodingHelp": "Lavere kvalitet, men raskere encoding",
    "OptionHighQualityTranscodingHelp": "H\u00f8yere kvalitet, men saktere encoding",
    "OptionMaxQualityTranscodingHelp": "Beste kvalitet med saktere encoding og h\u00f8y CPU-bruk",
    "OptionHighSpeedTranscoding": "H\u00f8yere hastighet",
    "OptionHighQualityTranscoding": "H\u00f8yere kvalitet",
    "OptionMaxQualityTranscoding": "Maks kvalitet",
    "OptionEnableDebugTranscodingLogging": "Sl\u00e5 p\u00e5 debug-logging av transcoding",
    "OptionEnableDebugTranscodingLoggingHelp": "Dette vil lage veldig store log-filer og er kun anbefalt ved feils\u00f8king.",
    "EditCollectionItemsHelp": "Legg til eller fjern hvilken som helst film, serie, album, bok eller spill som du \u00f8nsker \u00e5 gruppere innen denne samlingen.",
    "HeaderAddTitles": "Legg til Titler",
    "LabelEnableDlnaPlayTo": "Sl\u00e5 p\u00e5 DLNA Play To",
    "LabelEnableDlnaPlayToHelp": "Emby can detect devices within your network and offer the ability to remote control them.",
    "LabelEnableDlnaDebugLogging": "Sl\u00e5 p\u00e5 DLNA debug logging",
    "LabelEnableDlnaDebugLoggingHelp": "Dette vil lage store log filer og burde kun benyttes for feils\u00f8king.",
    "LabelEnableDlnaClientDiscoveryInterval": "Klient oppdaterings interval (Sekunder)",
    "LabelEnableDlnaClientDiscoveryIntervalHelp": "Determines the duration in seconds between SSDP searches performed by Emby.",
    "HeaderCustomDlnaProfiles": "Tilpassede Profiler",
    "HeaderSystemDlnaProfiles": "Systemprofiler",
    "CustomDlnaProfilesHelp": "Lag en tilpasset profil for \u00e5 sette en ny enhet til \u00e5 overstyre en system profil.",
    "SystemDlnaProfilesHelp": "Systemprofiler er read-only. Endinger p\u00e5 en systemprofil vil bli lagret til en ny tilpasset profil.",
    "TitleDashboard": "Dashbord",
    "TabHome": "Hjem",
    "TabInfo": "Info",
    "HeaderLinks": "Lenker",
    "HeaderSystemPaths": "Systemstier",
    "LinkCommunity": "Samfunn",
    "LinkGithub": "Github",
    "LinkApi": "API",
    "LinkApiDocumentation": "API Dokumentasjon",
    "LabelFriendlyServerName": "Vennlig server navn:",
    "LabelFriendlyServerNameHelp": "Dette navnet vil bli brukt for \u00e5 identifisere denne serveren. Hvis feltet er tomt, vil maskinens navn bli brukt.",
    "LabelPreferredDisplayLanguage": "Foretrukket spr\u00e5k:",
    "LabelPreferredDisplayLanguageHelp": "Translating Emby is an ongoing project.",
    "LabelReadHowYouCanContribute": "Learn how you can contribute.",
    "HeaderNewCollection": "Ny Samling",
    "ButtonSubmit": "Send",
    "ButtonCreate": "Opprett",
    "LabelCustomCss": "Tilpass CSS:",
    "LabelCustomCssHelp": "Bruk din egen CSS p\u00e5 web-grensesnittet.",
    "LabelLocalHttpServerPortNumber": "Lokal HTTP port:",
    "LabelLocalHttpServerPortNumberHelp": "TCP-portnummeret som Emby sin http server skal koble seg til.",
    "LabelPublicHttpPort": "Offentlig HTTP port:",
    "LabelPublicHttpPortHelp": "Den offentlige porten som kobles til den lokale porten.",
    "LabelPublicHttpsPort": "Offentlig HTTPS port:",
    "LabelPublicHttpsPortHelp": "Den offentlige porten som den lokale porten kobles til.",
    "LabelEnableHttps": "Oppgi HTTPS som ekstern adresse",
    "LabelEnableHttpsHelp": "Hvis denne er aktivert vil serveren oppgi en HTTPS URL som sin eksterne adresse. Dette kan \u00f8delegge for klienter som enda ikke st\u00f8tter HTTPS",
    "LabelHttpsPort": "Lokal HTTPS port:",
    "LabelHttpsPortHelp": "TCP-portnummeret som Emby sin https server skal koble seg til.",
    "LabelWebSocketPortNumber": "Web socket portnummer:",
    "LabelEnableAutomaticPortMap": "Aktiver automatisk portmapping",
    "LabelEnableAutomaticPortMapHelp": "Fors\u00f8k automatisk mapping av den offentlige port til den lokale port via UPnP. Dette fungerer ikke med alle rutere.",
    "LabelExternalDDNS": "Ekstern WAN-adresse:",
    "LabelExternalDDNSHelp": "Hvis du har en dynamisk DNS skriver du det her. Emby apps vil bruke den n\u00e5r du kobler til eksternt. La st\u00e5 tom for automatisk gjenkjenning.",
    "TabResume": "Forsette",
    "TabWeather": "V\u00e6r",
    "TitleAppSettings": "App-innstillinger",
    "LabelMinResumePercentage": "Minimum fortsettelsesprosent:",
    "LabelMaxResumePercentage": "Maksimum fortsettelsesprosent:",
    "LabelMinResumeDuration": "Minmimum fortsettelses varighet (sekunder)",
    "LabelMinResumePercentageHelp": "Titler blir antatt som ikke avspilt hvis de stopper f\u00f8r denne tiden",
    "LabelMaxResumePercentageHelp": "Titler blir antatt som fullstendig avspilt hvis de stopper etter denne tiden",
    "LabelMinResumeDurationHelp": "Titler kortere enn dette kan ikke fortsettes.",
    "TitleAutoOrganize": "Auto-Organisering",
    "TabActivityLog": "Aktivitetslog",
    "HeaderName": "Navn",
    "HeaderDate": "Dato",
    "HeaderSource": "Kilde",
    "HeaderDestination": "Destinasjon",
    "HeaderProgram": "Program",
    "HeaderClients": "Klienter",
    "LabelCompleted": "Fullf\u00f8rt",
    "LabelFailed": "Feilet",
    "LabelSkipped": "Hoppet over",
    "HeaderEpisodeOrganization": "Organisering av episoder",
    "LabelSeries": "Serie:",
    "LabelSeasonNumber": "Season number",
    "LabelEpisodeNumber": "Episode number",
    "LabelEndingEpisodeNumber": "Ending av episode nummer:",
    "LabelEndingEpisodeNumberHelp": "Kun n\u00f8dvendig for multi-episode filer",
    "HeaderSupportTheTeam": "St\u00f8tt Emby teamet!",
    "LabelSupportAmount": "Sum (USD)",
    "HeaderSupportTheTeamHelp": "Help ensure the continued development of this project by purchasing Emby Premiere. A portion of all income will be contributed to other free tools we depend on.",
    "ButtonEnterSupporterKey": "Enter Emby Premiere key",
    "DonationNextStep": "Once complete, please return and enter your Emby Premiere key, which you will receive by email.",
    "AutoOrganizeHelp": "Auto-organisere monitorerer dine nedlastingsmapper for nye filer og flytter dem til riktig mediakatalog.",
    "AutoOrganizeTvHelp": "TV organisering vil kun legge til episoder til eksisterende serier. Den vil ikke lage nye serie-mapper.",
    "OptionEnableEpisodeOrganization": "Aktiver organisering av ny episode",
    "LabelWatchFolder": "Se p\u00e5 mappe:",
    "LabelWatchFolderHelp": "Serveren vil hente denne mappen under 'Organiser nye mediefiler' planlagte oppgaven.",
    "ButtonViewScheduledTasks": "Se p\u00e5 planlagte oppgaver",
    "LabelMinFileSizeForOrganize": "Minimum fil st\u00f8rrelse (MB):",
    "LabelMinFileSizeForOrganizeHelp": "Filer under denne st\u00f8rrelsen vil bli ignorert.",
    "LabelSeasonFolderPattern": "Sesong mappe m\u00f8nster:",
    "LabelSeasonZeroFolderName": "Sesong null mappe navn:",
    "HeaderEpisodeFilePattern": "Episode fil m\u00f8nster",
    "LabelEpisodePattern": "Episode m\u00f8nster",
    "LabelMultiEpisodePattern": "Multi-Episode m\u00f8nster:",
    "HeaderSupportedPatterns": "St\u00f8ttede m\u00f8nster",
    "HeaderTerm": "Term",
    "HeaderPattern": "M\u00f8nster",
    "HeaderResult": "Resultat",
    "LabelDeleteEmptyFolders": "Slett tomme mapper etter organisering",
    "LabelDeleteEmptyFoldersHelp": "Aktiver denne for \u00e5 holde nedlastings-katalogen ren.",
    "LabelDeleteLeftOverFiles": "Slett gjenv\u00e6rende filer etter f\u00f8lgende utvidelser:",
    "LabelDeleteLeftOverFilesHelp": "Seprarer med ;. For eksempel: .nfk;.txt",
    "OptionOverwriteExistingEpisodes": "Skriv over eksisterende episoder",
    "LabelTransferMethod": "overf\u00f8ringsmetoder",
    "OptionCopy": "Kopier",
    "OptionMove": "Flytt",
    "LabelTransferMethodHelp": "Kopier eller flytt filer fra watch mappen",
    "HeaderLatestNews": "Siste nyheter",
    "HeaderHelpImproveProject": "Hjelp med \u00e5 forbedre Emby",
    "HeaderRunningTasks": "Kj\u00f8rende oppgaver",
    "HeaderActiveDevices": "Aktive enheter",
    "HeaderPendingInstallations": "Installeringer i k\u00f8",
    "HeaderServerInformation": "Serverinformasjon",
    "ButtonRestartNow": "Restart N\u00e5",
    "ButtonRestart": "Restart",
    "ButtonShutdown": "Sl\u00e5 Av",
    "ButtonUpdateNow": "Oppdater N\u00e5",
    "TabHosting": "Hosting",
    "PleaseUpdateManually": "Vennligst sl\u00e5 av serveren og oppdater manuelt.",
    "NewServerVersionAvailable": "En ny versjon av Emby Server er tilgjengelig!",
    "ServerUpToDate": "Emby Server er oppdatert med seneste versjon",
    "LabelComponentsUpdated": "F\u00f8lgende komponenter har blitt installert eller oppdatert:",
    "MessagePleaseRestartServerToFinishUpdating": "Vennligst restart serveren for \u00e5 fullf\u00f8re installasjon av oppdateringer.",
    "LabelDownMixAudioScale": "Lyd boost ved downmixing:",
    "LabelDownMixAudioScaleHelp": "Boost lyd n\u00e5r downmixing. Set til 1 for \u00e5 bevare orginal volum verdi.",
    "ButtonLinkKeys": "Overf\u00f8r n\u00f8kkel",
    "LabelOldSupporterKey": "Old Emby Premiere key",
    "LabelNewSupporterKey": "New Emby Premiere key",
    "HeaderMultipleKeyLinking": "Overf\u00f8r til ny n\u00f8kkel",
    "MultipleKeyLinkingHelp": "If you received a new Emby Premiere key, use this form to transfer the old key's registrations to your new one.",
    "LabelCurrentEmailAddress": "Gjeldende epostadresse",
    "LabelCurrentEmailAddressHelp": "Den aktuelle e-postadressen som den nye n\u00f8kkelen ble sendt.",
    "HeaderForgotKey": "Glemt N\u00f8kkel",
    "LabelEmailAddress": "Epostadresse",
    "LabelSupporterEmailAddress": "Epostadressen som ble brukt for \u00e5 kj\u00f8pe n\u00f8kkelen.",
    "ButtonRetrieveKey": "Motta N\u00f8kkel",
    "LabelSupporterKey": "Emby Premiere key (paste from email):",
    "LabelSupporterKeyHelp": "Enter your Emby Premiere key to start enjoying additional benefits the community has developed for Emby.",
    "MessageInvalidKey": "Emby Premiere key is missing or invalid.",
    "ErrorMessageInvalidKey": "In order for any premium content to be registered, you must also have an active Emby Premiere subscription.",
    "HeaderDisplaySettings": "Visnings innstillinger",
    "TabPlayTo": "Spill Til",
    "LabelEnableDlnaServer": "Sl\u00e5 p\u00e5 Dlna server",
    "LabelEnableDlnaServerHelp": "Lar UPnP-enheter p\u00e5 nettverket til \u00e5 bla gjennom og spille Emby innhold.",
    "LabelEnableBlastAliveMessages": "Spreng levende meldinger",
    "LabelEnableBlastAliveMessagesHelp": "Sl\u00e5 p\u00e5 hvis serveren ikke regelmessig blir oppdaget av andre UPnP-enheter p\u00e5 ditt nettverk.",
    "LabelBlastMessageInterval": "Intervall mellom keepalive meldinger (sekunder)",
    "LabelBlastMessageIntervalHelp": "Avgj\u00f8r tiden i sekunder mellom server levende meldinger.",
    "LabelDefaultUser": "Standard bruker:",
    "LabelDefaultUserHelp": "Avgj\u00f8r hvilket bruker bibliotek som skal bli vist p\u00e5 koblede enheter. Dette kan bli overskrevet for hver enhet som bruker profiler.",
    "TitleDlna": "DLNA",
    "TitleChannels": "Kanaler",
    "HeaderServerSettings": "Serverinnstillinger",
    "LabelWeatherDisplayLocation": "Omr\u00e5de for v\u00e6rvisning:",
    "LabelWeatherDisplayLocationHelp": "US zip kode \/ By, Stat, Land \/ By, Land",
    "LabelWeatherDisplayUnit": "V\u00e6r-visning C eller F:",
    "OptionCelsius": "Celsius",
    "OptionFahrenheit": "Fahrenheit",
    "HeaderRequireManualLogin": "Krev manuell brukernavn oppf\u00f8ring for:",
    "HeaderRequireManualLoginHelp": "N\u00e5r deaktiverte kan brukere vises en innloggingskjerm med et visuelt utvalg av brukere.",
    "OptionOtherApps": "Andre applikasjoner",
    "OptionMobileApps": "Mobile applikasjoner",
    "HeaderNotificationList": "Klikk p\u00e5 en varsling for \u00e5 konfigurere dennes sending-alternativer.",
    "NotificationOptionApplicationUpdateAvailable": "Oppdatering tilgjengelig",
    "NotificationOptionApplicationUpdateInstalled": "Oppdatering installert",
    "NotificationOptionPluginUpdateInstalled": "Oppdatert programtillegg installert",
    "NotificationOptionPluginInstalled": "Programtillegg installert",
    "NotificationOptionPluginUninstalled": "Programtillegg er fjernet",
    "NotificationOptionVideoPlayback": "Videoavspilling startet",
    "NotificationOptionAudioPlayback": "Lydavspilling startet",
    "NotificationOptionGamePlayback": "Spill startet",
    "NotificationOptionVideoPlaybackStopped": "Videoavspilling stoppet",
    "NotificationOptionAudioPlaybackStopped": "Lydavspilling stoppet",
    "NotificationOptionGamePlaybackStopped": "Spill stoppet",
    "NotificationOptionTaskFailed": "Planlagt oppgave feilet",
    "NotificationOptionInstallationFailed": "Installasjon feilet",
    "NotificationOptionNewLibraryContent": "Nytt innhold er lagt til",
    "NotificationOptionNewLibraryContentMultiple": "Nytt innhold lagt til (flere)",
    "NotificationOptionCameraImageUploaded": "Bilde fra kamera lastet opp",
    "NotificationOptionUserLockedOut": "Bruker er utestengt",
    "HeaderSendNotificationHelp": "Notifications are delivered to your Emby inbox. Additional options can be installed from the Services tab.",
    "NotificationOptionServerRestartRequired": "Server m\u00e5 startes p\u00e5 nytt",
    "LabelNotificationEnabled": "Sl\u00e5 p\u00e5 denne varslingen",
    "LabelMonitorUsers": "Monitorer aktivitet fra:",
    "LabelSendNotificationToUsers": "Send varslingen til:",
    "LabelUseNotificationServices": "Bruk f\u00f8lgende tjeneste:",
    "CategoryUser": "Bruker",
    "CategorySystem": "System",
    "CategoryApplication": "Applikasjon",
    "CategoryPlugin": "Programtillegg",
    "LabelMessageTitle": "Meldingstittel:",
    "LabelAvailableTokens": "Tilgjengelige tokens:",
    "AdditionalNotificationServices": "Bla gjennom katalogen over programtillegg for \u00e5 installere valgfrie varslingstjenester.",
    "OptionAllUsers": "Alle brukere:",
    "OptionAdminUsers": "Administratorer",
    "OptionCustomUsers": "Tilpasset",
    "ButtonArrowUp": "Opp",
    "ButtonArrowDown": "Ned",
    "ButtonArrowLeft": "Venstre",
    "ButtonArrowRight": "H\u00f8yre",
    "ButtonBack": "Tilbake",
    "ButtonInfo": "Info",
    "ButtonOsd": "Skjermmeldinger",
    "ButtonPageUp": "Side Opp",
    "ButtonPageDown": "Side Ned",
    "PageAbbreviation": "PG",
    "ButtonHome": "Hjem",
    "ButtonSearch": "S\u00f8k",
    "ButtonSettings": "Innstillinger",
    "ButtonTakeScreenshot": "Ta Skjermbilde",
    "ButtonLetterUp": "Pil Opp",
    "ButtonLetterDown": "Pil Ned",
    "PageButtonAbbreviation": "PG",
    "LetterButtonAbbreviation": "A",
    "TabNowPlaying": "Spilles Av",
    "TabNavigation": "Navigering",
    "TabControls": "Kontrollerer",
    "ButtonFullscreen": "Veksle fullskjerm",
    "ButtonScenes": "Scener",
    "ButtonSubtitles": "Undertekster",
    "ButtonAudioTracks": "Lydspor",
    "ButtonPreviousTrack": "Forrige Spor",
    "ButtonNextTrack": "Neste Spor",
    "ButtonStop": "Stopp",
    "ButtonPause": "Pause",
    "ButtonNext": "Neste",
    "ButtonPrevious": "Forrige",
    "LabelGroupMoviesIntoCollections": "Grupp\u00e9r filmer i samlinger",
    "LabelGroupMoviesIntoCollectionsHelp": "Ved visning av filmlister vil filmer som tilh\u00f8rer en samling bli vist som ett gruppeelement.",
    "NotificationOptionPluginError": "Programtillegg feilet",
    "ButtonVolumeUp": "Volum opp",
    "ButtonVolumeDown": "Volum ned",
    "ButtonMute": "Mute",
    "HeaderLatestMedia": "Siste Media",
    "OptionSpecialFeatures": "Spesielle Funksjoner",
    "HeaderCollections": "Samlinger",
    "LabelProfileCodecsHelp": "Separert med komma. Dette feltet kan forbli tomt for \u00e5 gjelde alle codecs.",
    "LabelProfileContainersHelp": "Separert med komma. Dette feltet kan forbli tomt for \u00e5 gjelde alle kontainere.",
    "HeaderResponseProfile": "Responsprofil",
    "LabelType": "Type:",
    "LabelPersonRole": "Rolle:",
    "LabelPersonRoleHelp": "Rolle er vanligvis kun tilgjengelig for skuespillere.",
    "LabelProfileContainer": "Kontainer:",
    "LabelProfileVideoCodecs": "Video kodek:",
    "LabelProfileAudioCodecs": "Lyd kodek:",
    "LabelProfileCodecs": "Kodeker:",
    "HeaderDirectPlayProfile": "Direkte Avspilling Profil",
    "HeaderTranscodingProfile": "Transcoding Profil",
    "HeaderCodecProfile": "Kodek Profil",
    "HeaderCodecProfileHelp": "Kodek profiler indikerer p\u00e5 at begrensninger p\u00e5 en enhet n\u00e5r den spiller av spesifikk kodeker. Hvis en begrensning gjelder vil media bli transcodet, til og med hvis kodeken er konfigurert for direkte avspilling.",
    "HeaderContainerProfile": "Kontainer Profil",
    "HeaderContainerProfileHelp": "Container profiler indikerer begrensningene i en enhet n\u00e5r du spiller bestemte formater. Hvis en begrensning gjelder da vil media bli transcodet, selv om formatet er konfigurert for direkte avspilling.",
    "OptionProfileVideo": "Video",
    "OptionProfileAudio": "Lyd",
    "OptionProfileVideoAudio": "Video Lyd",
    "OptionProfilePhoto": "Bilde",
    "LabelUserLibrary": "Bruker bibliotek:",
    "LabelUserLibraryHelp": "Velg hvilket brukerbibliotek som skal vises til enheten. La det st\u00e5 tomt for standard innstillinger.",
    "OptionPlainStorageFolders": "Vis alle mapper som rene lagringsmapper",
    "OptionPlainStorageFoldersHelp": "Hvis aktivert, vil alle mapper bli representert i DIDL som  \"object.container.storageFolder\" istedet for en mer spesifikk type, som \"object.container.person.musicArtist\".",
    "OptionPlainVideoItems": "Vis alle videoer som ren video elementer",
    "OptionPlainVideoItemsHelp": "Hvis aktivert, blir alle videoer representert i DIDL som \"object.item.videoItem\" i stedet for en mer bestemt type, for eksempel \"object.item.videoItem.movie\".",
    "LabelSupportedMediaTypes": "St\u00f8ttede Media Typer:",
    "TabIdentification": "Identifisering",
    "HeaderIdentification": "Identifisering",
    "TabDirectPlay": "Direkte Avspill",
    "TabContainers": "Kontainere",
    "TabCodecs": "Kodeker",
    "TabResponses": "Svar",
    "HeaderProfileInformation": "Profil Informasjon",
    "LabelEmbedAlbumArtDidl": "Bygg inn albumbilder i Didl",
    "LabelEmbedAlbumArtDidlHelp": "Noen enheter foretrekker denne metoden for \u00e5 motta album art. Andre vil kunne feile \u00e5 avspille hvis dette alternativet er aktivert.",
    "LabelAlbumArtPN": "Album art PN:",
    "LabelAlbumArtHelp": "PN brukes for album art, innenfor DLNA: profileID attributtet p\u00e5 upnp: albumArtURI. Noen klienter krever en bestemt verdi, uavhengig av st\u00f8rrelsen p\u00e5 bildet.",
    "LabelAlbumArtMaxWidth": "Album art mat bredde:",
    "LabelAlbumArtMaxWidthHelp": "Maks oppl\u00f8sning av album art utnyttet via upnp:albumArtURI.",
    "LabelAlbumArtMaxHeight": "Album art maks h\u00f8yde:",
    "LabelAlbumArtMaxHeightHelp": "Maks oppl\u00f8sning av album er eksonert via upnp:albumARtURI.",
    "LabelIconMaxWidth": "Ikon maks bredde:",
    "LabelIconMaxWidthHelp": "Maks oppl\u00f8sning av ikoner utsatt via upnp:icon.",
    "LabelIconMaxHeight": "Ikon maks h\u00f8yde:",
    "LabelIconMaxHeightHelp": "Maks oppl\u00f8sning av ikoner utsatt via upnp:icon.",
    "LabelIdentificationFieldHelp": "Ett case-insensitive substring eller regex uttrykk.",
    "HeaderProfileServerSettingsHelp": "These values control how Emby Server will present itself to the device.",
    "LabelMaxBitrate": "Maks bitrate:",
    "LabelMaxBitrateHelp": "Spesifiser en maks bitrate i for begrensede b\u00e5ndbredde milj\u00f8er, eller hvis enheten p\u00e5legger sin egen begrensning.",
    "LabelMaxStreamingBitrate": "Maks streaming bitrate:",
    "LabelMaxStreamingBitrateHelp": "Spesifiser en maks bitrate n\u00e5r streaming.",
    "LabelMaxChromecastBitrate": "Max Chromecast bitrate:",
    "LabelMaxStaticBitrate": "Maks synk bitrate:",
    "LabelMaxStaticBitrateHelp": "Spesifiser en maks bitrate ved synkronisering av innhold i h\u00f8y kvalitet.",
    "LabelMusicStaticBitrate": "Musikk synk bitrate:",
    "LabelMusicStaticBitrateHelp": "Spesifiser en maks bitrate for musikk syncking",
    "LabelMusicStreamingTranscodingBitrate": "Musikk transkoding bitrate:",
    "LabelMusicStreamingTranscodingBitrateHelp": "Spesifiser en maks bitrate for streaming musikk",
    "OptionIgnoreTranscodeByteRangeRequests": "Ignorer Transcode byte rekkevidde foresp\u00f8rsler",
    "OptionIgnoreTranscodeByteRangeRequestsHelp": "Hvis aktivert vil disse foresp\u00f8rslene bli honorert men ignorert i byte rekkevidde headeren.",
    "LabelFriendlyName": "Vennlig navn",
    "LabelManufacturer": "Produsent",
    "LabelManufacturerUrl": "Produsent url",
    "LabelModelName": "Modell navn",
    "LabelModelNumber": "Modell nummer",
    "LabelModelDescription": "Model beskrivelse",
    "LabelModelUrl": "Model url",
    "LabelSerialNumber": "Serienummer",
    "LabelDeviceDescription": "Enhet beskrivelse",
    "HeaderIdentificationCriteriaHelp": "Skriv minst ett identifiserings kriterie",
    "HeaderDirectPlayProfileHelp": "Legg direkte avspill profiler til \u00e5 indikere hvilket format enheten kan st\u00f8tte.",
    "HeaderTranscodingProfileHelp": "Legg til transcoding profiler for \u00e5 indikere hvilke format som burde bli brukt n\u00e5r transcoding beh\u00f8ves.",
    "HeaderResponseProfileHelp": "Respons proiler tilbyr en m\u00e5t \u00e5 tilpasse informasjon som er sent til enheten n\u00e5r den spiller en viss type media.",
    "LabelXDlnaCap": "X-Dlna cap:",
    "LabelXDlnaCapHelp": "Bestemmer innholdet i X_DLNACAP element i urn: skjemaer-DLNA-org: enhets 1-0 navnerom.",
    "LabelXDlnaDoc": "X-Dlna doc:",
    "LabelXDlnaDocHelp": "Bestemmer innholdet i X_DLNADOC element i urn: skjemaer-DLNA-org: enhets 1-0 navnerom.",
    "LabelSonyAggregationFlags": "Sony aggregerigns flagg",
    "LabelSonyAggregationFlagsHelp": "Bestemmer innholdet i aggregationFlags element i urn: skjemaer-sonycom: av navnerommet.",
    "LabelTranscodingContainer": "Kontainer:",
    "LabelTranscodingVideoCodec": "Video kodek:",
    "LabelTranscodingVideoProfile": "Video profil:",
    "LabelTranscodingAudioCodec": "lyd kodek:",
    "OptionEnableM2tsMode": "Sl\u00e5 p\u00e5 M2ts modus",
    "OptionEnableM2tsModeHelp": "Sl\u00e5 p\u00e5 m2ts modus for enkoding til mpegts.",
    "OptionEstimateContentLength": "Estimer innholdslengde n\u00e5r transcoding.",
    "OptionReportByteRangeSeekingWhenTranscoding": "Rapporter at serveren st\u00f8tter byte s\u00f8king n\u00e5r transcoding.",
    "OptionReportByteRangeSeekingWhenTranscodingHelp": "Dette kreves for noen enheter som ikke tidss\u00f8ker veldig godt.",
    "HeaderSubtitleDownloadingHelp": "N\u00e5r Emby skanner videofilene dine, kan den s\u00f8ke etter manglende undertekster, og laste dem ned ved hjelp av en undertekst-leverand\u00f8r som OpenSubtitles.org.",
    "HeaderDownloadSubtitlesFor": "Last ned undertekster for:",
    "MessageNoChapterProviders": "Installer en kapittel tilbyder som eksempelvis ChapterDb for \u00e5 aktivere kapittel muligheter.",
    "LabelSkipIfGraphicalSubsPresent": "Hopp om videoen inneholder allerede grafiske undertekster",
    "LabelSkipIfGraphicalSubsPresentHelp": "Keeping text versions of subtitles will result in more efficient delivery and decrease the likelihood of video transcoding.",
    "TabSubtitles": "Undertekster",
    "TabChapters": "Kapitler",
    "HeaderDownloadChaptersFor": "Last ned kapittelnavn for:",
    "LabelOpenSubtitlesUsername": "Open Subtitles brukernavn:",
    "LabelOpenSubtitlesPassword": "Open Subtitles passord:",
    "HeaderChapterDownloadingHelp": "When Emby scans your video files it can download friendly chapter names from the internet using chapter plugins such as ChapterDb.",
    "LabelPlayDefaultAudioTrack": "Spill av lydsporet uavhengig av spr\u00e5k",
    "LabelSubtitlePlaybackMode": "Undertekst modus:",
    "LabelDownloadLanguages": "Last ned spr\u00e5k:",
    "ButtonRegister": "Registrer",
    "LabelSkipIfAudioTrackPresent": "Hopp hvis standard lydsporet matcher nedlastingen spr\u00e5k",
    "LabelSkipIfAudioTrackPresentHelp": "Fjern merkingen for \u00e5 sikre at alle videoene har undertekster, uavhengig av lydspr\u00e5k.",
    "HeaderSendMessage": "Send Melding",
    "ButtonSend": "Send",
    "LabelMessageText": "Meldingstekst:",
    "MessageNoAvailablePlugins": "Ingen tilgjengelige programtillegg.",
    "LabelDisplayPluginsFor": "Vis plugins for:",
    "PluginTabAppClassic": "Emby Classic",
    "PluginTabAppTheater": "Emby Theater",
    "LabelEpisodeNamePlain": "Episodenavn",
    "LabelSeriesNamePlain": "Serienavn",
    "ValueSeriesNamePeriod": "Serier.navn",
    "ValueSeriesNameUnderscore": "Serie_navn",
    "ValueEpisodeNamePeriod": "Episode.navn",
    "ValueEpisodeNameUnderscore": "Episode_navn",
    "LabelSeasonNumberPlain": "Sesong nummer",
    "LabelEpisodeNumberPlain": "Episode nummer",
    "LabelEndingEpisodeNumberPlain": "Siste episode nummer",
    "HeaderTypeText": "Skriv Tekst",
    "LabelTypeText": "Tekst",
    "HeaderSearchForSubtitles": "S\u00f8k etter undertekster",
    "MessageNoSubtitleSearchResultsFound": "Ingen s\u00f8k funnet.",
    "TabDisplay": "Skjerm",
    "TabLanguages": "Spr\u00e5k",
    "TabAppSettings": "App-innstillinger",
    "LabelEnableThemeSongs": "Sl\u00e5 p\u00e5 tema sanger",
    "LabelEnableBackdrops": "Sl\u00e5 p\u00e5 backdrops",
    "LabelEnableThemeSongsHelp": "Hvis p\u00e5sl\u00e5tt vil tema sanger bli avspilt i bakgrunnen mens man blar igjennom biblioteket.",
    "LabelEnableBackdropsHelp": "Hvis p\u00e5sl\u00e5tt vil backdrops bli vist i bakgrunnen p\u00e5 noen sider mens man blar igjennom biblioteket.",
    "HeaderHomePage": "Hjemmeside",
    "HeaderSettingsForThisDevice": "Innstillinger for denne enheten",
    "OptionAuto": "Auto",
    "OptionYes": "Ja",
    "OptionNo": "Nei",
    "HeaderOptions": "Alternativer",
    "HeaderIdentificationResult": "Identification Result",
    "LabelHomePageSection1": "Hjemme side seksjon 1:",
    "LabelHomePageSection2": "Hjemme side seksjon 2:",
    "LabelHomePageSection3": "Hjemme side seksjon 3:",
    "LabelHomePageSection4": "Hjemme side seksjon 4:",
    "OptionMyMediaButtons": "My media (buttons)",
    "OptionMyMedia": "My media",
    "OptionMyMediaSmall": "My media (small)",
    "OptionResumablemedia": "Fortsette",
    "OptionLatestMedia": "Siste media",
    "OptionLatestChannelMedia": "Siste kanal elementer",
    "HeaderLatestChannelItems": "Siste Kanal Elementer",
    "OptionNone": "Ingen",
    "HeaderLiveTv": "Live TV",
    "HeaderReports": "Rapporter",
    "HeaderMetadataManager": "Metadata Behandler",
    "HeaderSettings": "Innstillinger",
    "MessageLoadingChannels": "Laster kanal innhold...",
    "MessageLoadingContent": "Laster innhold...",
    "ButtonMarkRead": "Marker Som Lest",
    "OptionDefaultSort": "Standard",
    "OptionCommunityMostWatchedSort": "Mest Sett",
    "TabNextUp": "Neste",
    "PlaceholderUsername": "Brukernavn",
    "HeaderBecomeProjectSupporter": "Get Emby Premiere",
    "MessageNoMovieSuggestionsAvailable": "Ingen film forslag er forel\u00f8pig tilgjengelig. Start med \u00e5 se og ranger filmer. Kom deretter tilbake for \u00e5 f\u00e5 forslag p\u00e5 anbefalinger.",
    "MessageNoCollectionsAvailable": "Collections allow you to enjoy personalized groupings of Movies, Series, Albums, Books and Games. Click the + button to start creating Collections.",
    "MessageNoPlaylistsAvailable": "Spillelister tillater deg \u00e5 lage lister over innhold til \u00e5 spille etter hverandre p\u00e5 en gang. For \u00e5 legge til elementer i spillelister, h\u00f8yreklikk eller trykk og hold, og velg Legg til i spilleliste.",
    "MessageNoPlaylistItemsAvailable": "Denne spillelisten er forel\u00f8pig tom",
    "ButtonDismiss": "Avvis",
    "ButtonEditOtherUserPreferences": "Edit this user's profile, image and personal preferences.",
    "LabelChannelStreamQuality": "Foretrukket internet streaming kvalitet.",
    "LabelChannelStreamQualityHelp": "P\u00e5 en linje med lav b\u00e5ndbredde, vil begrensing av kvalitet hjelpe med \u00e5 gi en mer behagelig streaming opplevelse.",
    "OptionBestAvailableStreamQuality": "Beste tilgjengelig",
    "LabelEnableChannelContentDownloadingFor": "Sl\u00e5 p\u00e5 kanal innhold nedlasting for:",
    "LabelEnableChannelContentDownloadingForHelp": "Noen kanaler st\u00f8tter nedlasting av innhold f\u00f8r visning. Aktiver dette for en linje med  lav b\u00e5ndbredde for \u00e5 laste ned kanalinnholdet n\u00e5r serveren ikke benyttes. Innholdet lastes ned som en del av kanalens planlagte oppgave for nedlasting.",
    "LabelChannelDownloadPath": "Nedlastingsti for Kanal-innhold:",
    "LabelChannelDownloadPathHelp": "Spesifiser en tilpasset nedlastingsti hvis \u00f8nsket. La feltet ellers st\u00e5 tomt for \u00e5 bruke den interne program data mappen.",
    "LabelChannelDownloadAge": "Slett innhold etter: (dager)",
    "LabelChannelDownloadAgeHelp": "Nedlastet innhold eldre enn dette vil bli slettet. Det vil v\u00e6re avspillbart via internett streaming.",
    "ChannelSettingsFormHelp": "Installer kanaler som eksempel Trailers og Vimeo i programtillegg katalogen.",
    "ButtonOptions": "Alternativer",
    "ViewTypePlaylists": "Spillelister",
    "ViewTypeMovies": "Filmer",
    "ViewTypeTvShows": "TV",
    "ViewTypeGames": "Spill",
    "ViewTypeMusic": "Musikk",
    "ViewTypeMusicGenres": "Sjangere",
    "ViewTypeMusicArtists": "Artist",
    "ViewTypeBoxSets": "Samlinger",
    "ViewTypeChannels": "Kanaler",
    "ViewTypeLiveTV": "Live TV",
    "ViewTypeLiveTvNowPlaying": "Sendes n\u00e5",
    "ViewTypeLatestGames": "Siste spill",
    "ViewTypeRecentlyPlayedGames": "Nylig spilt",
    "ViewTypeGameFavorites": "Favoritter",
    "ViewTypeGameSystems": "Spillsystemer",
    "ViewTypeGameGenres": "Sjangere",
    "ViewTypeTvResume": "Fortsette",
    "ViewTypeTvNextUp": "Neste",
    "ViewTypeTvLatest": "Siste",
    "ViewTypeTvShowSeries": "Serier",
    "ViewTypeTvGenres": "Sjangere",
    "ViewTypeTvFavoriteSeries": "Favoritt serier",
    "ViewTypeTvFavoriteEpisodes": "Favoritt episoder",
    "ViewTypeMovieResume": "Fortsette",
    "ViewTypeMovieLatest": "Siste",
    "ViewTypeMovieMovies": "Filmer",
    "ViewTypeMovieCollections": "Samlinger",
    "ViewTypeMovieFavorites": "Favoritter",
    "ViewTypeMovieGenres": "Sjangere",
    "ViewTypeMusicLatest": "Siste",
    "ViewTypeMusicPlaylists": "Spillelister",
    "ViewTypeMusicAlbums": "Albumer",
    "ViewTypeMusicAlbumArtists": "Album artister",
    "HeaderOtherDisplaySettings": "Visnings Innstillinger",
    "ViewTypeMusicSongs": "Sanger",
    "ViewTypeMusicFavorites": "Favoritter",
    "ViewTypeMusicFavoriteAlbums": "Favorittalbumer",
    "ViewTypeMusicFavoriteArtists": "Favorittartister",
    "ViewTypeMusicFavoriteSongs": "Favorittsanger",
    "HeaderMyViews": "Mitt Syn",
    "LabelSelectFolderGroups": "Automatisk gruppering av innhold fra f\u00f8lgende mapper til oversikter som filmer, musikk og TV:",
    "LabelSelectFolderGroupsHelp": "Mapper som ikke er valgt vil bli vist for seg selv i deres egen visning.",
    "OptionDisplayAdultContent": "Vis Voksen materiale",
    "OptionLibraryFolders": "Media Mapper",
    "TitleRemoteControl": "Ekstern Kontroll",
    "OptionLatestTvRecordings": "Siste opptak",
    "LabelProtocolInfo": "Protokoll info:",
    "LabelProtocolInfoHelp": "Verdien som blir brukt for \u00e5 gi respons til GetProtocolInfo foresp\u00f8rsler fra enheten.",
    "TabNfo": "Nfo",
    "HeaderKodiMetadataHelp": "Emby includes native support for Nfo metadata files. To enable or disable Nfo metadata, use the Advanced tab to configure options for your media types.",
    "LabelKodiMetadataUser": "Synk bruker sett data til nfo'er for:",
    "LabelKodiMetadataUserHelp": "Enable this to keep watch data in sync between Emby Server and Nfo files.",
    "LabelKodiMetadataDateFormat": "Utgivelsesdato format:",
    "LabelKodiMetadataDateFormatHelp": "Alle datoer inenfor nfo'er vil bli lest og skrevet til med bruk av dette formatet.",
    "LabelKodiMetadataSaveImagePaths": "Lagre bilde stier inne i nfo filer",
    "LabelKodiMetadataSaveImagePathsHelp": "Dette anbefales hvis du har bilde filnavn som ikke f\u00f8lger Kodi retningslinjer.",
    "LabelKodiMetadataEnablePathSubstitution": "Aktiver sti erstatter",
    "LabelKodiMetadataEnablePathSubstitutionHelp": "Aktiverer sti erstatning av bilde stier ved hjelp av serverens sti erstatter innstillinger.",
    "LabelKodiMetadataEnablePathSubstitutionHelp2": "Vis sti erstatter",
    "OptionDisplayChannelsInline": "Display channels inline within my views",
    "OptionDisplayChannelsInlineHelp": "If enabled, channels will be displayed directly alongside other views. If disabled, they'll be displayed within a separate Channels view.",
    "LabelDisplayCollectionsView": "Vis en samling for \u00e5 vise film samlinger",
    "LabelDisplayCollectionsViewHelp": "This will create a separate view to display collections that you've created or have access to. To create a collection, right-click or tap-hold any movie and select 'Add to Collection'. ",
    "LabelKodiMetadataEnableExtraThumbs": "kopier extrafanart inn til extrathumbs",
    "LabelKodiMetadataEnableExtraThumbsHelp": "Ved nedlasting av bilder kan de bli lagret inn til b\u00e5de extrafanart og extrathumbs for maksimum Kodi skin kompabilitet.",
    "TabServices": "Tjenester",
    "TabLogs": "Logger",
    "HeaderServerLogFiles": "Server log filer:",
    "TabBranding": "Merke",
    "HeaderBrandingHelp": "Customize the appearance of Emby to fit the needs of your group or organization.",
    "LabelLoginDisclaimer": "Login ansvarsfraskrivelse:",
    "LabelLoginDisclaimerHelp": "Dette vil bli vist p\u00e5 bunnen av login siden.",
    "OptionList": "Liste",
    "TabDashboard": "Dashbord",
    "TitleServer": "Server",
    "LabelCache": "Cache:",
    "LabelLogs": "Logger:",
    "LabelMetadata": "Metadata:",
    "LabelImagesByName": "Bilder etter navn:",
    "LabelTranscodingTemporaryFiles": "Transcoder midlertidige filer:",
    "HeaderLatestMusic": "Siste Musikk",
    "HeaderBranding": "Merke",
    "HeaderApiKeys": "Api N\u00f8kkler",
    "HeaderApiKeysHelp": "External applications are required to have an Api key in order to communicate with Emby Server. Keys are issued by logging in with an Emby account, or by manually granting the application a key.",
    "HeaderApiKey": "API-n\u00f8kkel",
    "HeaderApp": "App",
    "HeaderDevice": "Enhet",
    "HeaderUser": "Bruker",
    "HeaderDateIssued": "Dato utstedt",
    "LabelChapterName": "Kapittel {0}",
    "HeaderNewApiKey": "Ny Api N\u00f8kkel",
    "LabelAppName": "Applikasjonsnavn",
    "LabelAppNameExample": "Eksempel: Sickbeard, NzbDrone",
    "HeaderNewApiKeyHelp": "Grant an application permission to communicate with Emby Server.",
    "HeaderHttpHeaders": "Http Headere",
    "HeaderIdentificationHeader": "Identifiseringsheader",
    "LabelValue": "Verdi:",
    "LabelMatchType": "Match type:",
    "OptionEquals": "Lik",
    "OptionRegex": "Regex",
    "OptionSubstring": "SubString",
    "TabView": "Se",
    "TabSort": "Sorter",
    "TabFilter": "Filter",
    "ButtonView": "Se",
    "LabelPageSize": "Element grense:",
    "LabelPath": "Sti:",
    "LabelView": "Se:",
    "TabUsers": "Brukere",
    "LabelSortName": "Sorterings navn:",
    "LabelDateAdded": "Dato lagt til:",
    "HeaderFeatures": "Funksjoner",
    "HeaderAdvanced": "Avansert",
    "ButtonSync": "Synk",
    "TabScheduledTasks": "Planlagte Oppgaver",
    "HeaderChapters": "Kapitler",
    "HeaderResumeSettings": "Fortsett Innstillinger",
    "TabSync": "Synk",
    "TitleUsers": "Brukere",
    "LabelProtocol": "Protokoll:",
    "OptionProtocolHttp": "Http",
    "OptionProtocolHls": "Http Live Streaming",
    "LabelContext": "Kontekst",
    "OptionContextStreaming": "Streaming",
    "OptionContextStatic": "Synk",
    "ButtonAddToPlaylist": "Legg til spilleliste",
    "TabPlaylists": "Spliielister",
    "ButtonClose": "Lukk",
    "LabelAllLanguages": "Alle spr\u00e5k",
    "HeaderBrowseOnlineImages": "Bla Igjennom Bilder Online",
    "LabelSource": "Kilde:",
    "OptionAll": "Alle",
    "LabelImage": "Bilde:",
    "ButtonBrowseImages": "Bla Igjennom Bilder",
    "HeaderImages": "Bilder",
    "HeaderBackdrops": "Backdrops",
    "HeaderScreenshots": "Screenshots",
    "HeaderAddUpdateImage": "Legg Til\/Oppdater Bilde",
    "LabelJpgPngOnly": "JPG\/PNG kun",
    "LabelImageType": "Bilde type:",
    "OptionPrimary": "Prim\u00e6re",
    "OptionArt": "Art",
    "OptionBox": "Boks",
    "OptionBoxRear": "Boks bak",
    "OptionDisc": "Disk",
    "OptionIcon": "Ikon",
    "OptionLogo": "Logo",
    "OptionMenu": "Meny",
    "OptionScreenshot": "Screenshot",
    "OptionLocked": "L\u00e5st",
    "OptionUnidentified": "uidentifisert",
    "OptionMissingParentalRating": "Mangler foreldresensur",
    "OptionStub": "stump",
    "HeaderEpisodes": "Episoder:",
    "OptionSeason0": "Sesong 0",
    "LabelReport": "Rapport:",
    "OptionReportSongs": "Sanger:",
    "OptionReportSeries": "Serier",
    "OptionReportSeasons": "Sesonger",
    "OptionReportTrailers": "Trailere",
    "OptionReportMusicVideos": "Musikkvideoer",
    "OptionReportMovies": "Filmer",
    "OptionReportHomeVideos": "Hjemme videoer",
    "OptionReportGames": "Spill",
    "OptionReportEpisodes": "Episoder",
    "OptionReportCollections": "Samlinger",
    "OptionReportBooks": "B\u00f8ker",
    "OptionReportArtists": "Artisert",
    "OptionReportAlbums": "Albumer",
    "OptionReportAdultVideos": "Voksen videoer",
    "ButtonMore": "Mer",
    "HeaderActivity": "Aktivitet",
    "ScheduledTaskStartedWithName": "{0} startet",
    "ScheduledTaskCancelledWithName": "{0} ble avbrutt",
    "ScheduledTaskCompletedWithName": "{0} fullf\u00f8rt",
    "ScheduledTaskFailed": "Planlagte oppgaver utf\u00f8rt",
    "PluginInstalledWithName": "{0} ble installert",
    "PluginUpdatedWithName": "{0} ble oppdatert",
    "PluginUninstalledWithName": "{0} ble avinstallert",
    "ScheduledTaskFailedWithName": "{0} feilet",
    "ItemAddedWithName": "{0} ble lagt til biblioteket",
    "ItemRemovedWithName": "{0} ble fjernet fra biblioteket",
    "DeviceOnlineWithName": "{0} er tilkoblet",
    "UserOnlineFromDevice": "{0} er online fra {1}",
    "DeviceOfflineWithName": "{0} har koblet fra",
    "UserOfflineFromDevice": "{0} har koblet fra {1}",
    "SubtitlesDownloadedForItem": "Undertekster lastet ned for {0}",
    "SubtitleDownloadFailureForItem": "nedlasting av undertekster feilet for {0}",
    "LabelRunningTimeValue": "Spille tide: {0}",
    "LabelIpAddressValue": "Ip adresse: {0}",
    "UserLockedOutWithName": "User {0} has been locked out",
    "UserConfigurationUpdatedWithName": "Bruker konfigurasjon har blitt oppdatert for {0}",
    "UserCreatedWithName": "Bruker {0} har blitt opprettet",
    "UserPasswordChangedWithName": "Passord har blitt endret for bruker {0}",
    "UserDeletedWithName": "Bruker {0} har blitt slettet",
    "MessageServerConfigurationUpdated": "Server konfigurasjon har blitt oppdatert",
    "MessageNamedServerConfigurationUpdatedWithValue": "Server konfigurasjon seksjon {0} har blitt oppdatert",
    "MessageApplicationUpdated": "Emby server har blitt oppdatert",
    "AuthenticationSucceededWithUserName": "{0} autentisert med suksess",
    "FailedLoginAttemptWithUserName": "P\u00e5loggingsfors\u00f8k feilet fra {0}",
    "UserDownloadingItemWithValues": "{0} laster ned {1}",
    "UserStartedPlayingItemWithValues": "{0} har startet avspilling av {1}",
    "UserStoppedPlayingItemWithValues": "{0} har stoppet avspilling av {1}",
    "AppDeviceValues": "App: {0} , Device: {1}",
    "ProviderValue": "Tilbyder: {0}",
    "LabelChannelDownloadSizeLimit": "Nedlastings grense (GB):",
    "LabelChannelDownloadSizeLimitHelpText": "Begrens st\u00f8rrelse for kanal nedlastings mappen.",
    "HeaderRecentActivity": "Siste Aktivitet",
    "HeaderPeople": "Personer",
    "HeaderDownloadPeopleMetadataFor": "Last ned biografi og bilder for:",
    "OptionComposers": "Komponister:",
    "OptionOthers": "Andre",
    "HeaderDownloadPeopleMetadataForHelp": "Aktivering av flere opsjoner vil gi mer info p\u00e5 skjermen, men resultere i d\u00e5rligere ytelse ved bibliotek skanninger.",
    "ViewTypeFolders": "Mapper",
    "LabelDisplayFoldersView": "Vis alle mapper som rene lagringsmapper",
    "ViewTypeLiveTvRecordingGroups": "Opptak",
    "ViewTypeLiveTvChannels": "Kanaler",
    "LabelEasyPinCode": "Enkel PIN-kode:",
    "EasyPasswordHelp": "Your easy pin code is used for offline access with supported Emby apps, and can also be used for easy in-network sign in.",
    "LabelInNetworkSignInWithEasyPassword": "Tillat innlogging med PIN-kode via det lokale nettverket.",
    "LabelInNetworkSignInWithEasyPasswordHelp": "If enabled, you'll be able to use your easy pin code to sign in to Emby apps from inside your home network. Your regular password will only be needed away from home. If the pin code is left blank, you won't need a password within your home network.",
    "HeaderPassword": "Passord",
    "HeaderLocalAccess": "Lokal Tilkobling",
    "HeaderViewOrder": "Visnings rekkef\u00f8lge",
    "ButtonResetEasyPassword": "Tilbakestill PIN-kode",
    "LabelSelectUserViewOrder": "Choose the order your views will be displayed in within Emby apps",
    "LabelMetadataRefreshMode": "Metadata oppfrisknings modus:",
    "LabelImageRefreshMode": "Bilde oppfrisknings modus:",
    "OptionDownloadMissingImages": "Last ned manglende bilder",
    "OptionReplaceExistingImages": "Bytt ut eksisterende bilder",
    "OptionRefreshAllData": "Oppfrisk alle data",
    "OptionAddMissingDataOnly": "Legg til kun maglende data",
    "OptionLocalRefreshOnly": "Kun lokal oppfrsikining",
    "HeaderRefreshMetadata": "Oppfrisk Metadata",
    "HeaderPersonInfo": "Person Info",
    "HeaderIdentifyItemHelp": "Oppgi ett eller flere s\u00f8ke kriterier. Fjern kriterie for \u00e5 \u00f8ke s\u00f8ke resultater.",
    "HeaderConfirmDeletion": "Bekreft Kansellering",
    "LabelFollowingFileWillBeDeleted": "F\u00f8lgende fil vil bli slettet:",
    "LabelIfYouWishToContinueWithDeletion": "Hvis du \u00f8nsker \u00e5 fortsette, venligst bekreft med verdien av:",
    "ButtonIdentify": "Identifiser",
    "LabelAlbumArtist": "Album Artist",
    "LabelAlbumArtists": "Album artists:",
    "LabelAlbum": "Album:",
    "LabelCommunityRating": "Fellesskap anmeldelse:",
    "LabelVoteCount": "Stemme tall:",
    "LabelMetascore": "Metascore:",
    "LabelCriticRating": "Kritiker anmeldelse:",
    "LabelCriticRatingSummary": "Kritiker anmeldelse sammendrag:",
    "LabelAwardSummary": "Pris sammendrag:",
    "LabelWebsite": "Nettsted:",
    "LabelTagline": "Slagord:",
    "LabelOverview": "Oversikt:",
    "LabelShortOverview": "Kort oversikt:",
    "LabelReleaseDate": "Utgivelsesdato:",
    "LabelYear": "\u00c5r:",
    "LabelPlaceOfBirth": "F\u00f8dested:",
    "LabelEndDate": "Slutt dato:",
    "LabelAirDate": "Sendings dager:",
    "LabelAirTime:": "Sendings tid:",
    "LabelRuntimeMinutes": "Spilletid (minutter):",
    "LabelParentalRating": "Foreldresensur:",
    "LabelCustomRating": "Kunde anmeldelse:",
    "LabelBudget": "Budsjett",
    "LabelRevenue": "Inntjening ($):",
    "LabelOriginalAspectRatio": "Originalt sideforhold:",
    "LabelPlayers": "Spillere:",
    "Label3DFormat": "3D format:",
    "HeaderAlternateEpisodeNumbers": "Alternativ Episode nummerering",
    "HeaderSpecialEpisodeInfo": "Spesial Episode info",
    "HeaderExternalIds": "Ekstern Id'er:",
    "LabelDvdSeasonNumber": "Dvd sesong nummer:",
    "LabelDvdEpisodeNumber": "Dvd episode nummer:",
    "LabelAbsoluteEpisodeNumber": "absolutt episode nummer:",
    "LabelAirsBeforeSeason": "Send f\u00f8r sesong:",
    "LabelAirsAfterSeason": "Sendt etter sesong:",
    "LabelAirsBeforeEpisode": "Sendt f\u00f8r episode:",
    "LabelTreatImageAs": "Behandle bilde som:",
    "LabelDisplayOrder": "Visningsrekkef\u00f8lge:",
    "LabelDisplaySpecialsWithinSeasons": "Vis speialiteter innfor sensongen de ble sendt i",
    "HeaderCountries": "Land",
    "HeaderGenres": "Sjanger",
    "HeaderPlotKeywords": "Plott n\u00f8kkelord",
    "HeaderStudios": "Studioer",
    "HeaderTags": "Tagger",
    "HeaderMetadataSettings": "Metadata innstilinger",
    "LabelLockItemToPreventChanges": "L\u00e5s dette elementet for \u00e5 hindre fremtidige endringer",
    "MessageLeaveEmptyToInherit": "La v\u00e6re blank for \u00e5 arve innstillinger fra et foreldre element, eller den globale standard verdien.",
    "HeaderDonationType": "Donasjon type:",
    "OptionMakeOneTimeDonation": "Gi en egen donasjon",
    "OptionNoTrailer": "Ingen trailer",
    "OptionNoThemeSong": "Ingen temasang",
    "OptionNoThemeVideo": "Ingen tema video",
    "LabelOneTimeDonationAmount": "Donasjons bel\u00f8p:",
    "ButtonPurchase": "Purchase",
    "OptionActor": "Skuespiller",
    "OptionComposer": "Komponist",
    "OptionDirector": "Regiss\u00f8r",
    "OptionGuestStar": "Stjerne gjest",
    "OptionProducer": "Produsent",
    "OptionWriter": "Manus",
    "LabelAirDays": "Sendings dager:",
    "LabelAirTime": "Sendings tid:",
    "HeaderMediaInfo": "Media informasjon",
    "HeaderPhotoInfo": "Bildeinformasjon",
    "HeaderInstall": "Installer",
    "LabelSelectVersionToInstall": "Velg versjon for \u00e5 installere:",
    "LinkLearnMoreAboutSubscription": "Learn about Emby Premiere",
    "MessagePluginRequiresSubscription": "This plugin will require an active Emby Premiere subscription after the 14 day free trial.",
    "MessagePremiumPluginRequiresMembership": "This plugin will require an active Emby Premiere subscription in order to purchase after the 14 day free trial.",
    "HeaderReviews": "Anmeldelser",
    "HeaderDeveloperInfo": "Utvikler informasjon",
    "HeaderRevisionHistory": "Revisjonshistorikk",
    "ButtonViewWebsite": "Vis nettsted",
    "HeaderXmlSettings": "Xml innstillinger",
    "HeaderXmlDocumentAttributes": "Xml dokument attributter",
    "HeaderXmlDocumentAttribute": "Xml dokument attributt",
    "XmlDocumentAttributeListHelp": "Disse attributtene p\u00e5f\u00f8res rot elementet for alle xml responser.",
    "OptionSaveMetadataAsHidden": "Lagre metadata og bilder som skjulte filer",
    "LabelExtractChaptersDuringLibraryScan": "Hent ut kapittel bilder under bibliotek skann",
    "LabelExtractChaptersDuringLibraryScanHelp": "Hvis aktivert, vil kapittel bilder bli hentet ut mens videoer importeres under bibliotek skanning.\nHvis deaktivert, vil de bli hentet ut under planlagte oppgaver for kapittel bilder, som medf\u00f8rer at vanlig bibliotek skanning blir fortere ferdig.",
    "LabelConnectGuestUserName": "Emby brukernavn eller epostadresse:",
    "LabelConnectUserName": "Emby brukernavn\/epost",
    "LabelConnectUserNameHelp": "Connect this local user to an online Emby account to enable easy sign-in access from any Emby app without having to know the server ip address.",
    "ButtonLearnMoreAboutEmbyConnect": "L\u00e6r mer om Emby Connect",
    "LabelExternalPlayers": "Eksterne avspillere:",
    "LabelExternalPlayersHelp": "Vis knapper for \u00e5 spille av innhold i eksterne avspillere. Dette er bare tilgjengelig p\u00e5 enheter som st\u00f8tter url oppsett, i hovedsak Android og iOS. Med eksterne spillere er det vanligvis ingen st\u00f8tte for fjernkontroll eller gjenopptaking.",
    "LabelNativeExternalPlayersHelp": "Display buttons to play content in external players.",
    "LabelEnableItemPreviews": "Enable item previews",
    "LabelEnableItemPreviewsHelp": "if enabled, sliding previews will appear when clicking items on certain screens.",
    "HeaderSubtitleProfile": "Undertekst Profil",
    "HeaderSubtitleProfiles": "Undertekst Profiler",
    "HeaderSubtitleProfilesHelp": "Undertekst profiler beskriver undertekst formater som er suportert av enheten.",
    "LabelFormat": "Format:",
    "LabelMethod": "Metode:",
    "LabelDidlMode": "Didl modus:",
    "OptionCaptionInfoExSamsung": "CaptionInfoEx (Samsung)",
    "OptionResElement": "res element",
    "OptionEmbedSubtitles": "Legge inn i kontainer",
    "OptionExternallyDownloaded": "Ekstern nedlasting",
    "OptionHlsSegmentedSubtitles": "Hls segmented subtitles",
    "LabelSubtitleFormatHelp": "Eksempel: srt",
    "ButtonLearnMore": "L\u00e6re mer",
    "TabPlayback": "Spill av",
    "HeaderLanguagePreferences": "Spr\u00e5kpreferanser",
    "TabCinemaMode": "Kino Mode",
    "TitlePlayback": "Spill av",
    "LabelEnableCinemaModeFor": "Aktiver kino mode for:",
    "CinemaModeConfigurationHelp": "Kino-modus bringer kinoopplevelsen direkte til din stue med muligheten til \u00e5 spille trailere og tilpassede introer f\u00f8r filmen begynner.",
    "OptionTrailersFromMyMovies": "Inkludere trailere fra filmer i mitt bibliotek",
    "OptionUpcomingMoviesInTheaters": "Inkludere trailere fra nye og kommende filmer",
    "LabelLimitIntrosToUnwatchedContent": "Bruk kun trailere fra usett innhold",
    "LabelEnableIntroParentalControl": "Aktiver smart foreldre kontroll",
    "LabelEnableIntroParentalControlHelp": "Trailers will only be selected with a parental rating equal to or less than the content being watched.",
    "LabelTheseFeaturesRequireSubscriptionHelpAndTrailers": "These features require an active Emby Premiere subscription and installation of the Trailer channel plugin.",
    "OptionTrailersFromMyMoviesHelp": "Krever oppsett av lokale trailere.",
    "LabelCustomIntrosPath": "Tilpasset intro sti:",
    "LabelCustomIntrosPathHelp": "En mappe med video filer. En video vil bli tilfeldig valgt og avspilt etter trailere.",
    "ValueSpecialEpisodeName": "Spesiell - {0}",
    "LabelSelectInternetTrailersForCinemaMode": "Internett trailere:",
    "OptionUpcomingDvdMovies": "Inkluder trailere fra nye og kommende filmer p\u00e5 DVD & Blu-ray",
    "OptionUpcomingStreamingMovies": "Inkluder trailere fra nye og kommende filmer p\u00e5 Netflix",
    "LabelDisplayTrailersWithinMovieSuggestions": "Vis trailere sammen med film forslag",
    "LabelDisplayTrailersWithinMovieSuggestionsHelp": "Krever installasjon av trailer kanalen.",
    "CinemaModeConfigurationHelp2": "Emby apps will have a setting to enable or disable cinema mode. TV apps enable cinema mode by default.",
    "LabelEnableCinemaMode": "Aktiver kino mode",
    "HeaderCinemaMode": "Kino Modus",
    "LabelDateAddedBehavior": "Dato lagt til adferd for nytt innhold:",
    "OptionDateAddedImportTime": "Bruk dato skannet inn til biblioteket",
    "OptionDateAddedFileTime": "Bruk fil opprettelse dato",
    "LabelDateAddedBehaviorHelp": "Hvis metadata verdier er tilgjengelig vil de alltid bli brukt fremfor noen av disse valgene.",
    "LabelNumberTrailerToPlay": "Antall trailere \u00e5 avspille:",
    "TitleDevices": "Enheter",
    "TabCameraUpload": "Kameraopplasting",
    "TabDevices": "Enheter",
    "HeaderCameraUploadHelp": "Automatisk opplasting av bilder og videoer tatt fra dine mobile enheter til Emby.",
    "MessageNoDevicesSupportCameraUpload": "Du har for \u00f8yeblikket ingen enheter som st\u00f8tter kameraopplasting.",
    "LabelCameraUploadPath": "Sti til kameraopplasting:",
    "LabelCameraUploadPathHelp": "Velg en tilpasset sti for opplasting dersom du \u00f8nsker det. Hvis intet er spesifiser vil standardmappen brukes. Hvis du bruker en tilpasset sti vil denne ogs\u00e5 m\u00e5tte legges til i innstillingene for bibliotek.",
    "LabelCreateCameraUploadSubfolder": "Lag en underkatalog for hver enhet",
    "LabelCreateCameraUploadSubfolderHelp": "Spesifikke mapper kan tildeles en enhet ved \u00e5 klikke p\u00e5 den fra Enhets-siden.",
    "LabelCustomDeviceDisplayName": "Visningsnavn:",
    "LabelCustomDeviceDisplayNameHelp": "Oppgi et egendefinert visningsnavn eller la det v\u00e6re tomt for \u00e5 bruke navnet som enheten rapporterer.",
    "HeaderInviteUser": "Invit\u00e9r Bruker",
    "LabelConnectGuestUserNameHelp": "Dette er brukernavnet som dine venner bruker til \u00e5 logge seg p\u00e5 Emby nettside, eller bruk e-postadresse.",
    "HeaderInviteUserHelp": "Dele media med venner er enklere enn noensinne med Emby Connect.",
    "ButtonSendInvitation": "Send Invitasjon",
    "HeaderSignInWithConnect": "Logg inn med Emby Connect",
    "HeaderGuests": "Gjester",
    "HeaderLocalUsers": "Lokale Brukere",
    "HeaderPendingInvitations": "Ventende invitasjoner",
    "TabParentalControl": "Foreldrekontroll",
    "HeaderAccessSchedule": "Access Schedule",
    "HeaderAccessScheduleHelp": "Lag en tilgang tidsplan for \u00e5 begrense tilgangen til visse tider.",
    "ButtonAddSchedule": "Legg til timeplan",
    "LabelAccessDay": "Ukedag:",
    "LabelAccessStart": "Starttid:",
    "LabelAccessEnd": "Sluttid:",
    "HeaderSchedule": "Timeplan",
    "OptionEveryday": "Hver dag",
    "OptionWeekdays": "Ukedager",
    "OptionWeekends": "Helger",
    "MessageProfileInfoSynced": "Brukerprofilinformasjon er synkronisert med Emby Connect.",
    "HeaderOptionalLinkEmbyAccount": "Valgfritt: Link til din konto p\u00e5 Emby Media",
    "ButtonTrailerReel": "Start trailerserie",
    "HeaderTrailerReel": "Trailerserie",
    "OptionPlayUnwatchedTrailersOnly": "Bare spill usette trailere",
    "HeaderTrailerReelHelp": "Spiller av trailere fra din spilleliste.",
    "MessageNoTrailersFound": "No trailers found. Install the Trailer channel to enhance your movie experience by adding a library of internet trailers.",
    "HeaderNewUsers": "Nye Brukere",
    "ButtonSignUp": "Registrering",
    "ButtonForgotPassword": "Glemt passord",
    "OptionDisableUserPreferences": "Deaktiver tillgang til bruker preferanser",
    "OptionDisableUserPreferencesHelp": "Hvis ativert, vil kun administratorer kunne konfigurere bruker profil bilder, passord og spr\u00e5k preferanser.",
    "HeaderSelectServer": "Velg Server",
    "MessageNoServersAvailableToConnect": "Ingen servere er tilgjengelig for tilkobling. Hvis du er invitert til \u00e5 dele en server, s\u00f8rg for \u00e5 godta det under eller ved \u00e5 klikke p\u00e5 lenken i e-posten.",
    "TitleNewUser": "Ny bruker",
    "ButtonConfigurePassword": "Konfigurer passord",
    "HeaderDashboardUserPassword": "Brukerpassord forvaltes innenfor hver brukers personlige profilinnstillingene.",
    "HeaderLibraryAccess": "Bibliotek tilgang",
    "HeaderChannelAccess": "Kanal tilgang",
    "HeaderLatestItems": "Siste element",
    "LabelSelectLastestItemsFolders": "Inkluder media fra f\u00f8lgende avsnitt i de siste elementene",
    "HeaderShareMediaFolders": "Del media mapper",
    "MessageGuestSharingPermissionsHelp": "De fleste funksjonene er i utgangspunktet utilgjengelig for gjester, men kan aktiveres ved behov.",
    "HeaderInvitations": "Invitasjoner",
    "LabelForgotPasswordUsernameHelp": "Skriv inn ditt brukernavn, hvis du husker det.",
    "HeaderForgotPassword": "Glemt passord",
    "TitleForgotPassword": "Glemt passord",
    "TitlePasswordReset": "Resett passord",
    "LabelPasswordRecoveryPinCode": "PIN-kode:",
    "HeaderPasswordReset": "Resett passord",
    "HeaderParentalRatings": "Foreldresensur",
    "HeaderVideoTypes": "Videotyper",
    "HeaderYears": "Years",
    "HeaderBlockItemsWithNoRating": "Block content with no or unrecognized rating information:",
    "LabelBlockContentWithTags": "Blokker innhold med f\u00f8lgende tags:",
    "LabelEnableSingleImageInDidlLimit": "Maksimalt et innebygd bilde",
    "LabelEnableSingleImageInDidlLimitHelp": "Noen enheter vil ikke vise bildene korrekt hvis flere bilder er innebygget i Didl.",
    "TabActivity": "Aktivitet",
    "TitleSync": "Synk",
    "OptionAllowSyncContent": "Tillat synk",
    "OptionAllowContentDownloading": "Tillat nedlasting av media",
    "NameSeasonUnknown": "Ukjent sesong",
    "NameSeasonNumber": "Sesong {0}",
    "LabelNewUserNameHelp": "Brukernavn kan inneholder internasjonale bokstaver (a-z), tall (0-9), bindestrek (-), understrek (_), apostrof (') og punktum (.)",
    "TabJobs": "Jobber",
    "TabSyncJobs": "Synk-jobber",
    "LabelTagFilterMode": "Modus",
    "LabelTagFilterAllowModeHelp": "Hvis tillatte tagger brukes som del av mappestrukturen, vil innhold som er tagget kreve at foreldre-mappene ogs\u00e5 er tagget.",
    "HeaderThisUserIsCurrentlyDisabled": "Denne brukeren er deaktivert",
    "MessageReenableUser": "Se under for \u00e5 aktivere",
    "LabelEnableInternetMetadataForTvPrograms": "Last ned internet metadata for:",
    "OptionTVMovies": "TV serier",
    "HeaderUpcomingMovies": "Kommende filmer",
    "HeaderUpcomingSports": "Kommende sport",
    "HeaderUpcomingPrograms": "Kommende programmer",
    "ButtonMoreItems": "More",
    "LabelShowLibraryTileNames": "Show library tile names",
    "LabelShowLibraryTileNamesHelp": "Determines if labels will be displayed underneath library tiles on the home page",
    "OptionEnableTranscodingThrottle": "Aktiver struping",
    "OptionEnableTranscodingThrottleHelp": "Struping vil automatisk justere transkoding hastighet for \u00e5 minimere server cpu utnyttelse under avspilling.",
    "LabelUploadSpeedLimit": "Last opp hastighetsgrensen (Mbps):",
    "OptionAllowSyncTranscoding": "Tillat synkronisering som krever transkoding",
    "HeaderPlayback": "Media avspilling",
    "OptionAllowAudioPlaybackTranscoding": "Tillat lydavspilling som krever transkoding",
    "OptionAllowVideoPlaybackTranscoding": "Tillat filmavspilling som krever transkoding",
    "OptionAllowMediaPlaybackTranscodingHelp": "Users will receive friendly messages when content is unplayable based on policy.",
    "TabStreaming": "Streaming",
    "LabelRemoteClientBitrateLimit": "Internet streaming bitrate limit (Mbps):",
    "LabelRemoteClientBitrateLimitHelp": "An optional streaming bitrate limit for all out of network clients. This is useful to prevent clients from requesting a higher bitrate than your internet connection can handle.",
    "LabelConversionCpuCoreLimit": "CPU kjerne grense:",
    "LabelConversionCpuCoreLimitHelp": "Begrenser antall CPU-kjerner som skal brukes under synk-konvertering.",
    "OptionEnableFullSpeedConversion": "Aktiver full hastighetskonvertering",
    "OptionEnableFullSpeedConversionHelp": "Som standard er synk-konvertering utf\u00f8res ved en lav hastighet for \u00e5 minimere ressursforbruk.",
    "HeaderPlaylists": "Spillelister",
    "HeaderViewStyles": "Se stiler",
    "LabelSelectViewStyles": "Enable enhanced presentations for:",
    "LabelSelectViewStylesHelp": "If enabled, views will be built with metadata to offer categories such as Suggestions, Latest, Genres, and more. If disabled, they'll be displayed with simple folders.",
    "TabPhotos": "Bilder",
    "TabVideos": "Filmer",
    "HeaderWelcomeToEmby": "Velkommen til Emby",
    "EmbyIntroMessage": "With Emby you can easily stream videos, music and photos to smart phones, tablets and other devices from your Emby Server.",
    "ButtonSkip": "Hopp over",
    "TextConnectToServerManually": "Koble til server manuelt",
    "ButtonSignInWithConnect": "Logg inn med Emby Connect",
    "ButtonConnect": "Koble til",
    "LabelServerHost": "Vert",
    "LabelServerHostHelp": "192.168.1.100 eller \"https:\/\/dinserver.no\"",
    "LabelServerPort": "Port:",
    "HeaderNewServer": "Ny server",
    "ButtonChangeServer": "Endre server",
    "HeaderConnectToServer": "Koble til server",
    "OptionReportList": "List View",
    "OptionReportStatistics": "Statistikk",
    "OptionReportGrouping": "Gruppering",
    "HeaderExport": "Eksporter",
    "HeaderColumns": "Kolonner",
    "ButtonReset": "Resett",
    "OptionEnableExternalVideoPlayers": "Aktiver eksterne videoavspillere",
    "ButtonUnlockGuide": "Unlock Guide",
    "LabelEnableFullScreen": "Enable fullscreen mode",
    "LabelEnableChromecastAc3Passthrough": "Enable Chromecast AC3 Passthrough",
    "OptionSyncToSDCard": "Synced to external SD card",
    "LabelEmail": "Email:",
    "LabelUsername": "Username:",
    "HeaderSignUp": "Sign Up",
    "LabelPasswordConfirm": "Password (confirm):",
    "ButtonAddServer": "Add Server",
    "TabHomeScreen": "Home Screen",
    "HeaderDisplay": "Display",
    "HeaderNavigation": "Navigation",
    "LegendTheseSettingsShared": "These settings are shared on all devices",
    "OptionEnableAutomaticServerUpdates": "Enable automatic server updates",
    "OptionOtherTrailers": "Include trailers from older movies",
    "HeaderOverview": "Overview",
    "HeaderShortOverview": "Short Overview",
    "HeaderType": "Type",
    "HeaderSeverity": "Severity",
    "OptionReportActivities": "Activities Log",
    "HeaderTunerDevices": "Tuner Devices",
    "ButtonAddDevice": "Add Device",
    "HeaderAddDevice": "Add Device",
    "HeaderExternalServices": "External Services",
    "LabelTunerIpAddress": "Tuner IP Address:",
    "TabExternalServices": "External Services",
    "TabTuners": "Tuners",
    "HeaderGuideProviders": "Guide Providers",
    "AddGuideProviderHelp": "Add a source for TV Guide information",
    "LabelZipCode": "Zip Code:",
    "GuideProviderSelectListings": "Select Listings",
    "GuideProviderLogin": "Login",
    "LabelLineup": "Lineup:",
    "MessageTunerDeviceNotListed": "Is your tuner device not listed? Try installing an external service provider for more Live TV options.",
    "LabelImportOnlyFavoriteChannels": "Restrict to channels marked as favorite",
    "ImportFavoriteChannelsHelp": "If enabled, only channels that are marked as favorite on the tuner device will be imported.",
    "ButtonRepeat": "Repeat",
    "LabelEnableThisTuner": "Enable this tuner",
    "LabelEnableThisTunerHelp": "Uncheck to prevent importing channels from this tuner.",
    "HeaderLocked": "Locked",
    "HeaderUnidentified": "Unidentified",
    "HeaderImagePrimary": "Primary",
    "HeaderImageBackdrop": "Backdrop",
    "HeaderImageLogo": "Logo",
    "HeaderUserPrimaryImage": "User Image",
    "ButtonDisplaySettings": "Display settings",
    "ButtonHomeScreenSettings": "Home screen settings",
    "ButtonPlaybackSettings": "Playback settings",
    "ButtonProfile": "Profile",
    "ButtonDisplaySettingsHelp": "Your Emby display settings",
    "ButtonHomeScreenSettingsHelp": "Configure the display of your home screen",
    "ButtonPlaybackSettingsHelp": "Specify your audio and subtitle preferences, streaming quality, and more.",
    "ButtonProfileHelp": "Set your profile image and password.",
    "HeaderHomeScreenSettings": "Home Screen settings",
    "HeaderProfile": "Profile",
    "HeaderLanguage": "Language",
    "ButtonSyncSettings": "Sync settings",
    "ButtonSyncSettingsHelp": "Configure your sync settings",
    "LabelTranscodingThreadCount": "Transcoding thread count:",
    "LabelTranscodingThreadCountHelp": "Select the maximum number of threads to use when transcoding. Reducing the thread count will lower cpu usage but may not convert fast enough for a smooth playback experience.",
    "OptionMax": "Max",
    "HeaderEmbyGuide": "Emby Guide",
    "LabelSyncPath": "Synced content path:",
    "OptionSyncOnlyOnWifi": "Sync only on Wifi",
    "OptionSyncLosslessAudioOriginal": "Sync lossless audio at original quality",
    "HeaderMetadata": "Metadata",
    "HeaderRecordingOptions": "Recording Options",
    "ButtonShare": "Share",
    "HeaderUpcomingForKids": "Upcoming for Kids",
    "HeaderSetupLiveTV": "Setup Live TV",
    "LabelTunerType": "Tuner type:",
    "HelpMoreTunersCanBeAdded": "Additional tuners can be added later within the Live TV section.",
    "AdditionalLiveTvProvidersCanBeInstalledLater": "Additional Live TV providers can be added later within the Live TV section.",
    "MessageActiveSubscriptionRequiredSeriesRecordings": "An active Emby Premiere subscription is required in order to create automated series recordings.",
    "HeaderSetupTVGuide": "Setup TV Guide",
    "LabelDataProvider": "Data provider:",
    "OptionSendRecordingsToAutoOrganize": "Enable Auto-Organize for new recordings",
    "OptionSendRecordingsToAutoOrganizeHelp": "New recordings will be sent to the Auto-Organize feature and imported into your media library.",
    "HeaderDefaultPadding": "Default Padding",
    "HeaderSubtitles": "Undertekster",
    "HeaderVideos": "Videos",
    "OptionEnableVideoFrameAnalysis": "Enable frame by frame video analysis",
    "OptionEnableVideoFrameAnalysisHelp": "Extract detailed information about videos that can be used to make transcoding as efficient as possible. This will cause library scans to take longer.",
    "LabelVideoFrameAnalysisLimit": "Limit frame by frame analysis to videos less than:",
    "LabelHardwareAccelerationType": "Hardware acceleration:",
    "LabelHardwareAccelerationTypeHelp": "Available on supported systems only.",
    "ButtonServerDashboard": "Server Dashboard",
    "HeaderAdmin": "Admin",
    "ButtonSignOut": "Sign out",
    "HeaderCameraUpload": "Camera Upload",
    "SelectCameraUploadServers": "Upload camera photos to the following servers:",
    "ButtonClear": "Clear",
    "ButtonEditImages": "Edit Images",
    "LabelFolder": "Folder:",
    "HeadersFolders": "Folders",
    "LabelDisplayName": "Display name:",
    "HeaderNewRecording": "New Recording",
    "ButtonAdvanced": "Advanced"
}