{
    "SettingsSaved": "Configuraci\u00f3n guardada.",
    "AddUser": "Agregar usuario",
    "Users": "Usuarios",
    "Delete": "Eliminar",
    "Administrator": "Administrador",
    "Password": "Contrase\u00f1a",
    "DeleteImage": "Eliminar imagen",
    "MessageThankYouForSupporting": "Gracias por apoyar Emby.",
    "MessagePleaseSupportProject": "Por favor apoya Emby.",
    "DeleteImageConfirmation": "\u00bfEst\u00e1 seguro de querer eliminar esta imagen?",
    "FileReadCancelled": "La lectura del archivo ha sido cancelada.",
    "FileNotFound": "Archivo no encontrado.",
    "FileReadError": "Ha ocurrido un error al leer el archivo.",
    "DeleteUser": "Eliminar Usuario",
    "DeleteUserConfirmation": "\u00bfEst\u00e1 seguro de querer eliminar este usuario?",
    "PasswordResetHeader": "Restablecer Contrase\u00f1a",
    "PasswordResetComplete": "La contrase\u00f1a ha sido restablecida.",
    "PinCodeResetComplete": "El c\u00f3digo pin ha sido restablecido.",
    "PasswordResetConfirmation": "\u00bfEst\u00e1 seguro de querer restablecer la contrase\u00f1a?",
    "PinCodeResetConfirmation": "\u00bfEsta seguro de querer restablecer el c\u00f3digo pin?",
    "HeaderPinCodeReset": "Restablecer C\u00f3digo Pin",
    "PasswordSaved": "Contrase\u00f1a guardada.",
    "PasswordMatchError": "La Contrase\u00f1a y la confirmaci\u00f3n de la contrase\u00f1a deben coincidir.",
    "OptionRelease": "Versi\u00f3n Oficial",
    "OptionBeta": "Beta",
    "OptionDev": "Desarrollo (Inestable)",
    "UninstallPluginHeader": "Desinstalar Complemento",
    "UninstallPluginConfirmation": "\u00bfEst\u00e1 seguro de querer desinstalar {0}?",
    "NoPluginConfigurationMessage": "El complemento no requiere configuraci\u00f3n",
    "NoPluginsInstalledMessage": "No tiene complementos instalados.",
    "BrowsePluginCatalogMessage": "Explorar el catalogo de complementos para ver los complementos disponibles.",
    "MessageKeyEmailedTo": "Clave enviada por correo a {0}.",
    "MessageKeysLinked": "Llaves Vinculadas",
    "HeaderConfirmation": "Confirmaci\u00f3n",
    "MessageKeyUpdated": "Gracias. Su clave de aficionado ha sido actualizada.",
    "MessageKeyRemoved": "Gracias. Su clave de aficionado ha sido eliminada.",
    "HeaderSupportTheTeam": "Apoye al equipo de Emby",
    "TextEnjoyBonusFeatures": "Disfruta de Caracter\u00edsticas Premium",
    "TitleLiveTV": "TV en Vivo",
    "ButtonCancelSyncJob": "Cancelar trabajo de Sinc.",
    "TitleSync": "Sinc",
    "HeaderSelectDate": "Seleccionar fecha",
    "ButtonDonate": "Donar",
    "LabelRecurringDonationCanBeCancelledHelp": "Las donaciones recurrentes pueden ser canceladas en cualquier momento desde su cuenta PayPal.",
    "HeaderMyMedia": "Mis Medios",
    "TitleNotifications": "Notificaciones",
    "ErrorLaunchingChromecast": "Hubo un error iniciando chromecast. Por favor aseg\u00farate de que tu dispositivo este conectado a tu red inalambrica",
    "MessageErrorLoadingSupporterInfo": "Se present\u00f3 un error al cargar la informaci\u00f3n del aficionado. Por favor int\u00e9ntelo m\u00e1s tarde.",
    "MessageLinkYourSupporterKey": "Enlaza tu clave de aficionado con hasta {0} miembros de Emby Connect para disfrutar de acceso gratuito a la siguientes aplicaciones:",
    "HeaderConfirmRemoveUser": "Eliminar Usuario",
    "MessageSwipeDownOnRemoteControl": "Bienvenidos al control remoto. Seleccione el equipo para controlar haciendo clic en el icono en la esquina de arriba de la parte derecha. Deslizar hacia abajo en cualquier parte de la pantalla para regresar a donde usted estaba anteriormente.",
    "MessageConfirmRemoveConnectSupporter": "\u00bfEst\u00e1 seguro de querer eliminar los beneficios adicionales de aficionado de este usuario?",
    "ValueTimeLimitSingleHour": "L\u00edmite de tiempo: 1 hora",
    "ValueTimeLimitMultiHour": "L\u00edmite de tiempo: {0} horas",
    "HeaderUsers": "Usuarios",
    "PluginCategoryGeneral": "General",
    "PluginCategoryContentProvider": "Proveedores de Contenido",
    "PluginCategoryScreenSaver": "Protectores de Pantalla",
    "PluginCategoryTheme": "Temas",
    "PluginCategorySync": "Sinc",
    "PluginCategorySocialIntegration": "Redes Sociales",
    "PluginCategoryNotifications": "Notificaciones",
    "PluginCategoryMetadata": "Metadatos",
    "PluginCategoryLiveTV": "TV en Vivo",
    "PluginCategoryChannel": "Canales",
    "HeaderSearch": "Buscar",
    "ValueDateCreated": "Fecha de creaci\u00f3n: {0}",
    "LabelArtist": "Artista",
    "LabelMovie": "Pel\u00edcula",
    "LabelMusicVideo": "Video Musical",
    "LabelEpisode": "Episodio",
    "LabelSeries": "Series",
    "LabelStopping": "Deteniendo",
    "LabelCancelled": "(cancelado)",
    "LabelFailed": "(fall\u00f3)",
    "ButtonHelp": "Ayuda",
    "ButtonSave": "Guardar",
    "ButtonDownload": "Descargar",
    "SyncJobStatusQueued": "En cola",
    "SyncJobStatusConverting": "Convirti\u00e9ndo",
    "SyncJobStatusFailed": "Fallido",
    "SyncJobStatusCancelled": "Cancelado",
    "SyncJobStatusCompleted": "Sincronizado",
    "SyncJobStatusReadyToTransfer": "Listo para Transferir",
    "SyncJobStatusTransferring": "Transfiri\u00e9ndo",
    "SyncJobStatusCompletedWithError": "Sincronizado con errores",
    "SyncJobItemStatusReadyToTransfer": "Listo para Transferir",
    "LabelCollection": "Colecci\u00f3n",
    "HeaderAddToCollection": "Agregar a Colecci\u00f3n.",
    "NewCollectionNameExample": "Ejemplo: Colecci\u00f3n Guerra de las Galaxias",
    "OptionSearchForInternetMetadata": "Buscar en internet ilustraciones y metadatos",
    "LabelSelectCollection": "Elegir colecci\u00f3n:",
    "HeaderDevices": "Dispositivos",
    "ButtonScheduledTasks": "Tareas programadas",
    "MessageItemsAdded": "\u00cdtems agregados",
    "ButtonAddToCollection": "Agregar a colecci\u00f3n",
    "HeaderSelectCertificatePath": "Seleccione Trayectoria del Certificado",
    "ConfirmMessageScheduledTaskButton": "Esta operaci\u00f3n normalmente es ejecutada autom\u00e1ticamente como una tarea programada. Tambi\u00e9n puede ser ejecutada manualmente desde aqu\u00ed. Para configurar la tarea programada, vea:",
    "HeaderSupporterBenefit": "La membres\u00eda de aficionado proporciona beneficios adicionales tales como acceso a sincronizaci\u00f3n, complementos premium, contenido de canales de Internet y m\u00e1s. {0}Conocer m\u00e1s{1}.",
    "LabelSyncNoTargetsHelp": "Parece que actualmente no cuentas con ninguna app que soporte sinc.",
    "HeaderWelcomeToProjectServerDashboard": "Bienvenido al Panel de Control de Emby",
    "HeaderWelcomeToProjectWebClient": "Bienvenido a Emby",
    "ButtonTakeTheTour": "Haga el recorrido",
    "HeaderWelcomeBack": "\u00a1Bienvenido nuevamente!",
    "TitlePlugins": "Complementos",
    "ButtonTakeTheTourToSeeWhatsNew": "Inice el tour para ver que hay de nuevo",
    "MessageNoSyncJobsFound": "No se han encontrado trabajos de sincronizaci\u00f3n. Cree trabajos de sincronizaci\u00f3n empleando los botones de Sinc que se encuentran en la intergface web.",
    "HeaderLibraryAccess": "Acceso a la Biblioteca",
    "HeaderChannelAccess": "Acceso a los Canales",
    "HeaderDeviceAccess": "Acceso a Dispositivos",
    "HeaderSelectDevices": "Seleccionar Dispositivos",
    "ButtonCancelItem": "Cancelar \u00edtem.",
    "ButtonQueueForRetry": "En cola para reintentar",
    "ButtonReenable": "Re-habilitar",
    "ButtonLearnMore": "Aprenda m\u00e1s",
    "SyncJobItemStatusSyncedMarkForRemoval": "Marcado para remover",
    "LabelAbortedByServerShutdown": "(Abortada por apagado del servidor)",
    "LabelScheduledTaskLastRan": "Ejecutado hace {0}, tomando {1}.",
    "HeaderDeleteTaskTrigger": "Borrar Disparador de Tarea",
    "HeaderTaskTriggers": "Disparadores de Tarea",
    "MessageDeleteTaskTrigger": "\u00bfEst\u00e1 seguro de querer eliminar este disparador de tarea?",
    "MessageNoPluginsInstalled": "No tienes extensiones instaladas.",
    "LabelVersionInstalled": "{0} instalado",
    "LabelNumberReviews": "{0} Rese\u00f1as",
    "LabelFree": "Gratis",
    "HeaderPlaybackError": "Error de Reproducci\u00f3n",
    "MessagePlaybackErrorNotAllowed": "Actualmente no esta autorizado para reproducir este contenido. Por favor contacte a su administrador de sistema para mas informaci\u00f3n.",
    "MessagePlaybackErrorNoCompatibleStream": "No hay streams compatibles en este en este momento. Por favor intente de nuevo mas tarde o contacte a su administrador de sistema para mas detalles.",
    "MessagePlaybackErrorRateLimitExceeded": "Su limite de transferencia ha sido excedido. Por favor contacte a su administrador de sistema para mas informaci\u00f3n.",
    "MessagePlaybackErrorPlaceHolder": "No es posible reproducir el contenido seleccionado en este dispositivo.",
    "HeaderSelectAudio": "Seleccionar Audio",
    "HeaderSelectSubtitles": "Seleccionar Subtitulos",
    "ButtonMarkForRemoval": "Remover de dispositivo",
    "ButtonUnmarkForRemoval": "Cancelar remover de dispositivo",
    "LabelDefaultStream": "(Por defecto)",
    "LabelForcedStream": "(Forzado)",
    "LabelDefaultForcedStream": "(Por Defecto\/Forzado)",
    "LabelUnknownLanguage": "Idioma Desconocido",
    "MessageConfirmSyncJobItemCancellation": "\u00bfEsta seguro que desea cancelar este \u00edtem?",
    "ButtonMute": "Mudo",
    "ButtonUnmute": "Quitar mudo",
    "ButtonStop": "Detener",
    "ButtonNextTrack": "Siguiente Pista",
    "ButtonPause": "Pausar",
    "ButtonPlay": "Reproducir",
    "ButtonEdit": "Editar",
    "ButtonQueue": "A cola",
    "ButtonPlayTrailer": "Reproducir Avance",
    "ButtonPlaylist": "Lista de Reprod.",
    "ButtonPreviousTrack": "Pista Previa",
    "LabelEnabled": "Habilitado",
    "LabelDisabled": "Desactivado",
    "ButtonMoreInformation": "Mas Informaci\u00f3n",
    "LabelNoUnreadNotifications": "No hay notificaciones sin leer.",
    "ButtonViewNotifications": "Ver notificaciones",
    "ButtonMarkTheseRead": "Marcar como le\u00eddos",
    "ButtonClose": "Cerrar",
    "LabelAllPlaysSentToPlayer": "Todas las reproducciones se enviaran al reproductor seleccionado.",
    "MessageInvalidUser": "Usuario o contrase\u00f1a inv\u00e1lidos. Por favor intenta de nuevo.",
    "HeaderLoginFailure": "Fall\u00f3 el Inicio de Sesi\u00f3n",
    "HeaderAllRecordings": "Todas las Grabaciones",
    "RecommendationBecauseYouLike": "Porque te gust\u00f3 {0}",
    "RecommendationBecauseYouWatched": "Porque viste {0}",
    "RecommendationDirectedBy": "Dirigido por {0}",
    "RecommendationStarring": "Protagonizado por {0}",
    "HeaderConfirmRecordingCancellation": "Confirmar Cancelaci\u00f3n de la Grabaci\u00f3n",
    "MessageConfirmRecordingCancellation": "\u00bfEst\u00e1 seguro de querer cancelar esta grabaci\u00f3n?",
    "MessageRecordingCancelled": "Grabaci\u00f3n cancelada.",
    "HeaderConfirmSeriesCancellation": "Confirmar Cancelaci\u00f3n de Serie",
    "MessageConfirmSeriesCancellation": "\u00bfEst\u00e1 seguro de querer cancelar esta serie?",
    "MessageSeriesCancelled": "Serie cancelada",
    "HeaderConfirmRecordingDeletion": "Confirmar Eliminaci\u00f3n de Grabaci\u00f3n",
    "MessageConfirmRecordingDeletion": "\u00bfEst\u00e1 seguro de querer eliminar esta grabaci\u00f3n?",
    "MessageRecordingDeleted": "Grabaci\u00f3n eliminada.",
    "ButonCancelRecording": "Cancelar Grabaci\u00f3n",
    "MessageRecordingSaved": "Grabaci\u00f3n guardada.",
    "OptionSunday": "Domingo",
    "OptionMonday": "Lunes",
    "OptionTuesday": "Martes",
    "OptionWednesday": "Mi\u00e9rcoles",
    "OptionThursday": "Jueves",
    "OptionFriday": "Viernes",
    "OptionSaturday": "S\u00e1bado",
    "OptionEveryday": "Todos los d\u00edas",
    "OptionWeekend": "Fines de Semana",
    "OptionWeekday": "Entre semana",
    "HeaderConfirmDeletion": "Confirmar Eliminaci\u00f3n",
    "MessageConfirmPathSubstitutionDeletion": "\u00bfEst\u00e1 seguro de querer eliminar esta ruta alternativa?",
    "LiveTvUpdateAvailable": "(Actualizaci\u00f3n disponible)",
    "LabelVersionUpToDate": "\u00a1Actualizado!",
    "ButtonResetTuner": "Resetear sintonizador",
    "HeaderResetTuner": "Resetear Sintonizador",
    "MessageConfirmResetTuner": "\u00bfEst\u00e1 seguro de querer restablecer las configuraciones de este sintonizador? Cualquier reproducci\u00f3n o grabaci\u00f3n sera interrumpida abruptamente.",
    "ButtonCancelSeries": "Cancelar Series",
    "HeaderSeriesRecordings": "Grabaciones de Series",
    "LabelAnytime": "Cuando sea",
    "StatusRecording": "Grabando",
    "StatusWatching": "Viendo",
    "StatusRecordingProgram": "Grabando {0}",
    "StatusWatchingProgram": "Viendo {0}",
    "HeaderSplitMedia": "Dividir y Separar Medios",
    "MessageConfirmSplitMedia": "\u00bfEst\u00e1 seguro de querer dividir y separar estos medios en elementos individuales?",
    "HeaderError": "Error",
    "MessageChromecastConnectionError": "Su receptor Chromecast no puede conectarse con su Servidor Emby. Por favor revise las conexiones e intent\u00e9lo nuevamente.",
    "MessagePleaseSelectOneItem": "Por favor selecciona al menos un elemento.",
    "MessagePleaseSelectTwoItems": "Por favor selecciona al menos dos elementos.",
    "MessageTheFollowingItemsWillBeGrouped": "Los siguientes t\u00edtulos ser\u00e1n agrupados en un solo elemento.",
    "MessageConfirmItemGrouping": "Las aplicaciones Emby eligiran autom\u00e1ticamente la versi\u00f3n optima para reproducir basado en el dispositivo y rendimiento de red. \u00bfEsta seguro de que desea continuar?",
    "HeaderResume": "Continuar",
    "HeaderMyViews": "Mis Vistas",
    "HeaderLibraryFolders": "Carpetas de Medios",
    "HeaderLatestMedia": "Agregadas Recientemente",
    "ButtonMoreItems": "Mas...",
    "ButtonMore": "M\u00e1s",
    "HeaderFavoriteMovies": "Pel\u00edculas Preferidas",
    "HeaderFavoriteShows": "Programas Preferidos",
    "HeaderFavoriteEpisodes": "Episodios Preferidos",
    "HeaderFavoriteGames": "Juegos Preferidos",
    "HeaderRatingsDownloads": "Calificaciones \/ Descargas",
    "HeaderConfirmProfileDeletion": "Confirmar Eliminaci\u00f3n del Perfil",
    "MessageConfirmProfileDeletion": "\u00bfEst\u00e1 seguro de querer eliminar este perfil?",
    "HeaderSelectServerCachePath": "Seleccionar Trayector\u00eda para Cach\u00e9 del Servidor",
    "HeaderSelectTranscodingPath": "Seleccionar Ruta para Transcodificaci\u00f3n Temporal",
    "HeaderSelectImagesByNamePath": "Seleccionar Ruta para Im\u00e1genes por Nombre",
    "HeaderSelectMetadataPath": "Seleccionar Ruta para Metadatos",
    "HeaderSelectServerCachePathHelp": "Explore o introduzca la ruta a utilizar para los archivos del cach\u00e9 del servidor. La carpeta debe tener permisos de escritura.",
    "HeaderSelectTranscodingPathHelp": "Explore o introduzca la ruta a utilizar para los archivos temporales de transcodificaci\u00f3n. La carpeta debe tener permisos de escritura.",
    "HeaderSelectImagesByNamePathHelp": "Explore o introduzca la ruta a utilizar para la carpeta de im\u00e1genes por nombre. La carpeta debe tener permisos de escritura.",
    "HeaderSelectMetadataPathHelp": "Explore o introduzca la ruta donde desea almacenar los metadatos. La carpeta debe tener permisos de escritura.",
    "HeaderSelectChannelDownloadPath": "Selecciona una ruta para la descarga del canal",
    "HeaderSelectChannelDownloadPathHelp": "Explore o introduzca la ruta usada para almacenar los archivos temporales del canal. La carpeta debe tener permisos de escritura.",
    "OptionNewCollection": "Nuevo...",
    "ButtonAdd": "Agregar",
    "ButtonRemove": "Eliminar",
    "LabelChapterDownloaders": "Descargadores de Cap\u00edtulos:",
    "LabelChapterDownloadersHelp": "Habilite y califique sus descargadores de cap\u00edtulos preferidos en orden de prioridad. Los descargadores con menor prioridad s\u00f3lo seran utilizados para completar informaci\u00f3n faltante.",
    "HeaderFavoriteAlbums": "\u00c1lbumes Favoritos",
    "HeaderLatestChannelMedia": "Elementos del Canal Recientes",
    "ButtonOrganizeFile": "Organizar Archivo",
    "ButtonDeleteFile": "Eliminar Archivo",
    "HeaderOrganizeFile": "Organizar Archivo",
    "HeaderDeleteFile": "Eliminar Archivo",
    "StatusSkipped": "Saltado",
    "StatusFailed": "Fallido",
    "StatusSuccess": "Exitoso",
    "MessageFileWillBeDeleted": "El siguiente archivo sera eliminado:",
    "MessageSureYouWishToProceed": "\u00bfEst\u00e1 seguro de querer continuar?",
    "MessageDuplicatesWillBeDeleted": "Adicionalmente se eliminaran los siguientes duplicados:",
    "MessageFollowingFileWillBeMovedFrom": "El siguiente archivo sera movido de:",
    "MessageDestinationTo": "a:",
    "HeaderSelectWatchFolder": "Elegir Carpeta Monitoreada",
    "HeaderSelectWatchFolderHelp": "Explore o introduzca la ruta para la carpeta para monitorear. La carpeta debe tener permisos de escritura.",
    "OrganizePatternResult": "Resultado: {0}",
    "HeaderRestart": "Reiniciar",
    "HeaderShutdown": "Apagar",
    "MessageConfirmRestart": "\u00bfEsta seguro de que desea reiniciar el Servidor Emby?",
    "MessageConfirmShutdown": "\u00bfEsta seguro de que desea detener el Servidor Emby?",
    "ButtonUpdateNow": "Actualizar Ahora",
    "ValueItemCount": "{0} \u00edtem",
    "ValueItemCountPlural": "{0} \u00edtems",
    "NewVersionOfSomethingAvailable": "\u00a1Una nueva versi\u00f3n de {0} esta disponible!",
    "VersionXIsAvailableForDownload": "La versi\u00f3n {0} ahora esta disponible para descargar.",
    "LabelVersionNumber": "Versi\u00f3n {0}",
    "LabelPlayMethodTranscoding": "Trasncodificado",
    "LabelPlayMethodDirectStream": "Transmisi\u00f3n Directa",
    "LabelPlayMethodDirectPlay": "Reproducci\u00f3n Directa",
    "LabelEpisodeNumber": "N\u00famero de episodio:",
    "LabelAudioCodec": "Audio: {0}",
    "LabelVideoCodec": "Video: {0}",
    "LabelLocalAccessUrl": "Direcci\u00f3n local: {0}",
    "LabelRemoteAccessUrl": "Acceso remoto: {0}",
    "LabelRunningOnPort": "Ejecut\u00e1ndose en el puerto http {0}.",
    "LabelRunningOnPorts": "Ejecut\u00e1ndose en el puerto http {0} y el puerto https {1}.",
    "HeaderLatestFromChannel": "M\u00e1s recientes desde {0}",
    "LabelUnknownLanaguage": "Idioma desconocido",
    "HeaderCurrentSubtitles": "Subtitulos Actuales",
    "MessageDownloadQueued": "La descarga se ha agregado a la cola.",
    "MessageAreYouSureDeleteSubtitles": "\u00bfEst\u00e1 seguro de querer eliminar este archivo de subtitulos?",
    "ButtonRemoteControl": "Control Remoto",
    "HeaderLatestTvRecordings": "Grabaciones Recientes",
    "ButtonOk": "Ok",
    "ButtonCancel": "Cancelar",
    "ButtonRefresh": "Actualizar",
    "LabelCurrentPath": "Ruta actual:",
    "HeaderSelectMediaPath": "Seleccionar ruta a medios",
    "HeaderSelectPath": "Seleccionar Trayectoria",
    "ButtonNetwork": "Red",
    "MessageDirectoryPickerInstruction": "Las rutas de red pueden ser introducidas manualmente en caso de que el bot\u00f3n de Red no pueda localizar sus dispositivos. Por ejemplo, {0} or {1}.",
    "MessageDirectoryPickerBSDInstruction": "Para BSD, quiz\u00e1s necesite configurar el almacenamiento dentro de su \"FreeNAS Jail\" de manera que permita a Emby accesarlo.",
    "HeaderMenu": "Men\u00fa",
    "ButtonOpen": "Abrir",
    "ButtonOpenInNewTab": "Abrir en una pesta\u00f1a nueva",
    "ButtonShuffle": "Aleatorio",
    "ButtonInstantMix": "Mix instant\u00e1neo",
    "ButtonResume": "Continuar",
    "HeaderScenes": "Escenas",
    "HeaderAudioTracks": "Pistas de Audio",
    "HeaderLibraries": "Bibliotecas",
    "HeaderSubtitles": "Subt\u00edtulos",
    "HeaderVideoQuality": "Calidad de Video",
    "MessageErrorPlayingVideo": "Ha ocurrido un error al reproducir el video.",
    "MessageEnsureOpenTuner": "Por favor aseg\u00farese de que se encuentre disponible un sintonizador abierto.",
    "ButtonHome": "Inicio",
    "ButtonDashboard": "Panel de Control",
    "ButtonReports": "Reportes",
    "ButtonMetadataManager": "Administrador de Metadatos",
    "HeaderTime": "Hora",
    "HeaderName": "Nombre",
    "HeaderAlbum": "\u00c1lbum",
    "HeaderAlbumArtist": "Artista del \u00c1lbum",
    "HeaderArtist": "Artista",
    "LabelAddedOnDate": "Agregado {0}",
    "ButtonStart": "Iniciar",
    "LabelSeasonNumber": "N\u00famero de temporada:",
    "HeaderChannels": "Canales",
    "HeaderMediaFolders": "Carpetas de Medios",
    "HeaderBlockItemsWithNoRating": "Bloquear contenido sin informaci\u00f3n de clasificaci\u00f3n:",
    "OptionBlockOthers": "Otros",
    "OptionBlockTvShows": "Programas de TV",
    "OptionBlockTrailers": "Tr\u00e1ilers",
    "OptionBlockMusic": "M\u00fasica",
    "OptionBlockMovies": "Pel\u00edculas",
    "OptionBlockBooks": "Libros",
    "OptionBlockGames": "Juegos",
    "OptionBlockLiveTvPrograms": "Programas de TV en Vivo",
    "OptionBlockLiveTvChannels": "Canales de TV en Vivo",
    "OptionBlockChannelContent": "Contenido de Canales de Internet",
    "ButtonRevoke": "Revocar",
    "MessageConfirmRevokeApiKey": "\u00bfEsta seguro de que desea revocar esta clave api? La conexi\u00f3n de la aplicaci\u00f3n con el Servidor Emby sera terminada abruptamente.",
    "HeaderConfirmRevokeApiKey": "Revocar llave de API",
    "ValueContainer": "Contenedor: {0}",
    "ValueAudioCodec": "C\u00f3dec de Audio: {0}",
    "ValueVideoCodec": "C\u00f3dec de Video: {0}",
    "ValueCodec": "C\u00f3dec: {0}",
    "ValueConditions": "Condiciones: {0}",
    "LabelAll": "Todos",
    "HeaderDeleteImage": "Eliminar Im\u00e1gen",
    "MessageFileNotFound": "Archivo no encontrado.",
    "MessageFileReadError": "Ha ocurrido un error al leer este archivo.",
    "ButtonNextPage": "P\u00e1gina Siguiente",
    "ButtonPreviousPage": "P\u00e1gina Anterior",
    "ButtonMoveLeft": "Mover a la izquierda",
    "ButtonMoveRight": "Mover a la derecha",
    "ButtonBrowseOnlineImages": "Buscar im\u00e1genes en l\u00ednea",
    "HeaderDeleteItem": "Eliminar \u00cdtem",
    "ConfirmDeleteItem": "Al eliminar este \u00edtem se eliminar\u00e1 tanto del sistema de archivos como de su biblioteca de medios. \u00bfEsta seguro de querer continuar?",
    "MessagePleaseEnterNameOrId": "Por favor introduzca un nombre o id externo.",
    "MessageValueNotCorrect": "El valor introducido no es correcto. Intente nuevamente por favor.",
    "MessageItemSaved": "\u00cdtem guardado.",
    "MessagePleaseAcceptTermsOfServiceBeforeContinuing": "Por favor acepte los t\u00e9rminos del servicio antes de continuar.",
    "OptionEnded": "Finalizado",
    "OptionContinuing": "Continuando",
    "OptionOff": "No",
    "OptionOn": "Si",
    "ButtonSettings": "Configuraci\u00f3n",
    "ButtonUninstall": "Desinstalar",
    "HeaderEnabledFields": "Campos Habilitados",
    "HeaderEnabledFieldsHelp": "Desmarcar un campo para bloquearlo y prevenir que sus datos cambien.",
    "HeaderLiveTV": "TV en Vivo",
    "MissingLocalTrailer": "Falta tr\u00e1iler local.",
    "MissingPrimaryImage": "Falta im\u00e1gen principal.",
    "MissingBackdropImage": "Falta im\u00e1gen de fondo.",
    "MissingLogoImage": "Falta im\u00e1gen de logo.",
    "MissingEpisode": "Falta episodio.",
    "OptionScreenshots": "Capuras de Pantalla",
    "OptionBackdrops": "Fondos",
    "OptionImages": "Im\u00e1genes",
    "OptionKeywords": "Palabras clave",
    "OptionTags": "Etiquetas",
    "OptionStudios": "Estudios",
    "OptionName": "Nombre",
    "OptionOverview": "Sinopsis",
    "OptionGenres": "G\u00e9neros",
    "OptionParentalRating": "Clasificaci\u00f3n Parental",
    "OptionPeople": "Personas",
    "OptionRuntime": "Duraci\u00f3n",
    "OptionProductionLocations": "Lugares de Producci\u00f3n",
    "OptionBirthLocation": "Lugar de Nacimiento",
    "LabelAllChannels": "Todos los canales",
    "LabelLiveProgram": "EN VIVO",
    "LabelNewProgram": "NUEVO",
    "LabelPremiereProgram": "ESTRENO",
    "LabelHDProgram": "HD",
    "HeaderChangeFolderType": "Cambiar Tipo de Contenido",
    "HeaderChangeFolderTypeHelp": "Para cambiar el tipo, por favor elimine y reconstruya la carpeta con el nuevo tipo.",
    "HeaderAlert": "Alerta",
    "MessagePleaseRestart": "Por favor reinicie para finalizar la actualizaci\u00f3n.",
    "ButtonRestart": "Reiniciar",
    "MessagePleaseRefreshPage": "Por favor actualice esta p\u00e1gina para recibir nuevas actualizaciones desde el servidor.",
    "ButtonHide": "Ocultar",
    "MessageSettingsSaved": "Configuraci\u00f3n guardada.",
    "ButtonSignOut": "Cerrar Sesi\u00f3n",
    "ButtonMyProfile": "Mi Perf\u00edl",
    "ButtonMyPreferences": "Mis Preferencias",
    "MessageBrowserDoesNotSupportWebSockets": "Este navegador no soporta sockets web. Para una mejor experiencia, pruebe con un navegador m\u00e1s nuevo como Chrome, Firefox, IE10+, Safari (iOS) u Opera.",
    "LabelInstallingPackage": "Instalando {0}",
    "LabelPackageInstallCompleted": "{0} instalaci\u00f3n completada.",
    "LabelPackageInstallFailed": "{0} instalaci\u00f3n fallida.",
    "LabelPackageInstallCancelled": "{0} instalaci\u00f3n cancelada.",
    "TabServer": "Servidor",
    "TabUsers": "Usuarios",
    "TabLibrary": "Biblioteca",
    "TabMetadata": "Metadatos",
    "TabDLNA": "DLNA",
    "TabLiveTV": "TV en Vivo",
    "TabAutoOrganize": "Auto-Organizar",
    "TabPlugins": "Complementos",
    "TabAdvanced": "Avanzado",
    "TabHelp": "Ayuda",
    "TabScheduledTasks": "Tareas Programadas",
    "ButtonFullscreen": "Pantalla completa",
    "ButtonAudioTracks": "Pistas de Sonido",
    "ButtonSubtitles": "Subt\u00edtulos",
    "ButtonScenes": "Escenas",
    "ButtonQuality": "Calidad",
    "HeaderNotifications": "Notificaciones",
    "HeaderSelectPlayer": "Seleccionar Reproductor:",
    "ButtonSelect": "Seleccionar",
    "ButtonNew": "Nuevo",
    "MessageInternetExplorerWebm": "Para mejores resultados con Internet Explorer por favor instale el complemento de reproducci\u00f3n WebM.",
    "HeaderVideoError": "Error de Video",
    "ButtonAddToPlaylist": "Agregar a lista de reproducci\u00f3n",
    "HeaderAddToPlaylist": "Agregar a Lista de Reproducci\u00f3n",
    "LabelName": "Nombre:",
    "ButtonSubmit": "Enviar",
    "LabelSelectPlaylist": "Lista de Reproducci\u00f3n:",
    "OptionNewPlaylist": "Nueva lista de reproducci\u00f3n...",
    "MessageAddedToPlaylistSuccess": "Ok",
    "ButtonView": "Vista",
    "ButtonViewSeriesRecording": "Ver grabaciones de series",
    "ValueOriginalAirDate": "Fecha de transmisi\u00f3n original: {0}",
    "ButtonRemoveFromPlaylist": "Eliminar de la lista de reproducci\u00f3n",
    "HeaderSpecials": "Especiales",
    "HeaderTrailers": "Tr\u00e1ilers",
    "HeaderAudio": "Audio",
    "HeaderResolution": "Resoluci\u00f3n",
    "HeaderVideo": "Video",
    "HeaderRuntime": "Duraci\u00f3n",
    "HeaderCommunityRating": "Calificaci\u00f3n de la comunidad",
    "HeaderPasswordReset": "Restablecer Contrase\u00f1a",
    "HeaderParentalRating": "Clasificaci\u00f3n parental",
    "HeaderReleaseDate": "Fecha de estreno",
    "HeaderDateAdded": "Fecha de adici\u00f3n",
    "HeaderSeries": "Series",
    "HeaderSeason": "Temporada",
    "HeaderSeasonNumber": "N\u00famero de temporada",
    "HeaderNetwork": "Cadena",
    "HeaderYear": "A\u00f1o",
    "HeaderGameSystem": "Sistema de juegos",
    "HeaderPlayers": "Reproductores",
    "HeaderEmbeddedImage": "Im\u00e1gen embebida",
    "HeaderTrack": "Pista",
    "HeaderDisc": "Disco",
    "OptionMovies": "Pel\u00edculas",
    "OptionCollections": "Colecciones",
    "OptionSeries": "Series",
    "OptionSeasons": "Temporadas",
    "OptionEpisodes": "Episodios",
    "OptionGames": "Juegos",
    "OptionGameSystems": "Sistemas de juegos",
    "OptionMusicArtists": "Int\u00e9rpretes",
    "OptionMusicAlbums": "\u00c1lbumes musicales",
    "OptionMusicVideos": "Videos musicales",
    "OptionSongs": "Canciones",
    "OptionHomeVideos": "Videos caseros",
    "OptionBooks": "Libros",
    "OptionAdultVideos": "Videos para adultos",
    "ButtonUp": "Arriba",
    "ButtonDown": "Abajo",
    "LabelMetadataReaders": "Lectores de metadatos:",
    "LabelMetadataReadersHelp": "Ordene sus fuentes de metadatos locales por prioridad. El primer archivo encontrado ser\u00e1 le\u00eddo.",
    "LabelMetadataDownloaders": "Recolectores de metadatos:",
    "LabelMetadataDownloadersHelp": "Habilite y priorice sus recolectores de metadatos preferidos. Los recolectores de metadatos de menor prioridad solo ser\u00e1n utilizados para llenar informaci\u00f3n faltante.",
    "LabelMetadataSavers": "Grabadores de metadatos:",
    "LabelMetadataSaversHelp": "Seleccione los formatos de archivo con los que se guardaran sus metadatos.",
    "LabelImageFetchers": "Recolectores de im\u00e1genes:",
    "LabelImageFetchersHelp": "Habilite y priorice sus recolectores de im\u00e1genes preferidos.",
    "ButtonQueueAllFromHere": "Encolar todos desde aqu\u00ed",
    "ButtonPlayAllFromHere": "Reproducir todos desde aqu\u00ed",
    "LabelDynamicExternalId": "{0} Id:",
    "HeaderIdentify": "Identificar \u00edtem",
    "PersonTypePerson": "Persona",
    "LabelTitleDisplayOrder": "Ordenamiento de despliegue de t\u00edtulos:",
    "OptionSortName": "Nombre para ordenar",
    "OptionReleaseDate": "Fecha de estreno",
    "LabelDiscNumber": "N\u00famero de disco",
    "LabelParentNumber": "N\u00famero antecesor",
    "LabelTrackNumber": "N\u00famero de Pista:",
    "LabelNumber": "N\u00famero:",
    "LabelReleaseDate": "Fecha de estreno:",
    "LabelEndDate": "Fecha de Fin:",
    "LabelYear": "A\u00f1o:",
    "LabelDateOfBirth": "Fecha de nacimiento:",
    "LabelBirthYear": "A\u00f1o de nacimiento:",
    "LabelBirthDate": "Fecha de Nacimiento:",
    "LabelDeathDate": "Fecha de defunci\u00f3n:",
    "HeaderRemoveMediaLocation": "Eliminar Ubicaci\u00f3n de Medios",
    "MessageConfirmRemoveMediaLocation": "\u00bfEst\u00e1 seguro de querer eliminar esta ubicaci\u00f3n?",
    "HeaderRenameMediaFolder": "Renombrar Carpeta de Medios",
    "LabelNewName": "Nuevo nombre:",
    "HeaderAddMediaFolder": "Agregar Carpeta de Medios",
    "HeaderAddMediaFolderHelp": "Nombre (Pel\u00edculas, M\u00fascia, TV, etc.):",
    "HeaderRemoveMediaFolder": "Eliminar Carpteta de Medios",
    "MessageTheFollowingLocationWillBeRemovedFromLibrary": "Las siguientes ubicaciones de medios ser\u00e1n eliminadas de su biblioteca:",
    "MessageAreYouSureYouWishToRemoveMediaFolder": "\u00bfEst\u00e1 seguro de querer eliminar esta carpeta de medios?",
    "ButtonRename": "Renombrar",
    "ButtonChangeType": "Cambiar tipo",
    "HeaderMediaLocations": "Ubicaciones de Medios",
    "LabelContentTypeValue": "Tipo de contenido: {0}",
    "LabelPathSubstitutionHelp": "Opcional: La sustituci\u00f3n de trayectoras puede mapear trayectorias del servidor a recursos de red comaprtidos que los clientes pueden acceder para reproducir de manera directa.",
    "FolderTypeUnset": "No establecido (contenido mixto)",
    "FolderTypeMovies": "Pel\u00edculas",
    "FolderTypeMusic": "M\u00fasica",
    "FolderTypeAdultVideos": "Videos para adultos",
    "FolderTypePhotos": "Fotos",
    "FolderTypeMusicVideos": "Videos musicales",
    "FolderTypeHomeVideos": "Videos caseros",
    "FolderTypeGames": "Juegos",
    "FolderTypeBooks": "Libros",
    "FolderTypeTvShows": "TV",
    "TabMovies": "Pel\u00edculas",
    "TabSeries": "Series",
    "TabEpisodes": "Episodios",
    "TabTrailers": "Tr\u00e1ilers",
    "TabGames": "Juegos",
    "TabAlbums": "\u00c1lbumes",
    "TabSongs": "Canciones",
    "TabMusicVideos": "Videos Musicales",
    "BirthPlaceValue": "Lugar de nacimiento: {0}",
    "DeathDateValue": "Fallcimiento: {0}",
    "BirthDateValue": "Nacimiento: {0}",
    "HeaderLatestReviews": "Rese\u00f1as Recientes",
    "HeaderPluginInstallation": "Instalaci\u00f3n de complemento",
    "MessageAlreadyInstalled": "Esta versi\u00f3n ya se encuentra instalada.",
    "ValueReviewCount": "{0} Rese\u00f1as",
    "MessageYouHaveVersionInstalled": "Actualmente cuenta con la vesi\u00f3n {0} instalada.",
    "MessageTrialExpired": "El periodo de prueba de esta caracter\u00edstica ya ha expirado.",
    "MessageTrialWillExpireIn": "El periodo de prueba de esta caracter\u00edstica expirar\u00e1 en {0} d\u00eda(s).",
    "MessageInstallPluginFromApp": "El complemento debe estar instalado desde la aplicaci\u00f3n en la que va a utilizarlo.",
    "ValuePriceUSD": "Precio: {0} (USD)",
    "MessageFeatureIncludedWithSupporter": "Se encuentra registrado para esta caracter\u00edstica, y podr\u00e1 continuar us\u00e1ndola con una membres\u00eda de aficionado activa.",
    "MessageChangeRecurringPlanConfirm": "Despu\u00e9s de completar esta transacci\u00f3n necesitar\u00e1 cancelar su donaci\u00f3n recurrente previa desde su cuenta PayPal. Gracias por apoyar Emby.",
    "MessageSupporterMembershipExpiredOn": "Su membres\u00eda de aficionado expir\u00f3 en {0}.",
    "MessageYouHaveALifetimeMembership": "Usted cuenta con una membres\u00eda de aficionado vitalicia. Puede realizar donaciones adicionales individuales o recurrentes usando las opciones siguientes. Gracias por apoyar a Emby.",
    "MessageYouHaveAnActiveRecurringMembership": "Usted cuenta con membres\u00eda {0} activa. Puede mejorarla usando las opciones siguientes.",
    "ButtonDelete": "Eliminar",
    "HeaderEmbyAccountAdded": "Cuenta Emby Agregada",
    "MessageEmbyAccountAdded": "La cuenta Emby ha sido agregada a este usuario.",
    "MessagePendingEmbyAccountAdded": "La cuenta Emby ha sido agregada a este usuario. Se enviara un correo electr\u00f3nico al propietario de la cuenta. La invitaci\u00f3n necesitara ser confirmada dando clic al enlace dentro del correo electr\u00f3nico.",
    "HeaderEmbyAccountRemoved": "Cuenta Emby Eliminada",
    "MessageEmbyAccontRemoved": "La cuenta Emby ha sido eliminada de este usuario.",
    "TooltipLinkedToEmbyConnect": "Enlazado a Emby Connect",
    "HeaderUnrated": "Sin clasificar",
    "ValueDiscNumber": "Disco {0}",
    "HeaderUnknownDate": "Fecha Desconocida",
    "HeaderUnknownYear": "A\u00f1o Desconocido",
    "ValueMinutes": "{0} min",
    "ButtonPlayExternalPlayer": "Reproducir con un reproductor externo",
    "HeaderSelectExternalPlayer": "Seleccionar Reproductor Externo",
    "HeaderExternalPlayerPlayback": "Reproducci\u00f3n con Reproductor Externo",
    "ButtonImDone": "He Terminado",
    "OptionWatched": "Vista",
    "OptionUnwatched": "No vista",
    "ExternalPlayerPlaystateOptionsHelp": "Especifique como desea reiniciar la reproducci\u00f3n de este video la pr\u00f3xima vez.",
    "LabelMarkAs": "Marcar como:",
    "OptionInProgress": "En Progreso",
    "LabelResumePoint": "Punto de reinicio:",
    "ValueOneMovie": "1 pel\u00edcula",
    "ValueMovieCount": "{0} pel\u00edculas",
    "ValueOneTrailer": "1 tr\u00e1iler",
    "ValueTrailerCount": "{0} tr\u00e1ilers",
    "ValueOneSeries": "1 serie",
    "ValueSeriesCount": "{0} series",
    "ValueOneEpisode": "1 episodio",
    "ValueEpisodeCount": "{0} episodios",
    "ValueOneGame": "1 juego",
    "ValueGameCount": "{0} juegos",
    "ValueOneAlbum": "1 \u00e1lbum",
    "ValueAlbumCount": "{0} \u00e1lbumes",
    "ValueOneSong": "1 canci\u00f3n",
    "ValueSongCount": "{0} canciones",
    "ValueOneMusicVideo": "1 video musical",
    "ValueMusicVideoCount": "{0} videos musicales",
    "HeaderOffline": "Fuera de L\u00ednea",
    "HeaderUnaired": "No Emitido",
    "HeaderMissing": "Falta",
    "ButtonWebsite": "Sitio web",
    "TooltipFavorite": "Favorito",
    "TooltipLike": "Me gusta",
    "TooltipDislike": "No me gusta",
    "TooltipPlayed": "Reproducido",
    "ValueSeriesYearToPresent": "{0}-Presente",
    "ValueAwards": "Premios: {0}",
    "ValueBudget": "Presupuesto: {0}",
    "ValueRevenue": "Ingresos: {0}",
    "ValuePremiered": "Estrenado: {0}",
    "ValuePremieres": "Estrenos: {0}",
    "ValueStudio": "Estudio: {0}",
    "ValueStudios": "Estudios: {0}",
    "ValueStatus": "Estado: {0}",
    "ValueSpecialEpisodeName": "Especial: {0}",
    "LabelLimit": "L\u00edmite:",
    "ValueLinks": "Enlaces: {0}",
    "HeaderPeople": "Personas",
    "HeaderCastAndCrew": "Reparto & Personal:",
    "ValueArtist": "Artista: {0}",
    "ValueArtists": "Artistas: {0}",
    "HeaderTags": "Etiquetas",
    "MediaInfoCameraMake": "Marca de la c\u00e1mara",
    "MediaInfoCameraModel": "Modelo de la c\u00e1mara",
    "MediaInfoAltitude": "Altitud",
    "MediaInfoAperture": "Apertura",
    "MediaInfoExposureTime": "Tiempo de exposici\u00f3n",
    "MediaInfoFocalLength": "Distancia focal",
    "MediaInfoOrientation": "Orientaci\u00f3n",
    "MediaInfoIsoSpeedRating": "Tasa de velocidad ISO",
    "MediaInfoLatitude": "Latitud",
    "MediaInfoLongitude": "Longitud",
    "MediaInfoShutterSpeed": "Velocidad del obturador",
    "MediaInfoSoftware": "Software",
    "HeaderIfYouLikeCheckTheseOut": "Si te gust\u00f3 {0}, prueba con...",
    "HeaderPlotKeywords": "Palabras clave de la Trama",
    "HeaderMovies": "Pel\u00edculas",
    "HeaderAlbums": "\u00c1lbumes",
    "HeaderGames": "Juegos",
    "HeaderBooks": "Libros",
    "HeaderEpisodes": "Episodios",
    "HeaderSeasons": "Temporadas",
    "HeaderTracks": "Pistas",
    "HeaderItems": "\u00cdtems",
    "HeaderOtherItems": "Otros \u00cdtems",
    "ButtonFullReview": "Rese\u00f1a completa",
    "ValueAsRole": "como {0}",
    "ValueGuestStar": "Estrella invitada",
    "MediaInfoSize": "Tama\u00f1o",
    "MediaInfoPath": "Trayectoria",
    "MediaInfoFormat": "Formato",
    "MediaInfoContainer": "Contenedor",
    "MediaInfoDefault": "Por defecto",
    "MediaInfoForced": "Forzado",
    "MediaInfoExternal": "Externo",
    "MediaInfoTimestamp": "Fecha y hora",
    "MediaInfoPixelFormat": "Formato de pixel",
    "MediaInfoBitDepth": "Profundidad de bit",
    "MediaInfoSampleRate": "Tasa de muestreo",
    "MediaInfoBitrate": "Tasa de bits",
    "MediaInfoChannels": "Canales",
    "MediaInfoLayout": "Esquema",
    "MediaInfoLanguage": "Lenguaje",
    "MediaInfoCodec": "Codec",
    "MediaInfoProfile": "Perf\u00edl",
    "MediaInfoLevel": "Nivel",
    "MediaInfoAspectRatio": "Relaci\u00f3n de aspecto",
    "MediaInfoResolution": "Resoluci\u00f3n",
    "MediaInfoAnamorphic": "Anam\u00f3rfico",
    "MediaInfoInterlaced": "Entrelazado",
    "MediaInfoFramerate": "Velocidad de cuadro",
    "MediaInfoStreamTypeAudio": "Audio",
    "MediaInfoStreamTypeData": "Datos",
    "MediaInfoStreamTypeVideo": "Video",
    "MediaInfoStreamTypeSubtitle": "Subt\u00edtulo",
    "MediaInfoStreamTypeEmbeddedImage": "Im\u00e1gen Embebida",
    "MediaInfoRefFrames": "Tramas de referencia",
    "TabPlayback": "Reproducci\u00f3n",
    "TabNotifications": "Notificaciones",
    "TabExpert": "Experto",
    "HeaderSelectCustomIntrosPath": "Seleccionar Trayectorias Personalizadas de Intros",
    "HeaderRateAndReview": "Clasificar y Rese\u00f1ar",
    "HeaderThankYou": "Gracias",
    "MessageThankYouForYourReview": "Gracias por su rese\u00f1a.",
    "LabelYourRating": "Su calificaci\u00f3n:",
    "LabelFullReview": "Rese\u00f1a completa:",
    "LabelShortRatingDescription": "Res\u00famen corto de calificaci\u00f3n:",
    "OptionIRecommendThisItem": "Yo recomiendo este \u00edtem",
    "WebClientTourContent": "Vea sus medios recientemente a\u00f1adidos, siguientes ep\u00ecsodios y m\u00e1s. Los c\u00edrculos verdes indican cuantos medios sin reproducir tiene.",
    "WebClientTourMovies": "Reproduzca pel\u00edculas, tr\u00e1ilers y m\u00e1s desde cualquier dispositivo con un navegador web.",
    "WebClientTourMouseOver": "Mantenga el rat\u00f3n sobre cualquier p\u00f3ster para un acceso r\u00e1pido a informaci\u00f3n importante.",
    "WebClientTourTapHold": "Mantenga presionado o haga clic derecho en cualquier p\u00f3ster para mostrar un men\u00fa contextual",
    "WebClientTourMetadataManager": "Haga clic en editar para abrir el administrador de metadatos",
    "WebClientTourPlaylists": "Cree f\u00e1cilmente listas de reproducci\u00f3n y mezclas instant\u00e1neas, y reprod\u00fazcalas en cualquier dispositivo",
    "WebClientTourCollections": "Cree colecciones de pel\u00edculas para agruparlas en sets de pel\u00edculas",
    "WebClientTourUserPreferences1": "Las preferencias de usuario le permiten personalizar la manera que que su biblioteca es mostrada en todas tus aplicaciones Emby.",
    "WebClientTourUserPreferences2": "Configure sus preferencias de audio y subtitulos una vez, por cada aplicaci\u00f3n Emby.",
    "WebClientTourUserPreferences3": "Dise\u00f1e a su gusto la p\u00e1gina principal del cliente web",
    "WebClientTourUserPreferences4": "Configure im\u00e1genes de fondo, canciones de tema y reproductores externos",
    "WebClientTourMobile1": "El cliente web funciona de maravilla en tel\u00e9fonos inteligentes y tabletas...",
    "WebClientTourMobile2": "y controla f\u00e1cilmente otros dispositivos y aplicaciones Emby",
    "WebClientTourMySync": "Sincronice sus medios personales a sus dispositivos para reproducirlos fuera de l\u00ednea.",
    "MessageEnjoyYourStay": "Disfrute su visita",
    "DashboardTourDashboard": "El panel de control del servidor le permite monitorear su servidor y sus usuarios. Siempre sabr\u00e1 quien est\u00e1 haciendo qu\u00e9 y donde se encuentran.",
    "DashboardTourHelp": "La ayuda dentro de la app proporciona botones simples para abrir p\u00e1ginas de la wiki relacionadas con el contenido en pantalla.",
    "DashboardTourUsers": "Cree cuentas f\u00e1cilmente para sus amigos y familia, cada una con sus propios permisos, accesos a la biblioteca, controles parentales y m\u00e1s.",
    "DashboardTourCinemaMode": "El modo cine trae la experiencia del cine directo a su sala de TV con la capacidad de reproducir tr\u00e1ilers e intros personalizados antes de la presentaci\u00f3n estelar.",
    "DashboardTourChapters": "Active la generaci\u00f3n de im\u00e1genes de cap\u00edtulos de sus videos para una presentaci\u00f3n m\u00e1s agradable al desplegar.",
    "DashboardTourSubtitles": "Descargue autom\u00e1ticamente subt\u00edtulos para sus videos en cualquier idioma.",
    "DashboardTourPlugins": "Instale complementos como canales de video de Internet, TV en vivo, buscadores de metadatos y m\u00e1s.",
    "DashboardTourNotifications": "Env\u00ede notificaciones automatizadas de eventos del servidor a sus dispositivos m\u00f3viles, correo electr\u00f3nico y m\u00e1s.",
    "DashboardTourScheduledTasks": "Administre f\u00e1cilmente operaciones de larga duraci\u00f3n con tareas programadas. Decida cuando se ejecutar\u00e1n y con que periodicidad.",
    "DashboardTourMobile": "El panel de control del Servidor Emby funciona genial en smartphones y tablets. Administre su servidor desde la palma de su mano en cualquier momento y en cualquier lugar.",
    "DashboardTourSync": "Sincronice sus medios personales a sus dispositivos para reproducirlos fuera de l\u00ednea.",
    "MessageRefreshQueued": "Actualizaci\u00f3n programada",
    "TabDevices": "Dispositivos",
    "TabExtras": "Extras",
    "DeviceLastUsedByUserName": "\u00daltimo usado por {0}",
    "HeaderDeleteDevice": "Eliminar Dispositivo",
    "DeleteDeviceConfirmation": "\u00bfEst\u00e1 seguro de querer eliminar este dispositivo? Volver\u00e1 a aparecer la siguiente vez que un usuario inicie sesi\u00f3n en \u00e9l.",
    "LabelEnableCameraUploadFor": "Habilitar subir desde la c\u00e1mara para:",
    "HeaderSelectUploadPath": "Seleccionar ruta de subida",
    "LabelEnableCameraUploadForHelp": "La transferencias ocurrir\u00e1n autom\u00e1ticamente en segundo plano cuando haya iniciado sesi\u00f3n en Emby.",
    "ErrorMessageStartHourGreaterThanEnd": "El horario de fin debe ser mayor al de comienzo.",
    "ButtonLibraryAccess": "Acceso a biblioteca",
    "ButtonParentalControl": "Control parental",
    "HeaderInvitationSent": "Invitaci\u00f3n Enviada",
    "MessageInvitationSentToUser": "Se ha enviado un correo electr\u00f3nico a {0}, invit\u00e1ndolo a aceptar tu invitaci\u00f3n para compartir.",
    "MessageInvitationSentToNewUser": "Un correo electr\u00f3nico se ha enviado a {0} invit\u00e1ndolos a registrarse en Emby.",
    "HeaderConnectionFailure": "Falla de Conexi\u00f3n",
    "MessageUnableToConnectToServer": "No es posible conectarse al servidor seleccionado en este momento. Por favor aseg\u00farese de que se encuentra en ejecuci\u00f3n e int\u00e9ntelo nuevamente.",
    "ButtonSelectServer": "Seleccionar Servidor",
    "MessagePluginConfigurationRequiresLocalAccess": "Para configurar este complemento por favor inicie sesi\u00f3n en su servidor local directamente.",
    "MessageLoggedOutParentalControl": "El acceso se encuentra restringido en este momento. Por favor int\u00e9ntelo de nuevo mas tarde.",
    "DefaultErrorMessage": "Ha ocurrido un error al procesar la solicitud. Por favor int\u00e9ntelo de nuevo mas tarde.",
    "ButtonAccept": "Aceptar",
    "ButtonReject": "Rechazar",
    "HeaderForgotPassword": "Contrase\u00f1a Olvidada",
    "MessageContactAdminToResetPassword": "Por favor contacte a su administrador para restablecer su contrase\u00f1a.",
    "MessageForgotPasswordInNetworkRequired": "Por favor intente de nuevo dentro de su red de hogar para iniciar el proceso de restablecimiento de contrase\u00f1a.",
    "MessageForgotPasswordFileCreated": "El siguiente archivo fue creado en tu servidor y contiene instrucciones de como proceder.",
    "MessageForgotPasswordFileExpiration": "El pin de restablecimiento expirara en {0}.",
    "MessageInvalidForgotPasswordPin": "Se introdujo un pin expirado o invalido. Por favor intente de nuevo.",
    "MessagePasswordResetForUsers": "Las contrase\u00f1as han sido eliminadas de los siguientes usuarios:",
    "HeaderInviteGuest": "Agregar un Invitado",
    "ButtonLinkMyEmbyAccount": "Enlazar mi cuenta ahora",
    "MessageConnectAccountRequiredToInviteGuest": "Para poder enviar invitaciones necesita primero enlazar su cuenta Emby con este servidor.",
    "ButtonSync": "Sinc",
    "SyncMedia": "Sincronizar Medios",
    "HeaderCancelSyncJob": "Cancelar Sinc.",
    "CancelSyncJobConfirmation": "Cancelando el trabajo de sincronizaci\u00f3n eliminara los medios sincronizados del dispositivo durante el pr\u00f3ximo proceso de sincronizaci\u00f3n. \u00bfEsta seguro de que desea continuar?",
    "TabSync": "Sinc",
    "MessagePleaseSelectDeviceToSyncTo": "Por favor seleccione un dispositivo con el que desea sincronizar.",
    "MessageSyncJobCreated": "Trabajo de sincronizaci\u00f3n creado.",
    "LabelSyncTo": "Sincronizar con:",
    "LabelSyncJobName": "Nombre del trabajo de sinc:",
    "LabelQuality": "Calidad:",
    "HeaderSettings": "Configuraci\u00f3n",
    "OptionAutomaticallySyncNewContent": "Sincronizar autom\u00e1ticamente nuevos contenidos",
    "OptionAutomaticallySyncNewContentHelp": "Los contenidos nuevos agregados ser\u00e1n sincronizados autom\u00e1ticamente con el dispositivo.",
    "OptionSyncUnwatchedVideosOnly": "Sincronizar \u00fanicamente videos no vistos",
    "OptionSyncUnwatchedVideosOnlyHelp": "Solamente los videos a\u00fan no vistos ser\u00e1n sincronizados, se eliminar\u00e1n los videos del dispositivo conforme \u00e9stos sean vistos.",
    "LabelItemLimit": "L\u00edmite de \u00cdtems:",
    "LabelItemLimitHelp": "Opcional. Establece un l\u00edmite en el n\u00famero de \u00edtems que ser\u00e1n sincronizados.",
    "MessageBookPluginRequired": "Requiere instalaci\u00f3n del complemento Bookshelf",
    "MessageGamePluginRequired": "Requiere instalaci\u00f3n del complemento de GameBrowser",
    "MessageUnsetContentHelp": "El contenido ser\u00e1 desplegado como carpetas simples. Para mejores resultados utilice el administrador de metadatos para establecer los tipos de contenido para las sub-carpetas.",
    "SyncJobItemStatusQueued": "En cola",
    "SyncJobItemStatusConverting": "Convirti\u00e9ndo",
    "SyncJobItemStatusTransferring": "Transfiri\u00e9ndo",
    "SyncJobItemStatusSynced": "Sincronizado",
    "SyncJobItemStatusFailed": "Fall\u00f3",
    "SyncJobItemStatusRemovedFromDevice": "Eliminado del dispositivo",
    "SyncJobItemStatusCancelled": "Cancelado",
    "LabelProfile": "Perf\u00edl:",
    "LabelBitrateMbps": "Tasa de bits (Mbps):",
    "EmbyIntroDownloadMessage": "Para descargar e instalar el Servidor Emby visite {0}.",
    "ButtonNewServer": "Nuevo Servidor",
    "ButtonSignInWithConnect": "Inicie con su cuenta de Emby Connect",
    "HeaderNewServer": "Nuevo Servidor",
    "MyDevice": "Mi Dispositivo",
    "ButtonRemote": "Remoto",
    "TabInfo": "Info",
    "TabCast": "Reparto",
    "TabScenes": "Escenas",
    "HeaderUnlockApp": "Desbloquear App",
    "MessageUnlockAppWithPurchase": "Desbloquear todas las caracter\u00edsticas de la app con una peque\u00f1a compra \u00fanica.",
    "MessageUnlockAppWithPurchaseOrSupporter": "Desbloquear todas las caracter\u00edsticas de la app con un peque\u00f1a compra \u00fanica, o iniciando sesi\u00f3n con una cuenta activa de Miembro Aficionado Emby.",
    "MessageUnlockAppWithSupporter": "Desbloquear todas las caracter\u00edsticas de la app iniciando sesi\u00f3n con una cuenta activa de Miembro Aficionado Emby.",
    "MessageToValidateSupporter": "Si tiene una cuenta activa de Miembro Aficionado Emby, solo inicie sesi\u00f3n en la app usando la conexi\u00f3n Wifi dentro de su red de hogar.",
    "MessagePaymentServicesUnavailable": "Los servicios de pago no se encuentran disponibles actualmente. Por favor intente de nuevo mas tarde.",
    "ButtonUnlockWithSupporter": "Iniciar sesi\u00f3n con una Membres\u00eda de Aficionado Emby",
    "MessagePleaseSignInLocalNetwork": "Antes de continuar, por favor aseg\u00farese de que esta conectado a su red local usando una conexi\u00f3n Wifi o LAN.",
    "ButtonUnlockWithPurchase": "Desbloquear con una compra",
    "ButtonUnlockPrice": "Desbloquear {0}",
    "MessageLiveTvGuideRequiresUnlock": "La Guia de TV en Vivo actualmente esta limitada a {0} canales. De clic en el bot\u00f3n Desbloquear para saber como desbloquear la experiencia completa.",
    "OptionEnableFullscreen": "Habilitar Pantalla Completa",
    "ButtonServer": "Servidor",
    "HeaderAdmin": "Admin",
    "HeaderLibrary": "Biblioteca",
    "HeaderMedia": "Medios",
    "ButtonInbox": "Inbox",
    "HeaderAdvanced": "Avanzado",
    "HeaderGroupVersions": "Agrupar Versiones",
    "HeaderSaySomethingLike": "Decir Algo Como...",
    "ButtonTryAgain": "Intentar de Nuevo",
    "HeaderYouSaid": "Ha Dicho...",
    "MessageWeDidntRecognizeCommand": "Lo sentimos, no reconocimos ese comando.",
    "MessageIfYouBlockedVoice": "Si ha negado el acceso a la voz a la aplicaci\u00f3n necesitara reconfigurar antes de intentarlo de nuevo.",
    "MessageNoItemsFound": "No se encontraron \u00edtems.",
    "ButtonManageServer": "Administrar Servidor",
    "ButtonPreferences": "Preferencias",
    "ButtonViewArtist": "Ver artista",
    "ButtonViewAlbum": "Ver album",
    "ErrorMessagePasswordNotMatchConfirm": "La Contrase\u00f1a y la confirmaci\u00f3n de la contrase\u00f1a deben coincidir.",
    "ErrorMessageUsernameInUse": "El Nombre de Usuario ya esta en uso. Por favor seleccione un nuevo nombre e intente de nuevo.",
    "ErrorMessageEmailInUse": "La direcci\u00f3n de correo electr\u00f3nico ya esta en uso. Por favor ingrese un correo electr\u00f3nico nuevo e intente de nuevo, o si olvido la contrase\u00f1a use la opci\u00f3n \"Olvide mi contrase\u00f1a\".",
    "MessageThankYouForConnectSignUp": "Gracias por registrarse a Emby Connect. Un correo electr\u00f3nico sera enviado a su direcci\u00f3n con instrucciones de como confirmar su nueva cuenta. Por favor confirme la cuente y regrese aqu\u00ed para iniciar sesi\u00f3n.",
    "HeaderShare": "Compartir",
    "ButtonShareHelp": "Compartir paginas web que contengan informaci\u00f3n sobre los medios con redes sociales. Los archivos de los medios nunca son compartidos p\u00fablicamente.",
    "ButtonShare": "Compartir",
    "HeaderConfirm": "Confirmar",
    "ButtonAdvancedRefresh": "Actualizaci\u00f3n Avanzada",
    "MessageConfirmDeleteTunerDevice": "\u00bfEst\u00e1 seguro de querer eliminar este dispositivo?",
    "MessageConfirmDeleteGuideProvider": "\u00bfEst\u00e1 seguro de querer eliminar este proveedor de gu\u00eda?",
    "HeaderDeleteProvider": "Eliminar Proveedor",
    "HeaderAddProvider": "Agregar Proveedor",
    "ErrorAddingTunerDevice": "Hubo un error al agregar el dispositivo sintonizador. Por favor aseg\u00farese de que este disponible e intente de nuevo.",
    "ErrorSavingTvProvider": "Hubo un error al salvar el proveedor de TV. Por favor aseg\u00farese de que este disponible e intente de nuevo.",
    "ErrorGettingTvLineups": "Hubo un error al descargar la programaci\u00f3n de TV. Por favor aseg\u00farese que su informaci\u00f3n este correctas e intente de nuevo.",
    "MessageCreateAccountAt": "Crear una cuenta en {0}",
    "ErrorPleaseSelectLineup": "Por favor seleccione una programaci\u00f3n e intente de nuevo. Si no hay disponible ninguna, entonces por favor verifique que su nombre de usuario, contrase\u00f1a, y c\u00f3digo postal sean correctos.",
    "HeaderTryCinemaMode": "Intente el Modo Cine",
    "ButtonBecomeSupporter": "Convi\u00e9rtase en un Fan\u00e1tico Emby",
    "ButtonClosePlayVideo": "Cerrar y reproducir mi medio",
    "MessageDidYouKnowCinemaMode": "\u00bfSabia que volvi\u00e9ndose un Fan\u00e1tico Emby, puede mejorar su experiencia con caracter\u00edsticas como el Modo Cine?",
    "MessageDidYouKnowCinemaMode2": "El Modo Cine le da una verdadera experiencia de cine con trailers e intros personalizados antes de la presentaci\u00f3n estelar.",
    "OptionEnableDisplayMirroring": "Habilitar duplicaci\u00f3n de pantalla",
    "HeaderSyncRequiresSupporterMembership": "Sinc requiere de una Membres\u00eda de Aficionado Emby activa.",
    "HeaderSyncRequiresSupporterMembershipAppVersion": "Sinc requiere estar conectado a un Servidor Emby con una cuenta de Aficionado Emby.",
    "ErrorValidatingSupporterInfo": "Hubo un error al validar su informaci\u00f3n de su cuenta de Aficionado Emby. Por favor intente de nuevo mas tarde.",
    "HeaderSync": "Sinc",
    "LabelLocalSyncStatusValue": "Estado: {0}",
    "MessageSyncStarted": "Sincronizaci\u00f3n iniciada",
    "OptionPoster": "P\u00f3ster",
    "OptionPosterCard": "Tarjeta de P\u00f3ster",
    "OptionList": "Lista",
    "OptionThumb": "Miniatura",
    "OptionThumbCard": "Tarjeta de Miniatura",
    "OptionBanner": "Cart\u00e9l",
    "NoSlideshowContentFound": "No slideshow images were found.",
    "OptionPhotoSlideshow": "Presentaci\u00f3n de fotograf\u00edas",
    "OptionBackdropSlideshow": "Presentaci\u00f3n de Im\u00e1genes de Fondo",
    "HeaderTopPlugins": "Top Plugins"
}