{
    "SettingsSaved": "Configuraci\u00f3n guardada",
    "AddUser": "Agregar usuario",
    "Users": "Usuarios",
    "Delete": "Borrar",
    "Administrator": "Administrador",
    "Password": "Contrase\u00f1a",
    "DeleteImage": "Borrar Imagen",
    "MessageThankYouForSupporting": "Thank you for supporting Emby.",
    "MessagePleaseSupportProject": "Please support Emby.",
    "DeleteImageConfirmation": "Est\u00e1 seguro que desea borrar esta imagen?",
    "FileReadCancelled": "The file read has been canceled.",
    "FileNotFound": "Archivo no encontrado.",
    "FileReadError": "Se encontr\u00f3 un error al leer el archivo.",
    "DeleteUser": "Borrar Usuario",
    "DeleteUserConfirmation": "Are you sure you wish to delete this user?",
    "PasswordResetHeader": "Reset Password",
    "PasswordResetComplete": "La contrase\u00f1a se ha restablecido.",
    "PinCodeResetComplete": "El c\u00f3digo PIN se ha restablecido.",
    "PasswordResetConfirmation": "Esta seguro que desea restablecer la contrase\u00f1a?",
    "PinCodeResetConfirmation": "\u00bfEst\u00e1 seguro que desea restablecer el c\u00f3digo PIN?",
    "HeaderPinCodeReset": "Restablecer C\u00f3digo PIN",
    "PasswordSaved": "Contrase\u00f1a guardada.",
    "PasswordMatchError": "La contrase\u00f1a y la confirmaci\u00f3n de la contrase\u00f1a deben de ser iguales.",
    "OptionRelease": "Release Oficial",
    "OptionBeta": "Beta",
    "OptionDev": "Desarrollo (inestable)",
    "UninstallPluginHeader": "Desinstalar Plugin",
    "UninstallPluginConfirmation": "Esta seguro que desea desinstalar {0}?",
    "NoPluginConfigurationMessage": "El plugin no requiere configuraci\u00f3n",
    "NoPluginsInstalledMessage": "No tiene plugins instalados.",
    "BrowsePluginCatalogMessage": "Navegar el catalogo de plugins para ver los plugins disponibles.",
    "MessageKeyEmailedTo": "Clave enviada por email a {0}.",
    "MessageKeysLinked": "Claves vinculadas.",
    "HeaderConfirmation": "Confirmaci\u00f3n",
    "MessageKeyUpdated": "Thank you. Your Emby Premiere key has been updated.",
    "MessageKeyRemoved": "Thank you. Your Emby Premiere key has been removed.",
    "HeaderSupportTheTeam": "Apoye al equipo de Emby",
    "TextEnjoyBonusFeatures": "Disfrute los extras",
    "TitleLiveTV": "Tv en vivo",
    "ButtonCancelSyncJob": "Cancel sync",
    "HeaderAddTag": "Add Tag",
    "LabelTag": "Tag:",
    "ButtonSelectView": "Select view",
    "TitleSync": "Sync",
    "OptionAutomatic": "Auto",
    "HeaderSelectDate": "Seleccionar Fecha",
    "ButtonIdentify": "Identify",
    "HeaderIdentifyItem": "Identify Item",
    "LabelRecurringDonationCanBeCancelledHelp": "Donaciones recurrentes se pueden cancelar en cualquier momento desde su cuenta de PayPal.",
    "HeaderMyMedia": "My Media",
    "ButtonRemoveFromCollection": "Remove from Collection",
    "LabelAutomaticUpdateLevel": "Automatic update level:",
    "LabelAutomaticUpdateLevelForPlugins": "Automatic update level for plugins:",
    "TitleNotifications": "Notificaciones",
    "ErrorLaunchingChromecast": "Ha habido un error al lanzar chromecast. Asegurese que su dispositivo est\u00e1 conectado a su red inal\u00e1mbrica.",
    "MessageErrorLoadingSupporterInfo": "There was an error loading Emby Premiere information. Please try again later.",
    "MessageLinkYourSupporterKey": "Link your Emby Premiere key with up to {0} Emby Connect members to enjoy free access to the following apps:",
    "HeaderConfirmRemoveUser": "Remove User",
    "MessageConfirmRemoveConnectSupporter": "Are you sure you wish to remove additional Emby Premiere benefits from this user?",
    "ValueTimeLimitSingleHour": "Time limit: 1 hour",
    "ValueTimeLimitMultiHour": "Time limit: {0} hours",
    "HeaderUsers": "Usuarios",
    "PluginCategoryGeneral": "General",
    "PluginCategoryContentProvider": "Content Providers",
    "PluginCategoryScreenSaver": "Screen Savers",
    "PluginCategoryTheme": "Themes",
    "PluginCategorySync": "Sync",
    "PluginCategorySocialIntegration": "Social Networks",
    "PluginCategoryNotifications": "Notifications",
    "PluginCategoryMetadata": "Metadata",
    "PluginCategoryLiveTV": "Live TV",
    "PluginCategoryChannel": "Channels",
    "HeaderSearch": "Buscar",
    "ValueDateCreated": "Date created: {0}",
    "LabelArtist": "Artista",
    "LabelMovie": "Pel\u00edcula",
    "LabelMusicVideo": "Video Musical",
    "LabelEpisode": "Episodio",
    "LabelSeries": "Series",
    "LabelStopping": "Deteniendo",
    "LabelCancelled": "(cancelado)",
    "LabelFailed": "(fracasado)",
    "ButtonHelp": "Ayuda",
    "ButtonSave": "Grabar",
    "ButtonDownload": "Descargar",
    "SyncJobStatusQueued": "Queued",
    "SyncJobStatusConverting": "Converting",
    "SyncJobStatusFailed": "Failed",
    "SyncJobStatusCancelled": "Cancelled",
    "SyncJobStatusCompleted": "Synced",
    "SyncJobStatusReadyToTransfer": "Ready to Transfer",
    "SyncJobStatusTransferring": "Transferring",
    "SyncJobStatusCompletedWithError": "Synced with errors",
    "SyncJobItemStatusReadyToTransfer": "Ready to Transfer",
    "LabelCollection": "Collection",
    "HeaderAddToCollection": "A\u00f1adir a la colecci\u00f3n",
    "HeaderNewCollection": "Nueva colecci\u00f3n",
    "NewCollectionNameExample": "Ejemplo: Colecci\u00f3n de Star Wars",
    "OptionSearchForInternetMetadata": "Buscar en internet ilustraciones y metadatos",
    "LabelSelectCollection": "Seleccionar colecci\u00f3n:",
    "HeaderDevices": "Devices",
    "ButtonScheduledTasks": "Scheduled tasks",
    "MessageItemsAdded": "Items added",
    "ButtonAddToCollection": "Add to collection",
    "HeaderSelectCertificatePath": "Select Certificate Path",
    "ConfirmMessageScheduledTaskButton": "This operation normally runs automatically as a scheduled task and does not require any manual effort. To configure the scheduled task, see:",
    "HeaderSupporterBenefit": "An active Emby Premiere subscription provides additional benefits such as access to sync, premium plugins, internet channel content, and more. {0}Learn more{1}.",
    "LabelSyncNoTargetsHelp": "It looks like you don't currently have any apps that support sync.",
    "HeaderWelcomeToProjectServerDashboard": "Welcome to the Emby Server Dashboard",
    "HeaderWelcomeToProjectWebClient": "Welcome to Emby",
    "ButtonTakeTheTour": "Hacer un recorrido",
    "HeaderWelcomeBack": "Welcome back!",
    "TitlePlugins": "Complementos",
    "ButtonTakeTheTourToSeeWhatsNew": "Take the tour to see what's new",
    "MessageNoSyncJobsFound": "No sync jobs found. Create sync jobs using the Sync buttons found throughout the web interface.",
    "HeaderLibraryAccess": "Library Access",
    "HeaderChannelAccess": "Channel Access",
    "HeaderDeviceAccess": "Acceso de Equipo",
    "HeaderSelectDevices": "Select Devices",
    "ButtonCancelItem": "Cancel item",
    "ButtonQueueForRetry": "Queue for retry",
    "ButtonReenable": "Re-enable",
    "ButtonLearnMore": "Learn more",
    "SyncJobItemStatusSyncedMarkForRemoval": "Marked for removal",
    "LabelAbortedByServerShutdown": "(Abortado por cierre del servidor)",
    "LabelScheduledTaskLastRan": "\u00daltima ejecuci\u00f3n {0}, teniendo {1}.",
    "HeaderDeleteTaskTrigger": "Eliminar tarea de activaci\u00f3n",
    "HeaderTaskTriggers": "Tareas de activaci\u00f3n",
    "MessageDeleteTaskTrigger": "\u00bfEst\u00e1 seguro que desea eliminar esta tarea de activaci\u00f3n?",
    "MessageNoPluginsInstalled": "No tiene plugins instalados.",
    "LabelVersionInstalled": "{0} instalado",
    "LabelNumberReviews": "{0} Revisiones",
    "LabelFree": "Libre",
    "HeaderPlaybackError": "Playback Error",
    "MessagePlaybackErrorNotAllowed": "You're currently not authorized to play this content. Please contact your system administrator for details.",
    "MessagePlaybackErrorNoCompatibleStream": "No compatible streams are currently available. Please try again later or contact your system administrator for details.",
    "MessagePlaybackErrorRateLimitExceeded": "Your playback rate limit has been exceeded. Please contact your system administrator for details.",
    "MessagePlaybackErrorPlaceHolder": "The content chosen is not playable from this device.",
    "HeaderSelectAudio": "Seleccionar Audio",
    "HeaderSelectSubtitles": "Seleccionar Subt\u00edtulos",
    "ButtonMarkForRemoval": "Remove from device",
    "ButtonUnmarkForRemoval": "Cancel removal from device",
    "LabelDefaultStream": "(Por defecto)",
    "LabelForcedStream": "(Forzado)",
    "LabelDefaultForcedStream": "(Por defecto\/Forzado)",
    "LabelUnknownLanguage": "Idioma desconocido",
    "MessageConfirmSyncJobItemCancellation": "Are you sure you wish to cancel this item?",
    "ButtonMute": "Silencio",
    "ButtonUnmute": "Activar audio",
    "ButtonStop": "Detener",
    "ButtonNextTrack": "Next Track",
    "ButtonPause": "Pausa",
    "ButtonPlay": "Reproducir",
    "ButtonEdit": "Editar",
    "ButtonQueue": "En cola",
    "ButtonPlayTrailer": "Play trailer",
    "ButtonPlaylist": "Lista de reproducci\u00f3n",
    "ButtonPreviousTrack": "Previous Track",
    "LabelEnabled": "Activado",
    "LabelDisabled": "Desactivado",
    "ButtonMoreInformation": "M\u00e1s informaci\u00f3n",
    "LabelNoUnreadNotifications": "No hay notificaciones sin leer.",
    "ButtonViewNotifications": "Ver notificaciones",
    "ButtonMarkTheseRead": "Marcar como le\u00eddo",
    "ButtonClose": "Cerrar",
    "LabelAllPlaysSentToPlayer": "Todas las reproducciones se enviar\u00e1n al reproductor seleccionado.",
    "MessageInvalidUser": "Invalid username or password. Please try again.",
    "HeaderLoginFailure": "Login Failure",
    "HeaderAllRecordings": "Todas la grabaciones",
    "RecommendationBecauseYouLike": "Como le gusta {0}",
    "RecommendationBecauseYouWatched": "Ya que vi\u00f3 {0}",
    "RecommendationDirectedBy": "Dirigida por {0}",
    "RecommendationStarring": "Protagonizada por {0}",
    "HeaderConfirmRecordingCancellation": "Confirmar la cancelaci\u00f3n de la grabaci\u00f3n",
    "MessageConfirmRecordingCancellation": "\u00bfEst\u00e1 seguro que desea cancelar esta grabaci\u00f3n?",
    "MessageRecordingCancelled": "Grabaci\u00f3n cancelada.",
    "HeaderConfirmSeriesCancellation": "Confirmar cancelaci\u00f3n de serie",
    "MessageConfirmSeriesCancellation": "\u00bfEst\u00e1 seguro que desea cancelar esta serie?",
    "MessageSeriesCancelled": "Serie cancelada",
    "HeaderConfirmRecordingDeletion": "Confirmar borrado de la grabaci\u00f3n",
    "MessageConfirmRecordingDeletion": "\u00bfEst\u00e1 seguro que desea borrar esta grabaci\u00f3n?",
    "MessageRecordingDeleted": "Grabaci\u00f3n eliminada.",
    "ButonCancelRecording": "Cancelar Grabaci\u00f3n",
    "MessageRecordingSaved": "Grabaci\u00f3n guardada.",
    "OptionSunday": "Domingo",
    "OptionMonday": "Lunes",
    "OptionTuesday": "Martes",
    "OptionWednesday": "Mi\u00e9rcoles",
    "OptionThursday": "Jueves",
    "OptionFriday": "Viernes",
    "OptionSaturday": "S\u00e1bado",
    "OptionEveryday": "Every day",
    "OptionWeekend": "Weekends",
    "OptionWeekday": "Weekdays",
    "HeaderConfirmDeletion": "Confirmar borrado",
    "MessageConfirmPathSubstitutionDeletion": "\u00bfEst\u00e1 seguro que desea borrar esta ruta de sustituci\u00f3n?",
    "LiveTvUpdateAvailable": "(Actualizaci\u00f3n disponible)",
    "LabelVersionUpToDate": "\u00a1Actualizado!",
    "ButtonResetTuner": "Reiniciar sintonizador",
    "HeaderResetTuner": "Restablecer el sintonizador",
    "MessageConfirmResetTuner": "\u00bfEst\u00e1 seguro que desea reiniciar este sintonizador? Cualquier reproducci\u00f3n o grabaci\u00f3n activa se detendr\u00e1 inmediatamente.",
    "ButtonCancelSeries": "Cancelar serie",
    "HeaderSeriesRecordings": "Grabaciones de series",
    "LabelAnytime": "A cualquier hora",
    "StatusRecording": "Grabando",
    "StatusWatching": "Viendo",
    "StatusRecordingProgram": "Grabando {0}",
    "StatusWatchingProgram": "Viendo {0}",
    "HeaderSplitMedia": "Divisi\u00f3n de medios",
    "MessageConfirmSplitMedia": "\u00bfEst\u00e1 seguro que desea dividir los medios en partes separadas?",
    "HeaderError": "Error",
    "MessageChromecastConnectionError": "Your Chromecast receiver is unable to connect to your Emby Server. Please check their connections and try again.",
    "MessagePleaseSelectOneItem": "Seleccione al menos un elemento.",
    "MessagePleaseSelectTwoItems": "Seleccione al menos dos elementos.",
    "MessageTheSelectedItemsWillBeGrouped": "The selected videos will be grouped into one virtual item. Emby apps will automatically choose which version to play based on device and network performance. Are you sure you wish to continue?",
    "HeaderResume": "Continuar",
    "HeaderMyViews": "Mis vistas",
    "HeaderLibraryFolders": "Media Folders",
    "HeaderLatestMedia": "\u00daltimos medios",
    "ButtonMoreItems": "More...",
    "ButtonMore": "More",
    "HeaderFavoriteMovies": "Pel\u00edculas favoritas",
    "HeaderFavoriteShows": "Programas favoritos",
    "HeaderFavoriteEpisodes": "Episodios favoritos",
    "HeaderFavoriteGames": "Juegos favoritos",
    "HeaderRatingsDownloads": "\nClasificaci\u00f3n \/ Descargas",
    "HeaderConfirmProfileDeletion": "Confirmar borrado del perfil",
    "MessageConfirmProfileDeletion": "\u00bfEst\u00e1 seguro que desea eliminar este perfil?",
    "HeaderSelectServerCachePath": "Seleccione la ruta para el cach\u00e9 del servidor",
    "HeaderSelectTranscodingPath": "Seleccione la ruta temporal del transcodificador",
    "HeaderSelectImagesByNamePath": "Seleccione la ruta para im\u00e1genes",
    "HeaderSelectMetadataPath": "Seleccione la ruta para Metadatos",
    "HeaderSelectServerCachePathHelp": "Browse or enter the path to use for server cache files. The folder must be writeable.",
    "HeaderSelectTranscodingPathHelp": "Busque o escriba la ruta de acceso que se utilizar\u00e1 para la transcodificaci\u00f3n de archivos temporales. La carpeta debe tener permiso de escritura.",
    "HeaderSelectImagesByNamePathHelp": "Busque o escriba la ruta de sus elementos por nombre de carpeta. La carpeta debe tener permisos de escritura.",
    "HeaderSelectMetadataPathHelp": "Busque o escriba la ruta donde desea almacenar los metadatos. La carpeta debe tener permiso de escritura.",
    "HeaderSelectChannelDownloadPath": "Seleccione la ruta de descargas de canal",
    "HeaderSelectChannelDownloadPathHelp": "Navege o escriba la ruta para guardar el los archivos de cach\u00e9 de canales. La carpeta debe tener permisos de escritura.",
    "OptionNewCollection": "Nuevo...",
    "ButtonAdd": "A\u00f1adir",
    "ButtonRemove": "Quitar",
    "LabelChapterDownloaders": "Downloaders de cap\u00edtulos:",
    "LabelChapterDownloadersHelp": "Habilitar y clasificar sus descargadores de cap\u00edtulos preferidos en orden de prioridad. Descargadores de menor prioridad s\u00f3lo se utilizar\u00e1n para completar la informaci\u00f3n que falta.",
    "HeaderFavoriteAlbums": "\u00c1lbumes favoritos",
    "HeaderLatestChannelMedia": "\u00dcltimos elementos de canal",
    "ButtonOrganizeFile": "Organizar archivos",
    "ButtonDeleteFile": "Borrar archivos",
    "HeaderOrganizeFile": "Organizar archivos",
    "HeaderDeleteFile": "Borrar archivos",
    "StatusSkipped": "Saltado",
    "StatusFailed": "Err\u00f3neo",
    "StatusSuccess": "\u00c9xito",
    "MessageFileWillBeDeleted": "El siguiente archivo se eliminar\u00e1:",
    "MessageSureYouWishToProceed": "\u00bfEst\u00e1 seguro que desea proceder?",
    "MessageDuplicatesWillBeDeleted": "Adem\u00e1s se eliminar\u00e1n los siguientes duplicados:",
    "MessageFollowingFileWillBeMovedFrom": "El siguiente archivo se mover\u00e1 desde:",
    "MessageDestinationTo": "hasta:",
    "HeaderSelectWatchFolder": "Seleccionar carpeta para el reloj",
    "HeaderSelectWatchFolderHelp": "Navegue o introduzca la ruta para la carpeta para el reloj. La carpeta debe tener permisos de escritura.",
    "OrganizePatternResult": "Resultado: {0}",
    "AutoOrganizeError": "Error Organizing File",
    "ErrorOrganizingFileWithErrorCode": "There was an error organizing the file. Error code: {0}.",
    "HeaderRestart": "Reiniciar",
    "HeaderShutdown": "Apagar",
    "MessageConfirmRestart": "Are you sure you wish to restart Emby Server?",
    "MessageConfirmShutdown": "Are you sure you wish to shutdown Emby Server?",
    "ButtonUpdateNow": "Actualizar ahora",
    "ValueItemCount": "{0} item",
    "ValueItemCountPlural": "{0} items",
    "NewVersionOfSomethingAvailable": "\u00a1Hay disponible una nueva versi\u00f3n de {0}!",
    "VersionXIsAvailableForDownload": "La versi\u00f3n {0} est\u00e1 disponible para su descarga.",
    "LabelVersionNumber": "Versi\u00f3n {0}",
    "LabelPlayMethodTranscoding": "Transcodificaci\u00f3n",
    "LabelPlayMethodDirectStream": "Streaming directo",
    "LabelPlayMethodDirectPlay": "Reproducci\u00f3n directa",
    "LabelAudioCodec": "Audio: {0}",
    "LabelVideoCodec": "Video: {0}",
    "LabelLocalAccessUrl": "Local access: {0}",
    "LabelRemoteAccessUrl": "Acceso remoto: {0}",
    "LabelRunningOnPort": "Running on http port {0}.",
    "LabelRunningOnPorts": "Running on http port {0}, and https port {1}.",
    "HeaderLatestFromChannel": "Lo \u00faltimo de {0}",
    "LabelUnknownLanaguage": "Idioma desconocido",
    "HeaderCurrentSubtitles": "Subt\u00edtulos actuales",
    "MessageDownloadQueued": "La descarga se ha a\u00f1adido a la cola",
    "MessageAreYouSureDeleteSubtitles": "\u00bfEst\u00e1 seguro que desea eliminar este archivo de subt\u00edtulos?",
    "ButtonRemoteControl": "Control remoto",
    "HeaderLatestTvRecordings": "\u00daltimas grabaciones",
    "ButtonOk": "OK",
    "ButtonCancel": "Cancelar",
    "ButtonRefresh": "Refrescar",
    "LabelCurrentPath": "Ruta actual:",
    "HeaderSelectMediaPath": "Seleccionar la ruta para Medios",
    "HeaderSelectPath": "Select Path",
    "ButtonNetwork": "Red",
    "MessageDirectoryPickerInstruction": "Rutas de red pueden ser introducidas manualmente en el caso de que el bot\u00f3n de la red no pueda localizar sus dispositivos. Por ejemplo, {0} o {1}.",
    "MessageDirectoryPickerBSDInstruction": "For BSD, you may need to configure storage within your FreeNAS Jail in order to allow Emby to access it.",
    "MessageDirectoryPickerLinuxInstruction": "For Linux, you must grant the Emby system user at least read access to your storage locations.",
    "HeaderMenu": "Men\u00fa",
    "ButtonOpen": "Abrir",
    "ButtonOpenInNewTab": "Abrir en nueva pesta\u00f1a",
    "ButtonShuffle": "Mezclar",
    "ButtonInstantMix": "Mix instant\u00e1neo",
    "ButtonResume": "Continuar",
    "HeaderScenes": "Escenas",
    "HeaderAudioTracks": "Pistas de audio",
    "HeaderLibraries": "Libraries",
    "HeaderSubtitles": "Subt\u00edtulos",
    "HeaderVideoQuality": "Calidad de video",
    "MessageErrorPlayingVideo": "Ha habido un error reproduciendo el video.",
    "MessageEnsureOpenTuner": "Aseg\u00farese que hay un sintonizador disponible.",
    "ButtonHome": "Inicio",
    "ButtonDashboard": "Panel de control",
    "ButtonReports": "Informes",
    "ButtonMetadataManager": "Metadata Manager",
    "HeaderTime": "Duraci\u00f3n",
    "HeaderName": "Nombre",
    "HeaderAlbum": "\u00c1lbum",
    "HeaderAlbumArtist": "Artista del album",
    "HeaderArtist": "Artista",
    "LabelAddedOnDate": "A\u00f1adido {0}",
    "ButtonStart": "Inicio",
    "HeaderChannels": "Canales",
    "HeaderMediaFolders": "Carpetas de medios",
    "HeaderBlockItemsWithNoRating": "Block content with no rating information:",
    "OptionBlockOthers": "Otros",
    "OptionBlockTvShows": "Tv Shows",
    "OptionBlockTrailers": "Trailers",
    "OptionBlockMusic": "M\u00fasica",
    "OptionBlockMovies": "Pel\u00edculas",
    "OptionBlockBooks": "Libros",
    "OptionBlockGames": "Juegos",
    "OptionBlockLiveTvPrograms": "Programas de TV en vivo",
    "OptionBlockLiveTvChannels": "Canales de Tv en vivo",
    "OptionBlockChannelContent": "Contenido de canales de Internet",
    "ButtonRevoke": "Revocar",
    "MessageConfirmRevokeApiKey": "Are you sure you wish to revoke this api key? The application's connection to Emby Server will be abruptly terminated.",
    "HeaderConfirmRevokeApiKey": "Revocar Clave Api",
    "ValueContainer": "Contenedor: {0}",
    "ValueAudioCodec": "Codec de audio: {0}",
    "ValueVideoCodec": "Codec de video: {0}",
    "ValueCodec": "Codec: {0}",
    "ValueConditions": "Condiciones: {0}",
    "LabelAll": "Todo",
    "HeaderDeleteImage": "Borrar imagen",
    "MessageFileNotFound": "Archivo no encontrado.",
    "MessageFileReadError": "Ha ocurrido un error leyendo este archivo.",
    "ButtonNextPage": "P\u00e1gina siguiente",
    "ButtonPreviousPage": "P\u00e1gina anterior",
    "ButtonMoveLeft": "Mover izquierda",
    "ButtonMoveRight": "Mover derecha",
    "ButtonBrowseOnlineImages": "Navegar im\u00e1genes online",
    "HeaderDeleteItem": "Borrar elemento",
    "ConfirmDeleteItem": "Deleting this item will delete it from both the file system and your media library. Are you sure you wish to continue?",
    "MessagePleaseEnterNameOrId": "Introduzca un nombre o un identificador externo.",
    "MessageValueNotCorrect": "El valor introducido no es correcto. Intentelo de nuevo.",
    "MessageItemSaved": "Elemento grabado.",
    "MessagePleaseAcceptTermsOfServiceBeforeContinuing": "Please accept the terms of service before continuing.",
    "OptionEnded": "Finalizado",
    "OptionContinuing": "Continuando",
    "OptionOff": "Apagado",
    "OptionOn": "Encendido",
    "ButtonSettings": "Opciones",
    "ButtonUninstall": "Uninstall",
    "HeaderEnabledFields": "Enabled Fields",
    "HeaderEnabledFieldsHelp": "Uncheck a field to lock it and prevent it's data from being changed.",
    "HeaderLiveTV": "Tv en vivo",
    "MissingLocalTrailer": "Falta trailer local.",
    "MissingPrimaryImage": "Falta imagen principal.",
    "MissingBackdropImage": "Falta imagen de fondo.",
    "MissingLogoImage": "Falta logo.",
    "MissingEpisode": "Falta episodio.",
    "OptionScreenshots": "Capturas del pantalla",
    "OptionBackdrops": "Im\u00e1genes de fondo",
    "OptionImages": "Im\u00e1genes",
    "OptionKeywords": "Palabras clave",
    "OptionTags": "Etiquetas",
    "OptionStudios": "Estudios",
    "OptionName": "Nombre",
    "OptionOverview": "Sinopsis",
    "OptionGenres": "G\u00e9neros",
    "OptionParentalRating": "Clasificaci\u00f3n parental",
    "OptionPeople": "Gente",
    "OptionRuntime": "Tiempo",
    "OptionProductionLocations": "Localizaciones de producci\u00f3n",
    "OptionBirthLocation": "Lugar de nacimiento",
    "LabelAllChannels": "Todos los canales",
    "LabelLiveProgram": "EN VIVO",
    "LabelNewProgram": "NUEVO",
    "LabelPremiereProgram": "ESTRENO",
    "LabelHDProgram": "HD",
    "HeaderChangeFolderType": "Change Content Type",
    "HeaderChangeFolderTypeHelp": "To change the type, please remove and rebuild the library with the new type.",
    "HeaderAlert": "Alert",
    "MessagePleaseRestart": "Please restart to finish updating.",
    "ButtonRestart": "Reiniciar",
    "MessagePleaseRefreshPage": "Please refresh this page to receive new updates from the server.",
    "ButtonHide": "Hide",
    "MessageSettingsSaved": "Settings saved.",
    "ButtonSignOut": "Sign Out",
    "ButtonMyProfile": "My Profile",
    "ButtonMyPreferences": "My Preferences",
    "MessageBrowserDoesNotSupportWebSockets": "This browser does not support web sockets. For a better experience, try a newer browser such as Chrome, Firefox, IE10+, Safari (iOS) or Opera.",
    "LabelInstallingPackage": "Installing {0}",
    "LabelPackageInstallCompleted": "{0} installation completed.",
    "LabelPackageInstallFailed": "{0} installation failed.",
    "LabelPackageInstallCancelled": "{0} installation cancelled.",
    "TabServer": "Servidor",
    "TabUsers": "Users",
    "TabLibrary": "Library",
    "TabMetadata": "Metadatos",
    "TabDLNA": "DLNA",
    "TabLiveTV": "Live TV",
    "TabAutoOrganize": "Auto-Organize",
    "TabPlugins": "Plugins",
    "TabAdvanced": "Avanzado",
    "TabHelp": "Help",
    "TabScheduledTasks": "Scheduled Tasks",
    "ButtonFullscreen": "Fullscreen",
    "ButtonAudioTracks": "Audio Tracks",
    "ButtonSubtitles": "Subt\u00edtulos",
    "ButtonScenes": "Escenas",
    "ButtonQuality": "Quality",
    "HeaderNotifications": "Notifications",
    "HeaderSelectPlayer": "Select Player",
    "ButtonSelect": "Seleccionar",
    "ButtonNew": "Nuevo",
    "MessageInternetExplorerWebm": "For best results with Internet Explorer please install the WebM playback plugin.",
    "HeaderVideoError": "Video Error",
    "ButtonAddToPlaylist": "Add to playlist",
    "HeaderAddToPlaylist": "Add to Playlist",
    "LabelName": "Nombre:",
    "ButtonSubmit": "Enviar",
    "LabelSelectPlaylist": "Playlist:",
    "OptionNewPlaylist": "New playlist...",
    "MessageAddedToPlaylistSuccess": "Ok",
    "ButtonView": "View",
    "ButtonViewSeriesRecording": "View series recording",
    "ValueOriginalAirDate": "Original air date: {0}",
    "ButtonRemoveFromPlaylist": "Remove from playlist",
    "HeaderSpecials": "Specials",
    "HeaderTrailers": "Trailers",
    "HeaderAudio": "Audio",
    "HeaderResolution": "Resolution",
    "HeaderVideo": "Video",
    "HeaderRuntime": "Runtime",
    "HeaderCommunityRating": "Community rating",
    "HeaderPasswordReset": "Password Reset",
    "HeaderParentalRating": "Parental rating",
    "HeaderReleaseDate": "Release date",
    "HeaderDateAdded": "Date added",
    "HeaderSeries": "Series",
    "HeaderSeason": "Season",
    "HeaderSeasonNumber": "Season number",
    "HeaderNetwork": "Network",
    "HeaderYear": "Year",
    "HeaderGameSystem": "Game system",
    "HeaderPlayers": "Players",
    "HeaderEmbeddedImage": "Embedded image",
    "HeaderTrack": "Track",
    "HeaderDisc": "Disc",
    "OptionMovies": "Pel\u00edculas",
    "OptionCollections": "Collections",
    "OptionSeries": "Series",
    "OptionSeasons": "Seasons",
    "OptionEpisodes": "Episodios",
    "OptionGames": "Games",
    "OptionGameSystems": "Game systems",
    "OptionMusicArtists": "Music artists",
    "OptionMusicAlbums": "Music albums",
    "OptionMusicVideos": "Music videos",
    "OptionSongs": "Songs",
    "OptionHomeVideos": "Home videos",
    "OptionBooks": "Books",
    "OptionAdultVideos": "Adult videos",
    "ButtonUp": "Up",
    "ButtonDown": "Down",
    "LabelMetadataReaders": "Metadata readers:",
    "LabelMetadataReadersHelp": "Rank your preferred local metadata sources in order of priority. The first file found will be read.",
    "LabelMetadataDownloaders": "Metadata downloaders:",
    "LabelMetadataDownloadersHelp": "Enable and rank your preferred metadata downloaders in order of priority. Lower priority downloaders will only be used to fill in missing information.",
    "LabelMetadataSavers": "Metadata savers:",
    "LabelMetadataSaversHelp": "Choose the file formats to save your metadata to.",
    "LabelImageFetchers": "Image fetchers:",
    "LabelImageFetchersHelp": "Enable and rank your preferred image fetchers in order of priority.",
    "ButtonQueueAllFromHere": "Queue all from here",
    "ButtonPlayAllFromHere": "Play all from here",
    "LabelDynamicExternalId": "{0} Id:",
    "HeaderIdentify": "Identify Item",
    "PersonTypePerson": "Person",
    "LabelTitleDisplayOrder": "Title display order:",
    "OptionSortName": "Sort name",
    "OptionReleaseDate": "Release date",
    "LabelSeasonNumber": "Season number:",
    "LabelDiscNumber": "Disc number",
    "LabelParentNumber": "Parent number",
    "LabelEpisodeNumber": "Episode number:",
    "LabelTrackNumber": "Track number:",
    "LabelNumber": "Number:",
    "LabelReleaseDate": "Release date:",
    "LabelEndDate": "End date:",
    "LabelYear": "Year:",
    "LabelDateOfBirth": "Date of birth:",
    "LabelBirthYear": "Birth year:",
    "LabelBirthDate": "Birth date:",
    "LabelDeathDate": "Death date:",
    "HeaderRemoveMediaLocation": "Remove Media Location",
    "MessageConfirmRemoveMediaLocation": "Are you sure you wish to remove this location?",
    "HeaderRenameMediaFolder": "Rename Media Folder",
    "LabelNewName": "New name:",
    "HeaderAddMediaFolder": "Add Media Folder",
    "HeaderAddMediaFolderHelp": "Name (Movies, Music, TV, etc):",
    "HeaderRemoveMediaFolder": "Remove Media Folder",
    "MessageTheFollowingLocationWillBeRemovedFromLibrary": "The following media locations will be removed from your library:",
    "MessageAreYouSureYouWishToRemoveMediaFolder": "Are you sure you wish to remove this media folder?",
    "ButtonRename": "Rename",
    "ButtonChangeContentType": "Change content type",
    "HeaderMediaLocations": "Media Locations",
    "LabelContentTypeValue": "Content type: {0}",
    "LabelPathSubstitutionHelp": "Optional: Path substitution can map server paths to network shares that clients can access for direct playback.",
    "FolderTypeUnset": "Unset (mixed content)",
    "FolderTypeMovies": "Peliculas",
    "FolderTypeMusic": "Musica",
    "FolderTypeAdultVideos": "Videos para adultos",
    "FolderTypePhotos": "Fotos",
    "FolderTypeMusicVideos": "Videos Musicales",
    "FolderTypeHomeVideos": "Videos caseros",
    "FolderTypeGames": "Juegos",
    "FolderTypeBooks": "Libros",
    "FolderTypeTvShows": "TV",
    "TabMovies": "Pel\u00edculas",
    "TabSeries": "Series",
    "TabEpisodes": "Episodios",
    "TabTrailers": "Trailers",
    "TabGames": "Juegos",
    "TabAlbums": "\u00c1lbumes",
    "TabSongs": "Canciones",
    "TabMusicVideos": "Videos Musicales",
    "BirthPlaceValue": "Birth place: {0}",
    "DeathDateValue": "Died: {0}",
    "BirthDateValue": "Born: {0}",
    "HeaderLatestReviews": "Latest Reviews",
    "HeaderPluginInstallation": "Plugin Installation",
    "MessageAlreadyInstalled": "This version is already installed.",
    "ValueReviewCount": "{0} Reviews",
    "MessageYouHaveVersionInstalled": "You currently have version {0} installed.",
    "MessageTrialExpired": "The trial period for this feature has expired",
    "MessageTrialWillExpireIn": "The trial period for this feature will expire in {0} day(s)",
    "MessageInstallPluginFromApp": "This plugin must be installed from with in the app you intend to use it in.",
    "ValuePriceUSD": "Price: {0} (USD)",
    "MessageFeatureIncludedWithSupporter": "You are registered for this feature, and will be able to continue using it with an active Emby Premiere subscription.",
    "MessageChangeRecurringPlanConfirm": "After completing this transaction you will need to cancel your previous recurring donation from within your PayPal account. Thank you for supporting Emby.",
    "ButtonDelete": "Borrar",
    "HeaderEmbyAccountAdded": "Emby Account Added",
    "MessageEmbyAccountAdded": "The Emby account has been added to this user.",
    "MessagePendingEmbyAccountAdded": "The Emby account has been added to this user. An email will be sent to the owner of the account. The invitation will need to be confirmed by clicking a link within the email.",
    "HeaderEmbyAccountRemoved": "Emby Account Removed",
    "MessageEmbyAccontRemoved": "The Emby account has been removed from this user.",
    "TooltipLinkedToEmbyConnect": "Linked to Emby Connect",
    "HeaderUnrated": "Unrated",
    "ValueDiscNumber": "Disc {0}",
    "HeaderUnknownDate": "Unknown Date",
    "HeaderUnknownYear": "Unknown Year",
    "ValueMinutes": "{0} min",
    "ButtonPlayExternalPlayer": "Play with external player",
    "HeaderSelectExternalPlayer": "Select External Player",
    "HeaderExternalPlayerPlayback": "External Player Playback",
    "ButtonImDone": "I'm Done",
    "OptionWatched": "Watched",
    "OptionUnwatched": "Unwatched",
    "ExternalPlayerPlaystateOptionsHelp": "Specify how you would like to resume playing this video next time.",
    "LabelMarkAs": "Mark as:",
    "OptionInProgress": "In-Progress",
    "LabelResumePoint": "Resume point:",
    "ValueOneMovie": "1 movie",
    "ValueMovieCount": "{0} movies",
    "ValueOneTrailer": "1 trailer",
    "ValueTrailerCount": "{0} trailers",
    "ValueOneSeries": "1 series",
    "ValueSeriesCount": "{0} series",
    "ValueOneEpisode": "1 episode",
    "ValueEpisodeCount": "{0} episodes",
    "ValueOneGame": "1 game",
    "ValueGameCount": "{0} games",
    "ValueOneAlbum": "1 album",
    "ValueAlbumCount": "{0} albums",
    "ValueOneSong": "1 song",
    "ValueSongCount": "{0} songs",
    "ValueOneMusicVideo": "1 music video",
    "ValueMusicVideoCount": "{0} music videos",
    "HeaderOffline": "Offline",
    "HeaderUnaired": "Unaired",
    "HeaderMissing": "Missing",
    "ButtonWebsite": "Website",
    "TooltipFavorite": "Favorite",
    "TooltipLike": "Like",
    "TooltipDislike": "Dislike",
    "TooltipPlayed": "Played",
    "ValueSeriesYearToPresent": "{0}-Present",
    "ValueAwards": "Awards: {0}",
    "ValueBudget": "Budget: {0}",
    "ValueRevenue": "Revenue: {0}",
    "ValuePremiered": "Premiered {0}",
    "ValuePremieres": "Premieres {0}",
    "ValueStudio": "Studio: {0}",
    "ValueStudios": "Studios: {0}",
    "ValueStatus": "Status: {0}",
    "ValueSpecialEpisodeName": "Special - {0}",
    "LabelLimit": "Limit:",
    "ValueLinks": "Links: {0}",
    "HeaderPeople": "People",
    "HeaderCastAndCrew": "Cast & Crew",
    "ValueArtist": "Artist: {0}",
    "ValueArtists": "Artists: {0}",
    "HeaderTags": "Tags",
    "MediaInfoCameraMake": "Camera make",
    "MediaInfoCameraModel": "Camera model",
    "MediaInfoAltitude": "Altitude",
    "MediaInfoAperture": "Aperture",
    "MediaInfoExposureTime": "Exposure time",
    "MediaInfoFocalLength": "Focal length",
    "MediaInfoOrientation": "Orientation",
    "MediaInfoIsoSpeedRating": "Iso speed rating",
    "MediaInfoLatitude": "Latitude",
    "MediaInfoLongitude": "Longitude",
    "MediaInfoShutterSpeed": "Shutter speed",
    "MediaInfoSoftware": "Software",
    "HeaderIfYouLikeCheckTheseOut": "If you like {0}, check these out...",
    "HeaderPlotKeywords": "Plot Keywords",
    "HeaderMovies": "Movies",
    "HeaderAlbums": "Albums",
    "HeaderGames": "Games",
    "HeaderBooks": "Books",
    "HeaderEpisodes": "Episodes",
    "HeaderSeasons": "Seasons",
    "HeaderTracks": "Tracks",
    "HeaderItems": "Items",
    "HeaderOtherItems": "Other Items",
    "ButtonFullReview": "Full review",
    "ValueAsRole": "as {0}",
    "ValueGuestStar": "Guest star",
    "MediaInfoSize": "Size",
    "MediaInfoPath": "Path",
    "MediaInfoFormat": "Format",
    "MediaInfoContainer": "Container",
    "MediaInfoDefault": "Default",
    "MediaInfoForced": "Forced",
    "MediaInfoExternal": "External",
    "MediaInfoTimestamp": "Timestamp",
    "MediaInfoPixelFormat": "Pixel format",
    "MediaInfoBitDepth": "Bit depth",
    "MediaInfoSampleRate": "Sample rate",
    "MediaInfoBitrate": "Bitrate",
    "MediaInfoChannels": "Channels",
    "MediaInfoLayout": "Layout",
    "MediaInfoLanguage": "Language",
    "MediaInfoCodec": "Codec",
    "MediaInfoCodecTag": "Codec tag",
    "MediaInfoProfile": "Profile",
    "MediaInfoLevel": "Level",
    "MediaInfoAspectRatio": "Aspect ratio",
    "MediaInfoResolution": "Resolution",
    "MediaInfoAnamorphic": "Anamorphic",
    "MediaInfoInterlaced": "Interlaced",
    "MediaInfoFramerate": "Framerate",
    "MediaInfoStreamTypeAudio": "Audio",
    "MediaInfoStreamTypeData": "Data",
    "MediaInfoStreamTypeVideo": "Video",
    "MediaInfoStreamTypeSubtitle": "Subtitle",
    "MediaInfoStreamTypeEmbeddedImage": "Embedded Image",
    "MediaInfoRefFrames": "Ref frames",
    "TabPlayback": "Playback",
    "TabNotifications": "Notificaciones",
    "TabExpert": "Expert",
    "HeaderSelectCustomIntrosPath": "Select Custom Intros Path",
    "HeaderRateAndReview": "Rate and Review",
    "HeaderThankYou": "Thank You",
    "MessageThankYouForYourReview": "Thank you for your review.",
    "LabelYourRating": "Your rating:",
    "LabelFullReview": "Full review:",
    "LabelShortRatingDescription": "Short rating summary:",
    "OptionIRecommendThisItem": "I recommend this item",
    "WebClientTourContent": "View your recently added media, next episodes, and more. The green circles indicate how many unplayed items you have.",
    "WebClientTourMovies": "Play movies, trailers and more from any device with a web browser",
    "WebClientTourMouseOver": "Hold the mouse over any poster for quick access to important information",
    "WebClientTourTapHold": "Tap and hold or right click any poster for a context menu",
    "WebClientTourMetadataManager": "Click edit to open the metadata manager",
    "WebClientTourPlaylists": "Easily create playlists and instant mixes, and play them on any device",
    "WebClientTourCollections": "Create movie collections to group box sets together",
    "WebClientTourUserPreferences1": "User preferences allow you to customize the way your library is presented in all of your Emby apps",
    "WebClientTourUserPreferences2": "Configure your audio and subtitle language settings once, for every Emby app",
    "WebClientTourUserPreferences3": "Design the web client home page to your liking",
    "WebClientTourUserPreferences4": "Configure backdrops, theme songs and external players",
    "WebClientTourMobile1": "The web client works great on smartphones and tablets...",
    "WebClientTourMobile2": "and easily controls other devices and Emby apps",
    "WebClientTourMySync": "Sync your personal media to your devices for offline viewing.",
    "MessageEnjoyYourStay": "Enjoy your stay",
    "DashboardTourDashboard": "The server dashboard allows you to monitor your server and your users. You'll always know who is doing what and where they are.",
    "DashboardTourHelp": "In-app help provides easy buttons to open wiki pages relating to the on-screen content.",
    "DashboardTourUsers": "Easily create user accounts for your friends and family, each with their own permissions, library access, parental controls and more.",
    "DashboardTourCinemaMode": "Cinema mode brings the theater experience straight to your living room with the ability to play trailers and custom intros before the main feature.",
    "DashboardTourChapters": "Enable chapter image generation for your videos for a more pleasing presentation while viewing.",
    "DashboardTourSubtitles": "Automatically download subtitles for your videos in any language.",
    "DashboardTourPlugins": "Install plugins such as internet video channels, live tv, metadata scanners, and more.",
    "DashboardTourNotifications": "Automatically send notifications of server events to your mobile device, email and more.",
    "DashboardTourScheduledTasks": "Easily manage long running operations with scheduled tasks. Decide when they run, and how often.",
    "DashboardTourMobile": "The Emby Server dashboard works great on smartphones and tablets. Manage your server from the palm of your hand anytime, anywhere.",
    "DashboardTourSync": "Sync your personal media to your devices for offline viewing.",
    "MessageRefreshQueued": "Refresh queued",
    "TabDevices": "Devices",
    "TabExtras": "Extras",
    "HeaderUploadImage": "Upload Image",
    "DeviceLastUsedByUserName": "Last used by {0}",
    "HeaderDeleteDevice": "Delete Device",
    "DeleteDeviceConfirmation": "Are you sure you wish to delete this device? It will reappear the next time a user signs in with it.",
    "LabelEnableCameraUploadFor": "Enable camera upload for:",
    "HeaderSelectUploadPath": "Select Upload Path",
    "LabelEnableCameraUploadForHelp": "Uploads will occur automatically in the background when signed into Emby.",
    "ErrorMessageStartHourGreaterThanEnd": "End time must be greater than the start time.",
    "ButtonLibraryAccess": "Library access",
    "ButtonParentalControl": "Parental control",
    "HeaderInvitationSent": "Invitation Sent",
    "MessageInvitationSentToUser": "An email has been sent to {0}, inviting them to accept your sharing invitation.",
    "MessageInvitationSentToNewUser": "An email has been sent to {0} inviting them to sign up with Emby.",
    "HeaderConnectionFailure": "Connection Failure",
    "MessageUnableToConnectToServer": "We're unable to connect to the selected server right now. Please ensure it is running and try again.",
    "ButtonSelectServer": "Select Server",
    "MessagePluginConfigurationRequiresLocalAccess": "To configure this plugin please sign in to your local server directly.",
    "MessageLoggedOutParentalControl": "Access is currently restricted. Please try again later.",
    "DefaultErrorMessage": "There was an error processing the request. Please try again later.",
    "ButtonAccept": "Accept",
    "ButtonReject": "Reject",
    "HeaderForgotPassword": "Forgot Password",
    "MessageContactAdminToResetPassword": "Please contact your system administrator to reset your password.",
    "MessageForgotPasswordInNetworkRequired": "Please try again within your home network to initiate the password reset process.",
    "MessageForgotPasswordFileCreated": "The following file has been created on your server and contains instructions on how to proceed:",
    "MessageForgotPasswordFileExpiration": "The reset pin will expire at {0}.",
    "MessageInvalidForgotPasswordPin": "Se ingres\u00f3 un c\u00f3digo PIN inv\u00e1lido o expirado. Por favor, int\u00e9ntelo de nuevo.",
    "MessagePasswordResetForUsers": "Passwords have been removed for the following users. To login, sign in with a blank password.",
    "HeaderInviteGuest": "Invite Guest",
    "ButtonLinkMyEmbyAccount": "Link my account now",
    "MessageConnectAccountRequiredToInviteGuest": "In order to invite guests you need to first link your Emby account to this server.",
    "ButtonSync": "Sync",
    "SyncMedia": "Sync Media",
    "HeaderCancelSyncJob": "Cancel Sync",
    "CancelSyncJobConfirmation": "Cancelling the sync job will remove synced media from the device during the next sync process. Are you sure you wish to proceed?",
    "TabSync": "Sync",
    "MessagePleaseSelectDeviceToSyncTo": "Please select a device to sync to.",
    "MessageSyncJobCreated": "Sync job created.",
    "LabelSyncTo": "Sync to:",
    "LabelSyncJobName": "Sync job name:",
    "LabelQuality": "Quality:",
    "HeaderSettings": "Settings",
    "OptionAutomaticallySyncNewContent": "Automatically sync new content",
    "OptionAutomaticallySyncNewContentHelp": "New content added to will be automatically synced to the device.",
    "OptionSyncUnwatchedVideosOnly": "Sync unwatched videos only",
    "OptionSyncUnwatchedVideosOnlyHelp": "Only unwatched videos will be synced, and videos will be removed from the device as they are watched.",
    "LabelItemLimit": "Item limit:",
    "LabelItemLimitHelp": "Optional. Set a limit to the number of items that will be synced.",
    "MessageBookPluginRequired": "Requires installation of the Bookshelf plugin",
    "MessageGamePluginRequired": "Requires installation of the GameBrowser plugin",
    "MessageUnsetContentHelp": "Content will be displayed as plain folders. For best results use the metadata manager to set the content types of sub-folders.",
    "SyncJobItemStatusQueued": "Queued",
    "SyncJobItemStatusConverting": "Converting",
    "SyncJobItemStatusTransferring": "Transferring",
    "SyncJobItemStatusSynced": "Synced",
    "SyncJobItemStatusFailed": "Failed",
    "SyncJobItemStatusRemovedFromDevice": "Removed from device",
    "SyncJobItemStatusCancelled": "Cancelled",
    "LabelProfile": "Profile:",
    "LabelBitrateMbps": "Bitrate (Mbps):",
    "EmbyIntroDownloadMessage": "To download and install Emby Server visit {0}.",
    "ButtonNewServer": "New Server",
    "ButtonSignInWithConnect": "Sign in with Emby Connect",
    "HeaderNewServer": "New Server",
    "MyDevice": "My Device",
    "ButtonRemote": "Remote",
    "TabInfo": "Info",
    "TabCast": "Cast",
    "TabScenes": "Scenes",
    "HeaderUnlockApp": "Unlock App",
    "HeaderUnlockSync": "Unlock Emby Sync",
    "MessageUnlockAppWithPurchaseOrSupporter": "Unlock this feature with a small one-time purchase, or with an active Emby Premiere subscription.",
    "MessageUnlockAppWithSupporter": "Unlock this feature with an active Emby Premiere subscription.",
    "MessageToValidateSupporter": "If you have an active Emby Premiere subscription, simply sign into the app once using your Wifi connection within your home network.",
    "MessagePaymentServicesUnavailable": "Payment services are currently unavailable. Please try again later.",
    "MessagePleaseSignInLocalNetwork": "Before proceeding, please ensure that you're connected to your local network using a Wifi or LAN connection.",
    "ButtonUnlockWithPurchase": "Unlock with Purchase",
    "ButtonUnlockPrice": "Unlock {0}",
    "MessageLiveTvGuideRequiresUnlock": "The Live TV Guide is currently limited to {0} channels. Click the unlock button to learn how to enjoy the full experience.",
    "OptionEnableFullscreen": "Enable Fullscreen",
    "ButtonServer": "Server",
    "HeaderAdmin": "Admin",
    "HeaderLibrary": "Library",
    "HeaderMedia": "Media",
    "ButtonInbox": "Inbox",
    "HeaderAdvanced": "Advanced",
    "HeaderGroupVersions": "Group Versions",
    "HeaderSaySomethingLike": "Say Something Like...",
    "ButtonTryAgain": "Try Again",
    "HeaderYouSaid": "You Said...",
    "MessageWeDidntRecognizeCommand": "We're sorry, we didn't recognize that command.",
    "MessageIfYouBlockedVoice": "If you denied voice access to the app you'll need to reconfigure before trying again.",
    "MessageNoItemsFound": "No items found.",
    "ButtonManageServer": "Manage Server",
    "ButtonEditSubtitles": "Edit subtitles",
    "ButtonPreferences": "Preferences",
    "ButtonViewArtist": "View artist",
    "ButtonViewAlbum": "View album",
    "ButtonEditImages": "Edit images",
    "ErrorMessagePasswordNotMatchConfirm": "The password and password confirmation must match.",
    "ErrorMessageUsernameInUse": "The username is already in use. Please choose a new name and try again.",
    "ErrorMessageEmailInUse": "The email address is already in use. Please enter a new email address and try again, or use the forgot password feature.",
    "MessageThankYouForConnectSignUp": "Thank you for signing up for Emby Connect. An email will be sent to your address with instructions on how to confirm your new account. Please confirm the account and then return here to sign in.",
    "HeaderShare": "Share",
    "ButtonShareHelp": "Share a web page containing media information with social media. Media files are never shared publicly.",
    "ButtonShare": "Share",
    "HeaderConfirm": "Confirm",
    "ButtonAdvancedRefresh": "Actualizar Manualmente",
    "MessageConfirmDeleteTunerDevice": "Are you sure you wish to delete this device?",
    "MessageConfirmDeleteGuideProvider": "Are you sure you wish to delete this guide provider?",
    "HeaderDeleteProvider": "Delete Provider",
    "HeaderAddProvider": "Add Provider",
    "ErrorAddingTunerDevice": "There was an error adding the tuner device. Please ensure it is accessible and try again.",
    "ErrorSavingTvProvider": "There was an error saving the TV provider. Please ensure it is accessible and try again.",
    "ErrorGettingTvLineups": "There was an error downloading tv lineups. Please ensure your information is correct and try again.",
    "MessageCreateAccountAt": "Create an account at {0}",
    "ErrorPleaseSelectLineup": "Please select a lineup and try again. If no lineups are available, then please check that your username, password, and postal code is correct.",
    "HeaderTryEmbyPremiere": "Try Emby Premiere",
    "ButtonBecomeSupporter": "Get Emby Premiere",
    "ButtonClosePlayVideo": "Close and play my media",
    "MessageDidYouKnowCinemaMode": "Did you know that with Emby Premiere, you can enhance your experience with features like Cinema Mode?",
    "MessageDidYouKnowCinemaMode2": "Cinema Mode gives you the true cinema experience with trailers and custom intros before the main feature.",
    "OptionEnableDisplayMirroring": "Enable display mirroring",
    "HeaderSyncRequiresSupporterMembership": "Sync requires an active Emby Premiere subscription.",
    "HeaderSyncRequiresSupporterMembershipAppVersion": "Sync requires connecting to an Emby Server with an active Emby Premiere subscription.",
    "ErrorValidatingSupporterInfo": "There was an error validating your Emby Premiere information. Please try again later.",
    "HeaderSync": "Sincronizar",
    "LabelLocalSyncStatusValue": "Status: {0}",
    "MessageSyncStarted": "Sync started",
    "OptionPoster": "Poster",
    "OptionPosterCard": "Cartelera",
    "OptionTimeline": "L\u00ednea de tiempo",
    "OptionList": "Lista",
    "OptionThumb": "Miniatura",
    "OptionThumbCard": "Cartel postal",
    "OptionBanner": "Banner",
    "NoSlideshowContentFound": "No slideshow images were found.",
    "OptionPhotoSlideshow": "Photo slideshow",
    "OptionBackdropSlideshow": "Backdrop slideshow",
    "HeaderTopPlugins": "Top Plugins",
    "ButtonRecord": "Grabar",
    "ButtonOther": "Other",
    "HeaderSortBy": "Ordenar por:",
    "HeaderSortOrder": "Ordenado por:",
    "OptionAscending": "Ascendente",
    "OptionDescending": "Descendente",
    "OptionNameSort": "Nombre",
    "OptionTvdbRating": "Valoraci\u00f3n tvdb",
    "OptionPremiereDate": "Fecha de estreno",
    "OptionImdbRating": "Valoraci\u00f3n IMDb",
    "OptionDatePlayed": "Fecha de reproducci\u00f3n",
    "OptionDateAdded": "A\u00f1adido el",
    "OptionPlayCount": "N\u00famero de reproducc.",
    "ButtonDisconnect": "Disconnect",
    "OptionAlbumArtist": "Album Artista",
    "OptionArtist": "Artista",
    "OptionAlbum": "\u00c1lbum",
    "OptionTrackName": "Nombre de pista",
    "OptionCommunityRating": "Valoraci\u00f3n comunidad",
    "ButtonSort": "Ordenar",
    "ButtonMenu": "Menu",
    "OptionDefaultSort": "Por defecto",
    "ButtonFilter": "Filtro",
    "OptionCriticRating": "Valoraci\u00f3n cr\u00edtica",
    "OptionVideoBitrate": "Video Bitrate",
    "OptionMetascore": "Metavalor",
    "OptionRevenue": "Recaudaci\u00f3n",
    "OptionBudget": "Presupuesto",
    "ForAdditionalLiveTvOptions": "For additional Live TV providers, click on the External Services tab to see the available options.",
    "ButtonGuide": "Guide",
    "ButtonRecordedTv": "Recorded TV",
    "HeaderDisconnectFromPlayer": "Disconnect from Player",
    "ConfirmEndPlayerSession": "Would you like to close Emby on the device?",
    "ButtonYes": "Yes",
    "ButtonNo": "No",
    "ButtonRestorePreviousPurchase": "Restore Purchase",
    "ButtonForYou": "For You",
    "ButtonLibrary": "Library",
    "ButtonSearch": "Buscar",
    "ButtonNowPlaying": "Now Playing",
    "ButtonViewNewApp": "View new app",
    "HeaderEmbyForAndroidHasMoved": "Emby for Android has moved!",
    "MessageEmbyForAndroidHasMoved": "Emby for Android has moved to a new home in the app store. Please consider checking out the new app. You may continue to use this app for as long as you wish.",
    "HeaderNextUp": "Siguiendo",
    "HeaderLatestMovies": "\u00daltimas pel\u00edculas",
    "HeaderLatestEpisodes": "Ultimos episodios",
    "EmbyPremiereMonthly": "Emby Premiere Monthly",
    "EmbyPremiereMonthlyWithPrice": "Emby Premiere Monthly {0}",
    "HeaderEmailAddress": "E-Mail Address",
    "TextPleaseEnterYourEmailAddressForSubscription": "Please enter your e-mail address.",
    "LoginDisclaimer": "Emby is designed to help you manage your personal media library, such as home videos and photos. Please see our terms of use. The use of any Emby software constitutes acceptance of these terms.",
    "TermsOfUse": "Terms of use",
    "HeaderTryMultiSelect": "Try Multi-Select",
    "TryMultiSelectMessage": "To edit multiple media items, just click and hold any poster and select the items you want to manage. Try it!",
    "NumLocationsValue": "{0} folders",
    "ButtonAddMediaLibrary": "Add Media Library",
    "ButtonManageFolders": "Manage folders",
    "HeaderTryDragAndDrop": "Try Drag and Drop",
    "TryDragAndDropMessage": "To re-arrange playlist items, just drag and drop. Try it!",
    "HeaderTryMicrosoftEdge": "Try Microsoft Edge",
    "MessageTryMicrosoftEdge": "For a better experience on Windows 10, try the new Microsoft Edge Browser.",
    "HeaderTryModernBrowser": "Try a Modern Web Browser",
    "MessageTryModernBrowser": "For a better experience on Windows, try a modern web browser such as Google Chrome, Firefox, or Opera.",
    "ErrorAddingListingsToSchedulesDirect": "There was an error adding the lineup to your Schedules Direct account. Schedules Direct only allows a limited number of lineups per account. You may need to log into the Schedules Direct website and remove others listings from your account before proceeeding.",
    "PleaseAddAtLeastOneFolder": "Please add at least one folder to this library by clicking the Add button.",
    "ErrorAddingMediaPathToVirtualFolder": "There was an error adding the media path. Please ensure the path is valid and the Emby Server process has access to that location.",
    "ErrorRemovingEmbyConnectAccount": "There was an error removing the Emby Connect account. Please ensure you have an active internet connection and try again.",
    "ErrorAddingEmbyConnectAccount": "There was an error adding the Emby Connect account. Please ensure the Emby account has been activated by following the instructions in the email sent after creating the account. If this email was not received please send an email to apps@emby.media from the email address used with the Emby account.",
    "HeaderFavoriteArtists": "Favorite Artists",
    "HeaderFavoriteSongs": "Favorite Songs",
    "HeaderConfirmPluginInstallation": "Confirm Plugin Installation",
    "PleaseConfirmPluginInstallation": "Please click OK to confirm you've read the above and wish to proceed with the plugin installation.",
    "MessagePluginInstallDisclaimer": "Plugins built by Emby community members are a great way to enhance your Emby experience with additional features and benefits. Before installing, please be aware of the effects they may have on your Emby Server, such as longer library scans, additional background processing, and decreased system stability.",
    "ButtonPlayOneMinute": "Play one minute",
    "ThankYouForTryingEnjoyOneMinute": "Please enjoy one minute of playback. Thank you for trying Emby.",
    "HeaderTryPlayback": "Try Playback",
    "HeaderBenefitsEmbyPremiere": "Benefits of Emby Premiere",
    "MobileSyncFeatureDescription": "Sync your media to your smart phones and tablets for easy offline access.",
    "CoverArtFeatureDescription": "Cover Art creates fun covers and other treatments to help you personalize your media images.",
    "HeaderMobileSync": "Mobile Sync",
    "HeaderCloudSync": "Cloud Sync",
    "CloudSyncFeatureDescription": "Sync your media to the cloud for easy backup, archiving, and converting.",
    "HeaderFreeApps": "Free Emby Apps",
    "FreeAppsFeatureDescription": "Enjoy free access to select Emby apps for your devices.",
    "HeaderCinemaMode": "Cinema Mode",
    "CinemaModeFeatureDescription": "Cinema Mode gives you the true cinema experience with trailers and custom intros before the feature.",
    "CoverArt": "Cover Art"
}