{
    "LabelExit": "Salir",
    "LabelVisitCommunity": "Visitar la comunidad",
    "LabelGithub": "Github",
    "LabelSwagger": "Swagger",
    "LabelStandard": "Est\u00e1ndar",
    "LabelApiDocumentation": "Documentaci\u00f3n API",
    "LabelDeveloperResources": "Recursos del Desarrollador",
    "LabelBrowseLibrary": "Navegar biblioteca",
    "LabelConfigureServer": "Configurar Emby",
    "LabelOpenLibraryViewer": "Abrir el visor de la biblioteca",
    "LabelRestartServer": "Reiniciar el servidor",
    "LabelShowLogWindow": "Mostrar la ventana del log",
    "LabelPrevious": "Anterior",
    "LabelFinish": "Terminar",
    "FolderTypeMixed": "Mixed content",
    "LabelNext": "Siguiente",
    "LabelYoureDone": "Ha Terminado!",
    "ButtonAddToCollection": "Agregar a la colecci\u00f3n",
    "ButtonMoreItems": "More",
    "WelcomeToProject": "Bienvenidos a Emby!",
    "ThisWizardWillGuideYou": "Este asistente lo guiar\u00e1 en el proceso de instalaci\u00f3n. Para comenzar, seleccione su idioma preferido.",
    "TellUsAboutYourself": "D\u00edganos acerca de usted",
    "ButtonQuickStartGuide": "Gu\u00eda de inicio r\u00e1pido",
    "LabelYourFirstName": "Su primer nombre:",
    "MoreUsersCanBeAddedLater": "M\u00e1s usuarios pueden agregarse m\u00e1s tarde en el panel de control.",
    "UserProfilesIntro": "Emby incluye soporte interno para perfiles de usuarios, permitiendo que cada usuario tenga sus propios ajustes, estado de reproducci\u00f3n y control parental.",
    "LabelWindowsService": "Servicio de Windows",
    "AWindowsServiceHasBeenInstalled": "Un servicio de Windows se ha instalado",
    "WindowsServiceIntro1": "El Servidor Emby normalmente se inicia como una aplicacion con un icono en la bandeja, pero si usted prefiere que inicie como un servicio de fondo, entonces puede ser iniciado desde los servicios de Windows en el panel de control.",
    "WindowsServiceIntro2": "Si se utiliza el servicio de Windows, tenga en cuenta que no se puede ejecutar al mismo tiempo que el icono de la bandeja, por lo que tendr\u00e1 que salir de la bandeja con el fin de ejecutar el servicio. Tambi\u00e9n tendr\u00e1 que ser configurado con privilegios administrativos a trav\u00e9s del panel de control del servicio. Tenga en cuenta que en este momento el servicio no es capaz de auto-actualizaci\u00f3n, por lo que las nuevas versiones requieren la interacci\u00f3n manual.",
    "WizardCompleted": "Eso es todo lo que necesitamos por ahora. Emby a iniciado la colecci\u00f3n de su biblioteca digital. Vea algunos de nuestras aplicaciones, y despu\u00e9s haga clic <b>Finalizar<\/b>para ver el <b>Panel de Servidor<\/b>.",
    "LabelConfigureSettings": "Configuraci\u00f3n de opciones",
    "LabelEnableVideoImageExtraction": "Habilitar extracci\u00f3n de im\u00e1genes de video",
    "VideoImageExtractionHelp": "Para los v\u00eddeos que no dispongan de im\u00e1genes y que no podemos encontrar en Internet. Esto agregar\u00e1 un tiempo adicional para la exploraci\u00f3n inicial de bibliotecas, pero resultar\u00e1 en una presentaci\u00f3n m\u00e1s agradable.",
    "LabelEnableChapterImageExtractionForMovies": "Extraer im\u00e1genes de cap\u00edtulos para pel\u00edculas",
    "LabelChapterImageExtractionForMoviesHelp": "Extraer imagenes de capitulos permitir\u00e1 a los usuarios ver escenas gr\u00e1ficas en la seleccion de men\u00fa. El proceso puede ser lento, cpu-intenso y puede requerir algunos gigabytes de espacio.",
    "LabelEnableAutomaticPortMapping": "Habilitar asignaci\u00f3n de puertos autom\u00e1tico",
    "LabelEnableAutomaticPortMappingHelp": "UPnP permite la configuraci\u00f3n del router para acceso externo de forma f\u00e1cil y autom\u00e1tica. Esto puede no funcionar en algunos modelos de routers.",
    "HeaderTermsOfService": "T\u00e9rminos de servicios de Emby",
    "MessagePleaseAcceptTermsOfService": "Por favor aceptar los terminos de servicios y politica de privacidad antes de continuar.",
    "OptionIAcceptTermsOfService": "Acepto los terminos de servicio",
    "ButtonPrivacyPolicy": "Politica de privacidad",
    "ButtonTermsOfService": "Terminos de servicios",
    "HeaderDeveloperOptions": "Recursos del Desarrollador",
    "OptionEnableWebClientResponseCache": "Habilitar almacenamiento de cach\u00e9 de respuestas del cliente web.",
    "OptionDisableForDevelopmentHelp": "Configure cuantas veces sea nesesario para propositos del desarrollo de cliente de la red.",
    "OptionEnableWebClientResourceMinification": "Habilitar minificaci\u00f3n de recursos para la aplicacion en linea",
    "LabelDashboardSourcePath": "Localizaci\u00f3n de la fuente del cliente web:",
    "LabelDashboardSourcePathHelp": "Si est\u00e1 ejecutando el servidor desde la fuente, especifique la ruta de acceso a la carpeta dashboard-ui. Todos los archivos del cliente web ser\u00e1n atendidos desde esta ruta.",
    "ButtonConvertMedia": "Convertir medios",
    "ButtonOrganize": "Organizar",
    "LinkedToEmbyConnect": "Vincular a Emby Connect",
    "HeaderSupporterBenefits": "Beneficios del partidario",
    "HeaderAddUser": "Agregar Usuario",
    "LabelAddConnectSupporterHelp": "Para agregar a un usuario que no est\u00e1 en el listado, usted tiene primero que conectar su cuenta con Emby Connect desde la p\u00e1gina de perfil del usuario.",
    "LabelPinCode": "C\u00f3digo PIN:",
    "OptionHideWatchedContentFromLatestMedia": "Esconder medios vistos de los medios m\u00e1s recientes",
    "HeaderSync": "Sincronizar",
    "ButtonOk": "OK",
    "ButtonCancel": "Cancelar",
    "ButtonExit": "Salir",
    "ButtonNew": "Nuevo",
    "HeaderTV": "TV",
    "HeaderAudio": "Audio",
    "HeaderVideo": "Video",
    "HeaderPaths": "Ruta",
    "CategorySync": "Sincronizar",
    "TabPlaylist": "Lista de reproducci\u00f3n",
    "HeaderEasyPinCode": "F\u00e1cil c\u00f3digo PIN:",
    "HeaderGrownupsOnly": "Adultos solamente!",
    "DividerOr": "-- y --",
    "HeaderInstalledServices": "Servicios Instalados",
    "HeaderAvailableServices": "Servicios Disponibles",
    "MessageNoServicesInstalled": "No hay servicios instalados.",
    "HeaderToAccessPleaseEnterEasyPinCode": "Para acceder, por favor introduzca su f\u00e1cil c\u00f3digo PIN.",
    "KidsModeAdultInstruction": "Haga clic en el icono en la parte de abajo derecha para configurar o salir del modo de menores. Su codigo PIN es requerido.",
    "ButtonConfigurePinCode": "Configurar contrase\u00f1a",
    "HeaderAdultsReadHere": "Adultos Leer Aqui!",
    "RegisterWithPayPal": "Registrese con PayPal",
    "HeaderSyncRequiresSupporterMembership": "Sync requiere membres\u00eda de partidario",
    "HeaderEnjoyDayTrial": "Disfrute 14 Dias Gratis de Prueba",
    "LabelSyncTempPath": "Localizaci\u00f3n del archivo temporal:",
    "LabelSyncTempPathHelp": "Especificar una carpeta personalizada para achivos en sincronizaci\u00f3n. Medios convertidos creados durante el proceso de sincronizaci\u00f3n ser\u00e1n guardados aqu\u00ed.",
    "LabelCustomCertificatePath": "Lugar del certificado personalizado:",
    "LabelCustomCertificatePathHelp": "Aplique su propio certificado ssl or archivo .pfx. Si lo omite el servidor crear\u00e1 un certificado auto-registrador.",
    "TitleNotifications": "Notificaciones",
    "ButtonDonateWithPayPal": "Done utilizando Paypal",
    "OptionDetectArchiveFilesAsMedia": "Detectar archivos come medios",
    "OptionDetectArchiveFilesAsMediaHelp": "Si es habilitado, archivos con extensiones .rar y .zip ser\u00e1n detectados como medios.",
    "LabelEnterConnectUserName": "Nombre de usuario o email:",
    "LabelEnterConnectUserNameHelp": "This is your Emby online account username or email.",
    "LabelEnableEnhancedMovies": "Habilite presentaciones de peliculas mejoradas",
    "LabelEnableEnhancedMoviesHelp": "Cuando est\u00e9 habilitado, las peliculas seran mostradas como folderes para incluir trailers, extras, elenco y equipo, y otros contenidos relacionados.",
    "HeaderSyncJobInfo": "Trabajo de Sync",
    "OptionReleaseDate": "Fecha de Lanzamiento",
    "ButtonPlayTrailer": "Trailer",
    "LabelFailed": "Error",
    "LabelSeries": "Series:",
    "ButtonFullscreen": "Toggle fullscreen",
    "ButtonAudioTracks": "Pistas de Audio",
    "ButtonPreviousTrack": "Pista anterior",
    "ButtonNextTrack": "Pista siguiente",
    "HeaderEpisodes": "Episodes:",
    "FolderTypeMovies": "Peliculas",
    "FolderTypeMusic": "Musica",
    "FolderTypeAdultVideos": "Videos para adultos",
    "FolderTypePhotos": "Fotos",
    "FolderTypeMusicVideos": "Videos Musicales",
    "FolderTypeHomeVideos": "Videos caseros",
    "FolderTypeGames": "Juegos",
    "FolderTypeBooks": "Libros",
    "FolderTypeTvShows": "TV",
    "FolderTypeInherit": "Heredado ",
    "LabelContentType": "Tipo de contenido:",
    "TitleScheduledTasks": "Programar una tarea",
    "HeaderSetupLibrary": "Configurar biblioteca de medios",
    "ButtonAddMediaFolder": "Agregar una carpeta de medios",
    "LabelFolderType": "Tipo de carpeta:",
    "ReferToMediaLibraryWiki": "Consultar el wiki de la biblioteca de medios",
    "LabelCountry": "Pa\u00eds:",
    "LabelLanguage": "Idioma:",
    "LabelTimeLimitHours": "Limite de tiempo (horas):",
    "ButtonJoinTheDevelopmentTeam": "Unace al equipo de desarrolladores",
    "HeaderPreferredMetadataLanguage": "Idioma preferido para metadata",
    "LabelSaveLocalMetadata": "Guardar im\u00e1genes y metadata en las carpetas de medios",
    "LabelSaveLocalMetadataHelp": "Guardar im\u00e1genes y metadata directamente en las carpetas de medios, permitir\u00e1 colocarlas en un lugar donde se pueden editar f\u00e1cilmente.",
    "LabelDownloadInternetMetadata": "Descargar imagenes y metadata de internet",
    "LabelDownloadInternetMetadataHelp": "El Servidor Emby puede bajar informaci\u00f3n acerca de sus medios para habilitar los contenidos de alta calidad.",
    "TabPreferences": "Preferencias",
    "TabPassword": "Contrase\u00f1a",
    "TabLibraryAccess": "Acceso a biblioteca",
    "TabAccess": "Acceso",
    "TabImage": "imagen",
    "TabProfile": "Perfil",
    "TabMetadata": "Metadatos",
    "TabImages": "Im\u00e1genes",
    "TabNotifications": "Notificaciones",
    "TabCollectionTitles": "T\u00edtulos",
    "HeaderDeviceAccess": "Acceso de Equipo",
    "OptionEnableAccessFromAllDevices": "Habilitar acceso de cualquier equipo",
    "OptionEnableAccessToAllChannels": "Habilitar acceso a todos los canales",
    "OptionEnableAccessToAllLibraries": "Habilitar acceso a todas las bibliotecas",
    "DeviceAccessHelp": "Esto solo aplica a equipos que puedan ser singularmente identificados y no prevendr\u00e1 acceso al navegador. Filtrar el acceso de equipos del usuario les prevendr\u00e1 que usen nuevos equipos hasta que sean aprobados aqui.",
    "LabelDisplayMissingEpisodesWithinSeasons": "Mostar episodios no disponibles en temporadas",
    "LabelUnairedMissingEpisodesWithinSeasons": "Mostrar episodios a\u00fan no emitidos en temporadas",
    "HeaderVideoPlaybackSettings": "Ajustes de Reproducci\u00f3n de Video",
    "HeaderPlaybackSettings": "Ajustes de reproducci\u00f3n",
    "LabelAudioLanguagePreference": "Preferencia de idioma de audio",
    "LabelSubtitleLanguagePreference": "Preferencia de idioma de subtitulos",
    "OptionDefaultSubtitles": "Por defecto",
    "OptionOnlyForcedSubtitles": "S\u00f3lo subt\u00edtulos forzados",
    "OptionAlwaysPlaySubtitles": "Mostrar siempre subt\u00edtulos",
    "OptionNoSubtitles": "Sin subt\u00edtulos",
    "OptionDefaultSubtitlesHelp": "Los subt\u00edtulos que concuerden con la preferencia de idioma se cargar\u00e1n cuando el audio est\u00e9 en un idioma extranjero.",
    "OptionOnlyForcedSubtitlesHelp": "S\u00f3lo se cargar\u00e1n los subt\u00edtulos marcados como forzados.",
    "OptionAlwaysPlaySubtitlesHelp": "Los subt\u00edtulos que concuerden con la preferencia de idioma se cargar\u00e1n independientemente del idioma de audio.",
    "OptionNoSubtitlesHelp": "Los subt\u00edtulos no se cargar\u00e1n de forma predeterminada.",
    "TabProfiles": "Perfiles",
    "TabSecurity": "Seguridad",
    "ButtonAddUser": "Agregar Usuario",
    "ButtonAddLocalUser": "Agregar usuario local",
    "ButtonInviteUser": "Invitar usuario",
    "ButtonSave": "Grabar",
    "ButtonResetPassword": "Reiniciar Contrase\u00f1a",
    "LabelNewPassword": "Nueva Contrase\u00f1a:",
    "LabelNewPasswordConfirm": "Confirmaci\u00f3n de contrase\u00f1a nueva:",
    "HeaderCreatePassword": "Crear Contrase\u00f1a",
    "LabelCurrentPassword": "Contrase\u00f1a actual",
    "LabelMaxParentalRating": "M\u00e1xima clasificaci\u00f3n permitida",
    "MaxParentalRatingHelp": "El contenido con clasificaci\u00f3n parental superior se ocultar\u00e1 para este usuario.",
    "LibraryAccessHelp": "Seleccione las carpetas de medios para compartir con este usuario. Los administradores podr\u00e1n editar todas las carpetas usando el gestor de metadata.",
    "ChannelAccessHelp": "Seleccione los canales para compartir con este usuario. Los administradores podr\u00e1n editar todos los canales mediante el gestor de metadatos.",
    "ButtonDeleteImage": "Borrar imagen",
    "LabelSelectUsers": "Seleccionar usuarios:",
    "ButtonUpload": "Subir",
    "HeaderUploadNewImage": "Subir nueva imagen",
    "LabelDropImageHere": "Poner imagen aqui",
    "ImageUploadAspectRatioHelp": "Se Recomienda una Proporci\u00f3n de Aspecto 1:1. Solo JPG\/PNG",
    "MessageNothingHere": "Nada aqu\u00ed.",
    "MessagePleaseEnsureInternetMetadata": "Por favor aseg\u00farese que la descarga de metadata de internet esta habilitada",
    "TabSuggested": "Sugerencia",
    "TabSuggestions": "Sugerencias",
    "TabLatest": "Novedades",
    "TabUpcoming": "Pr\u00f3ximos",
    "TabShows": "Programas",
    "TabEpisodes": "Episodios",
    "TabGenres": "G\u00e9neros",
    "TabPeople": "Gente",
    "TabNetworks": "redes",
    "HeaderUsers": "Usuarios",
    "HeaderFilters": "Filtros:",
    "ButtonFilter": "Filtro",
    "OptionFavorite": "Favoritos",
    "OptionLikes": "Me gusta",
    "OptionDislikes": "No me gusta",
    "OptionActors": "Actores",
    "OptionGuestStars": "Estrellas invitadas",
    "OptionDirectors": "Directores",
    "OptionWriters": "Guionistas",
    "OptionProducers": "Productores",
    "HeaderResume": "Continuar",
    "HeaderNextUp": "Siguiendo",
    "NoNextUpItemsMessage": "Nada encontrado. \u00a1Comienza a ver tus programas!",
    "HeaderLatestEpisodes": "Ultimos episodios",
    "HeaderPersonTypes": "Tipos de personas:",
    "TabSongs": "Canciones",
    "TabAlbums": "\u00c1lbumes",
    "TabArtists": "Artistas",
    "TabAlbumArtists": "Album Artistas",
    "TabMusicVideos": "Videos Musicales",
    "ButtonSort": "Ordenar",
    "HeaderSortBy": "Ordenar por:",
    "HeaderSortOrder": "Ordenado por:",
    "OptionPlayed": "Reproducido",
    "OptionUnplayed": "No reproducido",
    "OptionAscending": "Ascendente",
    "OptionDescending": "Descendente",
    "OptionRuntime": "Tiempo",
    "OptionPlayCount": "N\u00famero de reproducc.",
    "OptionDatePlayed": "Fecha de reproducci\u00f3n",
    "OptionDateAdded": "A\u00f1adido el",
    "OptionAlbumArtist": "Album Artista",
    "OptionArtist": "Artista",
    "OptionAlbum": "\u00c1lbum",
    "OptionTrackName": "Nombre de pista",
    "OptionCommunityRating": "Valoraci\u00f3n comunidad",
    "OptionNameSort": "Nombre",
    "OptionFolderSort": "Carpetas",
    "OptionBudget": "Presupuesto",
    "OptionRevenue": "Recaudaci\u00f3n",
    "OptionPoster": "Poster",
    "OptionPosterCard": "Cartelera",
    "OptionBackdrop": "Imagen de fondo",
    "OptionTimeline": "L\u00ednea de tiempo",
    "OptionThumb": "Miniatura",
    "OptionThumbCard": "Cartel postal",
    "OptionBanner": "Banner",
    "OptionCriticRating": "Valoraci\u00f3n cr\u00edtica",
    "OptionVideoBitrate": "Video Bitrate",
    "OptionResumable": "Se puede continuar",
    "ScheduledTasksHelp": "Click en una tarea para ajustar su programaci\u00f3n",
    "ScheduledTasksTitle": "Programar tarea",
    "TabMyPlugins": "Mis Plugins",
    "TabCatalog": "Cat\u00e1logo",
    "TitlePlugins": "Complementos",
    "HeaderAutomaticUpdates": "Actualizaciones autom\u00e1ticas",
    "HeaderNowPlaying": "Reproduciendo ahora",
    "HeaderLatestAlbums": "\u00dcltimos Albums",
    "HeaderLatestSongs": "\u00daltimas canciones",
    "HeaderRecentlyPlayed": "Reproducido recientemente",
    "HeaderFrequentlyPlayed": "Reproducido frequentemente",
    "DevBuildWarning": "Las actualizaciones en desarrollo no est\u00e1n convenientemente probadas. La aplicaci\u00f3n se puede bloquear y caracter\u00edsticas completas pueden no funcionar del todo.",
    "LabelVideoType": "Tipo de video",
    "OptionBluray": "Bluray",
    "OptionDvd": "Dvd",
    "OptionIso": "Iso",
    "Option3D": "3D",
    "LabelFeatures": "Caracter\u00edsticas",
    "LabelService": "Servicio:",
    "LabelStatus": "Estado:",
    "LabelVersion": "Versi\u00f3n:",
    "LabelLastResult": "\u00daltimo resultado:",
    "OptionHasSubtitles": "Subt\u00edtulos",
    "OptionHasTrailer": "Trailer",
    "OptionHasThemeSong": "Banda sonora",
    "OptionHasThemeVideo": "Viideotema",
    "TabMovies": "Pel\u00edculas",
    "TabStudios": "Estudios",
    "TabTrailers": "Trailers",
    "LabelArtists": "Artistas:",
    "LabelArtistsHelp": "Separar multiples usando ;",
    "HeaderLatestMovies": "\u00daltimas pel\u00edculas",
    "HeaderLatestTrailers": "\u00daltimos trailers",
    "OptionHasSpecialFeatures": "Caracter\u00edsticas especiales",
    "OptionImdbRating": "Valoraci\u00f3n IMDb",
    "OptionParentalRating": "Clasificaci\u00f3n parental",
    "OptionPremiereDate": "Fecha de estreno",
    "TabBasic": "B\u00e1sico",
    "TabAdvanced": "Avanzado",
    "HeaderStatus": "Estado",
    "OptionContinuing": "Continuando",
    "OptionEnded": "Finalizado",
    "HeaderAirDays": "Dias al aire",
    "OptionSunday": "Domingo",
    "OptionMonday": "Lunes",
    "OptionTuesday": "Martes",
    "OptionWednesday": "Mi\u00e9rcoles",
    "OptionThursday": "Jueves",
    "OptionFriday": "Viernes",
    "OptionSaturday": "S\u00e1bado",
    "HeaderManagement": "administraci\u00f3n",
    "LabelManagement": "administraci\u00f3n:",
    "OptionMissingImdbId": "Falta IMDb Id",
    "OptionMissingTvdbId": "Falta TheTVDB Id",
    "OptionMissingOverview": "Falta argumento",
    "OptionFileMetadataYearMismatch": "Archivo\/Metadata a\u00f1os no coinciden",
    "TabGeneral": "General",
    "TitleSupport": "Soporte",
    "LabelSeasonNumber": "Season number",
    "TabLog": "Log",
    "LabelEpisodeNumber": "Episode number",
    "TabAbout": "Acerca de",
    "TabSupporterKey": "Clave de Seguidor",
    "TabBecomeSupporter": "Hazte Seguidor",
    "ProjectHasCommunity": "Emby tiene una pr\u00f3spera comunidad de usuarios y contribuidores.",
    "CheckoutKnowledgeBase": "Vea nuestra base de conocimientos que le ayudar\u00e1 a obtener lo mejor de Emby.",
    "SearchKnowledgeBase": "Buscar en la base de conocimiento",
    "VisitTheCommunity": "Visitar la comunidad",
    "VisitProjectWebsite": "Visite la pagina de Emby",
    "VisitProjectWebsiteLong": "Visite la p\u00e1gina Emby para obtener lo m\u00e1s reciente y mantenerse al d\u00eda con el blog de desarrolladores.",
    "OptionHideUser": "Ocultar este usuario en las pantallas de inicio de sesi\u00f3n",
    "OptionHideUserFromLoginHelp": "\u00datil para privado o cuentas de administradores escondidos. El usuario tendr\u00e1 que acceder entrando su nombre de usuario y contrase\u00f1a manualmente.",
    "OptionDisableUser": "Deshabilitar este usuario",
    "OptionDisableUserHelp": "Si est\u00e1 deshabilitado, el servidor no aceptar\u00e1 conexiones de este usuario. Si existen conexiones de este usuario, finalizar\u00e1n inmediatamente.",
    "HeaderAdvancedControl": "Control avanzado",
    "LabelName": "Nombre:",
    "ButtonHelp": "Ayuda",
    "OptionAllowUserToManageServer": "Permite a este usuario administrar el servidor",
    "HeaderFeatureAccess": "Permisos de acceso",
    "OptionAllowMediaPlayback": "Permitir la reproducci\u00f3n de medios",
    "OptionAllowBrowsingLiveTv": "Permitir acceso a la TV en vivo",
    "OptionAllowDeleteLibraryContent": "Permitir la supresi\u00f3n de medios",
    "OptionAllowManageLiveTv": "Habilitar la administraci\u00f3n de grabaci\u00f3n de TV en vivo",
    "OptionAllowRemoteControlOthers": "Habilitar el control remote de otros usuarios",
    "OptionAllowRemoteSharedDevices": "Habilitar el control remote de otros equipos compartidos",
    "OptionAllowRemoteSharedDevicesHelp": "Los equipos DLNA son considerados compartidos hasta que un usuario empiece a controlarlo.",
    "OptionAllowLinkSharing": "Permitir compartir los medios en redes sociales",
    "OptionAllowLinkSharingHelp": "Solo paginas de web que contengan informaci\u00f3n de los medios ser\u00e1n compartidos. Los medios nunca son compartidos p\u00fablicamente. Medios compartidos tienen un l\u00edmite de tiempo y expirar\u00e1 basado en su configuraci\u00f3n de compartir en el servidor.",
    "HeaderSharing": "Compartir",
    "HeaderRemoteControl": "Control Remoto",
    "OptionMissingTmdbId": "Falta Tmdb Id",
    "OptionIsHD": "HD",
    "OptionIsSD": "SD",
    "OptionMetascore": "Metavalor",
    "ButtonSelect": "Seleccionar",
    "ButtonGroupVersions": "Versiones de Grupo",
    "PismoMessage": "Usando Pismo File Mount a trav\u00e9s de una licencia donada.",
    "TangibleSoftwareMessage": "Utilizamos convertidores Java\/C# de Tangible Solutions a trav\u00e9s de una licencia donada.",
    "HeaderCredits": "Cr\u00e9ditos",
    "PleaseSupportOtherProduces": "Por favor apoye otros productos gratuitos que utilizamos:",
    "VersionNumber": "Versi\u00f3n {0}",
    "TabPaths": "Ruta",
    "TabServer": "Servidor",
    "TabTranscoding": "Transcodificaci\u00f3n",
    "TitleAdvanced": "Avanzado",
    "LabelAutomaticUpdateLevel": "Actualizaci\u00f3n de nivel autom\u00e1tica",
    "OptionRelease": "Release Oficial",
    "OptionBeta": "Beta",
    "OptionDev": "Desarrollo (inestable)",
    "LabelAllowServerAutoRestart": "Permitir al servidor reiniciarse autom\u00e1ticamente para aplicar las actualizaciones",
    "LabelAllowServerAutoRestartHelp": "El servidor s\u00f3lo se reiniciar\u00e1 durante periodos de reposo, cuando no hayan usuarios activos.",
    "LabelEnableDebugLogging": "Habilitar entrada de debug",
    "LabelRunServerAtStartup": "Arrancar servidor al iniciar",
    "LabelRunServerAtStartupHelp": "Esto iniciar\u00e1 como aplicaci\u00f3n en el inicio. Para iniciar en modo servicio de windows, desmarque esto e inicie el servicio desde el panel de control de windows. Tenga en cuenta que no es posible inciar de las dos formas a la vez, usted debe salir de la aplicaci\u00f3n para iniciar el servicio.",
    "ButtonSelectDirectory": "Seleccionar directorio",
    "LabelCustomPaths": "Especificar las rutas personalizadas que desee. D\u00e9jelo en blanco para usar las rutas por defecto.",
    "LabelCachePath": "Ruta del cach\u00e9:",
    "LabelCachePathHelp": "Specify a custom location for server cache files, such as images. Leave blank to use the server default.",
    "LabelRecordingPath": "Recording path:",
    "LabelRecordingPathHelp": "Specify a custom location to save recordings. Leave blank to use the server default.",
    "LabelImagesByNamePath": "Ruta de im\u00e1genes:",
    "LabelImagesByNamePathHelp": "Especifique una localizaci\u00f3n personalizada para bajar imagenes de actor, genero y estudio.",
    "LabelMetadataPath": "Ruta de Metadata:",
    "LabelMetadataPathHelp": "Especifique una localizaci\u00f3n personalizada para bajar imagenes y metadatos, si no son guardadas dentro de las carpetas de los medios.",
    "LabelTranscodingTempPath": "Ruta temporal de transcodificaci\u00f3n:",
    "LabelTranscodingTempPathHelp": "Esta carpeta contiene achivos en uso por el transcodificador. Especificar una ruta personalizada, o dejarla vac\u00eda para usar la ruta predeterminada en la carpeta de datos del servidor.",
    "TabBasics": "Basicos",
    "TabTV": "TV",
    "TabGames": "Juegos",
    "TabMusic": "M\u00fasica",
    "TabOthers": "Otros",
    "HeaderExtractChapterImagesFor": "Extraer im\u00e1genes de cap\u00edtulos para:",
    "OptionMovies": "Pel\u00edculas",
    "OptionEpisodes": "Episodios",
    "OptionOtherVideos": "Otros v\u00eddeos",
    "TitleMetadata": "Metadatos",
    "LabelAutomaticUpdates": "Habilite actualizaciones automaticas",
    "LabelAutomaticUpdatesTmdb": "Activar actualizaciones autom\u00e1ticas desde TheMovieDB.org",
    "LabelAutomaticUpdatesTvdb": "Activar actualizaciones autom\u00e1ticas desde TheTVDB.com",
    "LabelAutomaticUpdatesFanartHelp": "If enabled, new images will be downloaded automatically as they're added to fanart.tv. Existing images will not be replaced. This will cause library scans to take longer and will result in more disk activity.",
    "LabelAutomaticUpdatesTmdbHelp": "If enabled, new images will be downloaded automatically as they're added to TheMovieDB.org. Existing images will not be replaced. This will cause library scans to take longer and will result in more disk activity.",
    "LabelAutomaticUpdatesTvdbHelp": "If enabled, new images will be downloaded automatically as they're added to TheTVDB.com. Existing images will not be replaced. This will cause library scans to take longer and will result in more disk activity.",
    "LabelFanartApiKey": "Clave personal de API:",
    "LabelFanartApiKeyHelp": "Requests to fanart without a personal API key return results that were approved over 7 days ago. With a personal API key that drops to 48 hours and if you are also a fanart VIP member that will further drop to around 10 minutes.",
    "ExtractChapterImagesHelp": "Extracting chapter images will allow clients to display graphical scene selection menus. The process can be slow, cpu-intensive and may require several gigabytes of space. It runs when videos are discovered, and also as a nightly scheduled task. The schedule is configurable in the scheduled tasks area. It is not recommended to run this task during peak usage hours.",
    "LabelMetadataDownloadLanguage": "Idioma preferido visualizado",
    "ButtonAutoScroll": "Auto-desplazamiento",
    "LabelImageSavingConvention": "Sistema de guardado de im\u00e1genes:",
    "LabelImageSavingConventionHelp": "Emby reconoce im\u00e1genes de la mayor\u00eda de las principales aplicaciones de medios. Seleccionar su convenci\u00f3n de descarga es \u00fatil si tambi\u00e9n usa otros productos.",
    "OptionImageSavingCompatible": "Compatible - Emby\/Kodi\/Plex",
    "OptionImageSavingStandard": "Est\u00e1ndar - MB2",
    "ButtonSignIn": "Registrarse",
    "TitleSignIn": "Registrarse",
    "HeaderPleaseSignIn": "Por favor reg\u00edstrese",
    "LabelUser": "Usuario:",
    "LabelPassword": "Contrase\u00f1a:",
    "ButtonManualLogin": "Acceder manualmente",
    "PasswordLocalhostMessage": "No se necesitan contrase\u00f1as al iniciar sesi\u00f3n desde localhost.",
    "TabGuide": "Gu\u00eda",
    "TabChannels": "Canales",
    "TabCollections": "Colecciones",
    "HeaderChannels": "Canales",
    "TabRecordings": "Grabaciones",
    "TabScheduled": "Programado",
    "TabSeries": "Series",
    "TabFavorites": "Favoritos",
    "TabMyLibrary": "Mi biblioteca",
    "ButtonCancelRecording": "Cancelar grabaci\u00f3n",
    "HeaderPrePostPadding": "Pre\/post grabaci\u00f3n extra",
    "LabelPrePaddingMinutes": "Minutos previos extras:",
    "OptionPrePaddingRequired": "Minutos previos extras requeridos para grabar.",
    "LabelPostPaddingMinutes": "Minutos extras post grabaci\u00f3n:",
    "OptionPostPaddingRequired": "Minutos post grabaci\u00f3n extras requeridos para grabar.",
    "HeaderWhatsOnTV": "Que hacen ahora",
    "HeaderUpcomingTV": "Pr\u00f3ximos programas",
    "TabStatus": "Estado",
    "TabSettings": "Opciones",
    "ButtonRefreshGuideData": "Actualizar datos de la gu\u00eda",
    "ButtonRefresh": "Refrescar",
    "ButtonAdvancedRefresh": "Actualizar Manualmente",
    "OptionPriority": "Prioridad",
    "OptionRecordOnAllChannels": "Grabar en cualquier canal",
    "OptionRecordAnytime": "Grabar a cualquier hora",
    "OptionRecordOnlyNewEpisodes": "Grabar s\u00f3lo nuevos episodios",
    "HeaderRepeatingOptions": "Opciones Repetitivas",
    "HeaderDays": "D\u00edas",
    "HeaderActiveRecordings": "Grabaciones activas",
    "HeaderLatestRecordings": "\u00daltimas grabaciones",
    "HeaderAllRecordings": "Todas la grabaciones",
    "ButtonPlay": "Reproducir",
    "ButtonEdit": "Editar",
    "ButtonRecord": "Grabar",
    "ButtonDelete": "Borrar",
    "ButtonRemove": "Quitar",
    "OptionRecordSeries": "Grabar serie",
    "HeaderDetails": "Detalles",
    "TitleLiveTV": "Tv en vivo",
    "LabelNumberOfGuideDays": "N\u00famero de d\u00edas de descarga de la gu\u00eda.",
    "LabelNumberOfGuideDaysHelp": "Descargar m\u00e1s d\u00edas de la gu\u00eda ofrece la posibilidad de programar grabaciones con mayor antelaci\u00f3n y ver m\u00e1s listas, pero tambi\u00e9n tarda m\u00e1s en descargarse. Auto elegir\u00e1 en funci\u00f3n del n\u00famero de canales.",
    "OptionAutomatic": "Auto",
    "HeaderServices": "Servicios",
    "LiveTvPluginRequired": "El servicio de TV en vivo es necesario para poder continuar.",
    "LiveTvPluginRequiredHelp": "Instale uno de los plugins disponibles, como Next Pvr o ServerVmc.",
    "LabelCustomizeOptionsPerMediaType": "Personalizar por tipo de medio:",
    "OptionDownloadThumbImage": "Miniatura",
    "OptionDownloadMenuImage": "Men\u00fa",
    "OptionDownloadLogoImage": "Logo",
    "OptionDownloadBoxImage": "Caja",
    "OptionDownloadDiscImage": "Disco",
    "OptionDownloadBannerImage": "Pancarta",
    "OptionDownloadBackImage": "Atr\u00e1s",
    "OptionDownloadArtImage": "Arte",
    "OptionDownloadPrimaryImage": "Principal",
    "HeaderFetchImages": "Buscar im\u00e1genes",
    "HeaderImageSettings": "Opciones de im\u00e1gen",
    "TabOther": "Otros",
    "LabelMaxBackdropsPerItem": "M\u00e1ximo n\u00famero de im\u00e1genes de fondo por \u00edtem:",
    "LabelMaxScreenshotsPerItem": "M\u00e1ximo n\u00famero de capturas de pantalla por \u00edtem:",
    "LabelMinBackdropDownloadWidth": "Anchura m\u00ednima de descarga de im\u00e1genes de fondo:",
    "LabelMinScreenshotDownloadWidth": "Anchura m\u00ednima de descarga de capturas de pantalla:",
    "ButtonAddScheduledTaskTrigger": "Agregar Activador",
    "HeaderAddScheduledTaskTrigger": "Agregar Activador",
    "ButtonAdd": "A\u00f1adir",
    "LabelTriggerType": "Tipo de evento:",
    "OptionDaily": "Diario",
    "OptionWeekly": "Semanal",
    "OptionOnInterval": "En un intervalo",
    "OptionOnAppStartup": "Al iniciar la aplicaci\u00f3n",
    "OptionAfterSystemEvent": "Despu\u00e9s de un evento de sistema",
    "LabelDay": "D\u00eda:",
    "LabelTime": "Hora:",
    "LabelEvent": "Evento:",
    "OptionWakeFromSleep": "Despertar",
    "LabelEveryXMinutes": "Cada:",
    "HeaderTvTuners": "Sintonizadores",
    "HeaderGallery": "Galer\u00eda",
    "HeaderLatestGames": "\u00daltimos Juegos",
    "HeaderRecentlyPlayedGames": "Juegos utilizados recientemente",
    "TabGameSystems": "Sistema de Juego",
    "TitleMediaLibrary": "Librer\u00eda de medios",
    "TabFolders": "Carpetas",
    "TabPathSubstitution": "Ruta alternativa",
    "LabelSeasonZeroDisplayName": "Nombre de la Temporada 0:",
    "LabelEnableRealtimeMonitor": "Activar monitoreo en tiempo real",
    "LabelEnableRealtimeMonitorHelp": "Los cambios se procesar\u00e1n inmediatamente, en sistemas de archivo que lo soporten.",
    "ButtonScanLibrary": "Escanear Librer\u00eda",
    "HeaderNumberOfPlayers": "Jugadores:",
    "OptionAnyNumberOfPlayers": "Cualquiera",
    "Option1Player": "1+",
    "Option2Player": "2+",
    "Option3Player": "3+",
    "Option4Player": "4+",
    "HeaderMediaFolders": "Carpetas de medios",
    "HeaderThemeVideos": "V\u00eddeos de tema",
    "HeaderThemeSongs": "Canciones de tema",
    "HeaderScenes": "Escenas",
    "HeaderAwardsAndReviews": "Premios y reconocimientos",
    "HeaderSoundtracks": "Pistas de audio",
    "HeaderMusicVideos": "V\u00eddeos musicales",
    "HeaderSpecialFeatures": "Caracter\u00edsticas especiales",
    "HeaderCastCrew": "Reparto y equipo t\u00e9cnico",
    "HeaderAdditionalParts": "Partes adicionales",
    "ButtonSplitVersionsApart": "Dividir versiones aparte",
    "LabelMissing": "Falta",
    "LabelOffline": "Apagado",
    "PathSubstitutionHelp": "Las rutas alternativas se utilizan para mapear una ruta en el servidor a la que los clientes puedan acceder. El permitir  que los clientes se conecten directamente a trav\u00e9s de la red y puedan reproducir los medios directamente, evita utilizar recursos del servidor para la transcodificaci\u00f3n y el stream,",
    "HeaderFrom": "Desde",
    "HeaderTo": "Hasta",
    "LabelFrom": "Desde:",
    "LabelFromHelp": "Ejemplo: D:\\Pel\u00edculas (en el servidor)",
    "LabelTo": "Hasta:",
    "LabelToHelp": "Ejemplo: \\\\MiServidor\\Pel\u00edculas (ruta a la que puedan acceder los clientes)",
    "ButtonAddPathSubstitution": "A\u00f1adir ruta alternativa",
    "OptionSpecialEpisode": "Especiales",
    "OptionMissingEpisode": "Episodios que faltan",
    "OptionUnairedEpisode": "Episodios no emitidos",
    "OptionEpisodeSortName": "Nombre corto del episodio",
    "OptionSeriesSortName": "Nombre de la serie",
    "OptionTvdbRating": "Valoraci\u00f3n tvdb",
    "HeaderTranscodingQualityPreference": "Preferencia de calidad de transcodificaci\u00f3n:",
    "OptionAutomaticTranscodingHelp": "El servidor decidir\u00e1 la calidad y la velocidad",
    "OptionHighSpeedTranscodingHelp": "Calidad menor, pero codificaci\u00f3n r\u00e1pida",
    "OptionHighQualityTranscodingHelp": "C\u00e1lidad mayor, pero codificaci\u00f3n lenta",
    "OptionMaxQualityTranscodingHelp": "La mayor calidad posible con codificaci\u00f3n lenta y alto uso de CPU",
    "OptionHighSpeedTranscoding": "Mayor velocidad",
    "OptionHighQualityTranscoding": "Mayor calidad",
    "OptionMaxQualityTranscoding": "M\u00e1xima calidad",
    "OptionEnableDebugTranscodingLogging": "Activar el registro de depuraci\u00f3n del transcodificador",
    "OptionEnableDebugTranscodingLoggingHelp": "Esto crear\u00e1 archivos de registro muy grandes y s\u00f3lo se recomienda cuando sea necesario para solucionar problemas.",
    "EditCollectionItemsHelp": "Agregar o quitar pel\u00edculas, series, discos, libros o juegos que desee agrupar dentro de esta colecci\u00f3n.",
    "HeaderAddTitles": "A\u00f1adir T\u00edtulos",
    "LabelEnableDlnaPlayTo": "Actvar la reproducci\u00f3n en DLNAi",
    "LabelEnableDlnaPlayToHelp": "Emby puede detectar equipos dentro de su red y puede ofrecer la habilidad de controlarlos remotamente.",
    "LabelEnableDlnaDebugLogging": "Activar el registro de depuraci\u00f3n de DLNA",
    "LabelEnableDlnaDebugLoggingHelp": "Esto crear\u00e1 archivos de registro de gran tama\u00f1o y s\u00f3lo debe ser utilizado cuando sea necesario para solucionar problemas.",
    "LabelEnableDlnaClientDiscoveryInterval": "Intervalo de detecci\u00f3n de cliente (segundos)",
    "LabelEnableDlnaClientDiscoveryIntervalHelp": "Determina la duraci\u00f3n in segundos entre la b\u00fasqueda SSDP hechas por Emby.",
    "HeaderCustomDlnaProfiles": "Perfiles personalizados",
    "HeaderSystemDlnaProfiles": "Perfiles del sistema",
    "CustomDlnaProfilesHelp": "Crear un perfil personalizado para un nuevo dispositivo o reemplazar un perfil del sistema.",
    "SystemDlnaProfilesHelp": "El perfil del Sistema es solo lectura. Cambios al perfil del sistema seran guardados en un perfil nuevo modificado.",
    "TitleDashboard": "Panel de control",
    "TabHome": "Inicio",
    "TabInfo": "Info",
    "HeaderLinks": "Enlaces",
    "HeaderSystemPaths": "Rutas del sistema",
    "LinkCommunity": "Comunidad",
    "LinkGithub": "Github",
    "LinkApi": "API",
    "LinkApiDocumentation": "Documentaci\u00f3n API",
    "LabelFriendlyServerName": "Nombre informal del servidor:",
    "LabelFriendlyServerNameHelp": "Este nombre se podr\u00e1 utilizar para identificar este servidor. Si se deja en blanco se usar\u00e1 el nombre del ordenador.",
    "LabelPreferredDisplayLanguage": "Idioma preferido visualizado",
    "LabelPreferredDisplayLanguageHelp": "Translating Emby is an ongoing project.",
    "LabelReadHowYouCanContribute": "Learn how you can contribute.",
    "HeaderNewCollection": "Nueva colecci\u00f3n",
    "ButtonSubmit": "Enviar",
    "ButtonCreate": "Crear",
    "LabelCustomCss": "css modificado:",
    "LabelCustomCssHelp": "Aplique su propio css modificado a la interfaz de la web.",
    "LabelLocalHttpServerPortNumber": "Numero local de puerto de http:",
    "LabelLocalHttpServerPortNumberHelp": "N\u00famero de puerto al que el servidor de http de Emby debe de ser enlazado.",
    "LabelPublicHttpPort": "N\u00famero de puerto p\u00fablico de http:",
    "LabelPublicHttpPortHelp": "El n\u00famero de puerto p\u00fablico que debe ser enlazado al puerto local http:",
    "LabelPublicHttpsPort": "N\u00famero de puerto p\u00fablico de https:",
    "LabelPublicHttpsPortHelp": "El n\u00famero de puerto p\u00fablico que debe ser enlazado al puerto local https:",
    "LabelEnableHttps": "Reportar el https como una direccion externa",
    "LabelEnableHttpsHelp": "Si es habilitado, el servidor reportara un enlaze https a los clientes como una direccion externa.",
    "LabelHttpsPort": "N\u00famero de puerto local de https:",
    "LabelHttpsPortHelp": "N\u00famero de puerto al que el servidor de tcp de Emby debe de ser enlazado.",
    "LabelWebSocketPortNumber": "N\u00famero de puerto WebSocket:",
    "LabelEnableAutomaticPortMap": "Habilitar asignaci\u00f3n de puertos autom\u00e1tico",
    "LabelEnableAutomaticPortMapHelp": "UPnP permite la configuraci\u00f3n del router para acceso externo de forma f\u00e1cil y autom\u00e1tica. Esto puede no funcionar en algunos modelos de routers.",
    "LabelExternalDDNS": "Direccion externa del WAN:",
    "LabelExternalDDNSHelp": "Ponga aqui su DNS dinamico si tiene uno. las aplicaciones de Emby lo usar\u00e1n para conectarse remotamente. Deje en blanco para detecci\u00f3n autom\u00e1tica.",
    "TabResume": "Continuar",
    "TabWeather": "El tiempo",
    "TitleAppSettings": "Opciones de la App",
    "LabelMinResumePercentage": "Porcentaje m\u00ednimo para reanudaci\u00f3n:",
    "LabelMaxResumePercentage": "Porcentaje m\u00e1ximo para reanudaci\u00f3n::",
    "LabelMinResumeDuration": "Duraci\u00f3n m\u00ednima de reanudaci\u00f3n (segundos):",
    "LabelMinResumePercentageHelp": "Los t\u00edtulos se asumir\u00e1n como no reproducidos si se paran antes de este momento",
    "LabelMaxResumePercentageHelp": "Los t\u00edtulos se asumir\u00e1n como reproducidos si se paran despu\u00e9s de este momento",
    "LabelMinResumeDurationHelp": "Los t\u00edtulos m\u00e1s cortos de esto no ser\u00e1n reanudables",
    "TitleAutoOrganize": "Organizaci\u00f3n autom\u00e1tica",
    "TabActivityLog": "Log de actividad",
    "HeaderName": "Nombre",
    "HeaderDate": "Fecha",
    "HeaderSource": "Origen",
    "HeaderDestination": "Destino",
    "HeaderProgram": "Programa",
    "HeaderClients": "Clientes",
    "LabelCompleted": "Completado",
    "LabelSkipped": "Omitido",
    "HeaderEpisodeOrganization": "Organizaci\u00f3n de episodios",
    "LabelEndingEpisodeNumber": "N\u00famero episodio final:",
    "LabelEndingEpisodeNumberHelp": "S\u00f3lo requerido para archivos multi-episodio",
    "HeaderSupportTheTeam": "Apoye al equipo de Emby",
    "LabelSupportAmount": "Importe (USD)",
    "HeaderSupportTheTeamHelp": "Ayude a garantizar el desarrollo continuo de este proyecto mediante una donaci\u00f3n. Una parte de todas las donaciones ir\u00e1n a parar a otras herramientas gratuitas de las  que dependemos.",
    "ButtonEnterSupporterKey": "Entre la Key de Seguidor",
    "DonationNextStep": "Cuando haya terminado, vuelva y entre su key de seguidor que recibir\u00e1 por email.",
    "AutoOrganizeHelp": "Organizaci\u00f3n autom\u00e1tica monitoriza sus carpetas de descarga en busca de nuevos archivos y los mueve a sus directorios de medios.",
    "AutoOrganizeTvHelp": "La organizaci\u00f3n de archivos de TV s\u00f3lo a\u00f1adir\u00e1 episodios a series existentes. No crear\u00e1 carpetas para series nuevas.",
    "OptionEnableEpisodeOrganization": "Activar la organizaci\u00f3n de nuevos episodios",
    "LabelWatchFolder": "Ver carpeta:",
    "LabelWatchFolderHelp": "El servidor sondear\u00e1 esta carpeta durante la tarea programada \"Organizar nuevos archivos de medios\".",
    "ButtonViewScheduledTasks": "Ver tareas programadas",
    "LabelMinFileSizeForOrganize": "Tama\u00f1o m\u00ednimo de archivo (MB):",
    "LabelMinFileSizeForOrganizeHelp": "Los archivos menores de este tama\u00f1po se ignorar\u00e1n.",
    "LabelSeasonFolderPattern": "Patr\u00f3n de la carpeta para temporadas:",
    "LabelSeasonZeroFolderName": "Nombre de la carpeta para la temporada cero:",
    "HeaderEpisodeFilePattern": "Patr\u00f3n para archivos de episodio",
    "LabelEpisodePattern": "Patr\u00f3n de episodio:",
    "LabelMultiEpisodePattern": "Patr\u00f3n para multi-episodio:",
    "HeaderSupportedPatterns": "Patrones soportados",
    "HeaderTerm": "Plazo",
    "HeaderPattern": "Patr\u00f3n",
    "HeaderResult": "Resultado",
    "LabelDeleteEmptyFolders": "Borrar carpetas vacias despu\u00e9s de la organizaci\u00f3n",
    "LabelDeleteEmptyFoldersHelp": "Activar para mantener el directorio de descargas limpio.",
    "LabelDeleteLeftOverFiles": "Eliminar los archivos sobrantes con las siguientes extensiones:",
    "LabelDeleteLeftOverFilesHelp": "Separar con ;. Por ejemplo: .nfo;.txt",
    "OptionOverwriteExistingEpisodes": "Sobreescribir episodios ya existentes",
    "LabelTransferMethod": "M\u00e9todo de transferencia",
    "OptionCopy": "Copiar",
    "OptionMove": "Mover",
    "LabelTransferMethodHelp": "Copiar o mover archivos desde la carpeta de inspecci\u00f3n",
    "HeaderLatestNews": "Ultimas noticias",
    "HeaderHelpImproveProject": "Ayude a mejorar a Emby",
    "HeaderRunningTasks": "Tareas en ejecuci\u00f3n",
    "HeaderActiveDevices": "Dispositivos activos",
    "HeaderPendingInstallations": "Instalaciones pendientes",
    "HeaderServerInformation": "Informaci\u00f3n del servidor",
    "ButtonRestartNow": "Reiniciar ahora",
    "ButtonRestart": "Reiniciar",
    "ButtonShutdown": "Apagar",
    "ButtonUpdateNow": "Actualizar ahora",
    "TabHosting": "Servidor",
    "PleaseUpdateManually": "Por favor cierre el servidor y actualice manualmente.",
    "NewServerVersionAvailable": "Una nueva versi\u00f3n de Emby est\u00e1 disponible!",
    "ServerUpToDate": "El Servidor Emby est\u00e1 actualizado",
    "LabelComponentsUpdated": "Los componentes siguientes se han instalado o actualizado:",
    "MessagePleaseRestartServerToFinishUpdating": "Reinicie el servidor para acabar de aplicar las actualizaciones.",
    "LabelDownMixAudioScale": "Audio boost when downmixing:",
    "LabelDownMixAudioScaleHelp": "Potenciador de audio. Establecer a 1 para preservar el volumen original.",
    "ButtonLinkKeys": "Transferir Clave",
    "LabelOldSupporterKey": "Antigua clave de seguidor",
    "LabelNewSupporterKey": "Nueva clave de seguidor",
    "HeaderMultipleKeyLinking": "Trasferir a una Clave Nueva",
    "MultipleKeyLinkingHelp": "Si usted recivio una nueva clave de partidiario, use este formulario para trasferir la registracion de la clave vieja a la nueva.",
    "LabelCurrentEmailAddress": "Cuenta de correo actual",
    "LabelCurrentEmailAddressHelp": "La direcci\u00f3n de correo electr\u00f3nico actual a la que se envi\u00f3 la nueva clave.",
    "HeaderForgotKey": "Perd\u00ed mi clave",
    "LabelEmailAddress": "Direcci\u00f3n de correo",
    "LabelSupporterEmailAddress": "La direcci\u00f3n de correo que utliz\u00f3 para comprar la clave.",
    "ButtonRetrieveKey": "Recuperar clave",
    "LabelSupporterKey": "Clave de seguidor (pegar desde el correo)",
    "LabelSupporterKeyHelp": "Agregue su clave de partidiario para empezar a disfrutar beneficios adicionales que la comunidad a creado para Emby.",
    "MessageInvalidKey": "Clave de partidiario no se encuentra o es invalido.",
    "ErrorMessageInvalidKey": "Para que cualquier contenido premium sea registrado, usted debe ser un pardidiario de Emby. Porfavor done y ayude a continuar con el desarrollo del producto principal. Gracias.",
    "HeaderDisplaySettings": "Opciones de pantalla",
    "TabPlayTo": "Reproducir en",
    "LabelEnableDlnaServer": "Habilitar servidor Dlna",
    "LabelEnableDlnaServerHelp": "Permite que los aparatos con tecnologia UPnP en su red local pudan acceder los contenidos en Emby.",
    "LabelEnableBlastAliveMessages": "Explotar mensajes en vivo",
    "LabelEnableBlastAliveMessagesHelp": "Active aqu\u00ed si el servidor no es detectado correctamente por otros dispositivos UPnP en su red.",
    "LabelBlastMessageInterval": "Intervalo para mensajes en vivo (segundos)",
    "LabelBlastMessageIntervalHelp": "Determina la duraci\u00f3n en segundos entre los mensajes en vivo del servidor .",
    "LabelDefaultUser": "Usuario por defecto:",
    "LabelDefaultUserHelp": "Determina de q\u00fae usuario se utilizar\u00e1 su biblioteca de medios para mostrarla por defecto en los dipositivos conectados. Esto puede cambiarse para cada dispositivo mediante el uso de perfiles.",
    "TitleDlna": "DLNA",
    "TitleChannels": "Canales",
    "HeaderServerSettings": "Ajustes del Servidor",
    "LabelWeatherDisplayLocation": "Lugar del que mostar el tiempo:",
    "LabelWeatherDisplayLocationHelp": "C\u00f3digo postal USA \/ Ciudad, Estado, Pa\u00eds \/ Ciudad, Pa\u00eds",
    "LabelWeatherDisplayUnit": "Unidad de media para la temperatura:",
    "OptionCelsius": "Celsius",
    "OptionFahrenheit": "Fahrenheit",
    "HeaderRequireManualLogin": "Requerir entrada de usuario manual para:",
    "HeaderRequireManualLoginHelp": "Cuando est\u00e1 desactivado los clientes saldr\u00e1n en la pantalla de inicio para seleccionarlos visualmente.",
    "OptionOtherApps": "Otras aplicaciones",
    "OptionMobileApps": "Aplicaciones m\u00f3viles",
    "HeaderNotificationList": "Haga click en una notificaci\u00f3n para configurar sus opciones de env\u00edo.",
    "NotificationOptionApplicationUpdateAvailable": "Disponible actualizaci\u00f3n de la aplicaci\u00f3n",
    "NotificationOptionApplicationUpdateInstalled": "Se ha instalado la actualizaci\u00f3n de la aplicaci\u00f3n",
    "NotificationOptionPluginUpdateInstalled": "Se ha instalado la actualizaci\u00f3n del plugin",
    "NotificationOptionPluginInstalled": "Plugin instalado",
    "NotificationOptionPluginUninstalled": "Plugin desinstalado",
    "NotificationOptionVideoPlayback": "Reproduccion de video a iniciado",
    "NotificationOptionAudioPlayback": "Reproduccion de audio a iniciado",
    "NotificationOptionGamePlayback": "Reproduccion de video juego a iniciado",
    "NotificationOptionVideoPlaybackStopped": "Reproducci\u00f3n de video detenida",
    "NotificationOptionAudioPlaybackStopped": "Reproducci\u00f3n de audio detenida",
    "NotificationOptionGamePlaybackStopped": "Reproducci\u00f3n de juego detenida",
    "NotificationOptionTaskFailed": "La tarea programada ha fallado",
    "NotificationOptionInstallationFailed": "Fallo en la instalaci\u00f3n",
    "NotificationOptionNewLibraryContent": "Nuevo contenido a\u00f1adido",
    "NotificationOptionNewLibraryContentMultiple": "Nuevo contenido a\u00f1adido (multiple)",
    "NotificationOptionCameraImageUploaded": "Imagen de camara se a carcado",
    "NotificationOptionUserLockedOut": "Usuario bloqueado",
    "HeaderSendNotificationHelp": "Notifications are delivered to your Emby inbox. Additional options can be installed from the Services tab.",
    "NotificationOptionServerRestartRequired": "Se requiere el reinicio del servidor",
    "LabelNotificationEnabled": "Activar esta notificaci\u00f3n",
    "LabelMonitorUsers": "Supervisar la actividad de:",
    "LabelSendNotificationToUsers": "Enviar la notificaci\u00f3n a:",
    "LabelUseNotificationServices": "Usar los siguientes servicios:",
    "CategoryUser": "Usuario",
    "CategorySystem": "Sistema",
    "CategoryApplication": "Aplicaci\u00f3n",
    "CategoryPlugin": "Plugin",
    "LabelMessageTitle": "T\u00edtulo del mensaje:",
    "LabelAvailableTokens": "Tokens disponibles:",
    "AdditionalNotificationServices": "Visite el cat\u00e1logo de plugins para instalar servicios de notificaci\u00f3n adicionales.",
    "OptionAllUsers": "Todos los usuarios",
    "OptionAdminUsers": "Administradores",
    "OptionCustomUsers": "A medida",
    "ButtonArrowUp": "Arriba",
    "ButtonArrowDown": "Abajo",
    "ButtonArrowLeft": "Izquierda",
    "ButtonArrowRight": "Derecha",
    "ButtonBack": "Atr\u00e1s",
    "ButtonInfo": "Info",
    "ButtonOsd": "Visualizaci\u00f3n en pantalla",
    "ButtonPageUp": "P\u00e1gina arriba",
    "ButtonPageDown": "P\u00e1gina abajo",
    "PageAbbreviation": "PG",
    "ButtonHome": "Inicio",
    "ButtonSearch": "Buscar",
    "ButtonSettings": "Opciones",
    "ButtonTakeScreenshot": "Captura de pantalla",
    "ButtonLetterUp": "Letter arriba",
    "ButtonLetterDown": "Letter abajo",
    "PageButtonAbbreviation": "PG",
    "LetterButtonAbbreviation": "A",
    "TabNowPlaying": "Reproduciendo ahora",
    "TabNavigation": "Navegaci\u00f3n",
    "TabControls": "Controles",
    "ButtonScenes": "Escenas",
    "ButtonSubtitles": "Subt\u00edtulos",
    "ButtonStop": "Detener",
    "ButtonPause": "Pausa",
    "ButtonNext": "Siguiente",
    "ButtonPrevious": "Anterior",
    "LabelGroupMoviesIntoCollections": "Agrupar pel\u00edculas en colecciones",
    "LabelGroupMoviesIntoCollectionsHelp": "Cuando se muestran las listas de pel\u00edculas, las pel\u00edculas pertenecientes a una colecci\u00f3n se mostrar\u00e1n como un elemento agrupado.",
    "NotificationOptionPluginError": "Error en plugin",
    "ButtonVolumeUp": "Subir volumen",
    "ButtonVolumeDown": "Bajar volumen",
    "ButtonMute": "Silencio",
    "HeaderLatestMedia": "\u00daltimos medios",
    "OptionSpecialFeatures": "Caracter\u00edsticas especiales",
    "HeaderCollections": "Colecciones",
    "LabelProfileCodecsHelp": "Separados por comas. Esto se puede dejar vac\u00edo para aplicar a todos los codecs.",
    "LabelProfileContainersHelp": "Separados por comas. Esto se puede dejar vac\u00edo para aplicar a todos los contenedores.",
    "HeaderResponseProfile": "Perfil de respuesta",
    "LabelType": "Tipo:",
    "LabelPersonRole": "Role:",
    "LabelPersonRoleHelp": "Role is generally only applicable to actors.",
    "LabelProfileContainer": "Contenedor:",
    "LabelProfileVideoCodecs": "Codecs de video:",
    "LabelProfileAudioCodecs": "Codecs de audio:",
    "LabelProfileCodecs": "C\u00f3decs:",
    "HeaderDirectPlayProfile": "Perfil de reproducci\u00f3n directa",
    "HeaderTranscodingProfile": "Perfil de transcodificaci\u00f3n",
    "HeaderCodecProfile": "Perfil de codec",
    "HeaderCodecProfileHelp": "Perfiles de codec indican las limitaciones de un dispositivo cuando se reproducen codecs espec\u00edficos. Si se aplica una limitaci\u00f3n entonces el medio se transcodificar\u00e1, incluso si el codec est\u00e1 configurado para reproducci\u00f3n directa.",
    "HeaderContainerProfile": "Perfil de contenedor",
    "HeaderContainerProfileHelp": "Perfiles de codec indican las limitaciones de un dispositivo mientras reproduce formatos espec\u00edficos. If se aplica una limitaci\u00f3n entonces el medio se transcodificar\u00e1, incluso si el formato est\u00e1 configurado para reproducci\u00f3n directa.",
    "OptionProfileVideo": "Video",
    "OptionProfileAudio": "Audio",
    "OptionProfileVideoAudio": "Video audio",
    "OptionProfilePhoto": "Foto",
    "LabelUserLibrary": "Librer\u00eda de usuario:",
    "LabelUserLibraryHelp": "Seleccione de qu\u00e9 usuario se utilizar\u00e1 la librer\u00eda en el dispositivo. D\u00e9jelo vac\u00edo para utilizar la configuraci\u00f3n por defecto.",
    "OptionPlainStorageFolders": "Ver todas las carpetas como carpetas de almacenamiento sin formato.",
    "OptionPlainStorageFoldersHelp": "Si est\u00e1 activado, todas las carpetas se representan en DIDL como \"object.container.storageFolder\" en lugar de un tipo m\u00e1s espec\u00edfico, como por ejemplo \"object.container.person.musicArtist\".",
    "OptionPlainVideoItems": "Mostrar todos los videos como elementos de video sin formato",
    "OptionPlainVideoItemsHelp": "Si est\u00e1 habilitado, todos los v\u00eddeos est\u00e1n representados en DIDL como \"object.item.videoItem\" en lugar de un tipo m\u00e1s espec\u00edfico, como por ejemplo \"object.item.videoItem.movie\".",
    "LabelSupportedMediaTypes": "Tipos de medio soportados:",
    "TabIdentification": "Identificaci\u00f3n",
    "HeaderIdentification": "Identificaci\u00f3n",
    "TabDirectPlay": "Reproducci\u00f3n directa",
    "TabContainers": "Contenedores",
    "TabCodecs": "C\u00f3decs",
    "TabResponses": "Respuestas",
    "HeaderProfileInformation": "Informaci\u00f3n del perfil",
    "LabelEmbedAlbumArtDidl": "Incorporar la car\u00e1tula del \u00e1lbum en didl",
    "LabelEmbedAlbumArtDidlHelp": "Algunos dispositivos prefieren este m\u00e9todo para obtener la car\u00e1tula del \u00e1lbum. Otros pueden fallar al reproducir con esta opci\u00f3n habilitada.",
    "LabelAlbumArtPN": "Car\u00e1tula del album PN:",
    "LabelAlbumArtHelp": "PN utilizado para la car\u00e1tula del \u00e1lbum, dentro del atributo dlna:profileID en upnp:albumArtURI. Algunos clientes requieren un valor espec\u00edfico, independientemente del tama\u00f1o de la imagen.",
    "LabelAlbumArtMaxWidth": "Anchura m\u00e1xima de la car\u00e1tula del album:",
    "LabelAlbumArtMaxWidthHelp": "Resoluci\u00f3n m\u00e1xima de la car\u00e1tula del \u00e1lbum expuesta a trav\u00e9s de upnp:albumArtURI.",
    "LabelAlbumArtMaxHeight": "Altura m\u00e1xima de la car\u00e1tula del album:",
    "LabelAlbumArtMaxHeightHelp": "Resoluci\u00f3n m\u00e1xima de la car\u00e1tula del \u00e1lbum expuesta a trav\u00e9s de upnp:albumArtURI.",
    "LabelIconMaxWidth": "Anchura m\u00e1xima de icono:",
    "LabelIconMaxWidthHelp": "Resoluci\u00f3n m\u00e1xima de los iconos expuestos via upnp:icon.",
    "LabelIconMaxHeight": "Altura m\u00e1xima de icono:",
    "LabelIconMaxHeightHelp": "Resoluci\u00f3n m\u00e1xima de los iconos expuestos via upnp:icon.",
    "LabelIdentificationFieldHelp": "Una subcadena insensible a may\u00fasculas o min\u00fasculas o una expresi\u00f3n regex.",
    "HeaderProfileServerSettingsHelp": "These values control how Emby Server will present itself to the device.",
    "LabelMaxBitrate": "Bitrate m\u00e1ximo:",
    "LabelMaxBitrateHelp": "Especificar una tasa de bits m\u00e1xima en entornos de ancho de banda limitado, o si el dispositivo impone su propio l\u00edmite.",
    "LabelMaxStreamingBitrate": "Bitrate m\u00e1ximo:",
    "LabelMaxStreamingBitrateHelp": "Specify a max bitrate when streaming.",
    "LabelMaxChromecastBitrate": "Bitrate de reproducci\u00f3n Chromecast",
    "LabelMaxStaticBitrate": "Max sync bitrate:",
    "LabelMaxStaticBitrateHelp": "Specify a max bitrate when syncing content at high quality.",
    "LabelMusicStaticBitrate": "Music sync bitrate:",
    "LabelMusicStaticBitrateHelp": "Specify a max bitrate when syncing music",
    "LabelMusicStreamingTranscodingBitrate": "Music transcoding bitrate:",
    "LabelMusicStreamingTranscodingBitrateHelp": "Specify a max bitrate when streaming music",
    "OptionIgnoreTranscodeByteRangeRequests": "Ignorar las solicitudes de intervalo de bytes de transcodificaci\u00f3n",
    "OptionIgnoreTranscodeByteRangeRequestsHelp": "Si est\u00e1 activado, estas solicitudes ser\u00e1n atendidas pero ignorar\u00e1n el encabezado de intervalo de bytes.",
    "LabelFriendlyName": "Nombre amigable",
    "LabelManufacturer": "Fabricante",
    "LabelManufacturerUrl": "Url del fabricante",
    "LabelModelName": "Nombre de modelo",
    "LabelModelNumber": "N\u00famero de modelo",
    "LabelModelDescription": "Descripci\u00f3n de modelo",
    "LabelModelUrl": "Url del modelo",
    "LabelSerialNumber": "N\u00famero de serie",
    "LabelDeviceDescription": "Descripci\u00f3n del dispositivo",
    "HeaderIdentificationCriteriaHelp": "Entre al menos un criterio de identificaci\u00f3n.",
    "HeaderDirectPlayProfileHelp": "A\u00f1adir perfiles de reproducci\u00f3n directa para indicar qu\u00e9 formatos puede utilizar el dispositivo de forma nativa.",
    "HeaderTranscodingProfileHelp": "A\u00f1adir perfiles de transcodificaci\u00f3n para indicar qu\u00e9 formatos se deben utilizar cuando se requiera transcodificaci\u00f3n.",
    "HeaderResponseProfileHelp": "Perfiles de respuesta proporcionan una forma de personalizar la informaci\u00f3n que se env\u00eda al dispositivo cuando se reproducen ciertos tipos de medios.",
    "LabelXDlnaCap": "X-Dlna cap:",
    "LabelXDlnaCapHelp": "Determina el contenido del elemento X_DLNACAP en el espacio de nombre urn:schemas-dlna-org:device-1-0.",
    "LabelXDlnaDoc": "X-Dlna doc:",
    "LabelXDlnaDocHelp": "Determina el contenido del elemento X_DLNADOC en el espacio de nombreurn:schemas-dlna-org:device-1-0.",
    "LabelSonyAggregationFlags": "Agregaci\u00f3n de banderas Sony:",
    "LabelSonyAggregationFlagsHelp": "Determina el contenido del elemento aggregationFlags en el espacio de nombre urn:schemas-sonycom:av.",
    "LabelTranscodingContainer": "Contenedor:",
    "LabelTranscodingVideoCodec": "Codec de video:",
    "LabelTranscodingVideoProfile": "Perfil de video:",
    "LabelTranscodingAudioCodec": "Codec de audio:",
    "OptionEnableM2tsMode": "Activar modo M2ts",
    "OptionEnableM2tsModeHelp": "Activar modo m2ts cuando se codifique a mpegts",
    "OptionEstimateContentLength": "Estimar longitud del contenido al transcodificar",
    "OptionReportByteRangeSeekingWhenTranscoding": "Indicar que el servidor soporta la b\u00fasqueda de byte al transcodificar",
    "OptionReportByteRangeSeekingWhenTranscodingHelp": "Esto es necesario para algunos dispositivos que no buscan el tiempo muy bien.",
    "HeaderSubtitleDownloadingHelp": "When Emby scans your video files it can search for missing subtitles, and download them using a subtitle provider such as OpenSubtitles.org.",
    "HeaderDownloadSubtitlesFor": "Descarga subt\u00edtulos para:",
    "MessageNoChapterProviders": "Install a chapter provider plugin such as ChapterDb to enable additional chapter options.",
    "LabelSkipIfGraphicalSubsPresent": "Omitir si el video ya contiene subt\u00edtulos gr\u00e1ficos",
    "LabelSkipIfGraphicalSubsPresentHelp": "Keeping text versions of subtitles will result in more efficient delivery and decrease the likelihood of video transcoding.",
    "TabSubtitles": "Subt\u00edtulos",
    "TabChapters": "Cap\u00edtulos",
    "HeaderDownloadChaptersFor": "Descarga nombres de los cap\u00edtulos de:",
    "LabelOpenSubtitlesUsername": "Usuario de Open Subtitles:",
    "LabelOpenSubtitlesPassword": "Contrase\u00f1a de Open Subtitles:",
    "HeaderChapterDownloadingHelp": "When Emby scans your video files it can download friendly chapter names from the internet using chapter plugins such as ChapterDb.",
    "LabelPlayDefaultAudioTrack": "\nReproducir pista de audio predeterminado, independientemente del idioma",
    "LabelSubtitlePlaybackMode": "Modo de Subt\u00edtulo:",
    "LabelDownloadLanguages": "Idiomas de descarga:",
    "ButtonRegister": "Registrar",
    "LabelSkipIfAudioTrackPresent": "Omitir si la pista de audio por defecto coincide con el idioma de descarga",
    "LabelSkipIfAudioTrackPresentHelp": "Desactive esta opci\u00f3n para asegurar que todos los v\u00eddeos tienen subt\u00edtulos, sin importar el idioma de audio.",
    "HeaderSendMessage": "Enviar mensaje",
    "ButtonSend": "Enviar",
    "LabelMessageText": "Mensaje de texto:",
    "MessageNoAvailablePlugins": "No hay plugins disponibles.",
    "LabelDisplayPluginsFor": "Mostrar plugins para:",
    "PluginTabAppClassic": "Emby Classic",
    "PluginTabAppTheater": "Emby Theater",
    "LabelEpisodeNamePlain": "Episode name",
    "LabelSeriesNamePlain": "Series name",
    "ValueSeriesNamePeriod": "Series.name",
    "ValueSeriesNameUnderscore": "Series_name",
    "ValueEpisodeNamePeriod": "Episode.name",
    "ValueEpisodeNameUnderscore": "Episode_name",
    "LabelSeasonNumberPlain": "Season number",
    "LabelEpisodeNumberPlain": "Episode number",
    "LabelEndingEpisodeNumberPlain": "Ending episode number",
    "HeaderTypeText": "Entrar texto",
    "LabelTypeText": "Texto",
    "HeaderSearchForSubtitles": "B\u00fasqueda de Subt\u00edtulos",
    "ButtonMore": "More",
    "MessageNoSubtitleSearchResultsFound": "No se han encontrado resultados en la b\u00fasqueda.",
    "TabDisplay": "Pantalla",
    "TabLanguages": "Idiomas",
    "TabAppSettings": "App Settings",
    "LabelEnableThemeSongs": "Habilitar temas musicales",
    "LabelEnableBackdrops": "Habilitar im\u00e1genes de fondo",
    "LabelEnableThemeSongsHelp": "Si est\u00e1 habilitado, se reproducir\u00e1n temas musicales de fondo mientras navega por la biblioteca.",
    "LabelEnableBackdropsHelp": "Si est\u00e1 habilitado, se mostrar\u00e1n im\u00e1genes de fondo en algunas p\u00e1ginas mientras navega por la biblioteca.",
    "HeaderHomePage": "P\u00e1gina de inicio",
    "HeaderSettingsForThisDevice": "Opciones para este dispositivo",
    "OptionAuto": "Auto",
    "OptionYes": "Si",
    "OptionNo": "No",
    "HeaderOptions": "Options",
    "HeaderIdentificationResult": "Identification Result",
    "LabelHomePageSection1": "Home page section 1:",
    "LabelHomePageSection2": "Home page section 2:",
    "LabelHomePageSection3": "Home page section 3:",
    "LabelHomePageSection4": "Home page section 4:",
    "OptionMyMediaButtons": "My media (buttons)",
    "OptionMyMedia": "My media",
    "OptionMyMediaSmall": "My media (small)",
    "OptionResumablemedia": "Continuar",
    "OptionLatestMedia": "\u00daltimos medios",
    "OptionLatestChannelMedia": "Ultimos elementos de canales",
    "HeaderLatestChannelItems": "Ultimos elementos de canales",
    "OptionNone": "Nada",
    "HeaderLiveTv": "TV en vivo",
    "HeaderReports": "Informes",
    "HeaderMetadataManager": "Metadata Manager",
    "HeaderSettings": "Settings",
    "MessageLoadingChannels": "Cargando contenidos del canal...",
    "MessageLoadingContent": "Loading content...",
    "ButtonMarkRead": "Marcar como le\u00eddo",
    "OptionDefaultSort": "Por defecto",
    "OptionCommunityMostWatchedSort": "M\u00e1s visto",
    "TabNextUp": "Siguiendo",
    "PlaceholderUsername": "Username",
    "HeaderBecomeProjectSupporter": "Become an Emby Supporter",
    "MessageNoMovieSuggestionsAvailable": "No hay sugerencias de pel\u00edculas disponibles. Comience ver y calificar sus pel\u00edculas y vuelva para ver las recomendaciones.",
    "MessageNoCollectionsAvailable": "Collections allow you to enjoy personalized groupings of Movies, Series, Albums, Books and Games. Click the + button to start creating Collections.",
    "MessageNoPlaylistsAvailable": "Playlists allow you to create lists of content to play consecutively at a time. To add items to playlists, right click or tap and hold, then select Add to Playlist.",
    "MessageNoPlaylistItemsAvailable": "This playlist is currently empty.",
    "ButtonDismiss": "Descartar",
    "ButtonEditOtherUserPreferences": "Edit this user's profile, image and personal preferences.",
    "LabelChannelStreamQuality": "Calidad preferida para la transmisi\u00f3n por Internet:",
    "LabelChannelStreamQualityHelp": "En un entorno de bajo ancho de banda, limitar la calidad puede ayudar a asegurar una experiencia de streaming suave.",
    "OptionBestAvailableStreamQuality": "Mejor disponible",
    "LabelEnableChannelContentDownloadingFor": "Habilitar descargas de contenido para el canal:",
    "LabelEnableChannelContentDownloadingForHelp": "Algunos canales soportan descargar contenido antes de ver. Habilite esta en ambientes de poco ancho de banda para descargar el contenido del canal durante las horas libres. El contenido se descarga como parte de la tarea programada de descargas de canal.",
    "LabelChannelDownloadPath": "Ruta para descargas de contenidos de canales:",
    "LabelChannelDownloadPathHelp": "Especifique una ruta personalizada si lo desea. D\u00e9jelo en blanco para utilizar un carpeta interna del programa.",
    "LabelChannelDownloadAge": "Borrar contenido despues de: (d\u00edas)",
    "LabelChannelDownloadAgeHelp": "Todo contenido descargado anterior se borrar\u00e1. Continuar\u00e1 estando disponible v\u00eda streaming de internet.",
    "ChannelSettingsFormHelp": "Instale canales como Trailers y Vimeo desde el cat\u00e1logo de plugins.",
    "ButtonOptions": "Options",
    "ViewTypePlaylists": "Playlists",
    "ViewTypeMovies": "Pel\u00edculas",
    "ViewTypeTvShows": "TV",
    "ViewTypeGames": "Juegos",
    "ViewTypeMusic": "M\u00fasica",
    "ViewTypeMusicGenres": "Genres",
    "ViewTypeMusicArtists": "Artists",
    "ViewTypeBoxSets": "Colecciones",
    "ViewTypeChannels": "Canales",
    "ViewTypeLiveTV": "Tv en vivo",
    "ViewTypeLiveTvNowPlaying": "Now Airing",
    "ViewTypeLatestGames": "Latest Games",
    "ViewTypeRecentlyPlayedGames": "Recently Played",
    "ViewTypeGameFavorites": "Favorites",
    "ViewTypeGameSystems": "Game Systems",
    "ViewTypeGameGenres": "Genres",
    "ViewTypeTvResume": "Resume",
    "ViewTypeTvNextUp": "Next Up",
    "ViewTypeTvLatest": "Latest",
    "ViewTypeTvShowSeries": "Series",
    "ViewTypeTvGenres": "Genres",
    "ViewTypeTvFavoriteSeries": "Favorite Series",
    "ViewTypeTvFavoriteEpisodes": "Favorite Episodes",
    "ViewTypeMovieResume": "Resume",
    "ViewTypeMovieLatest": "Latest",
    "ViewTypeMovieMovies": "Movies",
    "ViewTypeMovieCollections": "Collections",
    "ViewTypeMovieFavorites": "Favorites",
    "ViewTypeMovieGenres": "Genres",
    "ViewTypeMusicLatest": "Latest",
    "ViewTypeMusicPlaylists": "Playlists",
    "ViewTypeMusicAlbums": "Albums",
    "ViewTypeMusicAlbumArtists": "Album Artists",
    "HeaderOtherDisplaySettings": "Configuraci\u00f3n de pantalla",
    "ViewTypeMusicSongs": "Songs",
    "ViewTypeMusicFavorites": "Favorites",
    "ViewTypeMusicFavoriteAlbums": "Favorite Albums",
    "ViewTypeMusicFavoriteArtists": "Favorite Artists",
    "ViewTypeMusicFavoriteSongs": "Favorite Songs",
    "HeaderMyViews": "Mis vistas",
    "LabelSelectFolderGroups": "Automatically group content from the following folders into views such as Movies, Music and TV:",
    "LabelSelectFolderGroupsHelp": "Folders that are unchecked will be displayed by themselves in their own view.",
    "OptionDisplayAdultContent": "Mostrar contenido para adultos",
    "OptionLibraryFolders": "Media folders",
    "TitleRemoteControl": "Control remoto",
    "OptionLatestTvRecordings": "\u00daltimas grabaciones",
    "LabelProtocolInfo": "Informaci\u00f3n de protocolo:",
    "LabelProtocolInfoHelp": "El valor que se utilizar\u00e1 cuando se responde a una solicitud GetProtocolInfo desde el dispositivo.",
    "TabNfo": "Nfo",
    "HeaderKodiMetadataHelp": "Emby includes native support for Nfo metadata files. To enable or disable Nfo metadata, use the Advanced tab to configure options for your media types.",
    "LabelKodiMetadataUser": "Sync user watch data to nfo's for:",
    "LabelKodiMetadataUserHelp": "Enable this to keep watch data in sync between Emby Server and Nfo files.",
    "LabelKodiMetadataDateFormat": "Release date format:",
    "LabelKodiMetadataDateFormatHelp": "All dates within nfo's will be read and written to using this format.",
    "LabelKodiMetadataSaveImagePaths": "Save image paths within nfo files",
    "LabelKodiMetadataSaveImagePathsHelp": "This is recommended if you have image file names that don't conform to Kodi guidelines.",
    "LabelKodiMetadataEnablePathSubstitution": "Enable path substitution",
    "LabelKodiMetadataEnablePathSubstitutionHelp": "Enables path substitution of image paths using the server's path substitution settings.",
    "LabelKodiMetadataEnablePathSubstitutionHelp2": "See path substitution.",
    "OptionDisplayChannelsInline": "Display channels inline within my views",
    "OptionDisplayChannelsInlineHelp": "If enabled, channels will be displayed directly alongside other views. If disabled, they'll be displayed within a separate Channels view.",
    "LabelDisplayCollectionsView": "Display a collections view to show movie collections",
    "LabelDisplayCollectionsViewHelp": "This will create a separate view to display collections that you've created or have access to. To create a collection, right-click or tap-hold any movie and select 'Add to Collection'. ",
    "LabelKodiMetadataEnableExtraThumbs": "Copy extrafanart into extrathumbs",
    "LabelKodiMetadataEnableExtraThumbsHelp": "When downloading images they can be saved into both extrafanart and extrathumbs for maximum Kodi skin compatibility.",
    "TabServices": "Servicios",
    "TabLogs": "Logs",
    "HeaderServerLogFiles": "Archivos de log del servidor:",
    "TabBranding": "Branding",
    "HeaderBrandingHelp": "Customize the appearance of Emby to fit the needs of your group or organization.",
    "LabelLoginDisclaimer": "Login renuncia:",
    "LabelLoginDisclaimerHelp": "This will be displayed at the bottom of the login page.",
    "LabelAutomaticallyDonate": "Automatically donate this amount every month",
    "LabelAutomaticallyDonateHelp": "Usted puede cancelar en cualquier momento desde su cuenta de PayPal.",
    "OptionList": "Lista",
    "TabDashboard": "Panel de control",
    "TitleServer": "Servidor",
    "LabelCache": "Cach\u00e9:",
    "LabelLogs": "Registros:",
    "LabelMetadata": "Metadatos:",
    "LabelImagesByName": "Im\u00e1genes por nombre:",
    "LabelTranscodingTemporaryFiles": "Archivos temporales de transcodificaci\u00f3n:",
    "HeaderLatestMusic": "\u00daltima m\u00fasica",
    "HeaderBranding": "Branding",
    "HeaderApiKeys": "Keys de Api",
    "HeaderApiKeysHelp": "External applications are required to have an Api key in order to communicate with Emby Server. Keys are issued by logging in with an Emby account, or by manually granting the application a key.",
    "HeaderApiKey": "Clave Api",
    "HeaderApp": "App",
    "HeaderDevice": "Dispositivo",
    "HeaderUser": "Usuario",
    "HeaderDateIssued": "Fecha de emisi\u00f3n",
    "LabelChapterName": "Cap\u00edtulo {0}",
    "HeaderNewApiKey": "Nueva Clave Api",
    "LabelAppName": "Nombre de la app",
    "LabelAppNameExample": "Ejemplo: Sickbeard, NzbDrone",
    "HeaderNewApiKeyHelp": "Grant an application permission to communicate with Emby Server.",
    "HeaderHttpHeaders": "Http Headers",
    "HeaderIdentificationHeader": "Identification Header",
    "LabelValue": "Value:",
    "LabelMatchType": "Match type:",
    "OptionEquals": "Equals",
    "OptionRegex": "Regex",
    "OptionSubstring": "Substring",
    "TabView": "View",
    "TabSort": "Sort",
    "TabFilter": "Filter",
    "ButtonView": "View",
    "LabelPageSize": "Item limit:",
    "LabelPath": "Path:",
    "LabelView": "View:",
    "TabUsers": "Users",
    "LabelSortName": "Sort name:",
    "LabelDateAdded": "Date added:",
    "HeaderFeatures": "Features",
    "HeaderAdvanced": "Advanced",
    "ButtonSync": "Sync",
    "TabScheduledTasks": "Scheduled Tasks",
    "HeaderChapters": "Chapters",
    "HeaderResumeSettings": "Resume Settings",
    "TabSync": "Sync",
    "TitleUsers": "Users",
    "LabelProtocol": "Protocol:",
    "OptionProtocolHttp": "Http",
    "OptionProtocolHls": "Http Live Streaming",
    "LabelContext": "Context:",
    "OptionContextStreaming": "Streaming",
    "OptionContextStatic": "Sync",
    "ButtonAddToPlaylist": "Add to playlist",
    "TabPlaylists": "Playlists",
    "ButtonClose": "Cerrar",
    "LabelAllLanguages": "All languages",
    "HeaderBrowseOnlineImages": "Browse Online Images",
    "LabelSource": "Source:",
    "OptionAll": "All",
    "LabelImage": "Image:",
    "ButtonBrowseImages": "Browse Images",
    "HeaderImages": "Images",
    "HeaderBackdrops": "Backdrops",
    "HeaderScreenshots": "Screenshots",
    "HeaderAddUpdateImage": "Add\/Update Image",
    "LabelJpgPngOnly": "JPG\/PNG only",
    "LabelImageType": "Image type:",
    "OptionPrimary": "Primary",
    "OptionArt": "Art",
    "OptionBox": "Box",
    "OptionBoxRear": "Box rear",
    "OptionDisc": "Disc",
    "OptionIcon": "Icon",
    "OptionLogo": "Logo",
    "OptionMenu": "Menu",
    "OptionScreenshot": "Screenshot",
    "OptionLocked": "Locked",
    "OptionUnidentified": "Unidentified",
    "OptionMissingParentalRating": "Missing parental rating",
    "OptionStub": "Stub",
    "OptionSeason0": "Season 0",
    "LabelReport": "Report:",
    "OptionReportSongs": "Songs",
    "OptionReportSeries": "Series",
    "OptionReportSeasons": "Seasons",
    "OptionReportTrailers": "Trailers",
    "OptionReportMusicVideos": "Music videos",
    "OptionReportMovies": "Movies",
    "OptionReportHomeVideos": "Home videos",
    "OptionReportGames": "Games",
    "OptionReportEpisodes": "Episodes",
    "OptionReportCollections": "Collections",
    "OptionReportBooks": "Books",
    "OptionReportArtists": "Artists",
    "OptionReportAlbums": "Albums",
    "OptionReportAdultVideos": "Adult videos",
    "HeaderActivity": "Activity",
    "ScheduledTaskStartedWithName": "{0} started",
    "ScheduledTaskCancelledWithName": "{0} was cancelled",
    "ScheduledTaskCompletedWithName": "{0} completed",
    "ScheduledTaskFailed": "Scheduled task completed",
    "PluginInstalledWithName": "{0} was installed",
    "PluginUpdatedWithName": "{0} was updated",
    "PluginUninstalledWithName": "{0} was uninstalled",
    "ScheduledTaskFailedWithName": "{0} failed",
    "ItemAddedWithName": "{0} was added to the library",
    "ItemRemovedWithName": "{0} was removed from the library",
    "DeviceOnlineWithName": "{0} is connected",
    "UserOnlineFromDevice": "{0} is online from {1}",
    "DeviceOfflineWithName": "{0} has disconnected",
    "UserOfflineFromDevice": "{0} has disconnected from {1}",
    "SubtitlesDownloadedForItem": "Subtitles downloaded for {0}",
    "SubtitleDownloadFailureForItem": "Subtitles failed to download for {0}",
    "LabelRunningTimeValue": "Running time: {0}",
    "LabelIpAddressValue": "Ip address: {0}",
    "UserLockedOutWithName": "User {0} has been locked out",
    "UserConfigurationUpdatedWithName": "User configuration has been updated for {0}",
    "UserCreatedWithName": "User {0} has been created",
    "UserPasswordChangedWithName": "Password has been changed for user {0}",
    "UserDeletedWithName": "User {0} has been deleted",
    "MessageServerConfigurationUpdated": "Server configuration has been updated",
    "MessageNamedServerConfigurationUpdatedWithValue": "Server configuration section {0} has been updated",
    "MessageApplicationUpdated": "Emby Server has been updated",
    "AuthenticationSucceededWithUserName": "{0} successfully authenticated",
    "FailedLoginAttemptWithUserName": "Failed login attempt from {0}",
    "UserDownloadingItemWithValues": "{0} is downloading {1}",
    "UserStartedPlayingItemWithValues": "{0} has started playing {1}",
    "UserStoppedPlayingItemWithValues": "{0} has stopped playing {1}",
    "AppDeviceValues": "App: {0}, Device: {1}",
    "ProviderValue": "Provider: {0}",
    "LabelChannelDownloadSizeLimit": "Download size limit (GB):",
    "LabelChannelDownloadSizeLimitHelpText": "Limit the size of the channel download folder.",
    "HeaderRecentActivity": "Recent Activity",
    "HeaderPeople": "People",
    "HeaderDownloadPeopleMetadataFor": "Download biography and images for:",
    "OptionComposers": "Composers",
    "OptionOthers": "Others",
    "HeaderDownloadPeopleMetadataForHelp": "Enabling additional options will provide more on-screen information but will result in slower library scans.",
    "ViewTypeFolders": "Folders",
    "LabelDisplayFoldersView": "Display a folders view to show plain media folders",
    "ViewTypeLiveTvRecordingGroups": "Recordings",
    "ViewTypeLiveTvChannels": "Channels",
    "LabelEasyPinCode": "F\u00e1cil c\u00f3digo PIN:",
    "EasyPasswordHelp": "Your easy pin code is used for offline access with supported Emby apps, and can also be used for easy in-network sign in.",
    "LabelInNetworkSignInWithEasyPassword": "Enable in-network sign in with my easy pin code",
    "LabelInNetworkSignInWithEasyPasswordHelp": "If enabled, you'll be able to use your easy pin code to sign in to Emby apps from inside your home network. Your regular password will only be needed away from home. If the pin code is left blank, you won't need a password within your home network.",
    "HeaderPassword": "Password",
    "HeaderLocalAccess": "Local Access",
    "HeaderViewOrder": "View Order",
    "ButtonResetEasyPassword": "Restablecer f\u00e1cil c\u00f3digo PIN",
    "LabelSelectUserViewOrder": "Choose the order your views will be displayed in within Emby apps",
    "LabelMetadataRefreshMode": "Metadata refresh mode:",
    "LabelImageRefreshMode": "Image refresh mode:",
    "OptionDownloadMissingImages": "Download missing images",
    "OptionReplaceExistingImages": "Replace existing images",
    "OptionRefreshAllData": "Refresh all data",
    "OptionAddMissingDataOnly": "Add missing data only",
    "OptionLocalRefreshOnly": "Local refresh only",
    "HeaderRefreshMetadata": "Refresh Metadata",
    "HeaderPersonInfo": "Person Info",
    "HeaderIdentifyItem": "Identify Item",
    "HeaderIdentifyItemHelp": "Enter one or more search criteria. Remove criteria to increase search results.",
    "HeaderConfirmDeletion": "Confirmar borrado",
    "LabelFollowingFileWillBeDeleted": "The following file will be deleted:",
    "LabelIfYouWishToContinueWithDeletion": "If you wish to continue, please confirm by entering the value of:",
    "ButtonIdentify": "Identify",
    "LabelAlbumArtist": "Album artist:",
    "LabelAlbumArtists": "Album artists:",
    "LabelAlbum": "Album:",
    "LabelCommunityRating": "Community rating:",
    "LabelVoteCount": "Vote count:",
    "LabelMetascore": "Metascore:",
    "LabelCriticRating": "Critic rating:",
    "LabelCriticRatingSummary": "Critic rating summary:",
    "LabelAwardSummary": "Award summary:",
    "LabelWebsite": "Website:",
    "LabelTagline": "Tagline:",
    "LabelOverview": "Overview:",
    "LabelShortOverview": "Short overview:",
    "LabelReleaseDate": "Release date:",
    "LabelYear": "Year:",
    "LabelPlaceOfBirth": "Place of birth:",
    "LabelEndDate": "End date:",
    "LabelAirDate": "Air days:",
    "LabelAirTime:": "Air time:",
    "LabelRuntimeMinutes": "Run time (minutes):",
    "LabelParentalRating": "Parental rating:",
    "LabelCustomRating": "Custom rating:",
    "LabelBudget": "Budget",
    "LabelRevenue": "Revenue ($):",
    "LabelOriginalAspectRatio": "Original aspect ratio:",
    "LabelPlayers": "Players:",
    "Label3DFormat": "3D format:",
    "HeaderAlternateEpisodeNumbers": "Alternate Episode Numbers",
    "HeaderSpecialEpisodeInfo": "Special Episode Info",
    "HeaderExternalIds": "External Id's:",
    "LabelDvdSeasonNumber": "Dvd season number:",
    "LabelDvdEpisodeNumber": "Dvd episode number:",
    "LabelAbsoluteEpisodeNumber": "Absolute episode number:",
    "LabelAirsBeforeSeason": "Airs before season:",
    "LabelAirsAfterSeason": "Airs after season:",
    "LabelAirsBeforeEpisode": "Airs before episode:",
    "LabelTreatImageAs": "Treat image as:",
    "LabelDisplayOrder": "Display order:",
    "LabelDisplaySpecialsWithinSeasons": "Display specials within seasons they aired in",
    "HeaderCountries": "Countries",
    "HeaderGenres": "Genres",
    "HeaderPlotKeywords": "Plot Keywords",
    "HeaderStudios": "Studios",
    "HeaderTags": "Tags",
    "HeaderMetadataSettings": "Metadata Settings",
    "LabelLockItemToPreventChanges": "Lock this item to prevent future changes",
    "MessageLeaveEmptyToInherit": "Leave empty to inherit settings from a parent item, or the global default value.",
    "TabDonate": "Donate",
    "HeaderDonationType": "Donation type:",
    "OptionMakeOneTimeDonation": "Make a separate donation",
    "OptionOneTimeDescription": "This is an additional donation to the team to show your support. It does not have any additional benefits and will not produce a supporter key.",
    "OptionLifeTimeSupporterMembership": "Lifetime supporter membership",
    "OptionYearlySupporterMembership": "Yearly supporter membership",
    "OptionMonthlySupporterMembership": "Monthly supporter membership",
    "OptionNoTrailer": "No Trailer",
    "OptionNoThemeSong": "No Theme Song",
    "OptionNoThemeVideo": "No Theme Video",
    "LabelOneTimeDonationAmount": "Donation amount:",
    "ButtonDonate": "Donate",
    "ButtonPurchase": "Purchase",
    "OptionActor": "Actor",
    "OptionComposer": "Composer",
    "OptionDirector": "Director",
    "OptionGuestStar": "Guest star",
    "OptionProducer": "Producer",
    "OptionWriter": "Writer",
    "LabelAirDays": "Air days:",
    "LabelAirTime": "Air time:",
    "HeaderMediaInfo": "Media Info",
    "HeaderPhotoInfo": "Photo Info",
    "HeaderInstall": "Install",
    "LabelSelectVersionToInstall": "Select version to install:",
    "LinkSupporterMembership": "Learn about the Supporter Membership",
    "MessageSupporterPluginRequiresMembership": "This plugin will require an active supporter membership after the 14 day free trial.",
    "MessagePremiumPluginRequiresMembership": "This plugin will require an active supporter membership in order to purchase after the 14 day free trial.",
    "HeaderReviews": "Reviews",
    "HeaderDeveloperInfo": "Developer Info",
    "HeaderRevisionHistory": "Revision History",
    "ButtonViewWebsite": "View website",
    "HeaderXmlSettings": "Xml Settings",
    "HeaderXmlDocumentAttributes": "Xml Document Attributes",
    "HeaderXmlDocumentAttribute": "Xml Document Attribute",
    "XmlDocumentAttributeListHelp": "These attributes are applied to the root element of every xml response.",
    "OptionSaveMetadataAsHidden": "Save metadata and images as hidden files",
    "LabelExtractChaptersDuringLibraryScan": "Extract chapter images during the library scan",
    "LabelExtractChaptersDuringLibraryScanHelp": "If enabled, chapter images will be extracted when videos are imported during the library scan. If disabled they will be extracted during the chapter images scheduled task, allowing the regular library scan to complete faster.",
    "LabelConnectGuestUserName": "Their Emby username or email address:",
    "LabelConnectUserName": "Emby username\/email:",
    "LabelConnectUserNameHelp": "Connect this user to an Emby account to enable easy sign-in access from any Emby app without having to know the server ip address.",
    "ButtonLearnMoreAboutEmbyConnect": "Learn more about Emby Connect",
    "LabelExternalPlayers": "External players:",
    "LabelExternalPlayersHelp": "Display buttons to play content in external players. This is only available on devices that support url schemes, generally Android and iOS. With external players there is generally no support for remote control or resuming.",
    "LabelNativeExternalPlayersHelp": "Display buttons to play content in external players.",
    "LabelEnableItemPreviews": "Enable item previews",
    "LabelEnableItemPreviewsHelp": "if enabled, sliding previews will appear when clicking items on certain screens.",
    "HeaderSubtitleProfile": "Subtitle Profile",
    "HeaderSubtitleProfiles": "Subtitle Profiles",
    "HeaderSubtitleProfilesHelp": "Subtitle profiles describe the subtitle formats supported by the device.",
    "LabelFormat": "Format:",
    "LabelMethod": "Method:",
    "LabelDidlMode": "Didl mode:",
    "OptionCaptionInfoExSamsung": "CaptionInfoEx (Samsung)",
    "OptionResElement": "res element",
    "OptionEmbedSubtitles": "Embed within container",
    "OptionExternallyDownloaded": "External download",
    "OptionHlsSegmentedSubtitles": "Hls segmented subtitles",
    "LabelSubtitleFormatHelp": "Example: srt",
    "ButtonLearnMore": "Learn more",
    "TabPlayback": "Playback",
    "HeaderLanguagePreferences": "Language Preferences",
    "TabCinemaMode": "Cinema Mode",
    "TitlePlayback": "Playback",
    "LabelEnableCinemaModeFor": "Enable cinema mode for:",
    "CinemaModeConfigurationHelp": "Cinema mode brings the theater experience straight to your living room with the ability to play trailers and custom intros before the main feature.",
    "OptionTrailersFromMyMovies": "Include trailers from movies in my library",
    "OptionUpcomingMoviesInTheaters": "Include trailers from new and upcoming movies",
    "LabelLimitIntrosToUnwatchedContent": "Only use trailers from unwatched content",
    "LabelEnableIntroParentalControl": "Enable smart parental control",
    "LabelEnableIntroParentalControlHelp": "Trailers will only be selected with a parental rating equal to or less than the content being watched.",
    "LabelTheseFeaturesRequireSupporterHelpAndTrailers": "These features require an active supporter membership and installation of the Trailer channel plugin.",
    "OptionTrailersFromMyMoviesHelp": "Requires setup of local trailers.",
    "LabelCustomIntrosPath": "Custom intros path:",
    "LabelCustomIntrosPathHelp": "A folder containing video files. A video will be randomly selected and played after trailers.",
    "ValueSpecialEpisodeName": "Special - {0}",
    "LabelSelectInternetTrailersForCinemaMode": "Internet trailers:",
    "OptionUpcomingDvdMovies": "Include trailers from new and upcoming movies on Dvd & Blu-ray",
    "OptionUpcomingStreamingMovies": "Include trailers from new and upcoming movies on Netflix",
    "LabelDisplayTrailersWithinMovieSuggestions": "Display trailers within movie suggestions",
    "LabelDisplayTrailersWithinMovieSuggestionsHelp": "Requires installation of the Trailer channel.",
    "CinemaModeConfigurationHelp2": "Individual users will have the ability to disable cinema mode within their own preferences.",
    "LabelEnableCinemaMode": "Enable cinema mode",
    "HeaderCinemaMode": "Cinema Mode",
    "LabelDateAddedBehavior": "Date added behavior for new content:",
    "OptionDateAddedImportTime": "Use date scanned into the library",
    "OptionDateAddedFileTime": "Use file creation date",
    "LabelDateAddedBehaviorHelp": "If a metadata value is present it will always be used before either of these options.",
    "LabelNumberTrailerToPlay": "Number of trailers to play:",
    "TitleDevices": "Devices",
    "TabCameraUpload": "Camera Upload",
    "TabDevices": "Devices",
    "HeaderCameraUploadHelp": "Automatically upload photos and videos taken from your mobile devices into Emby.",
    "MessageNoDevicesSupportCameraUpload": "You currently don't have any devices that support camera upload.",
    "LabelCameraUploadPath": "Camera upload path:",
    "LabelCameraUploadPathHelp": "Select a custom upload path, if desired. If unspecified a default folder will be used. If using a custom path it will also need to be added in the library setup area.",
    "LabelCreateCameraUploadSubfolder": "Create a subfolder for each device",
    "LabelCreateCameraUploadSubfolderHelp": "Specific folders can be assigned to a device by clicking on it from the Devices page.",
    "LabelCustomDeviceDisplayName": "Display name:",
    "LabelCustomDeviceDisplayNameHelp": "Supply a custom display name or leave empty to use the name reported by the device.",
    "HeaderInviteUser": "Invite User",
    "LabelConnectGuestUserNameHelp": "This is the username that your friend uses to sign in to the Emby website, or their email address.",
    "HeaderInviteUserHelp": "Sharing your media with friends is easier than ever before with Emby Connect.",
    "ButtonSendInvitation": "Send Invitation",
    "HeaderSignInWithConnect": "Sign in with Emby Connect",
    "HeaderGuests": "Guests",
    "HeaderLocalUsers": "Local Users",
    "HeaderPendingInvitations": "Pending Invitations",
    "TabParentalControl": "Parental Control",
    "HeaderAccessSchedule": "Access Schedule",
    "HeaderAccessScheduleHelp": "Create an access schedule to limit access to certain hours.",
    "ButtonAddSchedule": "Add Schedule",
    "LabelAccessDay": "Day of week:",
    "LabelAccessStart": "Start time:",
    "LabelAccessEnd": "End time:",
    "HeaderSchedule": "Schedule",
    "OptionEveryday": "Every day",
    "OptionWeekdays": "Weekdays",
    "OptionWeekends": "Weekends",
    "MessageProfileInfoSynced": "User profile information synced with Emby Connect.",
    "HeaderOptionalLinkEmbyAccount": "Optional: Link your Emby account",
    "ButtonTrailerReel": "Trailer reel",
    "HeaderTrailerReel": "Trailer Reel",
    "OptionPlayUnwatchedTrailersOnly": "Play only unwatched trailers",
    "HeaderTrailerReelHelp": "Start a trailer reel to play a long running playlist of trailers.",
    "MessageNoTrailersFound": "No trailers found. Install the Trailer channel to enhance your movie experience by adding a library of internet trailers.",
    "HeaderNewUsers": "New Users",
    "ButtonSignUp": "Sign up",
    "ButtonForgotPassword": "Forgot password",
    "OptionDisableUserPreferences": "Disable access to user preferences",
    "OptionDisableUserPreferencesHelp": "If enabled, only administrators will be able to configure user profile images, passwords, and language preferences.",
    "HeaderSelectServer": "Select Server",
    "MessageNoServersAvailableToConnect": "No servers are available to connect to. If you've been invited to share a server, make sure to accept it below or by clicking the link in the email.",
    "TitleNewUser": "New User",
    "ButtonConfigurePassword": "Configure Password",
    "HeaderDashboardUserPassword": "User passwords are managed within each user's personal profile settings.",
    "HeaderLibraryAccess": "Library Access",
    "HeaderChannelAccess": "Channel Access",
    "HeaderLatestItems": "Latest Items",
    "LabelSelectLastestItemsFolders": "Include media from the following sections in Latest Items",
    "HeaderShareMediaFolders": "Share Media Folders",
    "MessageGuestSharingPermissionsHelp": "Most features are initially unavailable to guests but can be enabled as needed.",
    "HeaderInvitations": "Invitations",
    "LabelForgotPasswordUsernameHelp": "Enter your username, if you remember it.",
    "HeaderForgotPassword": "Forgot Password",
    "TitleForgotPassword": "Forgot Password",
    "TitlePasswordReset": "Password Reset",
    "LabelPasswordRecoveryPinCode": "C\u00f3digo PIN:",
    "HeaderPasswordReset": "Password Reset",
    "HeaderParentalRatings": "Parental Ratings",
    "HeaderVideoTypes": "Video Types",
    "HeaderYears": "Years",
    "HeaderAddTag": "Add Tag",
    "LabelBlockContentWithTags": "Block content with tags:",
    "LabelTag": "Tag:",
    "LabelEnableSingleImageInDidlLimit": "Limit to single embedded image",
    "LabelEnableSingleImageInDidlLimitHelp": "Some devices will not render properly if multiple images are embedded within Didl.",
    "TabActivity": "Activity",
    "TitleSync": "Sync",
    "OptionAllowSyncContent": "Allow Sync",
    "OptionAllowContentDownloading": "Allow media downloading",
    "NameSeasonUnknown": "Season Unknown",
    "NameSeasonNumber": "Season {0}",
    "LabelNewUserNameHelp": "Usernames can contain letters (a-z), numbers (0-9), dashes (-), underscores (_), apostrophes ('), and periods (.)",
    "TabJobs": "Jobs",
    "TabSyncJobs": "Sync Jobs",
    "LabelTagFilterMode": "Mode:",
    "LabelTagFilterAllowModeHelp": "If allowed tags are used as part of a deeply nested folder structure, content that is tagged will require parent folders to be tagged as well.",
    "HeaderThisUserIsCurrentlyDisabled": "This user is currently disabled",
    "MessageReenableUser": "See below to reenable",
    "LabelEnableInternetMetadataForTvPrograms": "Download internet metadata for:",
    "OptionTVMovies": "TV Movies",
    "HeaderUpcomingMovies": "Upcoming Movies",
    "HeaderUpcomingSports": "Upcoming Sports",
    "HeaderUpcomingPrograms": "Upcoming Programs",
    "LabelShowLibraryTileNames": "Show library tile names",
    "LabelShowLibraryTileNamesHelp": "Determines if labels will be displayed underneath library tiles on the home page",
    "OptionEnableTranscodingThrottle": "Enable throttling",
    "OptionEnableTranscodingThrottleHelp": "Throttling will automatically adjust transcoding speed in order to minimize server cpu utilization during playback.",
    "LabelUploadSpeedLimit": "Upload speed limit (Mbps):",
    "OptionAllowSyncTranscoding": "Allow syncing that requires transcoding",
    "HeaderPlayback": "Media Playback",
    "OptionAllowAudioPlaybackTranscoding": "Allow audio playback that requires transcoding",
    "OptionAllowVideoPlaybackTranscoding": "Allow video playback that requires transcoding",
    "OptionAllowMediaPlaybackTranscodingHelp": "Users will receive friendly messages when content is unplayable based on policy.",
    "TabStreaming": "Streaming",
    "LabelRemoteClientBitrateLimit": "Remote client bitrate limit (Mbps):",
    "LabelRemoteClientBitrateLimitHelp": "An optional streaming bitrate limit for all remote clients. This is useful to prevent clients from requesting a higher bitrate than your connection can handle.",
    "LabelConversionCpuCoreLimit": "CPU core limit:",
    "LabelConversionCpuCoreLimitHelp": "Limit the number of CPU cores that will be used during sync conversion.",
    "OptionEnableFullSpeedConversion": "Enable full speed conversion",
    "OptionEnableFullSpeedConversionHelp": "By default, sync conversion is performed at a low speed to minimize resource consumption.",
    "HeaderPlaylists": "Playlists",
    "HeaderViewStyles": "View Styles",
    "LabelSelectViewStyles": "Enable enhanced presentations for:",
    "LabelSelectViewStylesHelp": "If enabled, views will be built with metadata to offer categories such as Suggestions, Latest, Genres, and more. If disabled, they'll be displayed with simple folders.",
    "TabPhotos": "Photos",
    "TabVideos": "Videos",
    "HeaderWelcomeToEmby": "Welcome to Emby",
    "EmbyIntroMessage": "With Emby you can easily stream videos, music and photos to smart phones, tablets and other devices from your Emby Server.",
    "ButtonSkip": "Skip",
    "TextConnectToServerManually": "Connect to server manually",
    "ButtonSignInWithConnect": "Sign in with Emby Connect",
    "ButtonConnect": "Connect",
    "LabelServerHost": "Host:",
    "LabelServerHostHelp": "192.168.1.100 or https:\/\/myserver.com",
    "LabelServerPort": "Port:",
    "HeaderNewServer": "New Server",
    "ButtonChangeServer": "Change Server",
    "HeaderConnectToServer": "Connect to Server",
    "OptionReportList": "List View",
    "OptionReportStatistics": "Statistics",
    "OptionReportGrouping": "Grouping",
    "HeaderExport": "Export",
    "HeaderColumns": "Columns",
    "ButtonReset": "Reset",
    "OptionEnableExternalVideoPlayers": "Enable external video players",
    "ButtonUnlockGuide": "Unlock Guide",
    "LabelEnableFullScreen": "Enable fullscreen mode",
    "LabelEnableChromecastAc3Passthrough": "Enable Chromecast AC3 Passthrough",
    "OptionSyncToSDCard": "Synced to external SD card",
    "LabelEmail": "Email:",
    "LabelUsername": "Username:",
    "HeaderSignUp": "Sign Up",
    "LabelPasswordConfirm": "Password (confirm):",
    "ButtonAddServer": "Add Server",
    "TabHomeScreen": "Home Screen",
    "HeaderDisplay": "Display",
    "HeaderNavigation": "Navigation",
    "LegendTheseSettingsShared": "These settings are shared on all devices",
    "OptionEnableAutomaticServerUpdates": "Enable automatic server updates",
    "OptionOtherTrailers": "Include trailers from older movies",
    "HeaderOverview": "Overview",
    "HeaderShortOverview": "Short Overview",
    "HeaderType": "Type",
    "HeaderSeverity": "Severity",
    "OptionReportActivities": "Activities Log",
    "HeaderTunerDevices": "Tuner Devices",
    "ButtonAddDevice": "Add Device",
    "HeaderAddDevice": "Add Device",
    "HeaderExternalServices": "External Services",
    "LabelTunerIpAddress": "Tuner IP Address:",
    "TabExternalServices": "External Services",
    "TabTuners": "Tuners",
    "HeaderGuideProviders": "Guide Providers",
    "AddGuideProviderHelp": "Add a source for TV Guide information",
    "LabelZipCode": "Zip Code:",
    "GuideProviderSelectListings": "Select Listings",
    "GuideProviderLogin": "Login",
    "LabelLineup": "Lineup:",
    "MessageTunerDeviceNotListed": "Is your tuner device not listed? Try installing an external service provider for more Live TV options.",
    "LabelImportOnlyFavoriteChannels": "Restrict to channels marked as favorite",
    "ImportFavoriteChannelsHelp": "If enabled, only channels that are marked as favorite on the tuner device will be imported.",
    "ButtonRepeat": "Repeat",
    "LabelEnableThisTuner": "Enable this tuner",
    "LabelEnableThisTunerHelp": "Uncheck to prevent importing channels from this tuner.",
    "HeaderLocked": "Locked",
    "HeaderUnidentified": "Unidentified",
    "HeaderImagePrimary": "Primary",
    "HeaderImageBackdrop": "Backdrop",
    "HeaderImageLogo": "Logo",
    "HeaderUserPrimaryImage": "User Image",
    "ButtonDisplaySettings": "Display settings",
    "ButtonHomeScreenSettings": "Home screen settings",
    "ButtonPlaybackSettings": "Playback settings",
    "ButtonProfile": "Profile",
    "ButtonDisplaySettingsHelp": "Your Emby display settings",
    "ButtonHomeScreenSettingsHelp": "Configure the display of your home screen",
    "ButtonPlaybackSettingsHelp": "Specify your audio and subtitle preferences, streaming quality, and more.",
    "ButtonProfileHelp": "Set your profile image and password.",
    "HeaderHomeScreenSettings": "Home Screen settings",
    "HeaderProfile": "Profile",
    "HeaderLanguage": "Language",
    "ButtonSyncSettings": "Sync settings",
    "ButtonSyncSettingsHelp": "Configure your sync settings",
    "LabelTranscodingThreadCount": "Transcoding thread count:",
    "LabelTranscodingThreadCountHelp": "Select the maximum number of threads to use when transcoding. Reducing the thread count will lower cpu usage but may not convert fast enough for a smooth playback experience.",
    "OptionMax": "Max",
    "HeaderEmbyGuide": "Emby Guide",
    "LabelSyncPath": "Synced content path:",
    "OptionSyncOnlyOnWifi": "Sync only on Wifi",
    "OptionSyncLosslessAudioOriginal": "Sync lossless audio at original quality",
    "HeaderMetadata": "Metadata",
    "HeaderRecordingOptions": "Recording Options",
    "ButtonShare": "Share",
    "HeaderUpcomingForKids": "Upcoming for Kids",
    "HeaderSetupLiveTV": "Setup Live TV",
    "LabelTunerType": "Tuner type:",
    "HelpMoreTunersCanBeAdded": "Additional tuners can be added later within the Live TV section.",
    "MessageActiveSupporterMembershipRequiredSeriesRecordings": "An active Emby Supporter membership is required in order to create automated series recordings.",
    "HeaderSetupTVGuide": "Setup TV Guide",
    "LabelDataProvider": "Data provider:",
    "OptionSendRecordingsToAutoOrganize": "Enable Auto-Organize for new recordings",
    "OptionSendRecordingsToAutoOrganizeHelp": "New recordings will be sent to the Auto-Organize feature and imported into your media library.",
    "HeaderDefaultPadding": "Default Padding"
}