{
    "LabelExit": "Verlasse",
    "LabelVisitCommunity": "Bsuech d'Community",
    "LabelGithub": "Github",
    "LabelSwagger": "Swagger",
    "LabelStandard": "Standard",
    "LabelApiDocumentation": "API Dokumentatione",
    "LabelDeveloperResources": "Entwickler Ressurce",
    "LabelBrowseLibrary": "Dursuech d'Bibliothek",
    "LabelConfigureServer": "Konfigurier Emby",
    "LabelOpenLibraryViewer": "\u00d6ffne d'Asicht f\u00f6r Bibliotheke",
    "LabelRestartServer": "Server neustarte",
    "LabelShowLogWindow": "Zeig Log-Feischter",
    "LabelPrevious": "Vorher",
    "LabelFinish": "Beende",
    "FolderTypeMixed": "Mixed content",
    "LabelNext": "N\u00f6chst",
    "LabelYoureDone": "Du besch fertig!",
    "ButtonAddToCollection": "Add to Collection",
    "ButtonMoreItems": "More",
    "WelcomeToProject": "Willkomme bi Emby!",
    "ThisWizardWillGuideYou": "De Assistent hilft der dur de Installations Prozess. Zum afange, w\u00e4hl bitte dini Sproch us.",
    "TellUsAboutYourself": "Verzell was \u00fcber dech selber",
    "ButtonQuickStartGuide": "Schnellstart Instruktione",
    "LabelYourFirstName": "Din Vorname:",
    "MoreUsersCanBeAddedLater": "Meh User ch\u00f6nt sp\u00f6ter im Dashboard hinzuegf\u00fcegt werde.",
    "UserProfilesIntro": "Emby beinhaltet iibauti Unterst\u00fctzig f\u00f6r User-Profil, wo mer siini eigene Asichte, Spellst\u00e4nd und Altersfriigobe iistelle chan.",
    "LabelWindowsService": "Windows Dienst",
    "AWindowsServiceHasBeenInstalled": "En Windows Dienst esch installiert worde.",
    "WindowsServiceIntro1": "Emby Server lauft normalerwiis als Desktop-Software mit emene Icon i de Taskliiste, aber falls es du vorziehsch das ganze als Dienst laufe z'loh, chasch es i de Windows Dienst under de Systemst\u00fcrig finde und starte.",
    "WindowsServiceIntro2": "Falls de Windows Dienst verwendet wird, merk der bitte, dass es n\u00f6d gliichziitig au als Icon i de Taskliiste laufe chan, also muesch erst di normal Software beende um de Dienst ch\u00f6ne z'starte. De Dienst muess usserdem mit Adminrecht \u00fcber d'Systemst\u00fcrig verf\u00fcege. Merk der usserdem, dass de Windows Dienst sich ned selber chan update, also muesch jedes Update vo Hand us dure f\u00fcehre.",
    "WizardCompleted": "Das esch alles wo mer momentan m\u00fcend w\u00fcsse. Emby het i de zw\u00fcscheziit agfange informatione \u00fcber diini medie-bibliothek z'sammle. Lueg der es paar vo eusne Apps a und denn klick uf <b>Beende<\/b> um zum <b>Server Dashboard<\/b> z'cho.",
    "LabelConfigureSettings": "Bearbeite iistellige",
    "LabelEnableVideoImageExtraction": "Aktiviere d'Extrahierig f\u00f6r Videobilder",
    "VideoImageExtractionHelp": "F\u00f6r Videos wo ned bereits scho Bilder hend und wo kei M\u00f6glichkeite hend die im \u00a3Internet z'finde. Das verbrucht chli meh Ziit f\u00f6r de ersti Scan vo de Bibliothek, gseht aber schlussament besser us.",
    "LabelEnableChapterImageExtractionForMovies": "Aktiviere d'Extrahierig f\u00f6r Kapitelbilder vo diine Film",
    "LabelChapterImageExtractionForMoviesHelp": "Extrahierig vo de Kapitelbilder zeigt der denn es Bild i de Scene als Uswahl im Men\u00fc. De Prozess chan langsam sii, CPU-lastig und verbrutzled m\u00f6glicherwiis mehreri Gigabyte a Speicherplatz. I de Regel lauft das i de Nacht als planti Ufgab, alternativ chasch es au selber konfiguriere i de Planti Ufgabe siite. Es esch n\u00f6d empfohle die Ufgab w\u00e4hrend h\u00f6che Uslastige dure z'f\u00fcehre.",
    "LabelEnableAutomaticPortMapping": "Aktiviere s'automaitsche Port Mapping",
    "LabelEnableAutomaticPortMappingHelp": "UPnP erlaubt en automatischi Routeriistellig f\u00f6r eifache Remote-Zuegang. Das chan under umst\u00e4nde mit es paar Router ned funktioniere.",
    "HeaderTermsOfService": "Emby Nutzigsbedingige",
    "MessagePleaseAcceptTermsOfService": "Bitte akzeptiere z'erst no d'Nutzigsbedingige und Datenutzig-Richtlinie bevor du wiiter machsch.",
    "OptionIAcceptTermsOfService": "Ich akzeptiere d'Nutzigsbedingige",
    "ButtonPrivacyPolicy": "Datenutzig-Richtlinie",
    "ButtonTermsOfService": "Nutzigsbedingige",
    "HeaderDeveloperOptions": "Entwickler Optione",
    "OptionEnableWebClientResponseCache": "Aktiviere d'Antwort zw\u00fcschespeicherig vom Web Client.",
    "OptionDisableForDevelopmentHelp": "Konfiguriere das falls n\u00f6tig f\u00fcr jeglichi Entwicklerzweck.",
    "OptionEnableWebClientResourceMinification": "Aktiviere d'Minimierig vo de Ressource vom Web Client.",
    "LabelDashboardSourcePath": "Web Client Sourcepfad:",
    "LabelDashboardSourcePathHelp": "Falls de Server vonere andere Source bedient s\u00f6ll werde, geb bitte de genaui Pfad zum dashboard-ui Ordner a. Alli Date vom Web Client werded vo dem Verzeichnis us bedient werde.",
    "ButtonConvertMedia": "Konvertiere Medie",
    "ButtonOrganize": "Organisiere",
    "LinkedToEmbyConnect": "Verbunde zu Emby Connect",
    "HeaderSupporterBenefits": "Supporter Vorteil",
    "HeaderAddUser": "Erstell en User",
    "LabelAddConnectSupporterHelp": "Um en User wo ned ufglistet esch us z'w\u00e4hle, muesch z'erst no sin Account mit Emby Connect im Userprofil verbinde.",
    "LabelPinCode": "Pin Code:",
    "OptionHideWatchedContentFromLatestMedia": "Versteck bereits agluegti Medie i de Rubrik neui Medie",
    "HeaderSync": "synchronisiere",
    "ButtonOk": "OK",
    "ButtonCancel": "Abbreche",
    "ButtonExit": "Verlasse",
    "ButtonNew": "Neu",
    "HeaderTV": "TV",
    "HeaderAudio": "Audio",
    "HeaderVideo": "Video",
    "HeaderPaths": "Pfad",
    "CategorySync": "Synchronisierig",
    "TabPlaylist": "Playliste",
    "HeaderEasyPinCode": "Eifache Pin Code",
    "HeaderGrownupsOnly": "Nur Erwachseni!",
    "DividerOr": "-- odr --",
    "HeaderInstalledServices": "Installierti Dienst",
    "HeaderAvailableServices": "Verf\u00fcegbari Dienst",
    "MessageNoServicesInstalled": "Es sind momentan kei Dienst installiert.",
    "HeaderToAccessPleaseEnterEasyPinCode": "Um Zuegriff z'ha, gib bitte diin eifache Pin Code i",
    "KidsModeAdultInstruction": "Klick ufs Schloss-Icon im undere rechte Egge zum konfiguriere oder verlasse vom Kinder Modus. Diin Pin Code wird erforderlich sii.",
    "ButtonConfigurePinCode": "Konfigurier de Pin Code",
    "HeaderAdultsReadHere": "Erwachseni bitte do lese!",
    "RegisterWithPayPal": "Registrier di mit PayPal",
    "HeaderSyncRequiresSupporterMembership": "Synchronisierig brucht en Supporter Mitgliedschaft",
    "HeaderEnjoyDayTrial": "Gn\u00fcss diin 14-T\u00e4g gratis Ziit zum teste",
    "LabelSyncTempPath": "Pfad f\u00f6r tempor\u00e4ri Date:",
    "LabelSyncTempPathHelp": "Gib en eigene Arbetsordner f\u00f6r d'Synchronisierig a. Konvertierti Medie werded w\u00e4hrend em Sync-Prozess det gspeichered.",
    "LabelCustomCertificatePath": "Eigene Pfad f\u00f6r Zertifikat:",
    "LabelCustomCertificatePathHelp": "Gib en eigene Pfad f\u00fcr SSL-Zertifikat (*.pfx) a. Falls ned, wird de Server es selber signierts Zertifikat erstelle.",
    "TitleNotifications": "Mitteilige",
    "ButtonDonateWithPayPal": "Spende mit PayPal",
    "OptionDetectArchiveFilesAsMedia": "Erkenn Archiv als Mediedateie",
    "OptionDetectArchiveFilesAsMediaHelp": "Falls aktiviert, werded *.rar und *.zip Date als Medie erkennt.",
    "LabelEnterConnectUserName": "Username or email:",
    "LabelEnterConnectUserNameHelp": "This is your Emby online account username or email.",
    "LabelEnableEnhancedMovies": "Aktivier erwiiterti Filmasichte",
    "LabelEnableEnhancedMoviesHelp": "Falls aktiviert, werded Film als ganzi Ordner inkl Trailer, Extras wie Casting & Crew und anderi wichtigi Date azeigt.",
    "HeaderSyncJobInfo": "Sync Job",
    "OptionReleaseDate": "Release Ziit:",
    "ButtonPlayTrailer": "Trailer",
    "LabelFailed": "Failed",
    "LabelSeries": "Series:",
    "ButtonFullscreen": "Toggle fullscreen",
    "ButtonAudioTracks": "Audio tracks",
    "ButtonPreviousTrack": "Previous track",
    "ButtonNextTrack": "Next track",
    "HeaderEpisodes": "Episodes:",
    "FolderTypeMovies": "Film",
    "FolderTypeMusic": "Musig",
    "FolderTypeAdultVideos": "Erwachseni Film",
    "FolderTypePhotos": "F\u00f6teli",
    "FolderTypeMusicVideos": "Musigvideos",
    "FolderTypeHomeVideos": "Heimvideos",
    "FolderTypeGames": "Games",
    "FolderTypeBooks": "B\u00fcecher",
    "FolderTypeTvShows": "TV",
    "FolderTypeInherit": "erbf\u00e4hig",
    "LabelContentType": "Date Art:",
    "TitleScheduledTasks": "Planti Ufgabe",
    "HeaderSetupLibrary": "Stell diini Mediebibliothek i",
    "ButtonAddMediaFolder": "F\u00fceg en Medieordner dezue.",
    "LabelFolderType": "Ordner Art:",
    "ReferToMediaLibraryWiki": "Lueg im Wiki f\u00f6r Mediebiblithek noh.",
    "LabelCountry": "Land:",
    "LabelLanguage": "Sproch:",
    "LabelTimeLimitHours": "Ziitlimit (h):",
    "ButtonJoinTheDevelopmentTeam": "Tritt eusem Entwicklerteam bi",
    "HeaderPreferredMetadataLanguage": "Bevorzuegti Metadate Sproch:",
    "LabelSaveLocalMetadata": "Speicher Bilder und Metadate i d'Medieordner",
    "LabelSaveLocalMetadataHelp": "Wennd Bilder und Metadate direkt i d'Medieordner speicherisch, chasch sie eifach weder finde und au bearbeite.",
    "LabelDownloadInternetMetadata": "Lade Bilder und Metadate vom Internet abe",
    "LabelDownloadInternetMetadataHelp": "Emby Server chan Infos vo diine Medie abelade um gr\u00f6sseri und sch\u00f6neri Asichte z'generiere.",
    "TabPreferences": "iistellige",
    "TabPassword": "Passwort",
    "TabLibraryAccess": "Bibliothek Zuegriff",
    "TabAccess": "Zuegriff",
    "TabImage": "Bild",
    "TabProfile": "Profil",
    "TabMetadata": "Metadate",
    "TabImages": "Bilder",
    "TabNotifications": "Mitteilige",
    "TabCollectionTitles": "Titel",
    "HeaderDeviceAccess": "Gr\u00e4t Zuegriff",
    "OptionEnableAccessFromAllDevices": "Aktiviere de Zuegriff vo allne Gr\u00e4t",
    "OptionEnableAccessToAllChannels": "Aktiviere de Zuegriff zu allne Kan\u00e4l",
    "OptionEnableAccessToAllLibraries": "Aktiviere de Zuegriff zu allne Bibliotheke",
    "DeviceAccessHelp": "Das betrifft nur Gr\u00e4t wo einzigartig indentifiziert werded und tuet ned Browser Zuegriff verhindere. En Filter f\u00f6r Gr\u00e4t Zuegriff verhindered, dass neui Gr\u00e4t dezue gf\u00fcegt werded, bovor si ned \u00fcberpr\u00fcefd worde sind.",
    "LabelDisplayMissingEpisodesWithinSeasons": "Zeig fehlendi Episode innerhalb vo de einzelne Staffle",
    "LabelUnairedMissingEpisodesWithinSeasons": "Zeig ned usgstrahlti Episode innerhalb vo de einzelne Staffle",
    "HeaderVideoPlaybackSettings": "Video Abspell iistellige",
    "HeaderPlaybackSettings": "Abspell iistellige",
    "LabelAudioLanguagePreference": "Audio Sproch iistellig:",
    "LabelSubtitleLanguagePreference": "Undertitel Sproch iistellig:",
    "OptionDefaultSubtitles": "Normal",
    "OptionOnlyForcedSubtitles": "Nur erzwungeni Undertitel",
    "OptionAlwaysPlaySubtitles": "Zeig immer Undertitel a",
    "OptionNoSubtitles": "Kei Undertitel",
    "OptionDefaultSubtitlesHelp": "Undertitel wo de Sproch iistellige gliich sind, werded nur glade, wenn d'Audiospur inere fr\u00f6mde Sproch esch.",
    "OptionOnlyForcedSubtitlesHelp": "Nur Undertitel wo erzwunge werded, werded glade.",
    "OptionAlwaysPlaySubtitlesHelp": "Undertitel wo de Sprochiistellige gliich sind, werded usnahmslos glade, egal uf d'Audiospur.",
    "OptionNoSubtitlesHelp": "Undertitel werded normalerwiis ned glade.",
    "TabProfiles": "Profil",
    "TabSecurity": "Sicherheit",
    "ButtonAddUser": "Erstell en User",
    "ButtonAddLocalUser": "Erstell en lokale User",
    "ButtonInviteUser": "Lad en User i",
    "ButtonSave": "Speichere",
    "ButtonResetPassword": "Passwort zrug setze",
    "LabelNewPassword": "Neus Passwort:",
    "LabelNewPasswordConfirm": "Neus Passwort best\u00e4tige:",
    "HeaderCreatePassword": "Erstell es Passwort",
    "LabelCurrentPassword": "Jetzigs Passwort:",
    "LabelMaxParentalRating": "Maximum erlaubti Kindersicherig:",
    "MaxParentalRatingHelp": "Date mit enere h\u00f6here Kindersicherig werded vo dem User versteckt.",
    "LibraryAccessHelp": "W\u00e4hl en Medieordner us, um de mit dem User z'teile. Administratore werded immer d'M\u00f6glichkeit ha alli Verzeichnis mitm Metadate Manager z'bearbeite.",
    "ChannelAccessHelp": "W\u00e4hl en Kanal us, um de mit dem User z'teile. Administratore werded immer d'M\u00f6glichkeit ha alli Kan\u00e4l mitm Metadate Manager z'bearbeite.",
    "ButtonDeleteImage": "L\u00f6sch Bild",
    "LabelSelectUsers": "W\u00e4hl User:",
    "ButtonUpload": "Upload",
    "HeaderUploadNewImage": "Lad es neus Bild ue",
    "LabelDropImageHere": "Leg es Bild do ab.",
    "ImageUploadAspectRatioHelp": "1:1 Siiteverh\u00e4ltnis w\u00e4r vo Vorteil - nur JPG\/PNG.",
    "MessageNothingHere": "Nix da.",
    "MessagePleaseEnsureInternetMetadata": "Bitte stell sicher, dass Abelade vo Metadate vom Internet aktiviert worde esch.",
    "TabSuggested": "Vorgschlage",
    "TabSuggestions": "Vorschl\u00e4g",
    "TabLatest": "Letschti",
    "TabUpcoming": "Usstehend",
    "TabShows": "Serie",
    "TabEpisodes": "Episode",
    "TabGenres": "Genre",
    "TabPeople": "Persone",
    "TabNetworks": "Studios",
    "HeaderUsers": "User",
    "HeaderFilters": "Filter:",
    "ButtonFilter": "Filter",
    "OptionFavorite": "Favorite",
    "OptionLikes": "Likes",
    "OptionDislikes": "Dislikes",
    "OptionActors": "Darsteller",
    "OptionGuestStars": "Gast Stars",
    "OptionDirectors": "Regisseur",
    "OptionWriters": "Autor",
    "OptionProducers": "Produzent",
    "HeaderResume": "Fortsetze",
    "HeaderNextUp": "Als n\u00f6chsts",
    "NoNextUpItemsMessage": "Nix da. Fang mal a Serie luege!",
    "HeaderLatestEpisodes": "Letschti Episode",
    "HeaderPersonTypes": "Persone Art:",
    "TabSongs": "Songs",
    "TabAlbums": "Albene",
    "TabArtists": "Artist",
    "TabAlbumArtists": "Album-Artist",
    "TabMusicVideos": "Musigvideos",
    "ButtonSort": "Sortiere",
    "HeaderSortBy": "Sortier nach:",
    "HeaderSortOrder": "Sortier Reihefolg:",
    "OptionPlayed": "Gspellt",
    "OptionUnplayed": "Ungspellt",
    "OptionAscending": "Ufstiigend",
    "OptionDescending": "Abstiigend",
    "OptionRuntime": "Laufziit",
    "OptionPlayCount": "Z\u00e4hler",
    "OptionDatePlayed": "Abgspellt am",
    "OptionDateAdded": "Dezue gf\u00fcegt am",
    "OptionAlbumArtist": "Album-Artist",
    "OptionArtist": "Artist",
    "OptionAlbum": "Album",
    "OptionTrackName": "Track Name",
    "OptionCommunityRating": "Community Bewertig",
    "OptionNameSort": "Name",
    "OptionFolderSort": "Ordner",
    "OptionBudget": "Budget",
    "OptionRevenue": "iinahme",
    "OptionPoster": "Poster",
    "OptionPosterCard": "Postercharte",
    "OptionBackdrop": "Hindergrund",
    "OptionTimeline": "Ziitlinie",
    "OptionThumb": "Thumb",
    "OptionThumbCard": "Thumbcharte",
    "OptionBanner": "Banner",
    "OptionCriticRating": "Kritiker Bewertig",
    "OptionVideoBitrate": "Video Bitrate",
    "OptionResumable": "Chan fortgsetzt werde",
    "ScheduledTasksHelp": "Klick uf en Ufgab zum di entsprechend Planig iistelle.",
    "ScheduledTasksTitle": "Planti Ufgabe",
    "TabMyPlugins": "Miini Plugins",
    "TabCatalog": "Katalog",
    "TitlePlugins": "Plugins",
    "HeaderAutomaticUpdates": "Automatischi Updates",
    "HeaderNowPlaying": "Jetz am spelle",
    "HeaderLatestAlbums": "Letschti Albene",
    "HeaderLatestSongs": "Letschti Songs",
    "HeaderRecentlyPlayed": "Erst grad dezue gf\u00fcegt",
    "HeaderFrequentlyPlayed": "Vell gspellt",
    "DevBuildWarning": "Dev-Builds sind experimentell, werded vell versione releasd und sind \u00f6ppe die mal ned tested worde. Die Software chan abst\u00fcrze und die komplette Features m\u00fcend ned zwingend funktioniere laufe.",
    "LabelVideoType": "Video Art:",
    "OptionBluray": "BluRay",
    "OptionDvd": "DVD",
    "OptionIso": "ISO",
    "Option3D": "3D",
    "LabelFeatures": "Features:",
    "LabelService": "Service:",
    "LabelStatus": "Status:",
    "LabelVersion": "Version:",
    "LabelLastResult": "Letschti Ergebnis:",
    "OptionHasSubtitles": "Undertitel",
    "OptionHasTrailer": "Trailer",
    "OptionHasThemeSong": "Theme Song",
    "OptionHasThemeVideo": "Theme Video",
    "TabMovies": "Film",
    "TabStudios": "Studios",
    "TabTrailers": "Trailers",
    "LabelArtists": "Artist:",
    "LabelArtistsHelp": "Trenn mehreri iistr\u00e4g dur es ;",
    "HeaderLatestMovies": "Letschti Film",
    "HeaderLatestTrailers": "Letschti Trailer",
    "OptionHasSpecialFeatures": "Special Features",
    "OptionImdbRating": "IMDB Bewertig",
    "OptionParentalRating": "Altersfriigab",
    "OptionPremiereDate": "Premiere Datum",
    "TabBasic": "Eifach",
    "TabAdvanced": "Erwiitert",
    "HeaderStatus": "Status",
    "OptionContinuing": "Fortlaufend",
    "OptionEnded": "Beendent",
    "HeaderAirDays": "Usstrahligs T\u00e4g",
    "OptionSunday": "Sonntig",
    "OptionMonday": "M\u00e4ntig",
    "OptionTuesday": "Tsischtig",
    "OptionWednesday": "Mittwoch",
    "OptionThursday": "Donnstig",
    "OptionFriday": "Friitig",
    "OptionSaturday": "Samstig",
    "HeaderManagement": "Verwaltig",
    "LabelManagement": "Verwaltig:",
    "OptionMissingImdbId": "Fehlendi IMDB ID",
    "OptionMissingTvdbId": "Missing TheTVDB Id",
    "OptionMissingOverview": "Missing Overview",
    "OptionFileMetadataYearMismatch": "File\/Metadata Years Mismatched",
    "TabGeneral": "General",
    "TitleSupport": "Support",
    "LabelSeasonNumber": "Season number",
    "TabLog": "Log",
    "LabelEpisodeNumber": "Episode number",
    "TabAbout": "About",
    "TabSupporterKey": "Supporter Key",
    "TabBecomeSupporter": "Become a Supporter",
    "ProjectHasCommunity": "Emby has a thriving community of users and contributors.",
    "CheckoutKnowledgeBase": "Check out our knowledge base to help you get the most out of Emby.",
    "SearchKnowledgeBase": "Search the Knowledge Base",
    "VisitTheCommunity": "Visit the Community",
    "VisitProjectWebsite": "Visit the Emby Web Site",
    "VisitProjectWebsiteLong": "Visit the Emby Web site to catch the latest news and keep up with the developer blog.",
    "OptionHideUser": "Hide this user from login screens",
    "OptionHideUserFromLoginHelp": "Useful for private or hidden administrator accounts. The user will need to sign in manually by entering their username and password.",
    "OptionDisableUser": "Disable this user",
    "OptionDisableUserHelp": "If disabled the server will not allow any connections from this user. Existing connections will be abruptly terminated.",
    "HeaderAdvancedControl": "Advanced Control",
    "LabelName": "Name:",
    "ButtonHelp": "Help",
    "OptionAllowUserToManageServer": "Allow this user to manage the server",
    "HeaderFeatureAccess": "Feature Access",
    "OptionAllowMediaPlayback": "Allow media playback",
    "OptionAllowBrowsingLiveTv": "Allow Live TV access",
    "OptionAllowDeleteLibraryContent": "Allow media deletion",
    "OptionAllowManageLiveTv": "Allow Live TV recording management",
    "OptionAllowRemoteControlOthers": "Allow remote control of other users",
    "OptionAllowRemoteSharedDevices": "Allow remote control of shared devices",
    "OptionAllowRemoteSharedDevicesHelp": "Dlna devices are considered shared until a user begins controlling it.",
    "OptionAllowLinkSharing": "Allow social media sharing",
    "OptionAllowLinkSharingHelp": "Only web pages containing media information are shared. Media files are never shared publicly. Shares are time-limited and will expire based on your server sharing settings.",
    "HeaderSharing": "Sharing",
    "HeaderRemoteControl": "Remote Control",
    "OptionMissingTmdbId": "Missing Tmdb Id",
    "OptionIsHD": "HD",
    "OptionIsSD": "SD",
    "OptionMetascore": "Metascore",
    "ButtonSelect": "Select",
    "ButtonGroupVersions": "Group Versions",
    "PismoMessage": "Utilizing Pismo File Mount through a donated license.",
    "TangibleSoftwareMessage": "Utilizing Tangible Solutions Java\/C# converters through a donated license.",
    "HeaderCredits": "Credits",
    "PleaseSupportOtherProduces": "Please support other free products we utilize:",
    "VersionNumber": "Version {0}",
    "TabPaths": "Paths",
    "TabServer": "Server",
    "TabTranscoding": "Transcoding",
    "TitleAdvanced": "Advanced",
    "LabelAutomaticUpdateLevel": "Automatic update level",
    "OptionRelease": "Official Release",
    "OptionBeta": "Beta",
    "OptionDev": "Dev (Unstable)",
    "LabelAllowServerAutoRestart": "Allow the server to restart automatically to apply updates",
    "LabelAllowServerAutoRestartHelp": "The server will only restart during idle periods, when no users are active.",
    "LabelEnableDebugLogging": "Enable debug logging",
    "LabelRunServerAtStartup": "Run server at startup",
    "LabelRunServerAtStartupHelp": "This will start the tray icon on windows startup. To start the windows service, uncheck this and run the service from the windows control panel. Please note that you cannot run both at the same time, so you will need to exit the tray icon before starting the service.",
    "ButtonSelectDirectory": "Select Directory",
    "LabelCustomPaths": "Specify custom paths where desired. Leave fields empty to use the defaults.",
    "LabelCachePath": "Cache path:",
    "LabelCachePathHelp": "Specify a custom location for server cache files, such as images. Leave blank to use the server default.",
    "LabelRecordingPath": "Recording path:",
    "LabelRecordingPathHelp": "Specify a custom location to save recordings. Leave blank to use the server default.",
    "LabelImagesByNamePath": "Images by name path:",
    "LabelImagesByNamePathHelp": "Specify a custom location for downloaded actor, genre and studio images.",
    "LabelMetadataPath": "Metadata path:",
    "LabelMetadataPathHelp": "Specify a custom location for downloaded artwork and metadata, if not saving within media folders.",
    "LabelTranscodingTempPath": "Transcoding temporary path:",
    "LabelTranscodingTempPathHelp": "This folder contains working files used by the transcoder. Specify a custom path, or leave empty to use the default within the server's data folder.",
    "TabBasics": "Basics",
    "TabTV": "TV",
    "TabGames": "Games",
    "TabMusic": "Music",
    "TabOthers": "Others",
    "HeaderExtractChapterImagesFor": "Extract chapter images for:",
    "OptionMovies": "Movies",
    "OptionEpisodes": "Episodes",
    "OptionOtherVideos": "Other Videos",
    "TitleMetadata": "Metadata",
    "LabelAutomaticUpdates": "Enable automatic updates",
    "LabelAutomaticUpdatesTmdb": "Enable automatic updates from TheMovieDB.org",
    "LabelAutomaticUpdatesTvdb": "Enable automatic updates from TheTVDB.com",
    "LabelAutomaticUpdatesFanartHelp": "If enabled, new images will be downloaded automatically as they're added to fanart.tv. Existing images will not be replaced. This will cause library scans to take longer and will result in more disk activity.",
    "LabelAutomaticUpdatesTmdbHelp": "If enabled, new images will be downloaded automatically as they're added to TheMovieDB.org. Existing images will not be replaced. This will cause library scans to take longer and will result in more disk activity.",
    "LabelAutomaticUpdatesTvdbHelp": "If enabled, new images will be downloaded automatically as they're added to TheTVDB.com. Existing images will not be replaced. This will cause library scans to take longer and will result in more disk activity.",
    "LabelFanartApiKey": "Personal api key:",
    "LabelFanartApiKeyHelp": "Requests to fanart without a personal API key return results that were approved over 7 days ago. With a personal API key that drops to 48 hours and if you are also a fanart VIP member that will further drop to around 10 minutes.",
    "ExtractChapterImagesHelp": "Extracting chapter images will allow clients to display graphical scene selection menus. The process can be slow, cpu-intensive and may require several gigabytes of space. It runs when videos are discovered, and also as a nightly scheduled task. The schedule is configurable in the scheduled tasks area. It is not recommended to run this task during peak usage hours.",
    "LabelMetadataDownloadLanguage": "Preferred download language:",
    "ButtonAutoScroll": "Auto-scroll",
    "LabelImageSavingConvention": "Image saving convention:",
    "LabelImageSavingConventionHelp": "Emby recognizes images from most major media applications. Choosing your downloading convention is useful if you also use other products.",
    "OptionImageSavingCompatible": "Compatible - Emby\/Kodi\/Plex",
    "OptionImageSavingStandard": "Standard - MB2",
    "ButtonSignIn": "Sign In",
    "TitleSignIn": "Sign In",
    "HeaderPleaseSignIn": "Please sign in",
    "LabelUser": "User:",
    "LabelPassword": "Password:",
    "ButtonManualLogin": "Manual Login",
    "PasswordLocalhostMessage": "Passwords are not required when logging in from localhost.",
    "TabGuide": "Guide",
    "TabChannels": "Channels",
    "TabCollections": "Collections",
    "HeaderChannels": "Channels",
    "TabRecordings": "Recordings",
    "TabScheduled": "Scheduled",
    "TabSeries": "Series",
    "TabFavorites": "Favorites",
    "TabMyLibrary": "My Library",
    "ButtonCancelRecording": "Cancel Recording",
    "HeaderPrePostPadding": "Pre\/Post Padding",
    "LabelPrePaddingMinutes": "Pre-padding minutes:",
    "OptionPrePaddingRequired": "Pre-padding is required in order to record.",
    "LabelPostPaddingMinutes": "Post-padding minutes:",
    "OptionPostPaddingRequired": "Post-padding is required in order to record.",
    "HeaderWhatsOnTV": "What's On",
    "HeaderUpcomingTV": "Upcoming TV",
    "TabStatus": "Status",
    "TabSettings": "Settings",
    "ButtonRefreshGuideData": "Refresh Guide Data",
    "ButtonRefresh": "Refresh",
    "ButtonAdvancedRefresh": "Advanced Refresh",
    "OptionPriority": "Priority",
    "OptionRecordOnAllChannels": "Record on all channels",
    "OptionRecordAnytime": "Record at any time",
    "OptionRecordOnlyNewEpisodes": "Record only new episodes",
    "HeaderRepeatingOptions": "Repeating Options",
    "HeaderDays": "Days",
    "HeaderActiveRecordings": "Active Recordings",
    "HeaderLatestRecordings": "Latest Recordings",
    "HeaderAllRecordings": "All Recordings",
    "ButtonPlay": "Play",
    "ButtonEdit": "Edit",
    "ButtonRecord": "Record",
    "ButtonDelete": "Delete",
    "ButtonRemove": "Remove",
    "OptionRecordSeries": "Record Series",
    "HeaderDetails": "Details",
    "TitleLiveTV": "Live TV",
    "LabelNumberOfGuideDays": "Number of days of guide data to download:",
    "LabelNumberOfGuideDaysHelp": "Downloading more days worth of guide data provides the ability to schedule out further in advance and view more listings, but it will also take longer to download. Auto will choose based on the number of channels.",
    "OptionAutomatic": "Auto",
    "HeaderServices": "Services",
    "LiveTvPluginRequired": "A Live TV service provider plugin is required in order to continue.",
    "LiveTvPluginRequiredHelp": "Please install one of our available plugins, such as Next Pvr or ServerWmc.",
    "LabelCustomizeOptionsPerMediaType": "Customize for media type:",
    "OptionDownloadThumbImage": "Thumb",
    "OptionDownloadMenuImage": "Menu",
    "OptionDownloadLogoImage": "Logo",
    "OptionDownloadBoxImage": "Box",
    "OptionDownloadDiscImage": "Disc",
    "OptionDownloadBannerImage": "Banner",
    "OptionDownloadBackImage": "Back",
    "OptionDownloadArtImage": "Art",
    "OptionDownloadPrimaryImage": "Primary",
    "HeaderFetchImages": "Fetch Images:",
    "HeaderImageSettings": "Image Settings",
    "TabOther": "Other",
    "LabelMaxBackdropsPerItem": "Maximum number of backdrops per item:",
    "LabelMaxScreenshotsPerItem": "Maximum number of screenshots per item:",
    "LabelMinBackdropDownloadWidth": "Minimum backdrop download width:",
    "LabelMinScreenshotDownloadWidth": "Minimum screenshot download width:",
    "ButtonAddScheduledTaskTrigger": "Add Trigger",
    "HeaderAddScheduledTaskTrigger": "Add Trigger",
    "ButtonAdd": "Add",
    "LabelTriggerType": "Trigger Type:",
    "OptionDaily": "Daily",
    "OptionWeekly": "Weekly",
    "OptionOnInterval": "On an interval",
    "OptionOnAppStartup": "On application startup",
    "OptionAfterSystemEvent": "After a system event",
    "LabelDay": "Day:",
    "LabelTime": "Time:",
    "LabelEvent": "Event:",
    "OptionWakeFromSleep": "Wake from sleep",
    "LabelEveryXMinutes": "Every:",
    "HeaderTvTuners": "Tuners",
    "HeaderGallery": "Gallery",
    "HeaderLatestGames": "Latest Games",
    "HeaderRecentlyPlayedGames": "Recently Played Games",
    "TabGameSystems": "Game Systems",
    "TitleMediaLibrary": "Media Library",
    "TabFolders": "Folders",
    "TabPathSubstitution": "Path Substitution",
    "LabelSeasonZeroDisplayName": "Season 0 display name:",
    "LabelEnableRealtimeMonitor": "Enable real time monitoring",
    "LabelEnableRealtimeMonitorHelp": "Changes will be processed immediately, on supported file systems.",
    "ButtonScanLibrary": "Scan Library",
    "HeaderNumberOfPlayers": "Players:",
    "OptionAnyNumberOfPlayers": "Any",
    "Option1Player": "1+",
    "Option2Player": "2+",
    "Option3Player": "3+",
    "Option4Player": "4+",
    "HeaderMediaFolders": "Media Folders",
    "HeaderThemeVideos": "Theme Videos",
    "HeaderThemeSongs": "Theme Songs",
    "HeaderScenes": "Scenes",
    "HeaderAwardsAndReviews": "Awards and Reviews",
    "HeaderSoundtracks": "Soundtracks",
    "HeaderMusicVideos": "Music Videos",
    "HeaderSpecialFeatures": "Special Features",
    "HeaderCastCrew": "Cast & Crew",
    "HeaderAdditionalParts": "Additional Parts",
    "ButtonSplitVersionsApart": "Split Versions Apart",
    "LabelMissing": "Missing",
    "LabelOffline": "Offline",
    "PathSubstitutionHelp": "Path substitutions are used for mapping a path on the server to a path that clients are able to access. By allowing clients direct access to media on the server they may be able to play them directly over the network and avoid using server resources to stream and transcode them.",
    "HeaderFrom": "From",
    "HeaderTo": "To",
    "LabelFrom": "From:",
    "LabelFromHelp": "Example: D:\\Movies (on the server)",
    "LabelTo": "To:",
    "LabelToHelp": "Example: \\\\MyServer\\Movies (a path clients can access)",
    "ButtonAddPathSubstitution": "Add Substitution",
    "OptionSpecialEpisode": "Specials",
    "OptionMissingEpisode": "Missing Episodes",
    "OptionUnairedEpisode": "Unaired Episodes",
    "OptionEpisodeSortName": "Episode Sort Name",
    "OptionSeriesSortName": "Series Name",
    "OptionTvdbRating": "Tvdb Rating",
    "HeaderTranscodingQualityPreference": "Transcoding Quality Preference:",
    "OptionAutomaticTranscodingHelp": "The server will decide quality and speed",
    "OptionHighSpeedTranscodingHelp": "Lower quality, but faster encoding",
    "OptionHighQualityTranscodingHelp": "Higher quality, but slower encoding",
    "OptionMaxQualityTranscodingHelp": "Best quality with slower encoding and high CPU usage",
    "OptionHighSpeedTranscoding": "Higher speed",
    "OptionHighQualityTranscoding": "Higher quality",
    "OptionMaxQualityTranscoding": "Max quality",
    "OptionEnableDebugTranscodingLogging": "Enable debug transcoding logging",
    "OptionEnableDebugTranscodingLoggingHelp": "This will create very large log files and is only recommended as needed for troubleshooting purposes.",
    "EditCollectionItemsHelp": "Add or remove any movies, series, albums, books or games you wish to group within this collection.",
    "HeaderAddTitles": "Add Titles",
    "LabelEnableDlnaPlayTo": "Enable DLNA Play To",
    "LabelEnableDlnaPlayToHelp": "Emby can detect devices within your network and offer the ability to remote control them.",
    "LabelEnableDlnaDebugLogging": "Enable DLNA debug logging",
    "LabelEnableDlnaDebugLoggingHelp": "This will create large log files and should only be used as needed for troubleshooting purposes.",
    "LabelEnableDlnaClientDiscoveryInterval": "Client discovery interval (seconds)",
    "LabelEnableDlnaClientDiscoveryIntervalHelp": "Determines the duration in seconds between SSDP searches performed by Emby.",
    "HeaderCustomDlnaProfiles": "Custom Profiles",
    "HeaderSystemDlnaProfiles": "System Profiles",
    "CustomDlnaProfilesHelp": "Create a custom profile to target a new device or override a system profile.",
    "SystemDlnaProfilesHelp": "System profiles are read-only. Changes to a system profile will be saved to a new custom profile.",
    "TitleDashboard": "Dashboard",
    "TabHome": "Home",
    "TabInfo": "Info",
    "HeaderLinks": "Links",
    "HeaderSystemPaths": "System Paths",
    "LinkCommunity": "Community",
    "LinkGithub": "Github",
    "LinkApi": "Api",
    "LinkApiDocumentation": "Api Documentation",
    "LabelFriendlyServerName": "Friendly server name:",
    "LabelFriendlyServerNameHelp": "This name will be used to identify this server. If left blank, the computer name will be used.",
    "LabelPreferredDisplayLanguage": "Preferred display language:",
    "LabelPreferredDisplayLanguageHelp": "Translating Emby is an ongoing project.",
    "LabelReadHowYouCanContribute": "Learn how you can contribute.",
    "HeaderNewCollection": "New Collection",
    "ButtonSubmit": "Submit",
    "ButtonCreate": "Create",
    "LabelCustomCss": "Custom css:",
    "LabelCustomCssHelp": "Apply your own custom css to the web interface.",
    "LabelLocalHttpServerPortNumber": "Local http port number:",
    "LabelLocalHttpServerPortNumberHelp": "The tcp port number that Emby's http server should bind to.",
    "LabelPublicHttpPort": "Public http port number:",
    "LabelPublicHttpPortHelp": "The public port number that should be mapped to the local http port.",
    "LabelPublicHttpsPort": "Public https port number:",
    "LabelPublicHttpsPortHelp": "The public port number that should be mapped to the local https port.",
    "LabelEnableHttps": "Report https as external address",
    "LabelEnableHttpsHelp": "If enabled, the server will report an https url to clients as it's external address.",
    "LabelHttpsPort": "Local https port number:",
    "LabelHttpsPortHelp": "The tcp port number that Emby's https server should bind to.",
    "LabelWebSocketPortNumber": "Web socket port number:",
    "LabelEnableAutomaticPortMap": "Enable automatic port mapping",
    "LabelEnableAutomaticPortMapHelp": "Attempt to automatically map the public port to the local port via UPnP. This may not work with some router models.",
    "LabelExternalDDNS": "External WAN Address:",
    "LabelExternalDDNSHelp": "If you have a dynamic DNS enter it here. Emby apps will use it when connecting remotely. Leave empty for automatic detection.",
    "TabResume": "Resume",
    "TabWeather": "Weather",
    "TitleAppSettings": "App Settings",
    "LabelMinResumePercentage": "Min resume percentage:",
    "LabelMaxResumePercentage": "Max resume percentage:",
    "LabelMinResumeDuration": "Min resume duration (seconds):",
    "LabelMinResumePercentageHelp": "Titles are assumed unplayed if stopped before this time",
    "LabelMaxResumePercentageHelp": "Titles are assumed fully played if stopped after this time",
    "LabelMinResumeDurationHelp": "Titles shorter than this will not be resumable",
    "TitleAutoOrganize": "Auto-Organize",
    "TabActivityLog": "Activity Log",
    "HeaderName": "Name",
    "HeaderDate": "Date",
    "HeaderSource": "Source",
    "HeaderDestination": "Destination",
    "HeaderProgram": "Program",
    "HeaderClients": "Clients",
    "LabelCompleted": "Completed",
    "LabelSkipped": "Skipped",
    "HeaderEpisodeOrganization": "Episode Organization",
    "LabelEndingEpisodeNumber": "Ending episode number:",
    "LabelEndingEpisodeNumberHelp": "Only required for multi-episode files",
    "HeaderSupportTheTeam": "Support the Emby Team",
    "LabelSupportAmount": "Amount (USD)",
    "HeaderSupportTheTeamHelp": "Help ensure the continued development of this project by donating. A portion of all donations will be contributed to other free tools we depend on.",
    "ButtonEnterSupporterKey": "Enter supporter key",
    "DonationNextStep": "Once complete, please return and enter your supporter key, which you will receive by email.",
    "AutoOrganizeHelp": "Auto-organize monitors your download folders for new files and moves them to your media directories.",
    "AutoOrganizeTvHelp": "TV file organizing will only add episodes to existing series. It will not create new series folders.",
    "OptionEnableEpisodeOrganization": "Enable new episode organization",
    "LabelWatchFolder": "Watch folder:",
    "LabelWatchFolderHelp": "The server will poll this folder during the 'Organize new media files' scheduled task.",
    "ButtonViewScheduledTasks": "View scheduled tasks",
    "LabelMinFileSizeForOrganize": "Minimum file size (MB):",
    "LabelMinFileSizeForOrganizeHelp": "Files under this size will be ignored.",
    "LabelSeasonFolderPattern": "Season folder pattern:",
    "LabelSeasonZeroFolderName": "Season zero folder name:",
    "HeaderEpisodeFilePattern": "Episode file pattern",
    "LabelEpisodePattern": "Episode pattern:",
    "LabelMultiEpisodePattern": "Multi-Episode pattern:",
    "HeaderSupportedPatterns": "Supported Patterns",
    "HeaderTerm": "Term",
    "HeaderPattern": "Pattern",
    "HeaderResult": "Result",
    "LabelDeleteEmptyFolders": "Delete empty folders after organizing",
    "LabelDeleteEmptyFoldersHelp": "Enable this to keep the download directory clean.",
    "LabelDeleteLeftOverFiles": "Delete left over files with the following extensions:",
    "LabelDeleteLeftOverFilesHelp": "Separate with ;. For example: .nfo;.txt",
    "OptionOverwriteExistingEpisodes": "Overwrite existing episodes",
    "LabelTransferMethod": "Transfer method",
    "OptionCopy": "Copy",
    "OptionMove": "Move",
    "LabelTransferMethodHelp": "Copy or move files from the watch folder",
    "HeaderLatestNews": "Latest News",
    "HeaderHelpImproveProject": "Help Improve Emby",
    "HeaderRunningTasks": "Running Tasks",
    "HeaderActiveDevices": "Active Devices",
    "HeaderPendingInstallations": "Pending Installations",
    "HeaderServerInformation": "Server Information",
    "ButtonRestartNow": "Restart Now",
    "ButtonRestart": "Restart",
    "ButtonShutdown": "Shutdown",
    "ButtonUpdateNow": "Update Now",
    "TabHosting": "Hosting",
    "PleaseUpdateManually": "Please shutdown the server and update manually.",
    "NewServerVersionAvailable": "A new version of Emby Server is available!",
    "ServerUpToDate": "Emby Server is up to date",
    "LabelComponentsUpdated": "The following components have been installed or updated:",
    "MessagePleaseRestartServerToFinishUpdating": "Please restart the server to finish applying updates.",
    "LabelDownMixAudioScale": "Audio boost when downmixing:",
    "LabelDownMixAudioScaleHelp": "Boost audio when downmixing. Set to 1 to preserve original volume value.",
    "ButtonLinkKeys": "Transfer Key",
    "LabelOldSupporterKey": "Old supporter key",
    "LabelNewSupporterKey": "New supporter key",
    "HeaderMultipleKeyLinking": "Transfer to New Key",
    "MultipleKeyLinkingHelp": "If you received a new supporter key, use this form to transfer the old key's registrations to your new one.",
    "LabelCurrentEmailAddress": "Current email address",
    "LabelCurrentEmailAddressHelp": "The current email address to which your new key was sent.",
    "HeaderForgotKey": "Forgot Key",
    "LabelEmailAddress": "Email address",
    "LabelSupporterEmailAddress": "The email address that was used to purchase the key.",
    "ButtonRetrieveKey": "Retrieve Key",
    "LabelSupporterKey": "Supporter Key (paste from email)",
    "LabelSupporterKeyHelp": "Enter your supporter key to start enjoying additional benefits the community has developed for Emby.",
    "MessageInvalidKey": "Supporter key is missing or invalid.",
    "ErrorMessageInvalidKey": "In order for any premium content to be registered, you must also be an Emby Supporter. Please donate and support the continued development of the core product. Thank you.",
    "HeaderDisplaySettings": "Display Settings",
    "TabPlayTo": "Play To",
    "LabelEnableDlnaServer": "Enable Dlna server",
    "LabelEnableDlnaServerHelp": "Allows UPnP devices on your network to browse and play Emby content.",
    "LabelEnableBlastAliveMessages": "Blast alive messages",
    "LabelEnableBlastAliveMessagesHelp": "Enable this if the server is not detected reliably by other UPnP devices on your network.",
    "LabelBlastMessageInterval": "Alive message interval (seconds)",
    "LabelBlastMessageIntervalHelp": "Determines the duration in seconds between server alive messages.",
    "LabelDefaultUser": "Default user:",
    "LabelDefaultUserHelp": "Determines which user library should be displayed on connected devices. This can be overridden for each device using profiles.",
    "TitleDlna": "DLNA",
    "TitleChannels": "Channels",
    "HeaderServerSettings": "Server Settings",
    "LabelWeatherDisplayLocation": "Weather display location:",
    "LabelWeatherDisplayLocationHelp": "US zip code \/ City, State, Country \/ City, Country",
    "LabelWeatherDisplayUnit": "Weather display unit:",
    "OptionCelsius": "Celsius",
    "OptionFahrenheit": "Fahrenheit",
    "HeaderRequireManualLogin": "Require manual username entry for:",
    "HeaderRequireManualLoginHelp": "When disabled clients may present a login screen with a visual selection of users.",
    "OptionOtherApps": "Other apps",
    "OptionMobileApps": "Mobile apps",
    "HeaderNotificationList": "Click on a notification to configure it's sending options.",
    "NotificationOptionApplicationUpdateAvailable": "Application update available",
    "NotificationOptionApplicationUpdateInstalled": "Application update installed",
    "NotificationOptionPluginUpdateInstalled": "Plugin update installed",
    "NotificationOptionPluginInstalled": "Plugin installed",
    "NotificationOptionPluginUninstalled": "Plugin uninstalled",
    "NotificationOptionVideoPlayback": "Video playback started",
    "NotificationOptionAudioPlayback": "Audio playback started",
    "NotificationOptionGamePlayback": "Game playback started",
    "NotificationOptionVideoPlaybackStopped": "Video playback stopped",
    "NotificationOptionAudioPlaybackStopped": "Audio playback stopped",
    "NotificationOptionGamePlaybackStopped": "Game playback stopped",
    "NotificationOptionTaskFailed": "Scheduled task failure",
    "NotificationOptionInstallationFailed": "Installation failure",
    "NotificationOptionNewLibraryContent": "New content added",
    "NotificationOptionNewLibraryContentMultiple": "New content added (multiple)",
    "NotificationOptionCameraImageUploaded": "Camera image uploaded",
    "NotificationOptionUserLockedOut": "User locked out",
    "HeaderSendNotificationHelp": "Notifications are delivered to your Emby inbox. Additional options can be installed from the Services tab.",
    "NotificationOptionServerRestartRequired": "Server restart required",
    "LabelNotificationEnabled": "Enable this notification",
    "LabelMonitorUsers": "Monitor activity from:",
    "LabelSendNotificationToUsers": "Send the notification to:",
    "LabelUseNotificationServices": "Use the following services:",
    "CategoryUser": "User",
    "CategorySystem": "System",
    "CategoryApplication": "Application",
    "CategoryPlugin": "Plugin",
    "LabelMessageTitle": "Message title:",
    "LabelAvailableTokens": "Available tokens:",
    "AdditionalNotificationServices": "Browse the plugin catalog to install additional notification services.",
    "OptionAllUsers": "All users",
    "OptionAdminUsers": "Administrators",
    "OptionCustomUsers": "Custom",
    "ButtonArrowUp": "Up",
    "ButtonArrowDown": "Down",
    "ButtonArrowLeft": "Left",
    "ButtonArrowRight": "Right",
    "ButtonBack": "Back",
    "ButtonInfo": "Info",
    "ButtonOsd": "On screen display",
    "ButtonPageUp": "Page Up",
    "ButtonPageDown": "Page Down",
    "PageAbbreviation": "PG",
    "ButtonHome": "Home",
    "ButtonSearch": "Search",
    "ButtonSettings": "Settings",
    "ButtonTakeScreenshot": "Capture Screenshot",
    "ButtonLetterUp": "Letter Up",
    "ButtonLetterDown": "Letter Down",
    "PageButtonAbbreviation": "PG",
    "LetterButtonAbbreviation": "A",
    "TabNowPlaying": "Now Playing",
    "TabNavigation": "Navigation",
    "TabControls": "Controls",
    "ButtonScenes": "Scenes",
    "ButtonSubtitles": "Subtitles",
    "ButtonStop": "Stop",
    "ButtonPause": "Pause",
    "ButtonNext": "Next",
    "ButtonPrevious": "Previous",
    "LabelGroupMoviesIntoCollections": "Group movies into collections",
    "LabelGroupMoviesIntoCollectionsHelp": "When displaying movie lists, movies belonging to a collection will be displayed as one grouped item.",
    "NotificationOptionPluginError": "Plugin failure",
    "ButtonVolumeUp": "Volume up",
    "ButtonVolumeDown": "Volume down",
    "ButtonMute": "Mute",
    "HeaderLatestMedia": "Latest Media",
    "OptionSpecialFeatures": "Special Features",
    "HeaderCollections": "Collections",
    "LabelProfileCodecsHelp": "Separated by comma. This can be left empty to apply to all codecs.",
    "LabelProfileContainersHelp": "Separated by comma. This can be left empty to apply to all containers.",
    "HeaderResponseProfile": "Response Profile",
    "LabelType": "Type:",
    "LabelPersonRole": "Role:",
    "LabelPersonRoleHelp": "Role is generally only applicable to actors.",
    "LabelProfileContainer": "Container:",
    "LabelProfileVideoCodecs": "Video codecs:",
    "LabelProfileAudioCodecs": "Audio codecs:",
    "LabelProfileCodecs": "Codecs:",
    "HeaderDirectPlayProfile": "Direct Play Profile",
    "HeaderTranscodingProfile": "Transcoding Profile",
    "HeaderCodecProfile": "Codec Profile",
    "HeaderCodecProfileHelp": "Codec profiles indicate the limitations of a device when playing specific codecs. If a limitation applies then the media will be transcoded, even if the codec is configured for direct play.",
    "HeaderContainerProfile": "Container Profile",
    "HeaderContainerProfileHelp": "Container profiles indicate the limitations of a device when playing specific formats. If a limitation applies then the media will be transcoded, even if the format is configured for direct play.",
    "OptionProfileVideo": "Video",
    "OptionProfileAudio": "Audio",
    "OptionProfileVideoAudio": "Video Audio",
    "OptionProfilePhoto": "Photo",
    "LabelUserLibrary": "User library:",
    "LabelUserLibraryHelp": "Select which user library to display to the device. Leave empty to inherit the default setting.",
    "OptionPlainStorageFolders": "Display all folders as plain storage folders",
    "OptionPlainStorageFoldersHelp": "If enabled, all folders are represented in DIDL as \"object.container.storageFolder\" instead of a more specific type, such as \"object.container.person.musicArtist\".",
    "OptionPlainVideoItems": "Display all videos as plain video items",
    "OptionPlainVideoItemsHelp": "If enabled, all videos are represented in DIDL as \"object.item.videoItem\" instead of a more specific type, such as \"object.item.videoItem.movie\".",
    "LabelSupportedMediaTypes": "Supported Media Types:",
    "TabIdentification": "Identification",
    "HeaderIdentification": "Identification",
    "TabDirectPlay": "Direct Play",
    "TabContainers": "Containers",
    "TabCodecs": "Codecs",
    "TabResponses": "Responses",
    "HeaderProfileInformation": "Profile Information",
    "LabelEmbedAlbumArtDidl": "Embed album art in Didl",
    "LabelEmbedAlbumArtDidlHelp": "Some devices prefer this method for obtaining album art. Others may fail to play with this option enabled.",
    "LabelAlbumArtPN": "Album art PN:",
    "LabelAlbumArtHelp": "PN used for album art, within the dlna:profileID attribute on upnp:albumArtURI. Some clients require a specific value, regardless of the size of the image.",
    "LabelAlbumArtMaxWidth": "Album art max width:",
    "LabelAlbumArtMaxWidthHelp": "Max resolution of album art exposed via upnp:albumArtURI.",
    "LabelAlbumArtMaxHeight": "Album art max height:",
    "LabelAlbumArtMaxHeightHelp": "Max resolution of album art exposed via upnp:albumArtURI.",
    "LabelIconMaxWidth": "Icon max width:",
    "LabelIconMaxWidthHelp": "Max resolution of icons exposed via upnp:icon.",
    "LabelIconMaxHeight": "Icon max height:",
    "LabelIconMaxHeightHelp": "Max resolution of icons exposed via upnp:icon.",
    "LabelIdentificationFieldHelp": "A case-insensitive substring or regex expression.",
    "HeaderProfileServerSettingsHelp": "These values control how Emby Server will present itself to the device.",
    "LabelMaxBitrate": "Max bitrate:",
    "LabelMaxBitrateHelp": "Specify a max bitrate in bandwidth constrained environments, or if the device imposes it's own limit.",
    "LabelMaxStreamingBitrate": "Max streaming bitrate:",
    "LabelMaxStreamingBitrateHelp": "Specify a max bitrate when streaming.",
    "LabelMaxChromecastBitrate": "Max Chromecast bitrate:",
    "LabelMaxStaticBitrate": "Max sync bitrate:",
    "LabelMaxStaticBitrateHelp": "Specify a max bitrate when syncing content at high quality.",
    "LabelMusicStaticBitrate": "Music sync bitrate:",
    "LabelMusicStaticBitrateHelp": "Specify a max bitrate when syncing music",
    "LabelMusicStreamingTranscodingBitrate": "Music transcoding bitrate:",
    "LabelMusicStreamingTranscodingBitrateHelp": "Specify a max bitrate when streaming music",
    "OptionIgnoreTranscodeByteRangeRequests": "Ignore transcode byte range requests",
    "OptionIgnoreTranscodeByteRangeRequestsHelp": "If enabled, these requests will be honored but will ignore the byte range header.",
    "LabelFriendlyName": "Friendly name",
    "LabelManufacturer": "Manufacturer",
    "LabelManufacturerUrl": "Manufacturer url",
    "LabelModelName": "Model name",
    "LabelModelNumber": "Model number",
    "LabelModelDescription": "Model description",
    "LabelModelUrl": "Model url",
    "LabelSerialNumber": "Serial number",
    "LabelDeviceDescription": "Device description",
    "HeaderIdentificationCriteriaHelp": "Enter at least one identification criteria.",
    "HeaderDirectPlayProfileHelp": "Add direct play profiles to indicate which formats the device can handle natively.",
    "HeaderTranscodingProfileHelp": "Add transcoding profiles to indicate which formats should be used when transcoding is required.",
    "HeaderResponseProfileHelp": "Response profiles provide a way to customize information sent to the device when playing certain kinds of media.",
    "LabelXDlnaCap": "X-Dlna cap:",
    "LabelXDlnaCapHelp": "Determines the content of the X_DLNACAP element in the urn:schemas-dlna-org:device-1-0 namespace.",
    "LabelXDlnaDoc": "X-Dlna doc:",
    "LabelXDlnaDocHelp": "Determines the content of the X_DLNADOC element in the urn:schemas-dlna-org:device-1-0 namespace.",
    "LabelSonyAggregationFlags": "Sony aggregation flags:",
    "LabelSonyAggregationFlagsHelp": "Determines the content of the aggregationFlags element in the urn:schemas-sonycom:av namespace.",
    "LabelTranscodingContainer": "Container:",
    "LabelTranscodingVideoCodec": "Video codec:",
    "LabelTranscodingVideoProfile": "Video profile:",
    "LabelTranscodingAudioCodec": "Audio codec:",
    "OptionEnableM2tsMode": "Enable M2ts mode",
    "OptionEnableM2tsModeHelp": "Enable m2ts mode when encoding to mpegts.",
    "OptionEstimateContentLength": "Estimate content length when transcoding",
    "OptionReportByteRangeSeekingWhenTranscoding": "Report that the server supports byte seeking when transcoding",
    "OptionReportByteRangeSeekingWhenTranscodingHelp": "This is required for some devices that don't time seek very well.",
    "HeaderSubtitleDownloadingHelp": "When Emby scans your video files it can search for missing subtitles, and download them using a subtitle provider such as OpenSubtitles.org.",
    "HeaderDownloadSubtitlesFor": "Download subtitles for:",
    "MessageNoChapterProviders": "Install a chapter provider plugin such as ChapterDb to enable additional chapter options.",
    "LabelSkipIfGraphicalSubsPresent": "Skip if the video already contains graphical subtitles",
    "LabelSkipIfGraphicalSubsPresentHelp": "Keeping text versions of subtitles will result in more efficient delivery and decrease the likelihood of video transcoding.",
    "TabSubtitles": "Subtitles",
    "TabChapters": "Chapters",
    "HeaderDownloadChaptersFor": "Download chapter names for:",
    "LabelOpenSubtitlesUsername": "Open Subtitles username:",
    "LabelOpenSubtitlesPassword": "Open Subtitles password:",
    "HeaderChapterDownloadingHelp": "When Emby scans your video files it can download friendly chapter names from the internet using chapter plugins such as ChapterDb.",
    "LabelPlayDefaultAudioTrack": "Play default audio track regardless of language",
    "LabelSubtitlePlaybackMode": "Subtitle mode:",
    "LabelDownloadLanguages": "Download languages:",
    "ButtonRegister": "Register",
    "LabelSkipIfAudioTrackPresent": "Skip if the default audio track matches the download language",
    "LabelSkipIfAudioTrackPresentHelp": "Uncheck this to ensure all videos have subtitles, regardless of audio language.",
    "HeaderSendMessage": "Send Message",
    "ButtonSend": "Send",
    "LabelMessageText": "Message text:",
    "MessageNoAvailablePlugins": "No available plugins.",
    "LabelDisplayPluginsFor": "Display plugins for:",
    "PluginTabAppClassic": "Emby Classic",
    "PluginTabAppTheater": "Emby Theater",
    "LabelEpisodeNamePlain": "Episode name",
    "LabelSeriesNamePlain": "Series name",
    "ValueSeriesNamePeriod": "Series.name",
    "ValueSeriesNameUnderscore": "Series_name",
    "ValueEpisodeNamePeriod": "Episode.name",
    "ValueEpisodeNameUnderscore": "Episode_name",
    "LabelSeasonNumberPlain": "Season number",
    "LabelEpisodeNumberPlain": "Episode number",
    "LabelEndingEpisodeNumberPlain": "Ending episode number",
    "HeaderTypeText": "Enter Text",
    "LabelTypeText": "Text",
    "HeaderSearchForSubtitles": "Search for Subtitles",
    "ButtonMore": "More",
    "MessageNoSubtitleSearchResultsFound": "No search results founds.",
    "TabDisplay": "Display",
    "TabLanguages": "Languages",
    "TabAppSettings": "App Settings",
    "LabelEnableThemeSongs": "Enable theme songs",
    "LabelEnableBackdrops": "Enable backdrops",
    "LabelEnableThemeSongsHelp": "If enabled, theme songs will be played in the background while browsing the library.",
    "LabelEnableBackdropsHelp": "If enabled, backdrops will be displayed in the background of some pages while browsing the library.",
    "HeaderHomePage": "Home Page",
    "HeaderSettingsForThisDevice": "Settings for This Device",
    "OptionAuto": "Auto",
    "OptionYes": "Yes",
    "OptionNo": "No",
    "HeaderOptions": "Options",
    "HeaderIdentificationResult": "Identification Result",
    "LabelHomePageSection1": "Home page section 1:",
    "LabelHomePageSection2": "Home page section 2:",
    "LabelHomePageSection3": "Home page section 3:",
    "LabelHomePageSection4": "Home page section 4:",
    "OptionMyMediaButtons": "My media (buttons)",
    "OptionMyMedia": "My media",
    "OptionMyMediaSmall": "My media (small)",
    "OptionResumablemedia": "Resume",
    "OptionLatestMedia": "Latest media",
    "OptionLatestChannelMedia": "Latest channel items",
    "HeaderLatestChannelItems": "Latest Channel Items",
    "OptionNone": "None",
    "HeaderLiveTv": "Live TV",
    "HeaderReports": "Reports",
    "HeaderMetadataManager": "Metadata Manager",
    "HeaderSettings": "Settings",
    "MessageLoadingChannels": "Loading channel content...",
    "MessageLoadingContent": "Loading content...",
    "ButtonMarkRead": "Mark Read",
    "OptionDefaultSort": "Default",
    "OptionCommunityMostWatchedSort": "Most Watched",
    "TabNextUp": "Next Up",
    "PlaceholderUsername": "Username",
    "HeaderBecomeProjectSupporter": "Become an Emby Supporter",
    "MessageNoMovieSuggestionsAvailable": "No movie suggestions are currently available. Start watching and rating your movies, and then come back to view your recommendations.",
    "MessageNoCollectionsAvailable": "Collections allow you to enjoy personalized groupings of Movies, Series, Albums, Books and Games. Click the + button to start creating Collections.",
    "MessageNoPlaylistsAvailable": "Playlists allow you to create lists of content to play consecutively at a time. To add items to playlists, right click or tap and hold, then select Add to Playlist.",
    "MessageNoPlaylistItemsAvailable": "This playlist is currently empty.",
    "ButtonDismiss": "Dismiss",
    "ButtonEditOtherUserPreferences": "Edit this user's profile, image and personal preferences.",
    "LabelChannelStreamQuality": "Preferred internet stream quality:",
    "LabelChannelStreamQualityHelp": "In a low bandwidth environment, limiting quality can help ensure a smooth streaming experience.",
    "OptionBestAvailableStreamQuality": "Best available",
    "LabelEnableChannelContentDownloadingFor": "Enable channel content downloading for:",
    "LabelEnableChannelContentDownloadingForHelp": "Some channels support downloading content prior to viewing. Enable this in low bandwidth enviornments to download channel content during off hours. Content is downloaded as part of the channel download scheduled task.",
    "LabelChannelDownloadPath": "Channel content download path:",
    "LabelChannelDownloadPathHelp": "Specify a custom download path if desired. Leave empty to download to an internal program data folder.",
    "LabelChannelDownloadAge": "Delete content after: (days)",
    "LabelChannelDownloadAgeHelp": "Downloaded content older than this will be deleted. It will remain playable via internet streaming.",
    "ChannelSettingsFormHelp": "Install channels such as Trailers and Vimeo in the plugin catalog.",
    "ButtonOptions": "Options",
    "ViewTypePlaylists": "Playlists",
    "ViewTypeMovies": "Movies",
    "ViewTypeTvShows": "TV",
    "ViewTypeGames": "Games",
    "ViewTypeMusic": "Music",
    "ViewTypeMusicGenres": "Genres",
    "ViewTypeMusicArtists": "Artists",
    "ViewTypeBoxSets": "Collections",
    "ViewTypeChannels": "Channels",
    "ViewTypeLiveTV": "Live TV",
    "ViewTypeLiveTvNowPlaying": "Now Airing",
    "ViewTypeLatestGames": "Latest Games",
    "ViewTypeRecentlyPlayedGames": "Recently Played",
    "ViewTypeGameFavorites": "Favorites",
    "ViewTypeGameSystems": "Game Systems",
    "ViewTypeGameGenres": "Genres",
    "ViewTypeTvResume": "Resume",
    "ViewTypeTvNextUp": "Next Up",
    "ViewTypeTvLatest": "Latest",
    "ViewTypeTvShowSeries": "Series",
    "ViewTypeTvGenres": "Genres",
    "ViewTypeTvFavoriteSeries": "Favorite Series",
    "ViewTypeTvFavoriteEpisodes": "Favorite Episodes",
    "ViewTypeMovieResume": "Resume",
    "ViewTypeMovieLatest": "Latest",
    "ViewTypeMovieMovies": "Movies",
    "ViewTypeMovieCollections": "Collections",
    "ViewTypeMovieFavorites": "Favorites",
    "ViewTypeMovieGenres": "Genres",
    "ViewTypeMusicLatest": "Latest",
    "ViewTypeMusicPlaylists": "Playlists",
    "ViewTypeMusicAlbums": "Albums",
    "ViewTypeMusicAlbumArtists": "Album Artists",
    "HeaderOtherDisplaySettings": "Display Settings",
    "ViewTypeMusicSongs": "Songs",
    "ViewTypeMusicFavorites": "Favorites",
    "ViewTypeMusicFavoriteAlbums": "Favorite Albums",
    "ViewTypeMusicFavoriteArtists": "Favorite Artists",
    "ViewTypeMusicFavoriteSongs": "Favorite Songs",
    "HeaderMyViews": "My Views",
    "LabelSelectFolderGroups": "Automatically group content from the following folders into views such as Movies, Music and TV:",
    "LabelSelectFolderGroupsHelp": "Folders that are unchecked will be displayed by themselves in their own view.",
    "OptionDisplayAdultContent": "Display adult content",
    "OptionLibraryFolders": "Media folders",
    "TitleRemoteControl": "Remote Control",
    "OptionLatestTvRecordings": "Latest recordings",
    "LabelProtocolInfo": "Protocol info:",
    "LabelProtocolInfoHelp": "The value that will be used when responding to GetProtocolInfo requests from the device.",
    "TabNfo": "Nfo",
    "HeaderKodiMetadataHelp": "Emby includes native support for Nfo metadata files. To enable or disable Nfo metadata, use the Advanced tab to configure options for your media types.",
    "LabelKodiMetadataUser": "Sync user watch data to nfo's for:",
    "LabelKodiMetadataUserHelp": "Enable this to keep watch data in sync between Emby Server and Nfo files.",
    "LabelKodiMetadataDateFormat": "Release date format:",
    "LabelKodiMetadataDateFormatHelp": "All dates within nfo's will be read and written to using this format.",
    "LabelKodiMetadataSaveImagePaths": "Save image paths within nfo files",
    "LabelKodiMetadataSaveImagePathsHelp": "This is recommended if you have image file names that don't conform to Kodi guidelines.",
    "LabelKodiMetadataEnablePathSubstitution": "Enable path substitution",
    "LabelKodiMetadataEnablePathSubstitutionHelp": "Enables path substitution of image paths using the server's path substitution settings.",
    "LabelKodiMetadataEnablePathSubstitutionHelp2": "See path substitution.",
    "OptionDisplayChannelsInline": "Display channels inline within my views",
    "OptionDisplayChannelsInlineHelp": "If enabled, channels will be displayed directly alongside other views. If disabled, they'll be displayed within a separate Channels view.",
    "LabelDisplayCollectionsView": "Display a collections view to show movie collections",
    "LabelDisplayCollectionsViewHelp": "This will create a separate view to display collections that you've created or have access to. To create a collection, right-click or tap-hold any movie and select 'Add to Collection'. ",
    "LabelKodiMetadataEnableExtraThumbs": "Copy extrafanart into extrathumbs",
    "LabelKodiMetadataEnableExtraThumbsHelp": "When downloading images they can be saved into both extrafanart and extrathumbs for maximum Kodi skin compatibility.",
    "TabServices": "Services",
    "TabLogs": "Logs",
    "HeaderServerLogFiles": "Server log files:",
    "TabBranding": "Branding",
    "HeaderBrandingHelp": "Customize the appearance of Emby to fit the needs of your group or organization.",
    "LabelLoginDisclaimer": "Login disclaimer:",
    "LabelLoginDisclaimerHelp": "This will be displayed at the bottom of the login page.",
    "LabelAutomaticallyDonate": "Automatically donate this amount every month",
    "LabelAutomaticallyDonateHelp": "You can cancel at any time via your PayPal account.",
    "OptionList": "List",
    "TabDashboard": "Dashboard",
    "TitleServer": "Server",
    "LabelCache": "Cache:",
    "LabelLogs": "Logs:",
    "LabelMetadata": "Metadata:",
    "LabelImagesByName": "Images by name:",
    "LabelTranscodingTemporaryFiles": "Transcoding temporary files:",
    "HeaderLatestMusic": "Latest Music",
    "HeaderBranding": "Branding",
    "HeaderApiKeys": "Api Keys",
    "HeaderApiKeysHelp": "External applications are required to have an Api key in order to communicate with Emby Server. Keys are issued by logging in with an Emby account, or by manually granting the application a key.",
    "HeaderApiKey": "Api Key",
    "HeaderApp": "App",
    "HeaderDevice": "Device",
    "HeaderUser": "User",
    "HeaderDateIssued": "Date Issued",
    "LabelChapterName": "Chapter {0}",
    "HeaderNewApiKey": "New Api Key",
    "LabelAppName": "App name",
    "LabelAppNameExample": "Example: Sickbeard, NzbDrone",
    "HeaderNewApiKeyHelp": "Grant an application permission to communicate with Emby Server.",
    "HeaderHttpHeaders": "Http Headers",
    "HeaderIdentificationHeader": "Identification Header",
    "LabelValue": "Value:",
    "LabelMatchType": "Match type:",
    "OptionEquals": "Equals",
    "OptionRegex": "Regex",
    "OptionSubstring": "Substring",
    "TabView": "View",
    "TabSort": "Sort",
    "TabFilter": "Filter",
    "ButtonView": "View",
    "LabelPageSize": "Item limit:",
    "LabelPath": "Path:",
    "LabelView": "View:",
    "TabUsers": "Users",
    "LabelSortName": "Sort name:",
    "LabelDateAdded": "Date added:",
    "HeaderFeatures": "Features",
    "HeaderAdvanced": "Advanced",
    "ButtonSync": "Sync",
    "TabScheduledTasks": "Scheduled Tasks",
    "HeaderChapters": "Chapters",
    "HeaderResumeSettings": "Resume Settings",
    "TabSync": "Sync",
    "TitleUsers": "Users",
    "LabelProtocol": "Protocol:",
    "OptionProtocolHttp": "Http",
    "OptionProtocolHls": "Http Live Streaming",
    "LabelContext": "Context:",
    "OptionContextStreaming": "Streaming",
    "OptionContextStatic": "Sync",
    "ButtonAddToPlaylist": "Add to playlist",
    "TabPlaylists": "Playlists",
    "ButtonClose": "Close",
    "LabelAllLanguages": "All languages",
    "HeaderBrowseOnlineImages": "Browse Online Images",
    "LabelSource": "Source:",
    "OptionAll": "All",
    "LabelImage": "Image:",
    "ButtonBrowseImages": "Browse Images",
    "HeaderImages": "Images",
    "HeaderBackdrops": "Backdrops",
    "HeaderScreenshots": "Screenshots",
    "HeaderAddUpdateImage": "Add\/Update Image",
    "LabelJpgPngOnly": "JPG\/PNG only",
    "LabelImageType": "Image type:",
    "OptionPrimary": "Primary",
    "OptionArt": "Art",
    "OptionBox": "Box",
    "OptionBoxRear": "Box rear",
    "OptionDisc": "Disc",
    "OptionIcon": "Icon",
    "OptionLogo": "Logo",
    "OptionMenu": "Menu",
    "OptionScreenshot": "Screenshot",
    "OptionLocked": "Locked",
    "OptionUnidentified": "Unidentified",
    "OptionMissingParentalRating": "Missing parental rating",
    "OptionStub": "Stub",
    "OptionSeason0": "Season 0",
    "LabelReport": "Report:",
    "OptionReportSongs": "Songs",
    "OptionReportSeries": "Series",
    "OptionReportSeasons": "Seasons",
    "OptionReportTrailers": "Trailers",
    "OptionReportMusicVideos": "Music videos",
    "OptionReportMovies": "Movies",
    "OptionReportHomeVideos": "Home videos",
    "OptionReportGames": "Games",
    "OptionReportEpisodes": "Episodes",
    "OptionReportCollections": "Collections",
    "OptionReportBooks": "Books",
    "OptionReportArtists": "Artists",
    "OptionReportAlbums": "Albums",
    "OptionReportAdultVideos": "Adult videos",
    "HeaderActivity": "Activity",
    "ScheduledTaskStartedWithName": "{0} started",
    "ScheduledTaskCancelledWithName": "{0} was cancelled",
    "ScheduledTaskCompletedWithName": "{0} completed",
    "ScheduledTaskFailed": "Scheduled task completed",
    "PluginInstalledWithName": "{0} was installed",
    "PluginUpdatedWithName": "{0} was updated",
    "PluginUninstalledWithName": "{0} was uninstalled",
    "ScheduledTaskFailedWithName": "{0} failed",
    "ItemAddedWithName": "{0} was added to the library",
    "ItemRemovedWithName": "{0} was removed from the library",
    "DeviceOnlineWithName": "{0} is connected",
    "UserOnlineFromDevice": "{0} is online from {1}",
    "DeviceOfflineWithName": "{0} has disconnected",
    "UserOfflineFromDevice": "{0} has disconnected from {1}",
    "SubtitlesDownloadedForItem": "Subtitles downloaded for {0}",
    "SubtitleDownloadFailureForItem": "Subtitles failed to download for {0}",
    "LabelRunningTimeValue": "Running time: {0}",
    "LabelIpAddressValue": "Ip address: {0}",
    "UserLockedOutWithName": "User {0} has been locked out",
    "UserConfigurationUpdatedWithName": "User configuration has been updated for {0}",
    "UserCreatedWithName": "User {0} has been created",
    "UserPasswordChangedWithName": "Password has been changed for user {0}",
    "UserDeletedWithName": "User {0} has been deleted",
    "MessageServerConfigurationUpdated": "Server configuration has been updated",
    "MessageNamedServerConfigurationUpdatedWithValue": "Server configuration section {0} has been updated",
    "MessageApplicationUpdated": "Emby Server has been updated",
    "AuthenticationSucceededWithUserName": "{0} successfully authenticated",
    "FailedLoginAttemptWithUserName": "Failed login attempt from {0}",
    "UserDownloadingItemWithValues": "{0} is downloading {1}",
    "UserStartedPlayingItemWithValues": "{0} has started playing {1}",
    "UserStoppedPlayingItemWithValues": "{0} has stopped playing {1}",
    "AppDeviceValues": "App: {0}, Device: {1}",
    "ProviderValue": "Provider: {0}",
    "LabelChannelDownloadSizeLimit": "Download size limit (GB):",
    "LabelChannelDownloadSizeLimitHelpText": "Limit the size of the channel download folder.",
    "HeaderRecentActivity": "Recent Activity",
    "HeaderPeople": "People",
    "HeaderDownloadPeopleMetadataFor": "Download biography and images for:",
    "OptionComposers": "Composers",
    "OptionOthers": "Others",
    "HeaderDownloadPeopleMetadataForHelp": "Enabling additional options will provide more on-screen information but will result in slower library scans.",
    "ViewTypeFolders": "Folders",
    "LabelDisplayFoldersView": "Display a folders view to show plain media folders",
    "ViewTypeLiveTvRecordingGroups": "Recordings",
    "ViewTypeLiveTvChannels": "Channels",
    "LabelEasyPinCode": "Easy pin code:",
    "EasyPasswordHelp": "Your easy pin code is used for offline access with supported Emby apps, and can also be used for easy in-network sign in.",
    "LabelInNetworkSignInWithEasyPassword": "Enable in-network sign in with my easy pin code",
    "LabelInNetworkSignInWithEasyPasswordHelp": "If enabled, you'll be able to use your easy pin code to sign in to Emby apps from inside your home network. Your regular password will only be needed away from home. If the pin code is left blank, you won't need a password within your home network.",
    "HeaderPassword": "Password",
    "HeaderLocalAccess": "Local Access",
    "HeaderViewOrder": "View Order",
    "ButtonResetEasyPassword": "Reset easy pin code",
    "LabelSelectUserViewOrder": "Choose the order your views will be displayed in within Emby apps",
    "LabelMetadataRefreshMode": "Metadata refresh mode:",
    "LabelImageRefreshMode": "Image refresh mode:",
    "OptionDownloadMissingImages": "Download missing images",
    "OptionReplaceExistingImages": "Replace existing images",
    "OptionRefreshAllData": "Refresh all data",
    "OptionAddMissingDataOnly": "Add missing data only",
    "OptionLocalRefreshOnly": "Local refresh only",
    "HeaderRefreshMetadata": "Refresh Metadata",
    "HeaderPersonInfo": "Person Info",
    "HeaderIdentifyItem": "Identify Item",
    "HeaderIdentifyItemHelp": "Enter one or more search criteria. Remove criteria to increase search results.",
    "HeaderConfirmDeletion": "Confirm Deletion",
    "LabelFollowingFileWillBeDeleted": "The following file will be deleted:",
    "LabelIfYouWishToContinueWithDeletion": "If you wish to continue, please confirm by entering the value of:",
    "ButtonIdentify": "Identify",
    "LabelAlbumArtist": "Album artist:",
    "LabelAlbumArtists": "Album artists:",
    "LabelAlbum": "Album:",
    "LabelCommunityRating": "Community rating:",
    "LabelVoteCount": "Vote count:",
    "LabelMetascore": "Metascore:",
    "LabelCriticRating": "Critic rating:",
    "LabelCriticRatingSummary": "Critic rating summary:",
    "LabelAwardSummary": "Award summary:",
    "LabelWebsite": "Website:",
    "LabelTagline": "Tagline:",
    "LabelOverview": "Overview:",
    "LabelShortOverview": "Short overview:",
    "LabelReleaseDate": "Release date:",
    "LabelYear": "Year:",
    "LabelPlaceOfBirth": "Place of birth:",
    "LabelEndDate": "End date:",
    "LabelAirDate": "Air days:",
    "LabelAirTime:": "Air time:",
    "LabelRuntimeMinutes": "Run time (minutes):",
    "LabelParentalRating": "Parental rating:",
    "LabelCustomRating": "Custom rating:",
    "LabelBudget": "Budget",
    "LabelRevenue": "Revenue ($):",
    "LabelOriginalAspectRatio": "Original aspect ratio:",
    "LabelPlayers": "Players:",
    "Label3DFormat": "3D format:",
    "HeaderAlternateEpisodeNumbers": "Alternate Episode Numbers",
    "HeaderSpecialEpisodeInfo": "Special Episode Info",
    "HeaderExternalIds": "External Id's:",
    "LabelDvdSeasonNumber": "Dvd season number:",
    "LabelDvdEpisodeNumber": "Dvd episode number:",
    "LabelAbsoluteEpisodeNumber": "Absolute episode number:",
    "LabelAirsBeforeSeason": "Airs before season:",
    "LabelAirsAfterSeason": "Airs after season:",
    "LabelAirsBeforeEpisode": "Airs before episode:",
    "LabelTreatImageAs": "Treat image as:",
    "LabelDisplayOrder": "Display order:",
    "LabelDisplaySpecialsWithinSeasons": "Display specials within seasons they aired in",
    "HeaderCountries": "Countries",
    "HeaderGenres": "Genres",
    "HeaderPlotKeywords": "Plot Keywords",
    "HeaderStudios": "Studios",
    "HeaderTags": "Tags",
    "HeaderMetadataSettings": "Metadata Settings",
    "LabelLockItemToPreventChanges": "Lock this item to prevent future changes",
    "MessageLeaveEmptyToInherit": "Leave empty to inherit settings from a parent item, or the global default value.",
    "TabDonate": "Donate",
    "HeaderDonationType": "Donation type:",
    "OptionMakeOneTimeDonation": "Make a separate donation",
    "OptionOneTimeDescription": "This is an additional donation to the team to show your support. It does not have any additional benefits and will not produce a supporter key.",
    "OptionLifeTimeSupporterMembership": "Lifetime supporter membership",
    "OptionYearlySupporterMembership": "Yearly supporter membership",
    "OptionMonthlySupporterMembership": "Monthly supporter membership",
    "OptionNoTrailer": "No Trailer",
    "OptionNoThemeSong": "No Theme Song",
    "OptionNoThemeVideo": "No Theme Video",
    "LabelOneTimeDonationAmount": "Donation amount:",
    "ButtonDonate": "Donate",
    "ButtonPurchase": "Purchase",
    "OptionActor": "Actor",
    "OptionComposer": "Composer",
    "OptionDirector": "Director",
    "OptionGuestStar": "Guest star",
    "OptionProducer": "Producer",
    "OptionWriter": "Writer",
    "LabelAirDays": "Air days:",
    "LabelAirTime": "Air time:",
    "HeaderMediaInfo": "Media Info",
    "HeaderPhotoInfo": "Photo Info",
    "HeaderInstall": "Install",
    "LabelSelectVersionToInstall": "Select version to install:",
    "LinkSupporterMembership": "Learn about the Supporter Membership",
    "MessageSupporterPluginRequiresMembership": "This plugin will require an active supporter membership after the 14 day free trial.",
    "MessagePremiumPluginRequiresMembership": "This plugin will require an active supporter membership in order to purchase after the 14 day free trial.",
    "HeaderReviews": "Reviews",
    "HeaderDeveloperInfo": "Developer Info",
    "HeaderRevisionHistory": "Revision History",
    "ButtonViewWebsite": "View website",
    "HeaderXmlSettings": "Xml Settings",
    "HeaderXmlDocumentAttributes": "Xml Document Attributes",
    "HeaderXmlDocumentAttribute": "Xml Document Attribute",
    "XmlDocumentAttributeListHelp": "These attributes are applied to the root element of every xml response.",
    "OptionSaveMetadataAsHidden": "Save metadata and images as hidden files",
    "LabelExtractChaptersDuringLibraryScan": "Extract chapter images during the library scan",
    "LabelExtractChaptersDuringLibraryScanHelp": "If enabled, chapter images will be extracted when videos are imported during the library scan. If disabled they will be extracted during the chapter images scheduled task, allowing the regular library scan to complete faster.",
    "LabelConnectGuestUserName": "Their Emby username or email address:",
    "LabelConnectUserName": "Emby username\/email:",
    "LabelConnectUserNameHelp": "Connect this user to an Emby account to enable easy sign-in access from any Emby app without having to know the server ip address.",
    "ButtonLearnMoreAboutEmbyConnect": "Learn more about Emby Connect",
    "LabelExternalPlayers": "External players:",
    "LabelExternalPlayersHelp": "Display buttons to play content in external players. This is only available on devices that support url schemes, generally Android and iOS. With external players there is generally no support for remote control or resuming.",
    "LabelNativeExternalPlayersHelp": "Display buttons to play content in external players.",
    "LabelEnableItemPreviews": "Enable item previews",
    "LabelEnableItemPreviewsHelp": "if enabled, sliding previews will appear when clicking items on certain screens.",
    "HeaderSubtitleProfile": "Subtitle Profile",
    "HeaderSubtitleProfiles": "Subtitle Profiles",
    "HeaderSubtitleProfilesHelp": "Subtitle profiles describe the subtitle formats supported by the device.",
    "LabelFormat": "Format:",
    "LabelMethod": "Method:",
    "LabelDidlMode": "Didl mode:",
    "OptionCaptionInfoExSamsung": "CaptionInfoEx (Samsung)",
    "OptionResElement": "res element",
    "OptionEmbedSubtitles": "Embed within container",
    "OptionExternallyDownloaded": "External download",
    "OptionHlsSegmentedSubtitles": "Hls segmented subtitles",
    "LabelSubtitleFormatHelp": "Example: srt",
    "ButtonLearnMore": "Learn more",
    "TabPlayback": "Playback",
    "HeaderLanguagePreferences": "Language Preferences",
    "TabCinemaMode": "Cinema Mode",
    "TitlePlayback": "Playback",
    "LabelEnableCinemaModeFor": "Enable cinema mode for:",
    "CinemaModeConfigurationHelp": "Cinema mode brings the theater experience straight to your living room with the ability to play trailers and custom intros before the main feature.",
    "OptionTrailersFromMyMovies": "Include trailers from movies in my library",
    "OptionUpcomingMoviesInTheaters": "Include trailers from new and upcoming movies",
    "LabelLimitIntrosToUnwatchedContent": "Only use trailers from unwatched content",
    "LabelEnableIntroParentalControl": "Enable smart parental control",
    "LabelEnableIntroParentalControlHelp": "Trailers will only be selected with a parental rating equal to or less than the content being watched.",
    "LabelTheseFeaturesRequireSupporterHelpAndTrailers": "These features require an active supporter membership and installation of the Trailer channel plugin.",
    "OptionTrailersFromMyMoviesHelp": "Requires setup of local trailers.",
    "LabelCustomIntrosPath": "Custom intros path:",
    "LabelCustomIntrosPathHelp": "A folder containing video files. A video will be randomly selected and played after trailers.",
    "ValueSpecialEpisodeName": "Special - {0}",
    "LabelSelectInternetTrailersForCinemaMode": "Internet trailers:",
    "OptionUpcomingDvdMovies": "Include trailers from new and upcoming movies on Dvd & Blu-ray",
    "OptionUpcomingStreamingMovies": "Include trailers from new and upcoming movies on Netflix",
    "LabelDisplayTrailersWithinMovieSuggestions": "Display trailers within movie suggestions",
    "LabelDisplayTrailersWithinMovieSuggestionsHelp": "Requires installation of the Trailer channel.",
    "CinemaModeConfigurationHelp2": "Individual users will have the ability to disable cinema mode within their own preferences.",
    "LabelEnableCinemaMode": "Enable cinema mode",
    "HeaderCinemaMode": "Cinema Mode",
    "LabelDateAddedBehavior": "Date added behavior for new content:",
    "OptionDateAddedImportTime": "Use date scanned into the library",
    "OptionDateAddedFileTime": "Use file creation date",
    "LabelDateAddedBehaviorHelp": "If a metadata value is present it will always be used before either of these options.",
    "LabelNumberTrailerToPlay": "Number of trailers to play:",
    "TitleDevices": "Devices",
    "TabCameraUpload": "Camera Upload",
    "TabDevices": "Devices",
    "HeaderCameraUploadHelp": "Automatically upload photos and videos taken from your mobile devices into Emby.",
    "MessageNoDevicesSupportCameraUpload": "You currently don't have any devices that support camera upload.",
    "LabelCameraUploadPath": "Camera upload path:",
    "LabelCameraUploadPathHelp": "Select a custom upload path, if desired. If unspecified a default folder will be used. If using a custom path it will also need to be added in the library setup area.",
    "LabelCreateCameraUploadSubfolder": "Create a subfolder for each device",
    "LabelCreateCameraUploadSubfolderHelp": "Specific folders can be assigned to a device by clicking on it from the Devices page.",
    "LabelCustomDeviceDisplayName": "Display name:",
    "LabelCustomDeviceDisplayNameHelp": "Supply a custom display name or leave empty to use the name reported by the device.",
    "HeaderInviteUser": "Invite User",
    "LabelConnectGuestUserNameHelp": "This is the username that your friend uses to sign in to the Emby website, or their email address.",
    "HeaderInviteUserHelp": "Sharing your media with friends is easier than ever before with Emby Connect.",
    "ButtonSendInvitation": "Send Invitation",
    "HeaderSignInWithConnect": "Sign in with Emby Connect",
    "HeaderGuests": "Guests",
    "HeaderLocalUsers": "Local Users",
    "HeaderPendingInvitations": "Pending Invitations",
    "TabParentalControl": "Parental Control",
    "HeaderAccessSchedule": "Access Schedule",
    "HeaderAccessScheduleHelp": "Create an access schedule to limit access to certain hours.",
    "ButtonAddSchedule": "Add Schedule",
    "LabelAccessDay": "Day of week:",
    "LabelAccessStart": "Start time:",
    "LabelAccessEnd": "End time:",
    "HeaderSchedule": "Schedule",
    "OptionEveryday": "Every day",
    "OptionWeekdays": "Weekdays",
    "OptionWeekends": "Weekends",
    "MessageProfileInfoSynced": "User profile information synced with Emby Connect.",
    "HeaderOptionalLinkEmbyAccount": "Optional: Link your Emby account",
    "ButtonTrailerReel": "Trailer reel",
    "HeaderTrailerReel": "Trailer Reel",
    "OptionPlayUnwatchedTrailersOnly": "Play only unwatched trailers",
    "HeaderTrailerReelHelp": "Start a trailer reel to play a long running playlist of trailers.",
    "MessageNoTrailersFound": "No trailers found. Install the Trailer channel to enhance your movie experience by adding a library of internet trailers.",
    "HeaderNewUsers": "New Users",
    "ButtonSignUp": "Sign up",
    "ButtonForgotPassword": "Forgot password",
    "OptionDisableUserPreferences": "Disable access to user preferences",
    "OptionDisableUserPreferencesHelp": "If enabled, only administrators will be able to configure user profile images, passwords, and language preferences.",
    "HeaderSelectServer": "Select Server",
    "MessageNoServersAvailableToConnect": "No servers are available to connect to. If you've been invited to share a server, make sure to accept it below or by clicking the link in the email.",
    "TitleNewUser": "New User",
    "ButtonConfigurePassword": "Configure Password",
    "HeaderDashboardUserPassword": "User passwords are managed within each user's personal profile settings.",
    "HeaderLibraryAccess": "Library Access",
    "HeaderChannelAccess": "Channel Access",
    "HeaderLatestItems": "Latest Items",
    "LabelSelectLastestItemsFolders": "Include media from the following sections in Latest Items",
    "HeaderShareMediaFolders": "Share Media Folders",
    "MessageGuestSharingPermissionsHelp": "Most features are initially unavailable to guests but can be enabled as needed.",
    "HeaderInvitations": "Invitations",
    "LabelForgotPasswordUsernameHelp": "Enter your username, if you remember it.",
    "HeaderForgotPassword": "Forgot Password",
    "TitleForgotPassword": "Forgot Password",
    "TitlePasswordReset": "Password Reset",
    "LabelPasswordRecoveryPinCode": "Pin code:",
    "HeaderPasswordReset": "Password Reset",
    "HeaderParentalRatings": "Parental Ratings",
    "HeaderVideoTypes": "Video Types",
    "HeaderYears": "Years",
    "HeaderAddTag": "Add Tag",
    "LabelBlockContentWithTags": "Block content with tags:",
    "LabelTag": "Tag:",
    "LabelEnableSingleImageInDidlLimit": "Limit to single embedded image",
    "LabelEnableSingleImageInDidlLimitHelp": "Some devices will not render properly if multiple images are embedded within Didl.",
    "TabActivity": "Activity",
    "TitleSync": "Sync",
    "OptionAllowSyncContent": "Allow Sync",
    "OptionAllowContentDownloading": "Allow media downloading",
    "NameSeasonUnknown": "Season Unknown",
    "NameSeasonNumber": "Season {0}",
    "LabelNewUserNameHelp": "Usernames can contain letters (a-z), numbers (0-9), dashes (-), underscores (_), apostrophes ('), and periods (.)",
    "TabJobs": "Jobs",
    "TabSyncJobs": "Sync Jobs",
    "LabelTagFilterMode": "Mode:",
    "LabelTagFilterAllowModeHelp": "If allowed tags are used as part of a deeply nested folder structure, content that is tagged will require parent folders to be tagged as well.",
    "HeaderThisUserIsCurrentlyDisabled": "This user is currently disabled",
    "MessageReenableUser": "See below to reenable",
    "LabelEnableInternetMetadataForTvPrograms": "Download internet metadata for:",
    "OptionTVMovies": "TV Movies",
    "HeaderUpcomingMovies": "Upcoming Movies",
    "HeaderUpcomingSports": "Upcoming Sports",
    "HeaderUpcomingPrograms": "Upcoming Programs",
    "LabelShowLibraryTileNames": "Show library tile names",
    "LabelShowLibraryTileNamesHelp": "Determines if labels will be displayed underneath library tiles on the home page",
    "OptionEnableTranscodingThrottle": "Enable throttling",
    "OptionEnableTranscodingThrottleHelp": "Throttling will automatically adjust transcoding speed in order to minimize server cpu utilization during playback.",
    "LabelUploadSpeedLimit": "Upload speed limit (Mbps):",
    "OptionAllowSyncTranscoding": "Allow syncing that requires transcoding",
    "HeaderPlayback": "Media Playback",
    "OptionAllowAudioPlaybackTranscoding": "Allow audio playback that requires transcoding",
    "OptionAllowVideoPlaybackTranscoding": "Allow video playback that requires transcoding",
    "OptionAllowMediaPlaybackTranscodingHelp": "Users will receive friendly messages when content is unplayable based on policy.",
    "TabStreaming": "Streaming",
    "LabelRemoteClientBitrateLimit": "Remote client bitrate limit (Mbps):",
    "LabelRemoteClientBitrateLimitHelp": "An optional streaming bitrate limit for all remote clients. This is useful to prevent clients from requesting a higher bitrate than your connection can handle.",
    "LabelConversionCpuCoreLimit": "CPU core limit:",
    "LabelConversionCpuCoreLimitHelp": "Limit the number of CPU cores that will be used during sync conversion.",
    "OptionEnableFullSpeedConversion": "Enable full speed conversion",
    "OptionEnableFullSpeedConversionHelp": "By default, sync conversion is performed at a low speed to minimize resource consumption.",
    "HeaderPlaylists": "Playlists",
    "HeaderViewStyles": "View Styles",
    "LabelSelectViewStyles": "Enable enhanced presentations for:",
    "LabelSelectViewStylesHelp": "If enabled, views will be built with metadata to offer categories such as Suggestions, Latest, Genres, and more. If disabled, they'll be displayed with simple folders.",
    "TabPhotos": "Photos",
    "TabVideos": "Videos",
    "HeaderWelcomeToEmby": "Welcome to Emby",
    "EmbyIntroMessage": "With Emby you can easily stream videos, music and photos to smart phones, tablets and other devices from your Emby Server.",
    "ButtonSkip": "Skip",
    "TextConnectToServerManually": "Connect to server manually",
    "ButtonSignInWithConnect": "Sign in with Emby Connect",
    "ButtonConnect": "Connect",
    "LabelServerHost": "Host:",
    "LabelServerHostHelp": "192.168.1.100 or https:\/\/myserver.com",
    "LabelServerPort": "Port:",
    "HeaderNewServer": "New Server",
    "ButtonChangeServer": "Change Server",
    "HeaderConnectToServer": "Connect to Server",
    "OptionReportList": "List View",
    "OptionReportStatistics": "Statistics",
    "OptionReportGrouping": "Grouping",
    "HeaderExport": "Export",
    "HeaderColumns": "Columns",
    "ButtonReset": "Reset",
    "OptionEnableExternalVideoPlayers": "Enable external video players",
    "ButtonUnlockGuide": "Unlock Guide",
    "LabelEnableFullScreen": "Enable fullscreen mode",
    "LabelEnableChromecastAc3Passthrough": "Enable Chromecast AC3 Passthrough",
    "OptionSyncToSDCard": "Synced to external SD card",
    "LabelEmail": "Email:",
    "LabelUsername": "Username:",
    "HeaderSignUp": "Sign Up",
    "LabelPasswordConfirm": "Password (confirm):",
    "ButtonAddServer": "Add Server",
    "TabHomeScreen": "Home Screen",
    "HeaderDisplay": "Display",
    "HeaderNavigation": "Navigation",
    "LegendTheseSettingsShared": "These settings are shared on all devices",
    "OptionEnableAutomaticServerUpdates": "Enable automatic server updates",
    "OptionOtherTrailers": "Include trailers from older movies",
    "HeaderOverview": "Overview",
    "HeaderShortOverview": "Short Overview",
    "HeaderType": "Type",
    "HeaderSeverity": "Severity",
    "OptionReportActivities": "Activities Log",
    "HeaderTunerDevices": "Tuner Devices",
    "ButtonAddDevice": "Add Device",
    "HeaderAddDevice": "Add Device",
    "HeaderExternalServices": "External Services",
    "LabelTunerIpAddress": "Tuner IP Address:",
    "TabExternalServices": "External Services",
    "TabTuners": "Tuners",
    "HeaderGuideProviders": "Guide Providers",
    "AddGuideProviderHelp": "Add a source for TV Guide information",
    "LabelZipCode": "Zip Code:",
    "GuideProviderSelectListings": "Select Listings",
    "GuideProviderLogin": "Login",
    "LabelLineup": "Lineup:",
    "MessageTunerDeviceNotListed": "Is your tuner device not listed? Try installing an external service provider for more Live TV options.",
    "LabelImportOnlyFavoriteChannels": "Restrict to channels marked as favorite",
    "ImportFavoriteChannelsHelp": "If enabled, only channels that are marked as favorite on the tuner device will be imported.",
    "ButtonRepeat": "Repeat",
    "LabelEnableThisTuner": "Enable this tuner",
    "LabelEnableThisTunerHelp": "Uncheck to prevent importing channels from this tuner.",
    "HeaderLocked": "Locked",
    "HeaderUnidentified": "Unidentified",
    "HeaderImagePrimary": "Primary",
    "HeaderImageBackdrop": "Backdrop",
    "HeaderImageLogo": "Logo",
    "HeaderUserPrimaryImage": "User Image",
    "ButtonDisplaySettings": "Display settings",
    "ButtonHomeScreenSettings": "Home screen settings",
    "ButtonPlaybackSettings": "Playback settings",
    "ButtonProfile": "Profile",
    "ButtonDisplaySettingsHelp": "Your Emby display settings",
    "ButtonHomeScreenSettingsHelp": "Configure the display of your home screen",
    "ButtonPlaybackSettingsHelp": "Specify your audio and subtitle preferences, streaming quality, and more.",
    "ButtonProfileHelp": "Set your profile image and password.",
    "HeaderHomeScreenSettings": "Home Screen settings",
    "HeaderProfile": "Profile",
    "HeaderLanguage": "Language",
    "ButtonSyncSettings": "Sync settings",
    "ButtonSyncSettingsHelp": "Configure your sync settings",
    "LabelTranscodingThreadCount": "Transcoding thread count:",
    "LabelTranscodingThreadCountHelp": "Select the maximum number of threads to use when transcoding. Reducing the thread count will lower cpu usage but may not convert fast enough for a smooth playback experience.",
    "OptionMax": "Max",
    "HeaderEmbyGuide": "Emby Guide",
    "LabelSyncPath": "Synced content path:",
    "OptionSyncOnlyOnWifi": "Sync only on Wifi",
    "OptionSyncLosslessAudioOriginal": "Sync lossless audio at original quality",
    "HeaderMetadata": "Metadata",
    "HeaderRecordingOptions": "Recording Options",
    "ButtonShare": "Share",
    "HeaderUpcomingForKids": "Upcoming for Kids",
    "HeaderSetupLiveTV": "Setup Live TV",
    "LabelTunerType": "Tuner type:",
    "HelpMoreTunersCanBeAdded": "Additional tuners can be added later within the Live TV section.",
    "MessageActiveSupporterMembershipRequiredSeriesRecordings": "An active Emby Supporter membership is required in order to create automated series recordings.",
    "HeaderSetupTVGuide": "Setup TV Guide",
    "LabelDataProvider": "Data provider:",
    "OptionSendRecordingsToAutoOrganize": "Enable Auto-Organize for new recordings",
    "OptionSendRecordingsToAutoOrganizeHelp": "New recordings will be sent to the Auto-Organize feature and imported into your media library.",
    "HeaderDefaultPadding": "Default Padding"
}