{
    "LabelExit": "Afsluiten",
    "LabelVisitCommunity": "Bezoek Gemeenschap",
    "LabelGithub": "Github",
    "LabelSwagger": "Swagger",
    "LabelStandard": "Standaard",
    "LabelApiDocumentation": "Api documentatie",
    "LabelDeveloperResources": "Ontwikkelaars bronnen",
    "LabelBrowseLibrary": "Bekijk bibliotheek",
    "LabelConfigureServer": "Emby Configureren",
    "LabelOpenLibraryViewer": "Open bibliotheek verkenner",
    "LabelRestartServer": "Server herstarten",
    "LabelShowLogWindow": "Toon log venster",
    "LabelPrevious": "Vorige",
    "LabelFinish": "Voltooien",
    "FolderTypeMixed": "Gemengde inhoud",
    "LabelNext": "Volgende",
    "LabelYoureDone": "Gereed!",
    "ButtonAddToCollection": "Toevoegen aan Collectie",
    "ButtonMoreItems": "Meer",
    "WelcomeToProject": "Welkom bij Emby!",
    "ThisWizardWillGuideYou": "Deze wizard helpt u door het setup-proces.",
    "TellUsAboutYourself": "Vertel ons over uzelf",
    "ButtonQuickStartGuide": "Snel start gids",
    "LabelYourFirstName": "Uw voornaam:",
    "MoreUsersCanBeAddedLater": "Meer gebruikers kunnen later via het dashboard worden toegevoegd.",
    "UserProfilesIntro": "Emby heeft ingebouwde ondersteuning voor gebruikersprofielen die het mogelijk maken om elke gebruiker eigen scherminstellingen, afspeelinstellingen en ouderlijk toezicht te geven.",
    "LabelWindowsService": "Windows Service",
    "AWindowsServiceHasBeenInstalled": "Er is een Windows service ge\u00efnstalleerd.",
    "WindowsServiceIntro1": "Emby Server draait normaalgesproken als een desktop applicatie met een icoon in het systeemvaak, maar als u dat wilt kunt u het als een achtergrondproces draaien. Het kan daarvoor worden gestart vanuit het Windows Services configuratiescherm.",
    "WindowsServiceIntro2": "Wanneer u de Windows-service gebruikt, dan dient u er rekening mee te houden dat het niet op hetzelfde moment als de desktop applicatie kan worden uitgevoerd. Het is daarom vereist de desktop applicatie eerst af te sluiten voordat u de service gebruikt. De service moet worden geconfigureerd met beheerdersrechten via het configuratie scherm. Houd er rekening mee dat op dit moment de service niet automatisch kan worden bijgewerkt, zodat nieuwe versies dus handmatige interactie vereisen.",
    "WizardCompleted": "Dat is alles wat we nu nodig hebben. Emby is begonnen met het verzamelen van informatie over uw media bibliotheek. Probeer sommige van onze apps en klik dan <b>Finish<\/b> om het <b>Server Dashboard<\/b> te bekijken.",
    "LabelConfigureSettings": "Configureer instellingen",
    "LabelEnableVideoImageExtraction": "Videobeeld uitpakken inschakelen",
    "VideoImageExtractionHelp": "Voor video's die nog geen afbeeldingen hebben, en waarvoor geen afbeeldingen op Internet te vinden zijn. Dit voegt extra tijd toe aan de oorspronkelijke bibliotheek scan, maar resulteert in een mooiere weergave.",
    "LabelEnableChapterImageExtractionForMovies": "Hoofdstuk afbeeldingen uitpakken voor Films",
    "LabelChapterImageExtractionForMoviesHelp": "Uitpakken van hoofdstuk afbeeldingen biedt clients grafische scene selectie menu's. Het proces kan langzaam en processor intensief zijn en kan enkele gigabytes aan vrije ruimte vereisen. Het draait 's nachts als geplande taak, hoewel dit aangepast kan worden bij de geplande taken. Het wordt niet aanbevolen om deze taak tijdens piekuren te draaien.",
    "LabelEnableAutomaticPortMapping": "Automatische poorttoewijzing inschakelen",
    "LabelEnableAutomaticPortMappingHelp": "UPnP zorgt voor geautomatiseerde configuratie van de router voor gemakkelijke toegang op afstand. Dit werkt mogelijk niet met sommige routers.",
    "HeaderTermsOfService": "Emby Service Voorwaarden",
    "MessagePleaseAcceptTermsOfService": "Accepteer a.u.b. de voorwaarden en Privacybeleid voordat u doorgaat.",
    "OptionIAcceptTermsOfService": "Ik accepteer de voorwaarden",
    "ButtonPrivacyPolicy": "Privacybeleid",
    "ButtonTermsOfService": "Service voorwaarden",
    "HeaderDeveloperOptions": "Ontwikkelaar Opties",
    "OptionEnableWebClientResponseCache": "Web client reactie caching inschakelen",
    "OptionDisableForDevelopmentHelp": "Configureer deze zonodig voor web client ontwikkelingsdoeleinden.",
    "OptionEnableWebClientResourceMinification": "Web client bron verkleining inschakelen",
    "LabelDashboardSourcePath": "Web client bron pad:",
    "LabelDashboardSourcePathHelp": "Wanneer u de server draait vanaf de bron, geeft u het pad naar de map dashboard-ui op. Alle web client bestanden worden geladen vanaf deze locatie.",
    "ButtonConvertMedia": "Converteer media",
    "ButtonOrganize": "Organiseren",
    "LinkedToEmbyConnect": "Gekoppeld aan Emby Connect",
    "HeaderSupporterBenefits": "Voordelen voor Supporters",
    "HeaderAddUser": "Gebruiker Toevoegen",
    "LabelAddConnectSupporterHelp": "Om een \u200b\u200bgebruiker toe te voegen die niet in de lijst voorkomt, moet u eerst hun account koppelen aan Emby Connect vanuit hun gebruikersprofiel pagina.",
    "LabelPinCode": "Pincode:",
    "OptionHideWatchedContentFromLatestMedia": "Verberg bekeken inhoud van recent toegevoegd",
    "HeaderSync": "Sync",
    "ButtonOk": "Ok",
    "ButtonCancel": "Annuleren",
    "ButtonExit": "Afsluiten",
    "ButtonNew": "Nieuw",
    "HeaderTV": "TV",
    "HeaderAudio": "Geluid",
    "HeaderVideo": "Video",
    "HeaderPaths": "Paden",
    "CategorySync": "Sync",
    "TabPlaylist": "Afspeellijst",
    "HeaderEasyPinCode": "Eenvoudige Pincode",
    "HeaderGrownupsOnly": "Alleen voor volwassenen!",
    "DividerOr": "-- of --",
    "HeaderInstalledServices": "Ge\u00efnstalleerde diensten",
    "HeaderAvailableServices": "Beschikbare diensten",
    "MessageNoServicesInstalled": "Er zijn momenteel geen diensten ge\u00efnstalleerd.",
    "HeaderToAccessPleaseEnterEasyPinCode": "Voor toegang toets uw pincode",
    "KidsModeAdultInstruction": "Klik op het slotje in de rechterbenedenhoek om te configureren of blijf in de kindermodus. Uw pincode is vereist.",
    "ButtonConfigurePinCode": "Configureer pincode",
    "HeaderAdultsReadHere": "Volwassenen Lees hier!",
    "RegisterWithPayPal": "Registreer met PayPal",
    "HeaderSyncRequiresSupporterMembership": "Sync Vereist een Supporter lidmaatschap",
    "HeaderEnjoyDayTrial": "Geniet van een 14-daagse gratis proefversie",
    "LabelSyncTempPath": "Pad voor tijdelijke bestanden:",
    "LabelSyncTempPathHelp": "Geef een afwijkende sync werk directory op. Tijdens het sync proces aangemaakte geconverteerde media zal hier opgeslagen worden.",
    "LabelCustomCertificatePath": "Aangepast certificaat pad:",
    "LabelCustomCertificatePathHelp": "Gebruik uw eigen ssl certificaat .pfx bestand. Indien weggelaten zal de server een zelf-gesigneerd certificaat aanmaken.",
    "TitleNotifications": "Meldingen",
    "ButtonDonateWithPayPal": "Doneer met PayPal",
    "OptionDetectArchiveFilesAsMedia": "Herken archief bestanden als media",
    "OptionDetectArchiveFilesAsMediaHelp": "Indien ingeschakeld zullen bestanden met .rar en .zip extensies herkend worden als media bestanden.",
    "LabelEnterConnectUserName": "Gebruikersnaam of email:",
    "LabelEnterConnectUserNameHelp": "Dit is uw Emby Online Account gebruikersnaam of emailadres.",
    "LabelEnableEnhancedMovies": "Verbeterde film displays inschakelen",
    "LabelEnableEnhancedMoviesHelp": "Wanneer ingeschakeld, zullen films worden weergegeven als mappen inclusief trailers, extra's, cast & crew en andere gerelateerde inhoud.",
    "HeaderSyncJobInfo": "Sync Opdrachten",
    "OptionReleaseDate": "Uitgave datum",
    "ButtonPlayTrailer": "Trailer",
    "LabelFailed": "Mislukt",
    "LabelSeries": "Series:",
    "ButtonFullscreen": "Schakelen tussen volledig scherm ",
    "ButtonAudioTracks": "Geluidssporen",
    "ButtonPreviousTrack": "Vorige track",
    "ButtonNextTrack": "Volgende track",
    "HeaderEpisodes": "Afleveringen:",
    "FolderTypeMovies": "Films",
    "FolderTypeMusic": "Muziek",
    "FolderTypeAdultVideos": "Adult video's",
    "FolderTypePhotos": "Foto's",
    "FolderTypeMusicVideos": "Muziek video's",
    "FolderTypeHomeVideos": "Thuis video's",
    "FolderTypeGames": "Games",
    "FolderTypeBooks": "Boeken",
    "FolderTypeTvShows": "TV",
    "FolderTypeInherit": "overerven",
    "LabelContentType": "Inhoud type:",
    "TitleScheduledTasks": "Geplande Taken",
    "HeaderSetupLibrary": "Stel uw mediabibliotheek in",
    "ButtonAddMediaFolder": "Mediamap toevoegen",
    "LabelFolderType": "Maptype:",
    "ReferToMediaLibraryWiki": "Raadpleeg de mediabibliotheek wiki.",
    "LabelCountry": "Land:",
    "LabelLanguage": "Taal:",
    "LabelTimeLimitHours": "Tijdslimiet (uren):",
    "ButtonJoinTheDevelopmentTeam": "Word lid van het Ontwikkel Team",
    "HeaderPreferredMetadataLanguage": "Gewenste metadata taal:",
    "LabelSaveLocalMetadata": "Sla afbeeldingen en metadata op in de mediamappen",
    "LabelSaveLocalMetadataHelp": "Door afbeeldingen en metadata op te slaan in de mediamappen kunnen ze makkelijker worden gevonden en bewerkt.",
    "LabelDownloadInternetMetadata": "Download afbeeldingen en metadata van het internet",
    "LabelDownloadInternetMetadataHelp": "Emby Server kan informatie downloaden van uw media om rijke presentaties mogelijk te maken.",
    "TabPreferences": "Voorkeuren",
    "TabPassword": "Wachtwoord",
    "TabLibraryAccess": "Bibliotheek toegang",
    "TabAccess": "Toegang",
    "TabImage": "Afbeelding",
    "TabProfile": "Profiel",
    "TabMetadata": "Metagegevens",
    "TabImages": "Afbeeldingen",
    "TabNotifications": "Meldingen",
    "TabCollectionTitles": "Titels",
    "HeaderDeviceAccess": "Apparaat Toegang",
    "OptionEnableAccessFromAllDevices": "Toegang vanaf alle apparaten toestaan",
    "OptionEnableAccessToAllChannels": "Toegang tot alle kanalen inschakelen",
    "OptionEnableAccessToAllLibraries": "Toegang tot alle bibliotheken inschakelen",
    "DeviceAccessHelp": "Dit geldt alleen voor apparaten die uniek ge\u00efdentificeerd kunnen worden en voorkomen niet toegang via een webbrowser. Filteren van apparaat toegang voor gebruikers voorkomt dat zij nieuwe apparaten gebruiken totdat deze hier zijn goedgekeurd.",
    "LabelDisplayMissingEpisodesWithinSeasons": "Toon ontbrekende afleveringen binnen een seizoen",
    "LabelUnairedMissingEpisodesWithinSeasons": "Toon komende afleveringen binnen een seizoen",
    "HeaderVideoPlaybackSettings": "Video afspeel instellingen",
    "HeaderPlaybackSettings": "Afspeel instellingen",
    "LabelAudioLanguagePreference": "Voorkeurs taal geluid:",
    "LabelSubtitleLanguagePreference": "Voorkeurs taal ondertiteling:",
    "OptionDefaultSubtitles": "Standaard",
    "OptionOnlyForcedSubtitles": "Alleen geforceerde ondertiteling",
    "OptionAlwaysPlaySubtitles": "Ondertiteling altijd weergeven",
    "OptionNoSubtitles": "Geen ondertitels",
    "OptionDefaultSubtitlesHelp": "Ondertiteling wordt weergegeven in de voorkeurstaal als het geluid in een andere taal is.",
    "OptionOnlyForcedSubtitlesHelp": "Alleen ondertitels gemarkeerd als \"gedwongen\" zullen worden geladen.",
    "OptionAlwaysPlaySubtitlesHelp": "Ondertiteling wordt weergegeveen in de voorkeurstaal ongeacht de taal van de audio.",
    "OptionNoSubtitlesHelp": "Ondertiteling wordt standaard niet weergegeven.",
    "TabProfiles": "Profielen",
    "TabSecurity": "Beveiliging",
    "ButtonAddUser": "Gebruiker toevoegen",
    "ButtonAddLocalUser": "Voeg lokale gebruiker toe",
    "ButtonInviteUser": "Nodig gebruiker uit",
    "ButtonSave": "Opslaan",
    "ButtonResetPassword": "Wachtwoord resetten",
    "LabelNewPassword": "Nieuw wachtwoord:",
    "LabelNewPasswordConfirm": "Bevestig nieuw wachtwoord:",
    "HeaderCreatePassword": "Maak wachtwoord",
    "LabelCurrentPassword": "Huidig wachtwoord:",
    "LabelMaxParentalRating": "Maximaal toegestane kijkwijzer classificatie:",
    "MaxParentalRatingHelp": "Media met een hogere classificatie wordt niet weergegeven",
    "LibraryAccessHelp": "Selecteer de mediamappen om met deze gebruiker te delen. Beheerders kunnen alle mappen bewerken via de metadata manager.",
    "ChannelAccessHelp": "Selecteer de kanalen om te delen met deze gebruiker. Beheerders kunnen alle kanalen bewerken met de metadata manager.",
    "ButtonDeleteImage": "Verwijder afbeelding",
    "LabelSelectUsers": "Selecteer gebruikers:",
    "ButtonUpload": "Uploaden",
    "HeaderUploadNewImage": "Nieuwe afbeelding uploaden",
    "LabelDropImageHere": "Afbeelding hier neerzetten",
    "ImageUploadAspectRatioHelp": "1:1 beeldverhouding geadviseerd. Alleen JPG\/PNG.",
    "MessageNothingHere": "Lijst is leeg.",
    "MessagePleaseEnsureInternetMetadata": "Zorg ervoor dat het downloaden van metadata van het internet is ingeschakeld.",
    "TabSuggested": "Aanbevolen",
    "TabSuggestions": "Suggesties",
    "TabLatest": "Nieuw",
    "TabUpcoming": "Binnenkort op TV",
    "TabShows": "Series",
    "TabEpisodes": "Afleveringen",
    "TabGenres": "Genres",
    "TabPeople": "Personen",
    "TabNetworks": "TV-Studio's",
    "HeaderUsers": "Gebruikers",
    "HeaderFilters": "Filters:",
    "ButtonFilter": "Filter",
    "OptionFavorite": "Favorieten",
    "OptionLikes": "Leuk",
    "OptionDislikes": "Niet leuk",
    "OptionActors": "Acteurs",
    "OptionGuestStars": "Gast Sterren",
    "OptionDirectors": "Regiseurs",
    "OptionWriters": "Schrijvers",
    "OptionProducers": "Producenten",
    "HeaderResume": "Hervatten",
    "HeaderNextUp": "Volgend",
    "NoNextUpItemsMessage": "Niets gevonden. Start met kijken!",
    "HeaderLatestEpisodes": "Nieuwste Afleveringen",
    "HeaderPersonTypes": "Persoon Types:",
    "TabSongs": "Songs",
    "TabAlbums": "Albums",
    "TabArtists": "Artiesten",
    "TabAlbumArtists": "Albumartiesten",
    "TabMusicVideos": "Muziek Videos",
    "ButtonSort": "Sorteren",
    "HeaderSortBy": "Sorteren op:",
    "HeaderSortOrder": "Sorteer volgorde:",
    "OptionPlayed": "Afgespeeld",
    "OptionUnplayed": "Onafgespeeld",
    "OptionAscending": "Oplopend",
    "OptionDescending": "Aflopend",
    "OptionRuntime": "Speelduur",
    "OptionPlayCount": "Afspeel telling",
    "OptionDatePlayed": "Datum afgespeeld",
    "OptionDateAdded": "Datum toegevoegd",
    "OptionAlbumArtist": "Albumartiest",
    "OptionArtist": "Artiest",
    "OptionAlbum": "Album",
    "OptionTrackName": "Naam van Nummer",
    "OptionCommunityRating": "Gemeenschaps Waardering",
    "OptionNameSort": "Naam",
    "OptionFolderSort": "Mappen",
    "OptionBudget": "Budget",
    "OptionRevenue": "Inkomsten",
    "OptionPoster": "Poster",
    "OptionPosterCard": "Poster kaart",
    "OptionBackdrop": "Achtergrond",
    "OptionTimeline": "Tijdlijn",
    "OptionThumb": "Miniatuur",
    "OptionThumbCard": "Miniaturen kaart",
    "OptionBanner": "Banner",
    "OptionCriticRating": "Kritieken",
    "OptionVideoBitrate": "Video Bitrate",
    "OptionResumable": "Hervatbaar",
    "ScheduledTasksHelp": "Klik op een taak om het schema aan te passen.",
    "ScheduledTasksTitle": "Geplande taken",
    "TabMyPlugins": "Mijn Plug-ins",
    "TabCatalog": "Catalogus",
    "TitlePlugins": "Plugins",
    "HeaderAutomaticUpdates": "Automatische updates",
    "HeaderNowPlaying": "Wordt nu afgespeeld",
    "HeaderLatestAlbums": "Nieuwste Albums",
    "HeaderLatestSongs": "Nieuwste Songs",
    "HeaderRecentlyPlayed": "Recent afgespeeld",
    "HeaderFrequentlyPlayed": "Vaak afgespeeld",
    "DevBuildWarning": "Development versies zijn geheel voor eigen risico. Deze versies worden vaak vrijgegeven en zijn niet getest! De Applicatie kan crashen en sommige functies kunnen mogelijk niet meer werken.",
    "LabelVideoType": "Video Type:",
    "OptionBluray": "Blu-ray",
    "OptionDvd": "Dvd",
    "OptionIso": "Iso",
    "Option3D": "3D",
    "LabelFeatures": "Kenmerken:",
    "LabelService": "Service:",
    "LabelStatus": "Status:",
    "LabelVersion": "Versie:",
    "LabelLastResult": "Laatste resultaat:",
    "OptionHasSubtitles": "Ondertitels",
    "OptionHasTrailer": "Trailer",
    "OptionHasThemeSong": "Thema Song",
    "OptionHasThemeVideo": "Thema Video",
    "TabMovies": "Films",
    "TabStudios": "Studio's",
    "TabTrailers": "Trailers",
    "LabelArtists": "Artiest:",
    "LabelArtistsHelp": "Scheidt meerdere met een ;",
    "HeaderLatestMovies": "Nieuwste Films",
    "HeaderLatestTrailers": "Nieuwste Trailers",
    "OptionHasSpecialFeatures": "Extra's",
    "OptionImdbRating": "IMDb Waardering",
    "OptionParentalRating": "Kijkwijzer classificatie",
    "OptionPremiereDate": "Premi\u00e8re Datum",
    "TabBasic": "Basis",
    "TabAdvanced": "Geavanceerd",
    "HeaderStatus": "Status",
    "OptionContinuing": "Wordt vervolgd...",
    "OptionEnded": "Gestopt",
    "HeaderAirDays": "Uitzend Dagen",
    "OptionSunday": "Zondag",
    "OptionMonday": "Maandag",
    "OptionTuesday": "Dinsdag",
    "OptionWednesday": "Woensdag",
    "OptionThursday": "Donderdag",
    "OptionFriday": "Vrijdag",
    "OptionSaturday": "Zaterdag",
    "HeaderManagement": "Beheer",
    "LabelManagement": "Management:",
    "OptionMissingImdbId": "IMDb Id ontbreekt",
    "OptionMissingTvdbId": "TheTVDB Id ontbreekt",
    "OptionMissingOverview": "Overzicht ontbreekt",
    "OptionFileMetadataYearMismatch": "Jaartal in Bestands\/metadata komt niet overeen",
    "TabGeneral": "Algemeen",
    "TitleSupport": "Ondersteuning",
    "LabelSeasonNumber": "Seizoensnummer",
    "TabLog": "Logboek",
    "LabelEpisodeNumber": "Afleveringsnummer",
    "TabAbout": "Over",
    "TabSupporterKey": "Supporter Sleutel",
    "TabBecomeSupporter": "Word Supporter",
    "ProjectHasCommunity": "Emby heeft een bloeiende gemeenschap van gebruikers en medewerkers.",
    "CheckoutKnowledgeBase": "Bekijk onze knowledge base om u te helpen het meeste uit Emby halen.",
    "SearchKnowledgeBase": "Zoek in de Kennisbank",
    "VisitTheCommunity": "Bezoek de Gemeenschap",
    "VisitProjectWebsite": "Bezoek de Emby Website",
    "VisitProjectWebsiteLong": "Bezoek de Emby Web-website voor het laatste nieuws en blijf op de hoogte via het ontwikkelaars blog.",
    "OptionHideUser": "Verberg deze gebruiker op de aanmeldschermen",
    "OptionHideUserFromLoginHelp": "Handig voor piv\u00e9 of verborgen beheer accounts. De gebruiker zal handmatig m.b.v. gebruikersnaam en wachtwoord aan moeten melden.",
    "OptionDisableUser": "Dit account uitschakelen",
    "OptionDisableUserHelp": "Indien uitgeschakeld zal de server geen verbindingen van deze gebruiker toestaan. Bestaande verbindingen zullen abrupt worden be\u00ebindigd.",
    "HeaderAdvancedControl": "Geavanceerd Beheer",
    "LabelName": "Naam:",
    "ButtonHelp": "Hulp",
    "OptionAllowUserToManageServer": "Deze gebruiker kan de server beheren",
    "HeaderFeatureAccess": "Functie toegang",
    "OptionAllowMediaPlayback": "Media afspelen toestaan",
    "OptionAllowBrowsingLiveTv": "Live TV toegang toestaan",
    "OptionAllowDeleteLibraryContent": "Media verwijderen toestaan",
    "OptionAllowManageLiveTv": "Live TV opname beheer toestaan",
    "OptionAllowRemoteControlOthers": "Op afstand besturen van andere gebruikers toestaan",
    "OptionAllowRemoteSharedDevices": "Op afstand besturen van gedeelde apparaten toestaan",
    "OptionAllowRemoteSharedDevicesHelp": "Dlna apparaten worden als gedeeld apparaat gezien totdat een gebruiker deze gaat gebruiken.",
    "OptionAllowLinkSharing": "Sta social media delen toe",
    "OptionAllowLinkSharingHelp": "Alleen webpagina's met media-informatie worden gedeeld. Media-bestanden worden nooit publiekelijk gedeeld. Aandelen zijn beperkt in de tijd en zal verlopen op basis van uw instellingen voor delen server.",
    "HeaderSharing": "Delen",
    "HeaderRemoteControl": "Gebruik op afstand",
    "OptionMissingTmdbId": "TMDB Id ontbreekt",
    "OptionIsHD": "HD",
    "OptionIsSD": "SD",
    "OptionMetascore": "Metascore",
    "ButtonSelect": "Selecteer",
    "ButtonGroupVersions": "Groepeer Versies",
    "PismoMessage": "Pismo File Mount (met een geschonken licentie).",
    "TangibleSoftwareMessage": "Gebruik makend van concrete oplossingen als Java \/ C converters door een geschonken licentie.",
    "HeaderCredits": "Credits",
    "PleaseSupportOtherProduces": "Steun a.u.b. ook andere gratis producten die wij gebruiken:",
    "VersionNumber": "Versie {0}",
    "TabPaths": "Paden",
    "TabServer": "Server",
    "TabTranscoding": "Transcoderen",
    "TitleAdvanced": "Geavanceerd",
    "LabelAutomaticUpdateLevel": "Niveau automatische update",
    "OptionRelease": "Offici\u00eble Release",
    "OptionBeta": "Beta",
    "OptionDev": "Dev (Instabiel)",
    "LabelAllowServerAutoRestart": "Automatisch herstarten van de server toestaan om updates toe te passen",
    "LabelAllowServerAutoRestartHelp": "De server zal alleen opnieuw opstarten tijdens inactieve perioden, wanneer er geen gebruikers actief zijn.",
    "LabelEnableDebugLogging": "Foutopsporings logboek inschakelen",
    "LabelRunServerAtStartup": "Start server bij het aanmelden",
    "LabelRunServerAtStartupHelp": "Dit start de applicatie als pictogram in het systeemvak tijdens het aanmelden van Windows. Om de Windows-service te starten, schakelt u deze uit en start u de service via het Configuratiescherm van Windows. Houd er rekening mee dat u de service en de applicatie niet tegelijk kunt uitvoeren, u moet dus eerst de applicatie sluiten alvorens u de service start.",
    "ButtonSelectDirectory": "Selecteer map",
    "LabelCustomPaths": "Geef aangepaste paden op waar gewenst. Laat velden leeg om de standaardinstellingen te gebruiken.",
    "LabelCachePath": "Cache pad:",
    "LabelCachePathHelp": "Geef een aangepaste lokatie voor cache bestanden zoals afbeeldingen. Laat leeg om de standaard lokatie te gebruiken.",
    "LabelRecordingPath": "Opname pad:",
    "LabelRecordingPathHelp": "Geef een aangepaste lokatie voor opnamen. Laat leeg om de standaard lokatie te gebruiken.",
    "LabelImagesByNamePath": "Afbeeldingen op naam pad:",
    "LabelImagesByNamePathHelp": "Geef een locatie op voor gedownloade afbeeldingen van acteurs, genre en studio.",
    "LabelMetadataPath": "Metadata pad:",
    "LabelMetadataPathHelp": "Geef een aangepaste locatie op voor gedownloade afbeeldingen en metadata, indien niet opgeslagen in mediamappen.",
    "LabelTranscodingTempPath": "Tijdelijk transcodeer pad:",
    "LabelTranscodingTempPathHelp": "Deze map bevat werkbestanden die worden gebruikt door de transcoder. Geef een eigen locatie op of laat het leeg om de standaardlocatie te gebruiken.",
    "TabBasics": "Basis",
    "TabTV": "TV",
    "TabGames": "Games",
    "TabMusic": "Muziek",
    "TabOthers": "Overig",
    "HeaderExtractChapterImagesFor": "Hoofdstuk afbeeldingen uitpakken voor:",
    "OptionMovies": "Films",
    "OptionEpisodes": "Afleveringen",
    "OptionOtherVideos": "Overige Video's",
    "TitleMetadata": "Metadata",
    "LabelAutomaticUpdates": "Automatische updates inschakelen",
    "LabelAutomaticUpdatesTmdb": "Schakel de automatische update in van TheMovieDB.org",
    "LabelAutomaticUpdatesTvdb": "Schakel de automatische update in van TheTVDB.com",
    "LabelAutomaticUpdatesFanartHelp": "Bij inschakelen zullen nieuwe afbeeldingen die toegevoegd worden op fanart.tv automatisch gedownload worden. Bestaande afbeeldingen worden niet overschreven. Hierdoor zal het scannen van de bibliotheek langer duren en zal er meer diskactiviteit zijn.",
    "LabelAutomaticUpdatesTmdbHelp": "Bij inschakelen zullen nieuwe afbeeldingen die toegevoegd worden op TheMovieDB.org automatisch gedownload worden. Bestaande afbeeldingen worden niet overschreven. Hierdoor zal het scannen van de bibliotheek langer duren en zal er meer diskactiviteit zijn.",
    "LabelAutomaticUpdatesTvdbHelp": "Bij inschakelen zullen nieuwe afbeeldingen die toegevoegd worden op TheTVDB.com automatisch gedownload worden. Bestaande afbeeldingen worden niet overschreven. Hierdoor zal het scannen van de bibliotheek langer duren en zal er meer diskactiviteit zijn.",
    "LabelFanartApiKey": "Persoonlijke api sleutel:",
    "LabelFanartApiKeyHelp": "Verzoeken om fanart zonder een persoonlijke API sleutel geven resultaten terug die meer dan 7 dagen geleden goedgekeurd zijn. Een persoonlijke API sleutel brengt dat terug tot 48 uur en als u ook een fanart VIP lid bent wordt dit tot 10 minuten teruggebracht.",
    "ExtractChapterImagesHelp": "Uitpakken van hoofdstuk afbeeldingen biedt clients grafische scene selectie menu's. Het proces kan langzaam en processor intensief zijn en kan enkele gigabytes aan vrije ruimte vereisen. Het draait wanneer video's worden gevonden en als een voor 's nachts geplande taak. Het schema kan bij de geplande taken worden aangepast. Het wordt niet aanbevolen om deze taak tijdens piekuren te draaien.",
    "LabelMetadataDownloadLanguage": "Voorkeurs taal:",
    "ButtonAutoScroll": "Auto-scroll",
    "LabelImageSavingConvention": "Afbeelding opslag conventie:",
    "LabelImageSavingConventionHelp": "Emby herkent beelden van de meeste grote media-applicaties Het kiezen van uw download conventie is handig als u ook gebruik maakt van andere producten.",
    "OptionImageSavingCompatible": "Compatible - Empty\/Kodi\/Plex",
    "OptionImageSavingStandard": "Standaard - MB2",
    "ButtonSignIn": "Aanmelden",
    "TitleSignIn": "Aanmelden",
    "HeaderPleaseSignIn": "Aanmelden",
    "LabelUser": "Gebruiker:",
    "LabelPassword": "Wachtwoord:",
    "ButtonManualLogin": "Handmatige Aanmelding",
    "PasswordLocalhostMessage": "Wachtwoorden zijn niet vereist bij het aanmelden van localhost.",
    "TabGuide": "Gids",
    "TabChannels": "Kanalen",
    "TabCollections": "Collecties",
    "HeaderChannels": "Kanalen",
    "TabRecordings": "Opnamen",
    "TabScheduled": "Gepland",
    "TabSeries": "Serie",
    "TabFavorites": "Favorieten",
    "TabMyLibrary": "Mijn bibliotheek",
    "ButtonCancelRecording": "Opname annuleren",
    "HeaderPrePostPadding": "Vooraf\/Achteraf insteling",
    "LabelPrePaddingMinutes": "Tijd voor het programma (Minuten):",
    "OptionPrePaddingRequired": "Vooraf opnemen is vereist voor opname",
    "LabelPostPaddingMinutes": "Tijd na het programma (Minuten):",
    "OptionPostPaddingRequired": "Langer opnemen is vereist voor opname",
    "HeaderWhatsOnTV": "Nu te zien",
    "HeaderUpcomingTV": "Straks",
    "TabStatus": "Status",
    "TabSettings": "Instellingen",
    "ButtonRefreshGuideData": "Gidsgegevens Vernieuwen",
    "ButtonRefresh": "Vernieuwen",
    "ButtonAdvancedRefresh": "Geavanceerd vernieuwen",
    "OptionPriority": "Prioriteit",
    "OptionRecordOnAllChannels": "Op alle kanalen opnemen",
    "OptionRecordAnytime": "Op elk tijdstip opnemen",
    "OptionRecordOnlyNewEpisodes": "Alleen nieuwe afleveringen opnemen",
    "HeaderRepeatingOptions": "Herhaling opties",
    "HeaderDays": "Dagen",
    "HeaderActiveRecordings": "Actieve Opnames",
    "HeaderLatestRecordings": "Nieuwe Opnames",
    "HeaderAllRecordings": "Alle Opnames",
    "ButtonPlay": "Afspelen",
    "ButtonEdit": "Bewerken",
    "ButtonRecord": "Opnemen",
    "ButtonDelete": "Verwijderen",
    "ButtonRemove": "Verwijderen",
    "OptionRecordSeries": "Series Opnemen",
    "HeaderDetails": "Details",
    "TitleLiveTV": "Live TV",
    "LabelNumberOfGuideDays": "Aantal dagen van de gids om te downloaden:",
    "LabelNumberOfGuideDaysHelp": "Het downloaden van meer dagen van de gids gegevens biedt de mogelijkheid verder vooruit te plannen en een beter overzicht geven, maar het zal ook langer duren om te downloaden. Auto kiest op basis van het aantal kanalen.",
    "OptionAutomatic": "Automatisch",
    "HeaderServices": "Diensten",
    "LiveTvPluginRequired": "Een Live TV service provider Plug-in is vereist om door te gaan.",
    "LiveTvPluginRequiredHelp": "Installeer a.u b een van onze beschikbare Plug-ins, zoals Next PVR of ServerWmc.",
    "LabelCustomizeOptionsPerMediaType": "Aanpassen voor mediatype",
    "OptionDownloadThumbImage": "Miniatuur",
    "OptionDownloadMenuImage": "Menu",
    "OptionDownloadLogoImage": "Logo",
    "OptionDownloadBoxImage": "Box",
    "OptionDownloadDiscImage": "Schijf",
    "OptionDownloadBannerImage": "Banner",
    "OptionDownloadBackImage": "Terug",
    "OptionDownloadArtImage": "Art",
    "OptionDownloadPrimaryImage": "Primair",
    "HeaderFetchImages": "Afbeeldingen ophalen:",
    "HeaderImageSettings": "Afbeeldingsinstellingen",
    "TabOther": "Overig",
    "LabelMaxBackdropsPerItem": "Maximum aantal achtergronden per item:",
    "LabelMaxScreenshotsPerItem": "Maximum aantal schermafbeeldingen per item:",
    "LabelMinBackdropDownloadWidth": "Minimale achtergrond breedte om te downloaden:",
    "LabelMinScreenshotDownloadWidth": "Minimale schermafbeeldings- breedte om te downloaden:",
    "ButtonAddScheduledTaskTrigger": "Trigger Toevoegen",
    "HeaderAddScheduledTaskTrigger": "Trigger Toevoegen",
    "ButtonAdd": "Toevoegen",
    "LabelTriggerType": "Trigger Type:",
    "OptionDaily": "Dagelijks",
    "OptionWeekly": "Wekelijks",
    "OptionOnInterval": "Op interval",
    "OptionOnAppStartup": "Op applicatie start",
    "OptionAfterSystemEvent": "Na een systeem gebeurtenis",
    "LabelDay": "Dag:",
    "LabelTime": "Tijd:",
    "LabelEvent": "Gebeurtenis:",
    "OptionWakeFromSleep": "Uit slaapstand halen",
    "LabelEveryXMinutes": "Iedere:",
    "HeaderTvTuners": "Tuners",
    "HeaderGallery": "Galerij",
    "HeaderLatestGames": "Nieuwe Games",
    "HeaderRecentlyPlayedGames": "Recent gespeelde Games",
    "TabGameSystems": "Game Systemen",
    "TitleMediaLibrary": "Media Bibliotheek",
    "TabFolders": "Mappen",
    "TabPathSubstitution": "Pad Vervangen",
    "LabelSeasonZeroDisplayName": "Weergave naam voor Seizoen 0:",
    "LabelEnableRealtimeMonitor": "Real time monitoring inschakelen",
    "LabelEnableRealtimeMonitorHelp": "Wijzigingen worden direct verwerkt, op ondersteunde bestandssystemen.",
    "ButtonScanLibrary": "Scan Bibliotheek",
    "HeaderNumberOfPlayers": "Afspelers:",
    "OptionAnyNumberOfPlayers": "Elke",
    "Option1Player": "1+",
    "Option2Player": "2+",
    "Option3Player": "3+",
    "Option4Player": "4+",
    "HeaderMediaFolders": "Media Mappen",
    "HeaderThemeVideos": "Thema Video's",
    "HeaderThemeSongs": "Thema Song's",
    "HeaderScenes": "Scenes",
    "HeaderAwardsAndReviews": "Awards en recensies",
    "HeaderSoundtracks": "Soundtracks",
    "HeaderMusicVideos": "Music Video's",
    "HeaderSpecialFeatures": "Extra's",
    "HeaderCastCrew": "Cast & Crew",
    "HeaderAdditionalParts": "Extra onderdelen",
    "ButtonSplitVersionsApart": "Splits Versies Apart",
    "LabelMissing": "Ontbreekt",
    "LabelOffline": "Offline",
    "PathSubstitutionHelp": "Pad vervangen worden gebruikt voor het in kaart brengen van een pad op de server naar een pad dat de client in staat stelt om toegang te krijgen. Doordat de client directe toegang tot de media op de server heeft is deze in staat om ze direct af te spelen via het netwerk. Daardoor wordt het gebruik van server resources om te streamen en te transcoderen vermeden.",
    "HeaderFrom": "Van",
    "HeaderTo": "Naar",
    "LabelFrom": "Van:",
    "LabelFromHelp": "Bijvoorbeeld: D:\\Movies (op de server)",
    "LabelTo": "Naar:",
    "LabelToHelp": "Voorbeeld: \\\\MijnServer\\Movies (een pad waar de client toegang toe heeft)",
    "ButtonAddPathSubstitution": "Vervanging toevoegen",
    "OptionSpecialEpisode": "Specials",
    "OptionMissingEpisode": "Ontbrekende Afleveringen",
    "OptionUnairedEpisode": "Toekomstige Afleveringen",
    "OptionEpisodeSortName": "Aflevering Sorteer Naam",
    "OptionSeriesSortName": "Serie Naam",
    "OptionTvdbRating": "Tvdb Waardering",
    "HeaderTranscodingQualityPreference": "Transcodeer Kwaliteit voorkeur:",
    "OptionAutomaticTranscodingHelp": "De server zal de kwaliteit en snelheid kiezen",
    "OptionHighSpeedTranscodingHelp": "Lagere kwaliteit, maar snellere codering",
    "OptionHighQualityTranscodingHelp": "Hogere kwaliteit, maar tragere codering",
    "OptionMaxQualityTranscodingHelp": "Beste kwaliteit met tragere codering en hoog CPU-gebruik",
    "OptionHighSpeedTranscoding": "Hogere snelheid",
    "OptionHighQualityTranscoding": "Hogere kwaliteit",
    "OptionMaxQualityTranscoding": "Max kwaliteit",
    "OptionEnableDebugTranscodingLogging": "Transcodeer foutopsporings logboek inschakelen",
    "OptionEnableDebugTranscodingLoggingHelp": "Dit zal zeer grote logboekbestanden genereren en wordt alleen aanbevolen wanneer het nodig is voor het oplossen van problemen.",
    "EditCollectionItemsHelp": "Toevoegen of verwijderen van alle films, series, albums, boeken of games die u wilt groeperen in deze collectie.",
    "HeaderAddTitles": "Titels toevoegen",
    "LabelEnableDlnaPlayTo": "DLNA Afspelen Met inschakelen",
    "LabelEnableDlnaPlayToHelp": "Emby kan apparaten detecteren binnen uw netwerk en biedt de mogelijkheid om ze op afstand te controleren",
    "LabelEnableDlnaDebugLogging": "DLNA foutopsporings logboek inschakelen",
    "LabelEnableDlnaDebugLoggingHelp": "Dit zal grote logboekbestanden maken en mag alleen worden gebruikt als dat nodig is voor het oplossen van problemen.",
    "LabelEnableDlnaClientDiscoveryInterval": "Interval voor het zoeken naar clients (seconden)",
    "LabelEnableDlnaClientDiscoveryIntervalHelp": "Bepaalt de duur in seconden tussen SSDP zoekopdrachten uitgevoerd door Emby.",
    "HeaderCustomDlnaProfiles": "Aangepaste profielen",
    "HeaderSystemDlnaProfiles": "Systeem Profielen",
    "CustomDlnaProfilesHelp": "Maak een aangepast profiel om een \u200b\u200bnieuw apparaat aan te maken of overschrijf een systeemprofiel.",
    "SystemDlnaProfilesHelp": "Systeem profielen zijn alleen-lezen. Om een \u200b\u200bsysteem profiel te overschrijven, maakt u een aangepast profiel gericht op hetzelfde apparaat.",
    "TitleDashboard": "Dashboard",
    "TabHome": "Start",
    "TabInfo": "Info",
    "HeaderLinks": "Links",
    "HeaderSystemPaths": "Systeem Paden",
    "LinkCommunity": "Gemeenschap",
    "LinkGithub": "Github",
    "LinkApi": "Api",
    "LinkApiDocumentation": "Api Documentatie",
    "LabelFriendlyServerName": "Aangepaste servernaam",
    "LabelFriendlyServerNameHelp": "Deze naam wordt gebruikt om deze server te identificeren. Indien leeg gelaten, zal de naam van de computer worden gebruikt.",
    "LabelPreferredDisplayLanguage": "Voorkeurs weergavetaal:",
    "LabelPreferredDisplayLanguageHelp": "Vertaling van Emby is een voortdurend project.",
    "LabelReadHowYouCanContribute": "Lees meer over hoe u kunt bijdragen.",
    "HeaderNewCollection": "Nieuwe Collectie",
    "ButtonSubmit": "Uitvoeren",
    "ButtonCreate": "Cre\u00ebren",
    "LabelCustomCss": "Aangepaste css:",
    "LabelCustomCssHelp": "Uw eigen aangepaste css voor de web-interface toepassen.",
    "LabelLocalHttpServerPortNumber": "Lokale http poort nummer:",
    "LabelLocalHttpServerPortNumberHelp": "Het tcp poort nummer waar Emby's http server aan moet verbinden.",
    "LabelPublicHttpPort": "Publieke http poort nummer:",
    "LabelPublicHttpPortHelp": "Het publieke poortnummer dat moet worden toegewezen aan de lokale http poort.",
    "LabelPublicHttpsPort": "Publieke https poort nummer:",
    "LabelPublicHttpsPortHelp": "Het publieke poortnummer dat moet worden toegewezen aan de lokale https poort.",
    "LabelEnableHttps": "Rapporteer https als extern adres",
    "LabelEnableHttpsHelp": "Indien ingeschakeld, zal de server een https url rapporteren aan de client als het externe adres.",
    "LabelHttpsPort": "Lokale https poort nummer:",
    "LabelHttpsPortHelp": "Het tcp poort nummer waar Emby's http server aan moet verbinden.",
    "LabelWebSocketPortNumber": "Web socket poortnummer:",
    "LabelEnableAutomaticPortMap": "Schakel automatisch poort vertalen in",
    "LabelEnableAutomaticPortMapHelp": "Probeer om de publieke poort automatisch te vertalen naar de lokale poort via UPnP. Dit werkt niet op alle routers.",
    "LabelExternalDDNS": "Extern WAN Adres:",
    "LabelExternalDDNSHelp": "Als u een dynamische DNS heeft moet dit hier worden ingevoerd. Emby apps zullen het gebruiken als externe verbinding. Laat leeg voor automatische detectie",
    "TabResume": "Hervatten",
    "TabWeather": "Weer",
    "TitleAppSettings": "App Instellingen",
    "LabelMinResumePercentage": "Percentage (min.):",
    "LabelMaxResumePercentage": "Percentage (max.):",
    "LabelMinResumeDuration": "Minimale duur (seconden):",
    "LabelMinResumePercentageHelp": "Titels worden ingesteld als onafgespeeld indien gestopt voor deze tijd",
    "LabelMaxResumePercentageHelp": "Titels worden ingesteld als volledig afgespeeld indien gestopt na deze tijd",
    "LabelMinResumeDurationHelp": "Titels korter dan dit zullen niet hervatbaar zijn",
    "TitleAutoOrganize": "Automatisch Organiseren",
    "TabActivityLog": "Activiteiten Logboek",
    "HeaderName": "Naam",
    "HeaderDate": "Datum",
    "HeaderSource": "Bron",
    "HeaderDestination": "Doel",
    "HeaderProgram": "Programma",
    "HeaderClients": "Clients",
    "LabelCompleted": "Compleet",
    "LabelSkipped": "Overgeslagen",
    "HeaderEpisodeOrganization": "Afleveringen Organisatie",
    "LabelEndingEpisodeNumber": "Laatste aflevering nummer:",
    "LabelEndingEpisodeNumberHelp": "Alleen vereist voor bestanden met meerdere afleveringen",
    "HeaderSupportTheTeam": "Ondersteun het Emby Team",
    "LabelSupportAmount": "Bedrag (USD)",
    "HeaderSupportTheTeamHelp": "Door te doneren draagt u bij aan de verdere ontwikkeling van dit project. Een deel van alle donaties zal worden bijgedragen aan de andere gratis tools waarvan we afhankelijk zijn.",
    "ButtonEnterSupporterKey": "Voer supporter sleutel in",
    "DonationNextStep": "Eenmaal voltooid gaat u terug en voert u de supporter sleutel in die u per e-mail zult ontvangen.",
    "AutoOrganizeHelp": "Automatisch organiseren monitort de download mappen op nieuwe bestanden en verplaatst ze naar uw mediamappen.",
    "AutoOrganizeTvHelp": "TV bestanden Organiseren voegt alleen afleveringen toe aan de bestaande series. Het zal geen nieuwe serie mappen aanmaken.",
    "OptionEnableEpisodeOrganization": "Nieuwe aflevering organisatie inschakelen",
    "LabelWatchFolder": "Bewaakte map:",
    "LabelWatchFolderHelp": "De server zal deze map doorzoeken tijdens de geplande taak voor 'Organiseren van nieuwe mediabestanden'",
    "ButtonViewScheduledTasks": "Bekijk geplande taken",
    "LabelMinFileSizeForOrganize": "Minimale bestandsgrootte (MB):",
    "LabelMinFileSizeForOrganizeHelp": "Kleinere bestanden dan dit formaat zullen worden genegeerd.",
    "LabelSeasonFolderPattern": "Mapnaam voor Seizoenen:",
    "LabelSeasonZeroFolderName": "Mapnaam voor Specials:",
    "HeaderEpisodeFilePattern": "Afleverings bestandsopmaak",
    "LabelEpisodePattern": "Afleverings opmaak:",
    "LabelMultiEpisodePattern": "Meerdere afleveringen opmaak:",
    "HeaderSupportedPatterns": "Ondersteunde Opmaak",
    "HeaderTerm": "Term",
    "HeaderPattern": "Opmaak",
    "HeaderResult": "Resulteert in:",
    "LabelDeleteEmptyFolders": "Verwijder lege mappen na het organiseren",
    "LabelDeleteEmptyFoldersHelp": "Schakel in om de download map schoon te houden.",
    "LabelDeleteLeftOverFiles": "Verwijder overgebleven bestanden met de volgende extensies:",
    "LabelDeleteLeftOverFilesHelp": "Scheiden met ;. Bijvoorbeeld: .nfo;.txt",
    "OptionOverwriteExistingEpisodes": "Bestaande afleveringen overschrijven",
    "LabelTransferMethod": "Verplaats methode",
    "OptionCopy": "Kopie",
    "OptionMove": "Verplaats",
    "LabelTransferMethodHelp": "Bestanden kopi\u00ebren of verplaatsen van de bewaakte map",
    "HeaderLatestNews": "Nieuws",
    "HeaderHelpImproveProject": "Help Emby te verbeteren",
    "HeaderRunningTasks": "Actieve taken",
    "HeaderActiveDevices": "Actieve apparaten",
    "HeaderPendingInstallations": "In afwachting van installaties",
    "HeaderServerInformation": "Server informatie",
    "ButtonRestartNow": "Nu opnieuw opstarten",
    "ButtonRestart": "Herstart",
    "ButtonShutdown": "Afsluiten",
    "ButtonUpdateNow": "Nu bijwerken",
    "TabHosting": "Hosting",
    "PleaseUpdateManually": "Sluit de server a.u.b. af en werk handmatig bij.",
    "NewServerVersionAvailable": "Er is een nieuwe versie van Emby Server beschikbaar!",
    "ServerUpToDate": "Emby Server is up-to-date",
    "LabelComponentsUpdated": "De volgende onderdelen zijn ge\u00efnstalleerd of bijgewerkt:",
    "MessagePleaseRestartServerToFinishUpdating": "Herstart de server om de updates af te ronden en te activeren.",
    "LabelDownMixAudioScale": "Geluidsversterking verbeteren als er gemixt wordt:",
    "LabelDownMixAudioScaleHelp": "Geluid versterken als er gemixt wordt. Zet op 1 om oorspronkelijke volume te behouden.",
    "ButtonLinkKeys": "Verplaats sleutel",
    "LabelOldSupporterKey": "Oude supporter sleutel",
    "LabelNewSupporterKey": "Nieuwe supporter sleutel",
    "HeaderMultipleKeyLinking": "Verplaats naar nieuwe sleutel",
    "MultipleKeyLinkingHelp": "Als u een nieuwe supportersleutel ontvangen heeft, gebruik dan dit formulier om de registratie van de oude sleutel over te zetten naar de nieuwe sleutel.",
    "LabelCurrentEmailAddress": "Huidige e-mailadres",
    "LabelCurrentEmailAddressHelp": "De huidige e-mailadres waar uw nieuwe sleutel naar is verzonden.",
    "HeaderForgotKey": "Sleutel vergeten",
    "LabelEmailAddress": "E-mailadres",
    "LabelSupporterEmailAddress": "Het e-mailadres dat is gebruikt om de sleutel te kopen.",
    "ButtonRetrieveKey": "Ophalen Sleutel",
    "LabelSupporterKey": "Supporter Sleutel (plakken uit e-mail)",
    "LabelSupporterKeyHelp": "Voer uw supporter sleutel in om te genieten van de voordelen die de gemeenschap voor Emby heeft ontwikkeld.",
    "MessageInvalidKey": "Supporters sleutel ontbreekt of is ongeldig.",
    "ErrorMessageInvalidKey": "Om premium inhoud te registreren moet u ook Emby Supporter zijn. Doneer alstublieft en ondersteun daarmee de voortdurende ontwikkeling van het kernproduct. Bedankt.",
    "HeaderDisplaySettings": "Weergave instellingen",
    "TabPlayTo": "Afspelen met",
    "LabelEnableDlnaServer": "DLNA server inschakelen",
    "LabelEnableDlnaServerHelp": "Sta UPnP apparaten op uw netwerk toe om door Emby inhoud te bladeren en af te spelen.",
    "LabelEnableBlastAliveMessages": "Alive berichten zenden",
    "LabelEnableBlastAliveMessagesHelp": "Zet dit aan als de server niet betrouwbaar door andere UPnP-apparaten op uw netwerk wordt gedetecteerd.",
    "LabelBlastMessageInterval": "Alive bericht interval (seconden)",
    "LabelBlastMessageIntervalHelp": "Bepaalt de duur in seconden tussen server Alive berichten.",
    "LabelDefaultUser": "Standaard gebruiker:",
    "LabelDefaultUserHelp": "Bepaalt welke gebruikers bibliotheek op aangesloten apparaten moet worden weergegeven. Dit kan worden overschreven voor elk apparaat met behulp van profielen.",
    "TitleDlna": "DLNA",
    "TitleChannels": "Kanalen",
    "HeaderServerSettings": "Server Instellingen",
    "LabelWeatherDisplayLocation": "Weersbericht locatie:",
    "LabelWeatherDisplayLocationHelp": "US postcode \/ Plaats, Staat, Land \/ Stad, Land \/ Weer ID",
    "LabelWeatherDisplayUnit": "Temperatuurs eenheid:",
    "OptionCelsius": "Celsius",
    "OptionFahrenheit": "Fahrenheit",
    "HeaderRequireManualLogin": "Vereist handmatig aanmelden met gebruikersnaam voor:",
    "HeaderRequireManualLoginHelp": "Indien uitgeschakeld toont de client een aanmeldscherm met een visuele selectie van gebruikers.",
    "OptionOtherApps": "Overige apps",
    "OptionMobileApps": "Mobiele apps",
    "HeaderNotificationList": "Klik op een melding om de opties voor het versturen ervan te configureren.",
    "NotificationOptionApplicationUpdateAvailable": "Programma-update beschikbaar",
    "NotificationOptionApplicationUpdateInstalled": "Programma-update ge\u00efnstalleerd",
    "NotificationOptionPluginUpdateInstalled": "Plug-in-update ge\u00efnstalleerd",
    "NotificationOptionPluginInstalled": "Plug-in ge\u00efnstalleerd",
    "NotificationOptionPluginUninstalled": "Plug-in verwijderd",
    "NotificationOptionVideoPlayback": "Video afspelen gestart",
    "NotificationOptionAudioPlayback": "Geluid afspelen gestart",
    "NotificationOptionGamePlayback": "Game gestart",
    "NotificationOptionVideoPlaybackStopped": "Video afspelen gestopt",
    "NotificationOptionAudioPlaybackStopped": "Geluid afspelen gestopt",
    "NotificationOptionGamePlaybackStopped": "Afspelen spel gestopt",
    "NotificationOptionTaskFailed": "Mislukken van de geplande taak",
    "NotificationOptionInstallationFailed": "Mislukken van de installatie",
    "NotificationOptionNewLibraryContent": "Nieuwe content toegevoegd",
    "NotificationOptionNewLibraryContentMultiple": "Nieuwe content toegevoegd (meerdere)",
    "NotificationOptionCameraImageUploaded": "Camera afbeelding ge\u00fcpload",
    "NotificationOptionUserLockedOut": "Gebruikersaccount vergrendeld",
    "HeaderSendNotificationHelp": "Notificaties worde in uw Emby inbox afgelelverd. Additionele opties kunnen via de tab Services ge\u00efnstalleerd worden.",
    "NotificationOptionServerRestartRequired": "Server herstart nodig",
    "LabelNotificationEnabled": "Deze melding inschakelen",
    "LabelMonitorUsers": "Monitor activiteit van:",
    "LabelSendNotificationToUsers": "Stuur de melding naar:",
    "LabelUseNotificationServices": "Gebruik de volgende diensten:",
    "CategoryUser": "Gebruiker",
    "CategorySystem": "Systeem",
    "CategoryApplication": "Toepassing",
    "CategoryPlugin": "Plug-in",
    "LabelMessageTitle": "Titel van het bericht:",
    "LabelAvailableTokens": "Beschikbaar tokens:",
    "AdditionalNotificationServices": "Blader door de  Plug-in catalogus om aanvullende meldingsdiensten te installeren.",
    "OptionAllUsers": "Alle gebruikers",
    "OptionAdminUsers": "Beheerders",
    "OptionCustomUsers": "Aangepast",
    "ButtonArrowUp": "Omhoog",
    "ButtonArrowDown": "Omlaag",
    "ButtonArrowLeft": "Links",
    "ButtonArrowRight": "Rechts",
    "ButtonBack": "Terug",
    "ButtonInfo": "Info",
    "ButtonOsd": "Weergave op het scherm",
    "ButtonPageUp": "Page Up",
    "ButtonPageDown": "Page Down",
    "PageAbbreviation": "PG",
    "ButtonHome": "Start",
    "ButtonSearch": "Zoeken",
    "ButtonSettings": "Instellingen",
    "ButtonTakeScreenshot": "Vang Schermafbeelding",
    "ButtonLetterUp": "Letter omhoog",
    "ButtonLetterDown": "Letter omlaag",
    "PageButtonAbbreviation": "PG",
    "LetterButtonAbbreviation": "A",
    "TabNowPlaying": "Wordt nu afgespeeld",
    "TabNavigation": "Navigatie",
    "TabControls": "Besturing",
    "ButtonScenes": "Scenes",
    "ButtonSubtitles": "Ondertitels",
    "ButtonStop": "Stop",
    "ButtonPause": "Pauze",
    "ButtonNext": "Volgende",
    "ButtonPrevious": "Vorige",
    "LabelGroupMoviesIntoCollections": "Groepeer films in collecties",
    "LabelGroupMoviesIntoCollectionsHelp": "Bij de weergave van film lijsten, zullen films die tot een collectie behoren worden weergegeven als een gegroepeerd object.",
    "NotificationOptionPluginError": "Plug-in fout",
    "ButtonVolumeUp": "Volume omhoog",
    "ButtonVolumeDown": "Volume omlaag",
    "ButtonMute": "Dempen",
    "HeaderLatestMedia": "Nieuw in bibliotheek",
    "OptionSpecialFeatures": "Extra's",
    "HeaderCollections": "Collecties",
    "LabelProfileCodecsHelp": "Gescheiden door een komma. Deze kan leeg gelaten worden om te laten gelden voor alle codecs.",
    "LabelProfileContainersHelp": "Gescheiden door een komma. Deze kan leeg gelaten worden om te laten gelden voor alle containers.",
    "HeaderResponseProfile": "Antwoord Profiel",
    "LabelType": "Type:",
    "LabelPersonRole": "Rol:",
    "LabelPersonRoleHelp": "Rol is alleen van toepassing op acteurs.",
    "LabelProfileContainer": "Container:",
    "LabelProfileVideoCodecs": "Video codecs:",
    "LabelProfileAudioCodecs": "Geluidscodecs:",
    "LabelProfileCodecs": "Codecs:",
    "HeaderDirectPlayProfile": "Direct Afspelen Profiel",
    "HeaderTranscodingProfile": "Direct Afspelen Profiel",
    "HeaderCodecProfile": "Codec Profiel",
    "HeaderCodecProfileHelp": "Codec profielen geven de beperkingen van een apparaat bij het afspelen van bepaalde codecs. Als een beperking geldt dan zal de media getranscodeerd worden, zelfs indien de codec is geconfigureerd voor direct afspelen.",
    "HeaderContainerProfile": "Container Profiel",
    "HeaderContainerProfileHelp": "Container profielen geven de beperkingen van een apparaat bij het afspelen van bepaalde formaten. Als een beperking geldt dan zal de media getranscodeerd worden, zelfs indien het formaat is geconfigureerd voor direct afspelen.",
    "OptionProfileVideo": "Video",
    "OptionProfileAudio": "Geluid",
    "OptionProfileVideoAudio": "Video geluid",
    "OptionProfilePhoto": "Foto",
    "LabelUserLibrary": "Gebruikers Bibliotheek:",
    "LabelUserLibraryHelp": "Selecteer welke gebruikers bibliotheek weergegeven moet worden op het apparaat. Laat leeg standaardinstelling te gebruiken.",
    "OptionPlainStorageFolders": "Alle mappen weergeven als gewone opslagmappen",
    "OptionPlainStorageFoldersHelp": "Indien ingeschakeld worden alle mappen in DIDL weergegeven als 'object.container.storageFolder' in plaats van een meer specifiek type, zoals 'object.container.person.musicArtist'.",
    "OptionPlainVideoItems": "Alle video's weergeven als gewone video items",
    "OptionPlainVideoItemsHelp": "Indien ingeschakeld worden alle video's in DIDL weergegeven als 'object.item.videoItem' in plaats van een meer specifiek type, zoals 'object.item.videoItem.movie'.",
    "LabelSupportedMediaTypes": "Ondersteunde Media Types:",
    "TabIdentification": "Identificatie",
    "HeaderIdentification": "Identificatie",
    "TabDirectPlay": "Direct Afspelen",
    "TabContainers": "Containers",
    "TabCodecs": "Codecs",
    "TabResponses": "Reacties",
    "HeaderProfileInformation": "Profiel Informatie",
    "LabelEmbedAlbumArtDidl": "Insluiten van albumhoezen in Didl",
    "LabelEmbedAlbumArtDidlHelp": "Sommige apparaten prefereren deze methode voor het verkrijgen van albumhoezen. Anderen kunnen falen om af te spelen met deze optie ingeschakeld.",
    "LabelAlbumArtPN": "Albumhoes PN:",
    "LabelAlbumArtHelp": "PN gebruikt voor albumhoes, binnen het kenmerk van de dlna:profileID op upnp:albumArtURI. Sommige clients vereisen een specifieke waarde, ongeacht de grootte van de afbeelding.",
    "LabelAlbumArtMaxWidth": "Albumhoes max. breedte:",
    "LabelAlbumArtMaxWidthHelp": "Max. resolutie van albumhoezen weergegeven via upnp:albumArtURI.",
    "LabelAlbumArtMaxHeight": "Albumhoes max. hoogte:",
    "LabelAlbumArtMaxHeightHelp": "Max. resolutie van albumhoezen weergegeven via upnp:albumArtURI.",
    "LabelIconMaxWidth": "Pictogram max breedte:",
    "LabelIconMaxWidthHelp": "Max. resolutie van pictogrammen weergegeven via upnp:icon.",
    "LabelIconMaxHeight": "Pictogram max. hoogte:\n",
    "LabelIconMaxHeightHelp": "Max. resolutie van pictogrammen weergegeven via upnp:icon.",
    "LabelIdentificationFieldHelp": "Een niet-hoofdlettergevoelige subtekenreeks of regex expressie.",
    "HeaderProfileServerSettingsHelp": "Deze waarden bepalen hoe Emby Server zich zal presenteren aan het apparaat.",
    "LabelMaxBitrate": "Max. bitrate:",
    "LabelMaxBitrateHelp": "Geef een max. bitrate in bandbreedte beperkte omgevingen, of als het apparaat zijn eigen limiet heeft.",
    "LabelMaxStreamingBitrate": "Maximale streaming bitrate:",
    "LabelMaxStreamingBitrateHelp": "Geef een maximale bitrate voor streaming op.",
    "LabelMaxChromecastBitrate": "Maximale bitrate Chromecast:",
    "LabelMaxStaticBitrate": "Maximale Synchronisatie bitrate:",
    "LabelMaxStaticBitrateHelp": "Geef een maximale bitrate op voor synchroniseren in hoge kwaliteit.",
    "LabelMusicStaticBitrate": "Muzieksynchronisatie bitrate:",
    "LabelMusicStaticBitrateHelp": "Geef een maximum bitrate op voor het synchroniseren van muziek",
    "LabelMusicStreamingTranscodingBitrate": "Muziek transcodering bitrate: ",
    "LabelMusicStreamingTranscodingBitrateHelp": "Geef een maximum bitrate op voor het streamen van muziek",
    "OptionIgnoreTranscodeByteRangeRequests": "Transcodeer byte range-aanvragen negeren",
    "OptionIgnoreTranscodeByteRangeRequestsHelp": "Indien ingeschakeld, zullen deze verzoeken worden gehonoreerd, maar zal de byte bereik header worden genegeerd.",
    "LabelFriendlyName": "Aangepaste naam",
    "LabelManufacturer": "Fabrikant",
    "LabelManufacturerUrl": "Url Fabrikant",
    "LabelModelName": "Modelnaam",
    "LabelModelNumber": "Modelnummer",
    "LabelModelDescription": "Model omschrijving",
    "LabelModelUrl": "Model url",
    "LabelSerialNumber": "Serienummer",
    "LabelDeviceDescription": "Apparaat omschrijving",
    "HeaderIdentificationCriteriaHelp": "Voer tenminste \u00e9\u00e9n identificatiecriterium in.",
    "HeaderDirectPlayProfileHelp": "Toevoegen direct afspelen profielen om aan te geven welke formaten het apparaat standaard aankan.",
    "HeaderTranscodingProfileHelp": "Transcoding profielen toevoegen om aan te geven welke indelingen moeten worden gebruikt wanneer transcoding vereist is.",
    "HeaderResponseProfileHelp": "Responsprofielen bieden een manier om informatie, verzonden naar het apparaat bij het afspelen van bepaalde soorten media aan te passen.",
    "LabelXDlnaCap": "X-Dlna cap:",
    "LabelXDlnaCapHelp": "Bepaalt de inhoud van het X_DLNACAP element in de urn: schemas-dlna-org:device-1-0 namespace. \n",
    "LabelXDlnaDoc": "X-Dlna doc:",
    "LabelXDlnaDocHelp": "Bepaalt de inhoud van het X_DLNADOC element in de urn: schemas-dlna-org:device-1-0 namespace. ",
    "LabelSonyAggregationFlags": "Sony aggregatie vlaggen:",
    "LabelSonyAggregationFlagsHelp": "Bepaalt de inhoud van het aggregationFlags element in de urn: schemas-sonycom av namespace.",
    "LabelTranscodingContainer": "Container:",
    "LabelTranscodingVideoCodec": "Video codec:",
    "LabelTranscodingVideoProfile": "Video profile:",
    "LabelTranscodingAudioCodec": "Geluidscodec:",
    "OptionEnableM2tsMode": "M2ts-modus inschakelen",
    "OptionEnableM2tsModeHelp": "m2ts-modus bij het encoderen naar mpegts inschakelen",
    "OptionEstimateContentLength": "Lengte schatten van de inhoud bij het transcoderen",
    "OptionReportByteRangeSeekingWhenTranscoding": "Rapporteer dat de server byte zoeken tijdens transcoderen ondersteunt",
    "OptionReportByteRangeSeekingWhenTranscodingHelp": "Dit is vereist voor bepaalde apparaten die zo goed op tijd zoeken.",
    "HeaderSubtitleDownloadingHelp": "Tijdens het scannen van uw videobestanden kan Emby zoeken naar missende ondertitels en deze downloaden met behulp van een ondertitel provider zoals OpenSubtitles.org.",
    "HeaderDownloadSubtitlesFor": "Download ondertiteling voor:",
    "MessageNoChapterProviders": "Installeer een hoofdstuk provider Plug-in zoals ChapterDb om extra hoofdstuk opties in te schakelen.",
    "LabelSkipIfGraphicalSubsPresent": "Overslaan als de video al grafische ondertitels  bevat",
    "LabelSkipIfGraphicalSubsPresentHelp": "Tekstversies van ondertitels opslaan zal video's effici\u00ebnter overbrengen en de kans op transcodering van video's verkleinen.",
    "TabSubtitles": "Ondertiteling",
    "TabChapters": "Hoofdstukken",
    "HeaderDownloadChaptersFor": "Download hoofdstuk namen voor:",
    "LabelOpenSubtitlesUsername": "Gebruikersnaam Open Subtitles:",
    "LabelOpenSubtitlesPassword": "Wachtwoord Open Subtitles:",
    "HeaderChapterDownloadingHelp": "Wanneer Emby uw videobestanden scant kan het vriendelijke hoofdstuk namen downloaden van het internet met behulp van hoofdstuk plugins zoals ChapterDb.",
    "LabelPlayDefaultAudioTrack": "Speel standaard audio spoor ongeacht taal",
    "LabelSubtitlePlaybackMode": "Ondertitelingsmode:",
    "LabelDownloadLanguages": "Download talen:",
    "ButtonRegister": "Aanmelden",
    "LabelSkipIfAudioTrackPresent": "Overslaan als het standaard geluidsspoor overeenkomt met de taal van de download",
    "LabelSkipIfAudioTrackPresentHelp": "Vink dit uit om ervoor te zorgen dat alle video's ondertitels krijgen, ongeacht de geluidstaal.",
    "HeaderSendMessage": "Stuur bericht",
    "ButtonSend": "Stuur",
    "LabelMessageText": "Bericht tekst:",
    "MessageNoAvailablePlugins": "Geen beschikbare Plug-ins.",
    "LabelDisplayPluginsFor": "Toon Plug-ins voor:",
    "PluginTabAppClassic": "Emby Classic",
    "PluginTabAppTheater": "Emby Theater",
    "LabelEpisodeNamePlain": "Naam aflevering",
    "LabelSeriesNamePlain": "Naam serie",
    "ValueSeriesNamePeriod": "Serie.Naam",
    "ValueSeriesNameUnderscore": "Serie_naam",
    "ValueEpisodeNamePeriod": "Aflevering.naam",
    "ValueEpisodeNameUnderscore": "Aflevering_naam",
    "LabelSeasonNumberPlain": "nummer seizoen",
    "LabelEpisodeNumberPlain": "Nummer aflevering",
    "LabelEndingEpisodeNumberPlain": "Laatste nummer aflevering",
    "HeaderTypeText": "Voer tekst in",
    "LabelTypeText": "Tekst",
    "HeaderSearchForSubtitles": "Zoeken naar Ondertitels",
    "ButtonMore": "Meer",
    "MessageNoSubtitleSearchResultsFound": "Geen zoekresultaten gevonden.",
    "TabDisplay": "Weergave",
    "TabLanguages": "Talen",
    "TabAppSettings": "App Instellingen",
    "LabelEnableThemeSongs": "Theme songs inschakelen:",
    "LabelEnableBackdrops": "Achtergronden inschakelen:",
    "LabelEnableThemeSongsHelp": "Indien ingeschakeld, zullen theme songs in de achtergrond worden afgespeeld tijdens het browsen door de bibliotheek.",
    "LabelEnableBackdropsHelp": "Indien ingeschakeld, zullen achtergrondafbeeldingen in de achtergrond worden getoond van een aantal pagina's tijdens het browsen door de bibliotheek.",
    "HeaderHomePage": "Startpagina",
    "HeaderSettingsForThisDevice": "Instellingen voor dit apparaat",
    "OptionAuto": "Auto",
    "OptionYes": "Ja",
    "OptionNo": "Nee",
    "HeaderOptions": "Opties",
    "HeaderIdentificationResult": "Identificatie Resultaat",
    "LabelHomePageSection1": "Startpagina sectie 1:",
    "LabelHomePageSection2": "Startpagina sectie 2:",
    "LabelHomePageSection3": "Startpagina sectie 3:",
    "LabelHomePageSection4": "Startpagina sectie 4:",
    "OptionMyMediaButtons": "Mijn media (knoppen)",
    "OptionMyMedia": "Mijn media",
    "OptionMyMediaSmall": "Mijn media (klein)",
    "OptionResumablemedia": "Hervatten",
    "OptionLatestMedia": "Nieuwste media",
    "OptionLatestChannelMedia": "Nieuwste kanaal items",
    "HeaderLatestChannelItems": "Nieuwste kanaal items",
    "OptionNone": "Geen",
    "HeaderLiveTv": "Live TV",
    "HeaderReports": "Rapporten",
    "HeaderMetadataManager": "Metadata Manager",
    "HeaderSettings": "Instellingen",
    "MessageLoadingChannels": "Laden kanaal inhoud ...",
    "MessageLoadingContent": "Inhoud wordt geladen ...",
    "ButtonMarkRead": "Markeren als gelezen",
    "OptionDefaultSort": "Standaard",
    "OptionCommunityMostWatchedSort": "Meest bekeken",
    "TabNextUp": "Volgend",
    "PlaceholderUsername": "Gebruikersnaam",
    "HeaderBecomeProjectSupporter": "Word Emby Supporter",
    "MessageNoMovieSuggestionsAvailable": "Er zijn momenteel geen film suggesties beschikbaar. Begin met het bekijken en waardeer uw films, kom daarna terug om uw aanbevelingen te bekijken.",
    "MessageNoCollectionsAvailable": "Collecties maken het u mogelijk om Films, Series, Albums, Boeken en Games te groeperen. Klik op de + knop om Collecties aan te maken.",
    "MessageNoPlaylistsAvailable": "Met afspeellijsten kunt u een lijst maken waarvan de items achter elkaar afgespeeld worden. Om een item toe te voegen klikt u met rechts of tik en houd het vast om het te selecteren, klik vervolgens op Toevoegen aan afspeellijst.",
    "MessageNoPlaylistItemsAvailable": "De afspeellijst is momenteel leeg.",
    "ButtonDismiss": "Afwijzen",
    "ButtonEditOtherUserPreferences": "Wijzig het profiel, afbeelding en persoonlijke voorkeuren van deze gebruiker.",
    "LabelChannelStreamQuality": "Voorkeurs kwaliteit internet stream:",
    "LabelChannelStreamQualityHelp": "Bij weinig beschikbare bandbreedte kan het verminderen van de kwaliteit betere streams opleveren.",
    "OptionBestAvailableStreamQuality": "Best beschikbaar",
    "LabelEnableChannelContentDownloadingFor": "Schakel kanaalinhoud downloaden in voor:",
    "LabelEnableChannelContentDownloadingForHelp": "Sommige kanalen ondersteunen downloaden en later kijken. Schakel deze optie in als er weinig bandbreedte beschikbaar is. Inhoud zal dan tijdens de kanaal download taak uitgevoerd worden.",
    "LabelChannelDownloadPath": "Kanaal inhoud download pad:",
    "LabelChannelDownloadPathHelp": "Geef een eigen download pad op als dit gewenst is, leeglaten voor dowloaden naar de interne programa data map.",
    "LabelChannelDownloadAge": "Verwijder inhoud na: (dagen)",
    "LabelChannelDownloadAgeHelp": "Gedownloade inhoud die ouder is zal worden verwijderd. Afspelen via internet streaming blijft mogelijk.",
    "ChannelSettingsFormHelp": "Installeer kanalen zoals Trailers en Vimeo in de Plug-in catalogus.",
    "ButtonOptions": "Opties",
    "ViewTypePlaylists": "Afspeellijsten",
    "ViewTypeMovies": "Films",
    "ViewTypeTvShows": "TV",
    "ViewTypeGames": "Games",
    "ViewTypeMusic": "Muziek",
    "ViewTypeMusicGenres": "Genres",
    "ViewTypeMusicArtists": "Artiesten",
    "ViewTypeBoxSets": "Collecties",
    "ViewTypeChannels": "Kanalen",
    "ViewTypeLiveTV": "Live TV",
    "ViewTypeLiveTvNowPlaying": "Nu uitgezonden",
    "ViewTypeLatestGames": "Nieuwste games",
    "ViewTypeRecentlyPlayedGames": "Recent gespeelt",
    "ViewTypeGameFavorites": "Favorieten",
    "ViewTypeGameSystems": "Gam systemen",
    "ViewTypeGameGenres": "Genres",
    "ViewTypeTvResume": "Hervatten",
    "ViewTypeTvNextUp": "Volgende",
    "ViewTypeTvLatest": "Nieuwste",
    "ViewTypeTvShowSeries": "Series",
    "ViewTypeTvGenres": "Genres",
    "ViewTypeTvFavoriteSeries": "Favoriete Series",
    "ViewTypeTvFavoriteEpisodes": "Favoriete Afleveringen",
    "ViewTypeMovieResume": "Hervatten",
    "ViewTypeMovieLatest": "Nieuwste",
    "ViewTypeMovieMovies": "Films",
    "ViewTypeMovieCollections": "Collecties",
    "ViewTypeMovieFavorites": "Favorieten",
    "ViewTypeMovieGenres": "Genres",
    "ViewTypeMusicLatest": "Nieuwste",
    "ViewTypeMusicPlaylists": "Afspeellijsten",
    "ViewTypeMusicAlbums": "Albums",
    "ViewTypeMusicAlbumArtists": "Album artiesten",
    "HeaderOtherDisplaySettings": "Beeld instellingen",
    "ViewTypeMusicSongs": "Nummers",
    "ViewTypeMusicFavorites": "Favorieten",
    "ViewTypeMusicFavoriteAlbums": "Favoriete albums",
    "ViewTypeMusicFavoriteArtists": "Favoriete artiesten",
    "ViewTypeMusicFavoriteSongs": "Favoriete nummers",
    "HeaderMyViews": "Mijn Overzichten",
    "LabelSelectFolderGroups": "De inhoud van de volgende mappen automatisch groeperen in de secties zoals Films, Muziek en TV:",
    "LabelSelectFolderGroupsHelp": "Mappen die niet aangevinkt zijn worden getoond in hun eigen weergave.",
    "OptionDisplayAdultContent": "Toon Inhoud voor volwassen",
    "OptionLibraryFolders": "Media mappen",
    "TitleRemoteControl": "Beheer op afstand",
    "OptionLatestTvRecordings": "Nieuwste opnames",
    "LabelProtocolInfo": "Protocol info:",
    "LabelProtocolInfoHelp": "De waarde die wordt gebruikt bij het reageren op GetProtocolInfo verzoeken van het apparaat.",
    "TabNfo": "Nfo",
    "HeaderKodiMetadataHelp": "Emby omvat ondersteunt Nfo metadata bestanden. Om Nfo metadata in- of uit te schakelen, gebruikt u het tabblad Geavanceerd om opties voor uw mediatypen in te stellen.",
    "LabelKodiMetadataUser": "Synchroniseer kijk informatie naar nfo's voor:",
    "LabelKodiMetadataUserHelp": "Schakel dit in om gemonitorde gegevens tussen Emby Server en Nfo bestanden te synchroniseren",
    "LabelKodiMetadataDateFormat": "Uitgave datum formaat:",
    "LabelKodiMetadataDateFormatHelp": "Alle datums in NFO's zullen gelezen en geschreven worden met dit formaat.",
    "LabelKodiMetadataSaveImagePaths": "Bewaar afbeeldingspaden in NFO-bestanden",
    "LabelKodiMetadataSaveImagePathsHelp": "Dit wordt aanbevolen als u bestandsnamen heeft die niet voldoen aan Kodi richtlijnen.",
    "LabelKodiMetadataEnablePathSubstitution": "Pad vervanging inschakelen",
    "LabelKodiMetadataEnablePathSubstitutionHelp": "Stelt pad vervanging in voor afbeeldingspaden en maakt gebruik van de Pad Vervangen instellingen van de server.",
    "LabelKodiMetadataEnablePathSubstitutionHelp2": "Bekijk pad vervanging.",
    "OptionDisplayChannelsInline": "Toon kanalen samen met andere media",
    "OptionDisplayChannelsInlineHelp": "Als dit ingeschakeld is zullen kanalen samen met andere mediasoorten getoond worden. Als dit uitgeschakeld is worden de kanalen gegroepeerd in een eigen weergave.",
    "LabelDisplayCollectionsView": "Toon collecties in mijn overzichten om film verzamelingen weer te geven",
    "LabelDisplayCollectionsViewHelp": "Hiermee wordt een aparte weergave gemaakt waarin collecties worden weergegeven die u hebt aangemaakt of toegang toe hebt. Klik rechts op een film of druk en houd vast en kies 'Toevoegen aan Collectie'. ",
    "LabelKodiMetadataEnableExtraThumbs": "Kopieer extrafanart naar extrathumbs",
    "LabelKodiMetadataEnableExtraThumbsHelp": "Gedownloade afbeeldingen kunnen direct in extrafanart en extrathumbs opgeslagen worden voor maximale Kodi skin compatibiliteit.",
    "TabServices": "Meta Diensten",
    "TabLogs": "Logboeken",
    "HeaderServerLogFiles": "Server logboek bestanden:",
    "TabBranding": "Huisstijl",
    "HeaderBrandingHelp": "Pas het uiterlijk van Emby aan, aan de behoeften van uw groep of organisatie.",
    "LabelLoginDisclaimer": "Aanmeld vrijwaring:",
    "LabelLoginDisclaimerHelp": "Dit wordt onderaan de login pagina weergegeven.",
    "LabelAutomaticallyDonate": "Doneer dit bedrag automatisch elke maand",
    "LabelAutomaticallyDonateHelp": "U kunt dit via uw PayPal account op elk moment annuleren.",
    "OptionList": "Lijst",
    "TabDashboard": "Dashboard",
    "TitleServer": "Server",
    "LabelCache": "Cache:",
    "LabelLogs": "Logboeken:",
    "LabelMetadata": "Metadata:",
    "LabelImagesByName": "Afbeeldingen op naam:",
    "LabelTranscodingTemporaryFiles": "Tijdelijke transcodeer bestanden:",
    "HeaderLatestMusic": "Nieuwste muziek",
    "HeaderBranding": "Huisstijl",
    "HeaderApiKeys": "Api Sleutels",
    "HeaderApiKeysHelp": "Externe applicaties zijn verplicht om een \u200b\u200bAPI sleutel te hebben om te communiceren met Emby Server. Sleutels worden uitgegeven door in te loggen met een Emby account, of door het handmatig verlenen van een sleutel voor de toepassing.",
    "HeaderApiKey": "Api Sleutel",
    "HeaderApp": "Applicatie",
    "HeaderDevice": "Apparaat",
    "HeaderUser": "Gebruiker",
    "HeaderDateIssued": "Datum uitgegeven",
    "LabelChapterName": "Hoofdstuk {0}",
    "HeaderNewApiKey": "Nieuwe Api sleutel",
    "LabelAppName": "Applicatie Naam",
    "LabelAppNameExample": "Voorbeeld: Sickbeard, NzbDrone",
    "HeaderNewApiKeyHelp": "Geef een applicatie toestemming om te communiceren met Emby Server.",
    "HeaderHttpHeaders": "Http Headers",
    "HeaderIdentificationHeader": "Identificatie Header",
    "LabelValue": "Waarde:",
    "LabelMatchType": "Type overeenkomst:",
    "OptionEquals": "Is gelijk aan",
    "OptionRegex": "Regex",
    "OptionSubstring": "Subtekenreeks",
    "TabView": "Weergave",
    "TabSort": "Sorteren",
    "TabFilter": "Filter",
    "ButtonView": "Weergave",
    "LabelPageSize": "Itemlimiet:",
    "LabelPath": "Pad:",
    "LabelView": "Weergave:",
    "TabUsers": "Gebruikers",
    "LabelSortName": "Sorteer naam:",
    "LabelDateAdded": "Datum toegevoegd:",
    "HeaderFeatures": "Toevoegingen",
    "HeaderAdvanced": "Geavanceerd",
    "ButtonSync": "Synchronisatie",
    "TabScheduledTasks": "Geplande taken",
    "HeaderChapters": "Hoofdstukken",
    "HeaderResumeSettings": "Instellingen voor Hervatten",
    "TabSync": "Synchronisatie",
    "TitleUsers": "Gebruikers",
    "LabelProtocol": "Protokol:",
    "OptionProtocolHttp": "Http",
    "OptionProtocolHls": "Http Live Streaming",
    "LabelContext": "Context:",
    "OptionContextStreaming": "Streaming",
    "OptionContextStatic": "Synchronisatie",
    "ButtonAddToPlaylist": "Toevoegen aan afspeellijst",
    "TabPlaylists": "Afspeellijst",
    "ButtonClose": "Sluiten",
    "LabelAllLanguages": "Alle talen",
    "HeaderBrowseOnlineImages": "Bekijk online afbeeldingen",
    "LabelSource": "Bron:",
    "OptionAll": "Alle",
    "LabelImage": "Afbeelding:",
    "ButtonBrowseImages": "Bekijk afbeeldingen",
    "HeaderImages": "Afbeeldingen",
    "HeaderBackdrops": "Achtergronden",
    "HeaderScreenshots": "Schermafbeelding",
    "HeaderAddUpdateImage": "Afbeelding toevoegen\/wijzigen",
    "LabelJpgPngOnly": "Alleen JPG\/PNG",
    "LabelImageType": "Afbeeldingstype:",
    "OptionPrimary": "Primair",
    "OptionArt": "Art",
    "OptionBox": "Hoes",
    "OptionBoxRear": "Achterkant hoes",
    "OptionDisc": "Schijf",
    "OptionIcon": "Pictogram",
    "OptionLogo": "Logo",
    "OptionMenu": "Menu",
    "OptionScreenshot": "Schermafbeelding",
    "OptionLocked": "Vergrendeld",
    "OptionUnidentified": "Onge\u00efdentificeerd",
    "OptionMissingParentalRating": "Ontbrekende kijkwijzer classificatie",
    "OptionStub": "Stub",
    "OptionSeason0": "Seizoen 0",
    "LabelReport": "Rapport:",
    "OptionReportSongs": "Nummers",
    "OptionReportSeries": "Series",
    "OptionReportSeasons": "Seizoenen",
    "OptionReportTrailers": "Trailers",
    "OptionReportMusicVideos": "Muziek video's",
    "OptionReportMovies": "Films",
    "OptionReportHomeVideos": "Home video's",
    "OptionReportGames": "Games",
    "OptionReportEpisodes": "Afleveringen",
    "OptionReportCollections": "Collecties",
    "OptionReportBooks": "Boeken",
    "OptionReportArtists": "Artiesten",
    "OptionReportAlbums": "Albums",
    "OptionReportAdultVideos": "Adult video's",
    "HeaderActivity": "Activiteit",
    "ScheduledTaskStartedWithName": "{0} is gestart",
    "ScheduledTaskCancelledWithName": "{0} is geannuleerd",
    "ScheduledTaskCompletedWithName": "{0} is gereed",
    "ScheduledTaskFailed": "Geplande taak is gereed",
    "PluginInstalledWithName": "{0} is ge\u00efnstalleerd",
    "PluginUpdatedWithName": "{0} is bijgewerkt",
    "PluginUninstalledWithName": "{0} is gede\u00efnstalleerd",
    "ScheduledTaskFailedWithName": "{0} is mislukt",
    "ItemAddedWithName": "{0} is toegevoegd aan de bibliotheek",
    "ItemRemovedWithName": "{0} is verwijderd uit de bibliotheek",
    "DeviceOnlineWithName": "{0} is verbonden",
    "UserOnlineFromDevice": "{0} heeft verbinding met {1}",
    "DeviceOfflineWithName": "{0} is losgekoppeld",
    "UserOfflineFromDevice": "Verbinding van {0} met {1} is verbroken",
    "SubtitlesDownloadedForItem": "Ondertiteling voor {0} is gedownload",
    "SubtitleDownloadFailureForItem": "Downloaden van ondertiteling voor {0} is mislukt",
    "LabelRunningTimeValue": "Looptijd: {0}",
    "LabelIpAddressValue": "IP adres: {0}",
    "UserLockedOutWithName": "Gebruikersaccount {0} is vergrendeld",
    "UserConfigurationUpdatedWithName": "Gebruikersinstellingen voor {0} zijn bijgewerkt",
    "UserCreatedWithName": "Gebruiker {0} is aangemaakt",
    "UserPasswordChangedWithName": "Wachtwoord voor {0} is gewijzigd",
    "UserDeletedWithName": "Gebruiker {0} is verwijderd",
    "MessageServerConfigurationUpdated": "Server configuratie is bijgewerkt",
    "MessageNamedServerConfigurationUpdatedWithValue": "Sectie {0} van de server configuratie is bijgewerkt",
    "MessageApplicationUpdated": "Emby Server is bijgewerkt",
    "AuthenticationSucceededWithUserName": "{0} is succesvol geverifieerd",
    "FailedLoginAttemptWithUserName": "Mislukte aanmeld poging van {0}",
    "UserDownloadingItemWithValues": "{0} download {1}",
    "UserStartedPlayingItemWithValues": "{0} heeft afspelen van {1} gestart",
    "UserStoppedPlayingItemWithValues": "{0} heeft afspelen van {1} gestopt",
    "AppDeviceValues": "App: {0}, Apparaat: {1}",
    "ProviderValue": "Aanbieder: {0}",
    "LabelChannelDownloadSizeLimit": "Downloadlimiet (GB): ",
    "LabelChannelDownloadSizeLimitHelpText": "Limiteer de grootte van de channel download map.",
    "HeaderRecentActivity": "Recente activiteit",
    "HeaderPeople": "Personen",
    "HeaderDownloadPeopleMetadataFor": "Download biografie en afbeeldingen voor:",
    "OptionComposers": "Componisten",
    "OptionOthers": "Overigen",
    "HeaderDownloadPeopleMetadataForHelp": "Het inschakelen van extra opties zal meer informatie op het scherm bieden, maar resulteert in tragere bibliotheek scan.",
    "ViewTypeFolders": "Mappen",
    "LabelDisplayFoldersView": "Toon een mappenweergave als u gewoon Mediamappen wilt weergeven",
    "ViewTypeLiveTvRecordingGroups": "Opnamen",
    "ViewTypeLiveTvChannels": "Kanalen",
    "LabelEasyPinCode": "Eenvoudige pincode:",
    "EasyPasswordHelp": "Uw gemakkelijk pincode wordt gebruikt voor offline toegang met ondersteunde Emby apps, en kan ook worden gebruikt voor eenvoudige in-netwerk aanmelden.",
    "LabelInNetworkSignInWithEasyPassword": "Schakel eenvoudige lokale aanmelding in met mijn easy pin code",
    "LabelInNetworkSignInWithEasyPasswordHelp": "Indien ingeschakeld, zult u in staat zijn om uw gemakkelijke pincode gebruiken om u aan te melden bij Emby apps van binnen uw thuisnetwerk. Uw reguliere wachtwoord is nodig buiten uw thuisnetwerk. Als u de pincode leeg laat, heeft u geen wachtwoord nodig in uw thuisnetwerk.",
    "HeaderPassword": "Wachtwoord",
    "HeaderLocalAccess": "Lokale toegang",
    "HeaderViewOrder": "Weergave volgorde",
    "ButtonResetEasyPassword": "Reset eenvoudige pincode",
    "LabelSelectUserViewOrder": "Kies de volgorde van uw weergaven zoals deze worden weergegeven binnen Emby apps",
    "LabelMetadataRefreshMode": "Metadata vernieuw mode:",
    "LabelImageRefreshMode": "Afbeelding vernieuw mode:",
    "OptionDownloadMissingImages": "Ontbrekende afbeeldingen downloaden",
    "OptionReplaceExistingImages": "Bestaande afbeeldingen vervangen",
    "OptionRefreshAllData": "Vernieuw alle gegevens",
    "OptionAddMissingDataOnly": "Alleen ontbrekende gegevens toevoegen",
    "OptionLocalRefreshOnly": "Alleen lokaal vernieuwen",
    "HeaderRefreshMetadata": "Vernieuw metagegevens",
    "HeaderPersonInfo": "Persoon informatie",
    "HeaderIdentifyItem": "Identificeer item",
    "HeaderIdentifyItemHelp": "Vul \u00e9\u00e9n of meer zoek criteria in. Verwijder criteria om zoekresultaten te vergroten.",
    "HeaderConfirmDeletion": "Bevestigen Verwijdering",
    "LabelFollowingFileWillBeDeleted": "Het volgende bestand wordt verwijderd.",
    "LabelIfYouWishToContinueWithDeletion": "Geef om door te gaan het resultaat in:",
    "ButtonIdentify": "Identificeer",
    "LabelAlbumArtist": "Album artiest:",
    "LabelAlbumArtists": "Album artiesten:",
    "LabelAlbum": "Album:",
    "LabelCommunityRating": "Beoordeling gemeenschap:",
    "LabelVoteCount": "Aantal stemmen:",
    "LabelMetascore": "Metascore:",
    "LabelCriticRating": "Beoordeling critici:",
    "LabelCriticRatingSummary": "Samenvatting beoordeling critici:",
    "LabelAwardSummary": "Samenvatting prijzen:",
    "LabelWebsite": "Website:",
    "LabelTagline": "Tagline:",
    "LabelOverview": "Overzicht:",
    "LabelShortOverview": "Kort overzicht:",
    "LabelReleaseDate": "Uitgave datum:",
    "LabelYear": "Jaar:",
    "LabelPlaceOfBirth": "Geboorteplaats:",
    "LabelEndDate": "Eind datum|",
    "LabelAirDate": "Uitzend dagen:",
    "LabelAirTime:": "Uitzend tijd:",
    "LabelRuntimeMinutes": "Speelduur (minuten):",
    "LabelParentalRating": "Kijkwijzer classificatie:",
    "LabelCustomRating": "Aangepaste classificatie:",
    "LabelBudget": "Budget",
    "LabelRevenue": "Omzet ($):",
    "LabelOriginalAspectRatio": "Originele aspect ratio:",
    "LabelPlayers": "Spelers:",
    "Label3DFormat": "3D formaat",
    "HeaderAlternateEpisodeNumbers": "Afwijkende afleveringsnummers",
    "HeaderSpecialEpisodeInfo": "Speciale afleveringsinformatie",
    "HeaderExternalIds": "Externe Id's",
    "LabelDvdSeasonNumber": "Dvd seizoensnummer:",
    "LabelDvdEpisodeNumber": "Dvd afleveringsnummer:",
    "LabelAbsoluteEpisodeNumber": "Absoluut afleveringsnummer:",
    "LabelAirsBeforeSeason": "Uitgezonden voor seizoen:",
    "LabelAirsAfterSeason": "Uitgezonden na seizoen:",
    "LabelAirsBeforeEpisode": "Uitgezonden voor aflevering:",
    "LabelTreatImageAs": "Behandel afbeelding als:",
    "LabelDisplayOrder": "Weergave volgorde:",
    "LabelDisplaySpecialsWithinSeasons": "Voeg specials toe aan het seizoen waarin ze uitgezonden zijn",
    "HeaderCountries": "Landen",
    "HeaderGenres": "Genres",
    "HeaderPlotKeywords": "Trefwoorden plot",
    "HeaderStudios": "Studio's",
    "HeaderTags": "Labels",
    "HeaderMetadataSettings": "Metagegevens instellingen",
    "LabelLockItemToPreventChanges": "Blokkeer dit item tegen wijzigingen",
    "MessageLeaveEmptyToInherit": "Leeg laten om instellingen van bovenliggend item of de algemene waarde over te nemen.",
    "TabDonate": "Doneer",
    "HeaderDonationType": "Donatie soort:",
    "OptionMakeOneTimeDonation": "Doe een aparte donatie",
    "OptionOneTimeDescription": "Dit is een extra donatie voor het team om te laten zien dat u hen steunt. Het geeft geen extra voordelen en geeft u geen supporter sleutel.",
    "OptionLifeTimeSupporterMembership": "Levenslang supporter lidmaatschap",
    "OptionYearlySupporterMembership": "Jaarlijks supporter lidmaatschap",
    "OptionMonthlySupporterMembership": "Maandelijks supporter lidmaatschap",
    "OptionNoTrailer": "Geen trailer",
    "OptionNoThemeSong": "Geen thema muziek",
    "OptionNoThemeVideo": "Geen thema film",
    "LabelOneTimeDonationAmount": "Donatie bedrag:",
    "ButtonDonate": "Doneren",
    "ButtonPurchase": "Aankoop",
    "OptionActor": "Acteur",
    "OptionComposer": "Componist",
    "OptionDirector": "Regiseur",
    "OptionGuestStar": "Gast ster",
    "OptionProducer": "Producent",
    "OptionWriter": "Schrijver",
    "LabelAirDays": "Uitzend dagen:",
    "LabelAirTime": "Uitzend tijd:",
    "HeaderMediaInfo": "Media informatie",
    "HeaderPhotoInfo": "Foto informatie",
    "HeaderInstall": "Installeer",
    "LabelSelectVersionToInstall": "Selecteer de versie om te installeren:",
    "LinkSupporterMembership": "Meer informatie over het supporter lidmaatschap",
    "MessageSupporterPluginRequiresMembership": "Deze plugin vereist een actief supporter lidmaatschap na de gratis proefperiode van 14 dagen.",
    "MessagePremiumPluginRequiresMembership": "Deze plugin vereist een actief supporter lidmaatschap om deze aan te kunnen schaffen na de gratis proefperiode van 14 dagen.",
    "HeaderReviews": "Reviews",
    "HeaderDeveloperInfo": "Informatie ontwikkelaar",
    "HeaderRevisionHistory": "Versie geschiedenis",
    "ButtonViewWebsite": "Bekijk website",
    "HeaderXmlSettings": "Xml Instellingen",
    "HeaderXmlDocumentAttributes": "Xml Document Attributen",
    "HeaderXmlDocumentAttribute": "Xml Document Attribuut",
    "XmlDocumentAttributeListHelp": "Deze kenmerken worden toegepast op het hoofd-element van elk XML-antwoord.",
    "OptionSaveMetadataAsHidden": "Metagegevens en afbeeldingen opslaan als verborgen bestanden",
    "LabelExtractChaptersDuringLibraryScan": "Hoofdstuk afbeeldingen uitpakken tijdens het scannen van de bibliotheek",
    "LabelExtractChaptersDuringLibraryScanHelp": "Wanneer ingeschakeld worden hoofdstuk afbeeldingen uitgepakt wanneer video's worden ge\u00efmporteerd tijdens het scannen van de bibliotheek. Wanneer uitgeschakeld worden de hoofdstuk afbeeldingen uitgepakt tijdens de geplande taak \"Hoofdstukken uitpakken\", waardoor de standaard bibliotheek scan sneller voltooid is.",
    "LabelConnectGuestUserName": "Hun Emby gebruikersnaam of email adres:",
    "LabelConnectUserName": "Emby gebruikersnaam\/email:",
    "LabelConnectUserNameHelp": "Verbind deze gebruiker aan een Emby account om eenvoudig aanmelden vanaf elke Emby app toe te staan zonder dat u het IP-adres hoeft te weten.",
    "ButtonLearnMoreAboutEmbyConnect": "Leer meer over Emby Connect",
    "LabelExternalPlayers": "Externe spelers:",
    "LabelExternalPlayersHelp": "Toon knoppen om inhoud in externe spelers of te spelen. Dit is alleen mogelijk op apparaten die 'url schemes' ondersteunen, meest Android en iOS. Met externe spelers is er over het algemeen geen ondersteuning voor afstandsbediening of hervatten.",
    "LabelNativeExternalPlayersHelp": "Toon knoppen om media in externe spelers te kunnen spelen.",
    "LabelEnableItemPreviews": "Schakel item preview in",
    "LabelEnableItemPreviewsHelp": "Bij inschakelen zal op sommige schermen een preview getoond worden als op een item geklikt wordt.",
    "HeaderSubtitleProfile": "Ondertitelingsprofiel",
    "HeaderSubtitleProfiles": "Ondertitelingsprofielen",
    "HeaderSubtitleProfilesHelp": "Ondertitelingsprofielen beschrijven de ondertitelings formaten ondersteund door het apparaat.",
    "LabelFormat": "Formaat:",
    "LabelMethod": "Methode:",
    "LabelDidlMode": "Didl mode:",
    "OptionCaptionInfoExSamsung": "CaptionInfoEx (Samsung)",
    "OptionResElement": "res element",
    "OptionEmbedSubtitles": "Invoegen in container",
    "OptionExternallyDownloaded": "Externe download",
    "OptionHlsSegmentedSubtitles": "Hls gesegmenteerde ondertiteling",
    "LabelSubtitleFormatHelp": "Voorbeeld: srt",
    "ButtonLearnMore": "Meer informatie",
    "TabPlayback": "Afspelen",
    "HeaderLanguagePreferences": "Taal voorkeuren",
    "TabCinemaMode": "Cinema mode",
    "TitlePlayback": "Afspelen",
    "LabelEnableCinemaModeFor": "Schakel cinema mode in voor:",
    "CinemaModeConfigurationHelp": "Cinema mode brengt de theater ervaring naar uw woonkamer met de mogelijkheid om trailers en eigen intro's voor de film af te spelen",
    "OptionTrailersFromMyMovies": "Voeg trailers van films uit mijn bibliotheek toe",
    "OptionUpcomingMoviesInTheaters": "Voeg trailers van nieuwe en verwachte films toe",
    "LabelLimitIntrosToUnwatchedContent": "Gebruik alleen trailers van films die nog niet gekeken zijn",
    "LabelEnableIntroParentalControl": "Schakel slimme ouderlijke toezicht in",
    "LabelEnableIntroParentalControlHelp": "Trailers worden alleen geselecteerd als de ouderlijke toezicht lager of gelijk is aan de film die gekeken wordt.",
    "LabelTheseFeaturesRequireSupporterHelpAndTrailers": "Deze functies vereisen een actieve ondersteuners lidmaatschap en installatie van de Trailer-kanaal plugin.",
    "OptionTrailersFromMyMoviesHelp": "Vereist instellingen voor lokale trailers.",
    "LabelCustomIntrosPath": "Eigen intro's pad:",
    "LabelCustomIntrosPathHelp": "Een map met video bestanden. na de trailers wordt er een willekeurige video afgespeeld.",
    "ValueSpecialEpisodeName": "Speciaal - {0}",
    "LabelSelectInternetTrailersForCinemaMode": "Internet trailers:",
    "OptionUpcomingDvdMovies": "Inclusief trailers van nieuwe en aankomende films op Dvd & Blu-ray",
    "OptionUpcomingStreamingMovies": "Inclusief trailers van nieuwe en aankomende films op Netflix",
    "LabelDisplayTrailersWithinMovieSuggestions": "Toon trailers binnen film suggesties",
    "LabelDisplayTrailersWithinMovieSuggestionsHelp": "Vereist installatie van het Trailer-kanaal.",
    "CinemaModeConfigurationHelp2": "Gebruikers kunnen in hun eigen instellingen Cinema Mode uitschakelen",
    "LabelEnableCinemaMode": "Cinema Mode inschakelen",
    "HeaderCinemaMode": "Cinema Mode",
    "LabelDateAddedBehavior": "Datum toegevoegd gedrag voor nieuwe content:",
    "OptionDateAddedImportTime": "Gebruik scan datum",
    "OptionDateAddedFileTime": "Gebruik aanmaak datum bestand",
    "LabelDateAddedBehaviorHelp": "Als metadata gegevens aanwezig zijn hebben deze voorrang op deze opties.",
    "LabelNumberTrailerToPlay": "Aantal af te spelen trailers:",
    "TitleDevices": "Apparaten",
    "TabCameraUpload": "Camera upload",
    "TabDevices": "Apparaten",
    "HeaderCameraUploadHelp": "Foto's en video's genomen met uw mobiele apparaten automatisch uploaden naar Emby .",
    "MessageNoDevicesSupportCameraUpload": "U heeft op dit moment geen apparaten die camera upload ondersteunen.",
    "LabelCameraUploadPath": "Camera upload pad:",
    "LabelCameraUploadPathHelp": "Geef een eigen upload pad op, indien gewenst. Deze map moet ook aan de bibliotheek instellingen toegevoegd worden. Als er niets opgegeven is wordt de standaard map gebruikt.",
    "LabelCreateCameraUploadSubfolder": "Maak een submap voor elk apparaat",
    "LabelCreateCameraUploadSubfolderHelp": "Specifieke mappen kunnen aan een apparaat toegekend worden door er op te klikken in de apparaten pagina.",
    "LabelCustomDeviceDisplayName": "Weergave naam:",
    "LabelCustomDeviceDisplayNameHelp": "Geef een eigen weergave naam op of laat deze leeg om de naam te gebruiken die het apparaat opgeeft.",
    "HeaderInviteUser": "Nodig gebruiker uit",
    "LabelConnectGuestUserNameHelp": "Dit is de gebruikersnaam die uw vriend gebruikt om zich aan te melden bij de Emby website, of hun e-mailadres",
    "HeaderInviteUserHelp": "Delen van uw media met vrienden is eenvoudiger dan ooit met Emby Connect.",
    "ButtonSendInvitation": "Stuur uitnodiging",
    "HeaderSignInWithConnect": "Aanmelden met Emby Connect",
    "HeaderGuests": "Gasten",
    "HeaderLocalUsers": "Lokale gebruikers",
    "HeaderPendingInvitations": "Uitstaande uitnodigingen",
    "TabParentalControl": "Ouderlijk toezicht",
    "HeaderAccessSchedule": "Schema Toegang",
    "HeaderAccessScheduleHelp": "Maak een toegangsschema om de toegang tot bepaalde tijden te beperken.",
    "ButtonAddSchedule": "Voeg schema toe",
    "LabelAccessDay": "Dag van de week:",
    "LabelAccessStart": "Start tijd:",
    "LabelAccessEnd": "Eind tijd:",
    "HeaderSchedule": "Schema",
    "OptionEveryday": "Elke dag",
    "OptionWeekdays": "Week dagen",
    "OptionWeekends": "Weekend",
    "MessageProfileInfoSynced": "Gebruikersprofiel informatie gesynchroniseerd met Emby Connect.",
    "HeaderOptionalLinkEmbyAccount": "Optioneel: Koppel uw Emby account",
    "ButtonTrailerReel": "Trailer reel",
    "HeaderTrailerReel": "Trailer reel",
    "OptionPlayUnwatchedTrailersOnly": "Speel alleen ongeziene trailers",
    "HeaderTrailerReelHelp": "Start trailer reel om een afspeellijst met trailers af te spelen.",
    "MessageNoTrailersFound": "Geen trailers gevonden. Installeer het Trailers kanaal en verbeter uw film ervaring door middel van een bibliotheek met internet trailers.",
    "HeaderNewUsers": "Nieuwe gebruikers",
    "ButtonSignUp": "Aanmelden",
    "ButtonForgotPassword": "Wachtwoord vergeten",
    "OptionDisableUserPreferences": "Voorkom toegang tot gebruikers voorkeuren",
    "OptionDisableUserPreferencesHelp": "Indien ingeschakeld kunnen alleen beheerders profielafbeeldingen, wachtwoorden en taalinstellingen wijzigen.",
    "HeaderSelectServer": "Selecteer server",
    "MessageNoServersAvailableToConnect": "Er zijn geen servers beschikbaar om mee te verbinden. Als u uitgenodigd bent om een server te delen accepteer dit hieronder of door op de link in het emailbericht te klikken.",
    "TitleNewUser": "Nieuwe gebruiker",
    "ButtonConfigurePassword": "Configureer wachtwoord",
    "HeaderDashboardUserPassword": "Wachtwoorden van gebruikers worden door de gebruiker in het gebruikersprofiel beheerd.",
    "HeaderLibraryAccess": "Bibliotheek toegang",
    "HeaderChannelAccess": "Kanaal toegang",
    "HeaderLatestItems": "Nieuwste items",
    "LabelSelectLastestItemsFolders": "Voeg media van de volgende secties toe aan Nieuwste items",
    "HeaderShareMediaFolders": "Deel media mappen",
    "MessageGuestSharingPermissionsHelp": "De meeste features zijn niet direct beschikbaar voor gasten maar kunnen aangezet worden waar gewenst.",
    "HeaderInvitations": "Uitnodigingen",
    "LabelForgotPasswordUsernameHelp": "Vul uw gebruikersnaam in, als u deze weet.",
    "HeaderForgotPassword": "Wachtwoord vergeten",
    "TitleForgotPassword": "Wachtwoord vergeten",
    "TitlePasswordReset": "Wachtwoord resetten",
    "LabelPasswordRecoveryPinCode": "Pincode:",
    "HeaderPasswordReset": "Wachtwoord resetten",
    "HeaderParentalRatings": "Ouderlijke toezicht",
    "HeaderVideoTypes": "Video types",
    "HeaderYears": "Jaren",
    "HeaderAddTag": "Voeg tag toe",
    "LabelBlockContentWithTags": "Blokkeer inhoud met labels:",
    "LabelTag": "Tag:",
    "LabelEnableSingleImageInDidlLimit": "Beperk tot \u00e9\u00e9n enkele ingesloten afbeelding",
    "LabelEnableSingleImageInDidlLimitHelp": "Sommige apparaten zullen niet goed weergeven als er meerdere afbeeldingen ingesloten zijn in Didl.",
    "TabActivity": "Activiteit",
    "TitleSync": "Synchroniseer",
    "OptionAllowSyncContent": "Sync toestaan",
    "OptionAllowContentDownloading": "Media downloaden toestaan",
    "NameSeasonUnknown": "Seizoen Onbekend",
    "NameSeasonNumber": "Seizoen {0}",
    "LabelNewUserNameHelp": "Gebruikersnamen kunnen letters (az), cijfers (0-9), streepjes, underscores (_), apostrofs (') en punten (.) bevatten\n",
    "TabJobs": "Opdrachten",
    "TabSyncJobs": "Sync Opdrachten",
    "LabelTagFilterMode": "Mode:",
    "LabelTagFilterAllowModeHelp": "Als toegestane tags worden gebruikt in een diep geneste mappenstructuur, zal getagde inhoud vereisen dat de bovenliggende mappen ook getagd zijn.",
    "HeaderThisUserIsCurrentlyDisabled": "Deze gebruiker is momenteel uitgesloten",
    "MessageReenableUser": "Zie hieronder hoe opnieuw in te schakelen",
    "LabelEnableInternetMetadataForTvPrograms": "Download internet metadata voor:",
    "OptionTVMovies": "TV Movies",
    "HeaderUpcomingMovies": "Films binnenkort",
    "HeaderUpcomingSports": "Sport binnenkort",
    "HeaderUpcomingPrograms": "Programma's binnenkort",
    "LabelShowLibraryTileNames": "Toon bibliotheek tegel namen",
    "LabelShowLibraryTileNamesHelp": "Bepaalt of labels onder de bibliotheek tegels zullen worden weergegeven op de startpagina",
    "OptionEnableTranscodingThrottle": "Throtteling inschakelen",
    "OptionEnableTranscodingThrottleHelp": "Throtteling zal automatisch de snelheid van het transcoderen aanpassen om de cpu belasting laag te houden tijdens het afspelen.",
    "LabelUploadSpeedLimit": "Upload limiet (Mbps):",
    "OptionAllowSyncTranscoding": "Synchronisatie die transcodering vereist toestaan",
    "HeaderPlayback": "Media afspelen",
    "OptionAllowAudioPlaybackTranscoding": "Afspelen van geluid via transcoding toestaan",
    "OptionAllowVideoPlaybackTranscoding": "Afspelen van video via transcoding toestaan",
    "OptionAllowMediaPlaybackTranscodingHelp": "Gebruikers zullen een bericht ontvangen als afspelen niet is toegestaan op basis van het beleid",
    "TabStreaming": "Streaming",
    "LabelRemoteClientBitrateLimit": "Client bitrate limiet (Mbps):",
    "LabelRemoteClientBitrateLimitHelp": "Een optionele streaming bitrate limiet voor alle clients. Dit wordt gebruikt om te voorkomen dat clients een hogere bitrate aanvragen dan de internet connectie kan leveren.",
    "LabelConversionCpuCoreLimit": "CPU core limiet:",
    "LabelConversionCpuCoreLimitHelp": "Limiteer het aantal CPU cores dat gebruikt mag worden bij een omzetting om te synchroniseren.",
    "OptionEnableFullSpeedConversion": "Inschakelen conversie op hoge snelheid",
    "OptionEnableFullSpeedConversionHelp": "Standaard wordt het converteren voor synchronisatie opdrachten op lage snelheid uitgevoerd zodat er zo min mogelijk impact is op de server.",
    "HeaderPlaylists": "Afspeellijsten",
    "HeaderViewStyles": "Bekijk stijlen",
    "LabelSelectViewStyles": "Schakel verbeterde presentatie in voor:",
    "LabelSelectViewStylesHelp": "Bij inschakelen zullen overzichten met met categorie\u00ebn zoals suggesties, recente, genres en meer getoond worden. Bij uitschakelen worden simpele mappen getoond.",
    "TabPhotos": "Foto's",
    "TabVideos": "Video's",
    "HeaderWelcomeToEmby": "Welkom bij Emby",
    "EmbyIntroMessage": "Met Emby kunt u eenvoudig films, muziek en foto's naar uw telefoon, tablet en andere apparatuur streamen.",
    "ButtonSkip": "Overslaan",
    "TextConnectToServerManually": "Verbind handmatig met de server",
    "ButtonSignInWithConnect": "Aanmelden met Emby Connect",
    "ButtonConnect": "Verbind",
    "LabelServerHost": "Server:",
    "LabelServerHostHelp": "192.168.1.100 of https:\/\/myserver.com",
    "LabelServerPort": "Poort:",
    "HeaderNewServer": "Nieuwe Server",
    "ButtonChangeServer": "Wijzig server",
    "HeaderConnectToServer": "Verbind met server",
    "OptionReportList": "Lijst weergave",
    "OptionReportStatistics": "Statistieken",
    "OptionReportGrouping": "Groepering",
    "HeaderExport": "Export",
    "HeaderColumns": "Kolommen",
    "ButtonReset": "Rest",
    "OptionEnableExternalVideoPlayers": "Inschakelen van externe video-spelers",
    "ButtonUnlockGuide": "Gids vrijgeven",
    "LabelEnableFullScreen": "Schakel Full Screen in",
    "LabelEnableChromecastAc3Passthrough": "Schakel Chromecast AC3 Passthrough in",
    "OptionSyncToSDCard": "Gesynchroniseerd naar een SD kaart",
    "LabelEmail": "Email adres:",
    "LabelUsername": "Gebruikersnaam:",
    "HeaderSignUp": "Meld aan",
    "LabelPasswordConfirm": "Wachtworod (Bevestig)",
    "ButtonAddServer": "Voeg server toe",
    "TabHomeScreen": "Begin scherm",
    "HeaderDisplay": "Weergave",
    "HeaderNavigation": "Navigatie",
    "LegendTheseSettingsShared": "Deze instellingen worden gedeeld op alle apparaten",
    "OptionEnableAutomaticServerUpdates": "Schakel automatische server updates in",
    "OptionOtherTrailers": "Voeg trailers van oudere films toe",
    "HeaderOverview": "Overzicht",
    "HeaderShortOverview": "Kort overzicht",
    "HeaderType": "Type",
    "HeaderSeverity": "Ernst",
    "OptionReportActivities": "Activiteiten log",
    "HeaderTunerDevices": "Tuner apparaten",
    "ButtonAddDevice": "Voeg apparaat toe",
    "HeaderAddDevice": "Voeg apparaat toe",
    "HeaderExternalServices": "Externe diensten",
    "LabelTunerIpAddress": "Tuner IP adres:",
    "TabExternalServices": "Externe diensten",
    "TabTuners": "Tuners",
    "HeaderGuideProviders": "Gids aanbieders",
    "AddGuideProviderHelp": "Voeg een bron voor TV gids informatie toe",
    "LabelZipCode": "Postcode:",
    "GuideProviderSelectListings": "Selecteer lijst",
    "GuideProviderLogin": "Log in",
    "LabelLineup": "Lineup:",
    "MessageTunerDeviceNotListed": "Wordt uw tuner niet getoond? Porbeer een externe service provider te installeren om meer Live TV opties te krijgen.",
    "LabelImportOnlyFavoriteChannels": "Gebruik alleen kanalen die favoriet zijn",
    "ImportFavoriteChannelsHelp": "Bij inschakelen zullen alleen kanalen ge\u00efmporteerd worden die op de tuner als favoriet aangemerkt zijn.",
    "ButtonRepeat": "Herhaling",
    "LabelEnableThisTuner": "Schakel deze tuner in",
    "LabelEnableThisTunerHelp": "Schakel uit om te voorkomen dat er van deze tuner zenders ge\u00efmporteerd worden.",
    "HeaderLocked": "Vergrendeld",
    "HeaderUnidentified": "One\u00efdentificaard",
    "HeaderImagePrimary": "Primair",
    "HeaderImageBackdrop": "Achtergrond",
    "HeaderImageLogo": "Logo",
    "HeaderUserPrimaryImage": "Afbeelding gebruiker",
    "ButtonDisplaySettings": "Weergave instellingen",
    "ButtonHomeScreenSettings": "Begin scherm instellingen",
    "ButtonPlaybackSettings": "Afspeel instellingen",
    "ButtonProfile": "Profiel",
    "ButtonDisplaySettingsHelp": "Je Emby weergave instellingen",
    "ButtonHomeScreenSettingsHelp": "Configureer de weergave van je begin scherm",
    "ButtonPlaybackSettingsHelp": "Geef je voorkeur voor geluid, ondertiteling, stream kwaliteit en meer in.",
    "ButtonProfileHelp": "Stel je profiel afbeelding en wachtwoord in.",
    "HeaderHomeScreenSettings": "Begin scherm instellingen",
    "HeaderProfile": "Profiel",
    "HeaderLanguage": "Taal",
    "ButtonSyncSettings": "Synchronisatieinstellingen",
    "ButtonSyncSettingsHelp": "Configureer je synchronisatieinstellingen",
    "LabelTranscodingThreadCount": "Aantal transcodeer threads:",
    "LabelTranscodingThreadCountHelp": "Selecteer het maximale aantal threads die gebruikt mogen worden om te transcoderen. Bij een lager aantal zal het CPU gebruik lager zijn, maar kan de afspeelkwaliteit minder zijn.",
    "OptionMax": "Max",
    "HeaderEmbyGuide": "Emby gids",
    "LabelSyncPath": "Synchroniseerpad:",
    "OptionSyncOnlyOnWifi": "Synchroniseer alleen via Wifi",
    "OptionSyncLosslessAudioOriginal": "Synchroniseer lossless geluid in originele kwaliteit",
    "HeaderMetadata": "Metadata",
    "HeaderRecordingOptions": "Opnamen opties",
    "ButtonShare": "Delen",
    "HeaderUpcomingForKids": "Binnenkort voor kinderen",
    "HeaderSetupLiveTV": "Configureer Live TV",
    "LabelTunerType": "Soort Tuner:",
    "HelpMoreTunersCanBeAdded": "In de Live TV sectie kunnen later meer tuners toegevoegd worden.",
    "MessageActiveSupporterMembershipRequiredSeriesRecordings": "An active Emby Supporter membership is required in order to create automated series recordings.",
    "HeaderSetupTVGuide": "Setup TV Guide",
    "LabelDataProvider": "Data provider:",
    "OptionSendRecordingsToAutoOrganize": "Enable Auto-Organize for new recordings",
    "OptionSendRecordingsToAutoOrganizeHelp": "New recordings will be sent to the Auto-Organize feature and imported into your media library.",
    "HeaderDefaultPadding": "Default Padding"
}