{
    "LabelYoureDone": "Hotovo!",
    "ThisWizardWillGuideYou": "Tento pr\u016fvodce v\u00e1m pom\u016f\u017ee proj\u00edt procesem nastaven\u00ed. Pro za\u010d\u00e1tek vyberte up\u0159ednost\u0148ovan\u00fd jazyk.",
    "HeaderCreateYourFirstUser": "Vytvo\u0159te sv\u00e9ho prvn\u00edho u\u017eivatele",
    "ButtonQuickStartGuide": "Pr\u016fvodce rychl\u00fdm nastaven\u00edm",
    "MoreUsersCanBeAddedLater": "Dal\u0161\u00ed u\u017eivatele m\u016f\u017eete p\u0159idat pozd\u011bji v nastaven\u00ed Serveru Emby.",
    "UserProfilesIntro": "Emby obsahuje vestav\u011bnou podporu u\u017eivatelsk\u00fdch profil\u016f, umo\u017e\u0148uj\u00edc\u00ed ka\u017ed\u00e9mu u\u017eivateli m\u00edt sv\u00e9 vlastn\u00ed nastaven\u00ed zobrazen\u00ed, stav p\u0159ehr\u00e1n\u00ed a rodi\u010dovsk\u00e9 kontroly.",
    "WizardCompleted": "To je v\u0161e, co nyn\u00ed pot\u0159ebujeme. Emby za\u010dalo shroma\u017e\u010fovat informace o va\u0161\u00ed knihovn\u011b m\u00e9di\u00ed. Pod\u00edvejte se na n\u011bkter\u00e9 z na\u0161ich aplikac\u00ed, a potom klepn\u011bte na tla\u010d\u00edtko <b>Dokon\u010dit<\/b> pro zobrazen\u00ed <b>N\u00e1st\u011bnky serveru<\/b>.",
    "MessagePleaseAcceptTermsOfService": "Ne\u017e budete pokra\u010dovat, p\u0159ijm\u011bte pros\u00edm podm\u00ednky slu\u017eby a z\u00e1sady ochrany osobn\u00edch \u00fadaj\u016f.",
    "OptionIAcceptTermsOfService": "Souhlas\u00edm s podm\u00ednkami slu\u017eby",
    "SeeOurHwaGuide": "Prohl\u00eddn\u011bte si {0}pr\u016fvodce nastaven\u00edm hardwarov\u00e9ho zrychlen\u00ed{1}.",
    "HeaderEmbyServerReleaseNotes": "Pozn\u00e1mky k nov\u00e9 verzi Serveru Emby",
    "AllowSubtitleDownloading": "Povolit stahov\u00e1n\u00ed titulk\u016f",
    "AllowSubtitleManagement": "Povolit odstran\u011bn\u00ed existuj\u00edc\u00edch soubor\u016f titulk\u016f",
    "NewUserNameHelp": "Takto se u\u017eivatel objev\u00ed na serveru.",
    "ChapterMarkers": "Zna\u010dky kapitol",
    "LabelThumbnailImagesInterval": "Interval obr\u00e1zk\u016f n\u00e1hled\u016f:",
    "ThumbnailImagesIntervalHelp": "\u010cast\u011bj\u0161\u00ed n\u00e1hledy vylep\u0161\u00ed v\u00e1\u0161 z\u00e1\u017eitek, ale vytvo\u0159en\u00ed obr\u00e1zk\u016f bude vy\u017eadovat v\u00edce m\u00edsta na disku a \u010dasu.",
    "LabelAuthProvider": "Poskytovatel ov\u011b\u0159en\u00ed:",
    "AuthProviderHelp": "Administr\u00e1to\u0159i v\u017edy pou\u017e\u00edvaj\u00ed v\u00fdchoz\u00edho poskytovatele Emby, abyste nebyli nikdy zablokov\u00e1ni.",
    "HeaderNewUser": "Nov\u00fd u\u017eivatel",
    "ChangeServerDisplayName": "Zm\u011bnit zobrazovan\u00fd n\u00e1zev serveru",
    "ShowAdvancedSettings": "Zobrazit roz\u0161\u00ed\u0159en\u00e1 nastaven\u00ed",
    "ChangingMetadataImageSettingsNewContent": "Zm\u011bny nastaven\u00ed stahov\u00e1n\u00ed metadat nebo obr\u00e1zk\u016f se pou\u017eij\u00ed pouze na nov\u00fd obsah p\u0159idan\u00fd do va\u0161\u00ed knihovny. Pro pou\u017eit\u00ed zm\u011bn na existuj\u00edc\u00ed polo\u017eky, je nutn\u00e9 obnovit jejich metadata ru\u010dn\u011b.",
    "AllowRemoteAccess": "Povolit vzd\u00e1len\u00e1 p\u0159ipojen\u00ed k tomuto Serveru Emby.",
    "AllowRemoteAccessHelp": "Pokud nen\u00ed za\u0161krtnuto, v\u0161echna vzd\u00e1len\u00e1 p\u0159ipojen\u00ed budou blokov\u00e1na.",
    "Alerts": "Upozorn\u011bn\u00ed",
    "LabelTrackTitleDisplay": "Vlo\u017een\u00fd n\u00e1zev skladby:",
    "GenerateUserFriendlyTrackTitles": "Vytvo\u0159it u\u017eivatelsky p\u0159\u00edv\u011btiv\u00e9 n\u00e1zvy pou\u017eit\u00edm informac\u00ed o stop\u011b",
    "PreferOriginalTrackTitles": "Up\u0159ednost\u0148ovat vlo\u017een\u00e9 n\u00e1zvy",
    "TrackTitleDisplayHelp": "Zvolte zobrazen\u00fd n\u00e1zev vlo\u017een\u00fdch stop audia a titulk\u016f. Up\u0159ednostn\u011bn\u00ed vlo\u017een\u00fdch nen\u00ed doporu\u010deno, pokud ru\u010dn\u011b neo\u0161et\u0159\u00edte vlo\u017een\u00e9 informace o stop\u011b.",
    "EnableTranscodingThrottle": "Povolit omezov\u00e1n\u00ed",
    "EnableTranscodingThrottleHelp": "Emby dynamicky uprav\u00ed rychlost p\u0159ek\u00f3dov\u00e1n\u00ed, aby se sn\u00ed\u017eilo vyu\u017eit\u00ed procesoru.",
    "HeaderTypeMetadataDownloaders": "{0} Stahova\u010de metadat",
    "HeaderTypeImageFetchers": "{0} stahova\u010d\u016f obr\u00e1zk\u016f",
    "HeaderImageOptions": "Mo\u017enosti obr\u00e1zk\u016f",
    "OptionBeta": "Beta",
    "RegisterWithPayPal": "Zaregistrujte se pomoc\u00ed PayPal",
    "LabelSyncTempPath": "Cesta pro do\u010dasn\u00e9 soubory:",
    "LabelSyncTempPathHelp": "Zadejte vlastn\u00ed pracovn\u00ed slo\u017eku. Budou zde ulo\u017eena p\u0159eveden\u00e1 m\u00e9dia vytvo\u0159en\u00e1 b\u011bhem procesu p\u0159evodu.",
    "LabelCustomCertificatePath": "Vlastn\u00ed cesta k certifik\u00e1tu ssl:",
    "LabelCustomCertificatePathHelp": "Cesta k souboru PKCS #12 obsahuj\u00edc\u00edmu certifik\u00e1t a soukrom\u00fd kl\u00ed\u010d pro povolen\u00ed podpory TLS na vlastn\u00ed dom\u00e9n\u011b.",
    "HeaderSetupLibrary": "Nastaven\u00ed knihoven m\u00e9di\u00ed",
    "LabelTimeLimitHours": "\u010casov\u00fd limit (v hodin\u00e1ch):",
    "HeaderPreferredMetadataLanguage": "Up\u0159ednost\u0148ovan\u00fd jazyk metadat:",
    "LabelSaveLocalMetadata": "Ulo\u017eit obr\u00e1zky do slo\u017eek s m\u00e9dii",
    "LabelSaveLocalMetadataHelp": "Ukl\u00e1d\u00e1n\u00ed obr\u00e1zk\u016f do slo\u017eek s m\u00e9dii zajist\u00ed jejich um\u00edst\u011bn\u00ed v oblasti, kde mo\u017en\u00e9 je jednodu\u0161e udr\u017eovat a upravovat.",
    "TabAccess": "P\u0159\u00edstup",
    "HeaderDeviceAccess": "P\u0159\u00edstup k za\u0159\u00edzen\u00ed",
    "OptionEnableAccessFromAllDevices": "Povolit p\u0159\u00edstup ze v\u0161ech za\u0159\u00edzen\u00ed",
    "OptionEnableAccessToAllChannels": "Povolit p\u0159\u00edstup ke v\u0161em kan\u00e1l\u016fm",
    "OptionEnableAccessToAllLibraries": "Povolit p\u0159\u00edstup ke v\u0161em knihovn\u00e1m",
    "DeviceAccessHelp": "Filtrov\u00e1n\u00ed p\u0159\u00edstupu za\u0159\u00edzen\u00ed u\u017eivatel\u016f jim zabr\u00e1n\u00ed v u\u017e\u00edv\u00e1n\u00ed nov\u00fdch za\u0159\u00edzen\u00ed, dokud zde nebudou schv\u00e1lena.",
    "LabelDisplayMissingEpisodesWithinSeasons": "Zobrazit chyb\u011bj\u00edc\u00ed epizody v sez\u00f3n\u00e1ch",
    "LabelDisplayMissingEpisodesWithinSeasonsHelp": "Toto mus\u00ed b\u00fdt tak\u00e9 povoleno pro knihovny TV v nastaven\u00ed Serveru Emby.",
    "ImportMissingEpisodesHelp": "Pokud je povoleno, budou informace o chyb\u011bj\u00edc\u00edch epizod\u00e1ch importov\u00e1ny do datab\u00e1ze Emby a zobrazeny v sez\u00f3n\u00e1ch a seri\u00e1lech. To m\u016f\u017ee zp\u016fsobit podstatn\u011b del\u0161\u00ed skenov\u00e1n\u00ed knihovny.",
    "MessageEnablingOptionLongerScans": "Povolen\u00ed t\u00e9to mo\u017enosti m\u016f\u017ee zp\u016fsobit podstatn\u011b del\u0161\u00ed skenov\u00e1n\u00ed knihovny.",
    "LabelMaxParentalRating": "Maxim\u00e1ln\u00ed povolen\u00e9 rodi\u010dovsk\u00e9 hodnocen\u00ed:",
    "MaxParentalRatingHelp": "Obsah s vy\u0161\u0161\u00edm hodnocen\u00edm bude tomuto u\u017eivateli skryt.",
    "LibraryAccessHelp": "Vyberte slo\u017eky m\u00e9di\u00ed, kter\u00e9 chcete sd\u00edlet s t\u00edmto u\u017eivatelem. Administr\u00e1to\u0159i budou moci upravovat v\u0161echny slo\u017eky pomoc\u00ed spr\u00e1vce metadat.",
    "ChannelAccessHelp": "Vyberte kan\u00e1ly, kter\u00e9 chcete sd\u00edlet s t\u00edmto u\u017eivatelem. Administr\u00e1to\u0159i budou moci upravovat v\u0161echny kan\u00e1ly pomoc\u00ed spr\u00e1vce metadat.",
    "ImageUploadAspectRatioHelp": "Doporu\u010den pom\u011br 1:1. Pouze JPG\/PNG.",
    "AlreadyPaidHelp1": "Pokud jste ji\u017e zaplatili za instalaci star\u0161\u00ed verze Media Browser pro Android, nemus\u00edte platit znovu, abyste aktivovali tuto aplikaci. Kliknut\u00edm na tla\u010d\u00edtko OK n\u00e1m po\u0161lete e-mail na {0} a my v\u00e1m ji aktivujeme.",
    "AlreadyPaidHelp2": "Vlastn\u00edte Emby Premiere? Stornujte toto dialogov\u00e9 okno, nastavte Emby Premiere na N\u00e1st\u011bnce Serveru Emby pod N\u00e1pov\u011bda -> Emby Premiere a funkce bude automaticky odblokov\u00e1na.",
    "TabMyPlugins": "M\u00e9 z\u00e1suvn\u00e9 moduly",
    "TabCatalog": "Katalog",
    "HeaderAutomaticUpdates": "Automatick\u00e9 aktualizace",
    "Standard": "Standardn\u00ed",
    "TabSupporterKey": "Kl\u00ed\u010d Emby Premiere",
    "OptionHideUserLocal": "Skr\u00fdt tohoto u\u017eivatele na p\u0159ihla\u0161ovac\u00edch obrazovk\u00e1ch v m\u00edstn\u00ed s\u00edti",
    "OptionHideUserRemote": "Skr\u00fdt tohoto u\u017eivatele na p\u0159ihla\u0161ovac\u00edch obrazovk\u00e1ch p\u0159i vzd\u00e1len\u00e9m p\u0159ipojen\u00ed",
    "OptionHideUserFromLoginHelp": "U\u017eite\u010dn\u00e9 pro soukrom\u00e9 nebo skryt\u00e9 administr\u00e1torsk\u00e9 \u00fa\u010dty. U\u017eivatel se bude muset p\u0159ihl\u00e1sit ru\u010dn\u011b zad\u00e1n\u00edm u\u017eivatelsk\u00e9ho jm\u00e9na a hesla.",
    "HideFromUnusedDevices": "Skr\u00fdt tohoto u\u017eivatele z p\u0159ihla\u0161ovac\u00edch obrazovek na za\u0159\u00edzen\u00edch, ke kter\u00fdm se nikdy nep\u0159ihl\u00e1sil",
    "OptionDisableUser": "Zak\u00e1zat tohoto u\u017eivatele",
    "OptionDisableUserHelp": "Pokud je zak\u00e1z\u00e1no, server neumo\u017en\u00ed tomuto u\u017eivateli \u017e\u00e1dn\u00e9 p\u0159ipojen\u00ed. Existuj\u00edc\u00ed p\u0159ipojen\u00ed bude okam\u017eit\u011b ukon\u010deno.",
    "OptionAllowUserToManageServer": "Povolit tomuto u\u017eivateli spr\u00e1vu serveru",
    "HeaderFeatureAccess": "P\u0159\u00edstup k funkc\u00edm",
    "OptionAllowMediaPlayback": "Povolit p\u0159ehr\u00e1v\u00e1n\u00ed m\u00e9di\u00ed",
    "AllLibraries": "V\u0161echny knihovny",
    "HeaderAllowMediaDeletionFrom": "Povolit odstra\u0148ov\u00e1n\u00ed m\u00e9di\u00ed z",
    "LiveTVRecordingManagement": "Spr\u00e1va nahr\u00e1vek z Live TV",
    "OptionAllowRemoteControlOthers": "Povolit vzd\u00e1len\u00e9 ovl\u00e1d\u00e1n\u00ed ostatn\u00edch u\u017eivatel\u016f",
    "OptionAllowRemoteSharedDevices": "Povolit vzd\u00e1len\u00e9 ovl\u00e1d\u00e1n\u00ed sd\u00edlen\u00fdch za\u0159\u00edzen\u00ed",
    "OptionAllowRemoteSharedDevicesHelp": "DLNA za\u0159\u00edzen\u00ed jsou pova\u017eov\u00e1na za sd\u00edlen\u00e1, dokud je u\u017eivatel neza\u010dne omezovat.",
    "OptionAllowLinkSharing": "Povolit sd\u00edlen\u00ed soci\u00e1ln\u00edch m\u00e9di\u00ed",
    "OptionAllowLinkSharingHelp": "Sd\u00edleny jsou pouze webov\u00e9 str\u00e1nky obsahuj\u00edc\u00ed informace o m\u00e9di\u00edch. Soubory m\u00e9di\u00ed nejsou nikdy ve\u0159ejn\u011b sd\u00edleny. Sd\u00edlen\u00e9 polo\u017eky jsou \u010dasov\u011b omezen\u00e9 a vypr\u0161\u00ed za {0} dn\u00ed.",
    "OptionRelease": "Ofici\u00e1ln\u00ed vyd\u00e1n\u00ed",
    "LabelAllowServerAutoRestartPlugin": "Povolit automatick\u00fd restart serveru pro pou\u017eit\u00ed aktualizac\u00ed plugin\u016f",
    "LabelAllowServerAutoRestartServerOrPlugin": "Povolit automatick\u00fd restart serveru pro pou\u017eit\u00ed aktualizac\u00ed plugin\u016f nebo serveru",
    "LabelAllowServerAutoRestartHelp": "Server se restartuje pouze b\u011bhem ne\u010dinnosti, kdy nejsou aktivn\u00ed \u017e\u00e1dn\u00ed u\u017eivatel\u00e9.",
    "LabelRunServerAtStartup": "Spustit server p\u0159i startu",
    "LabelRunServerAtStartupHelp": "T\u00edm dojde k spu\u0161t\u011bn\u00ed ikony Emby na hlavn\u00edm panelu p\u0159i spu\u0161t\u011bn\u00ed Windows. Pokud jste nastavili slu\u017ebu Windows, ponechte toto neza\u0161krtnut\u00e9 a nakonfigurujte slu\u017ebu tak, aby se spou\u0161t\u011bla \u200b\u200bp\u0159i spu\u0161t\u011bn\u00ed.",
    "ButtonSelectDirectory": "Vybrat adres\u00e1\u0159",
    "LabelCachePath": "Cesta k mezipam\u011bti:",
    "DefaultMetadataLangaugeDescription": "Toto jsou va\u0161e v\u00fdchoz\u00ed nastaven\u00ed, kter\u00e1 mohou b\u00fdt upravena pro jednotliv\u00e9 knihovny.",
    "LabelCachePathHelp": "Zadejte vlastn\u00ed um\u00edst\u011bn\u00ed pro soubory mezipam\u011bti serveru, jako jsou obr\u00e1zky. Ponechte pr\u00e1zdn\u00e9 pro pou\u017eit\u00ed v\u00fdchoz\u00edho nastaven\u00ed serveru.",
    "LabelDefaultRecordingFolder": "V\u00fdchoz\u00ed slo\u017eka pro nahr\u00e1v\u00e1n\u00ed",
    "LabelMovieRecordingFolder": "Slo\u017eka pro nahr\u00e1v\u00e1n\u00ed film\u016f",
    "LabelSeriesRecordingFolder": "Slo\u017eka pro nahr\u00e1v\u00e1n\u00ed seri\u00e1l\u016f",
    "SeriesRecordingFolderHelp": "(Optional). Select a library so save series recordings into. This must be a library you've created in Emby library setup with the content type set to TV shows or mixed content.",
    "HeaderProgramData": "\u00dadaje o programu.",
    "RecordingFolderHelp": "Select the default library to save recordings into. This must be a library you've created in Emby library setup with the content type set to mixed content.",
    "MovieRecordingFolderHelp": "(Optional). Select a library so save movie recordings into. This must be a library you've created in Emby library setup with the content type set to movies or mixed content.",
    "LabelMetadataPath": "Cesta pro metadata:",
    "LabelMetadataPathHelp": "Zadejte um\u00edst\u011bn\u00ed pro sta\u017een\u00e9 obr\u00e1zky a metadata anebo nechte pr\u00e1zdn\u00e9 pro n\u00e1vrat k v\u00fdchoz\u00edmu nastaven\u00ed. V p\u0159\u00edpad\u011b, \u017ee provedete zm\u011bnu, bude nutn\u00e9 ru\u010dn\u011b p\u0159en\u00e9st obsah ze star\u00e9ho um\u00edst\u011bn\u00ed do nov\u00e9ho. Kdykoliv ru\u010dn\u011b zm\u011bn\u00edte obsah slo\u017eky metadat, je pot\u0159eba spustit {0}napl\u00e1novanou \u00falohu prohled\u00e1n\u00ed metadat{1}.",
    "LabelTranscodingTempPath": "Do\u010dasn\u00e1 cesta pro p\u0159ek\u00f3dov\u00e1n\u00ed:",
    "LabelTranscodingTempPathHelp": "Tato slo\u017eka obsahuje pracovn\u00ed soubory pou\u017eit\u00ed p\u0159i p\u0159ek\u00f3dov\u00e1n\u00ed. Zadejte vlastn\u00ed cestu nebo ponechte pr\u00e1zdn\u00e9 pro pou\u017eit\u00ed v\u00fdchoz\u00ed datov\u00e9 slo\u017eky serveru.",
    "GenerateVideoPreviewThumbnailsHelp": "Miniatury n\u00e1hled\u016f videa se plynule zobrazuj\u00ed p\u0159i rychloposunu v podporovan\u00fdch aplikac\u00edch. Vytv\u00e1\u0159en\u00ed miniatur si m\u016f\u017ee vy\u017e\u00e1dat del\u0161\u00ed \u010das z d\u016fvodu vysok\u00e9ho vy\u0159\u00edzen\u00ed CPU a zabere dal\u0161\u00ed m\u00edsto na disku.",
    "AsAScheduledTask": "jako napl\u00e1novan\u00e1 \u00faloha",
    "AsAScheduledTaskAndMediaAdded": "jako napl\u00e1novan\u00e1 \u00faloha a p\u0159i vlo\u017een\u00ed m\u00e9dia",
    "ButtonRefreshGuideData": "Obnovit data pr\u016fvodce",
    "LabelNumberOfGuideDays": "Po\u010det dn\u016f pro sta\u017een\u00ed dat pr\u016fvodce:",
    "LabelNumberOfGuideDaysHelp": "Sta\u017een\u00ed dat pr\u016fvodce na v\u00edce dn\u00ed V\u00e1m sice umo\u017en\u00ed pl\u00e1novat do budoucna, ale sta\u017een\u00ed bude trvat del\u0161\u00ed dobu. Zvol\u00edte-li \"Auto\", bude v\u00fdb\u011br zvolen na z\u00e1klad\u011b po\u010dtu kan\u00e1l\u016f. Vezm\u011bte, pros\u00edm, na v\u011bdom\u00ed, \u017ee bez ohledu na to, kolik dn\u00ed vyberete, mus\u00ed data ve zdroji existovat, aby bylo mo\u017en\u00e9 je st\u00e1hnout. N\u011bkter\u00e9 zdroje dat jsou poskytov\u00e1ny jen na n\u00e1sleduj\u00edc\u00edch 24 hodin. Emby pr\u016fvodce dat podporuje a\u017e 14 dn\u00ed.",
    "HeaderFetchImages": "Na\u010d\u00edst obr\u00e1zky:",
    "LabelMaxBackdropsPerItem": "Maxim\u00e1ln\u00ed po\u010det obr\u00e1zk\u016f pro pozad\u00ed na polo\u017eku:",
    "LabelMaxScreenshotsPerItem": "Maxim\u00e1ln\u00ed po\u010det sn\u00edmk\u016f obrazovky:",
    "LabelMinBackdropDownloadWidth": "Maxim\u00e1ln\u00ed \u0161\u00ed\u0159ka pro sta\u017een\u00ed pozad\u00ed:",
    "LabelMinScreenshotDownloadWidth": "Minim\u00e1ln\u00ed \u0161\u00ed\u0159ka pro sta\u017een\u00ed sn\u00edmku obrazovky:",
    "ButtonAddScheduledTaskTrigger": "P\u0159idat spou\u0161t\u011b\u010d",
    "ButtonAdd": "P\u0159idat",
    "LabelTriggerType": "Typ spou\u0161t\u011b\u010de:",
    "OptionOnInterval": "V intervalu",
    "OptionAfterSystemEvent": "Po syst\u00e9mov\u00e9 ud\u00e1losti",
    "LabelDay": "Den:",
    "LabelTime": "\u010cas:",
    "LabelEvent": "Ud\u00e1lost:",
    "OptionWakeFromSleep": "Probuzen\u00ed ze sp\u00e1nku",
    "Every": "Every",
    "LabelEnableRealtimeMonitor": "Povolit sledov\u00e1n\u00ed v re\u00e1ln\u00e9m \u010dase",
    "LabelEnableRealtimeMonitorHelp": "Zm\u011bny soubor\u016f budou v podporovan\u00fdch souborov\u00fdch syst\u00e9mech zpracov\u00e1ny okam\u017eit\u011b.",
    "Community": "Komunita",
    "HeaderEmbyNews": "Novinky v Emby",
    "LabelFriendlyServerName": "Popisn\u00fd n\u00e1zev serveru:",
    "LabelFriendlyServerNameHelp": "Tento n\u00e1zev bude pou\u017eit  jako identifikace tohoto serveru. Pokud je ponech\u00e1n pr\u00e1zdn\u00fd, bude pou\u017eit n\u00e1zev po\u010d\u00edta\u010de.",
    "LabelPreferredDisplayLanguage": "Up\u0159ednost\u0148ovan\u00fd jazyk zobrazen\u00ed:",
    "LabelPreferredDisplayLanguageHelp": "P\u0159eklad Emby je prob\u00edhaj\u00edc\u00ed projekt.",
    "LabelReadHowYouCanContribute": "Zjist\u011bte, jak m\u016f\u017eete p\u0159isp\u011bt.",
    "LabelCustomCss": "Vlastn\u00ed css:",
    "LabelCustomCssHelp": "Aplikovat va\u0161e vlastn\u00ed \u00fapravy css do webov\u00e9ho rozhran\u00ed.",
    "LabelLocalHttpServerPortNumber": "\u010c\u00edslo m\u00edstn\u00edho portu http:",
    "LabelLocalHttpServerPortNumberHelp": "\u010c\u00edslo portu tcp, se kter\u00fdm by m\u011bl b\u00fdt sv\u00e1z\u00e1n http server Emby.",
    "LabelPublicHttpPort": "\u010c\u00edslo ve\u0159ejn\u00e9ho portu http:",
    "LabelPublicHttpPortHelp": "\u010c\u00edslo ve\u0159ejn\u00e9ho portu, kter\u00fd by m\u011bl b\u00fdt namapov\u00e1n na m\u00edstn\u00ed port http.",
    "LabelPublicHttpsPort": "\u010c\u00edslo ve\u0159ejn\u00e9ho portu https:",
    "LabelPublicHttpsPortHelp": "\u010c\u00edslo ve\u0159ejn\u00e9ho portu, kter\u00fd by m\u011bl b\u00fdt namapov\u00e1n na m\u00edstn\u00ed port https.",
    "RequireHttps": "Vy\u017eadovat https pro extern\u00ed p\u0159ipojen\u00ed",
    "RequireHttpsHelp": "Pokud je zapnuto, p\u0159ipojen\u00ed p\u0159es http budou p\u0159esm\u011brov\u00e1na na https.",
    "LabelHttpsPort": "\u010c\u00edslo m\u00edstn\u00edho portu https:",
    "LabelHttpsPortHelp": "\u010c\u00edslo portu tcp, se kter\u00fdm by m\u011bl b\u00fdt sv\u00e1z\u00e1n https server Emby.",
    "LabelEnableAutomaticPortMap": "Povolit automatick\u00e9 mapov\u00e1n\u00ed port\u016f",
    "LabelEnableAutomaticPortMapHelp": "Pokusit se automaticky namapovat ve\u0159ejn\u00fd port na m\u00edstn\u00ed port prost\u0159ednictv\u00edm UPnP. Nemus\u00ed fungovat s n\u011bkter\u00fdmi modely routeru.",
    "LabelExternalDDNS": "Extern\u00ed dom\u00e9na:",
    "LabelExternalDDNSHelp": "Pokud m\u00e1te dynamick\u00e9 DNS nebo dom\u00e9nov\u00fd n\u00e1zev, zadejte ho zde, bez protokolu nebo portu. Aplikace Emby ho pou\u017eij\u00ed p\u0159i vzd\u00e1len\u00e9m p\u0159ipojen\u00ed. Toto pole je vy\u017eadov\u00e1no p\u0159i pou\u017eit\u00ed vlastn\u00edho certifik\u00e1tu ssl. P\u0159\u00edklad: mojedomena.cz.",
    "LabelMinResumePercentage": "Minimum procent pro pokra\u010dov\u00e1n\u00ed:",
    "LabelMaxResumePercentage": "Maximum procent pro pokra\u010dov\u00e1n\u00ed:",
    "LabelMinResumeDuration": "Minim\u00e1ln\u00ed trv\u00e1n\u00ed pokra\u010dov\u00e1n\u00ed (sekundy):",
    "LabelMinResumePercentageHelp": "Tituly jsou pova\u017eov\u00e1ny za nep\u0159ehran\u00e9, pokud jsou zastaveny p\u0159ed t\u00edmto \u010dasem",
    "LabelMaxResumePercentageHelp": "Tituly jsou pova\u017eov\u00e1ny za pln\u011b p\u0159ehran\u00e9, pokud budou zastaveny po tomto \u010dase",
    "LabelMinResumeDurationHelp": "Tituly krat\u0161\u00ed ne\u017e tento \u010das nebudou obnoviteln\u00e9.",
    "HeaderStatus": "Stav",
    "Subscriptions": "P\u0159edplatn\u00e9",
    "LabelEndingEpisodeNumber": "\u010c\u00edslo posledn\u00ed epizody:",
    "LabelEndingEpisodeNumberHelp": "Vy\u017eadovan\u00e9 pouze pro soubory s v\u00edce epizodami",
    "HeaderSupportTheTeam": "Podpo\u0159te t\u00fdm Emby",
    "HeaderSupportTheTeamHelp": "Pomozte zajistit pokra\u010dov\u00e1n\u00ed v\u00fdvoje tohoto projektu zakoupen\u00edm Emby Premiere. \u010c\u00e1st ve\u0161ker\u00fdch p\u0159\u00edjm\u016f p\u0159isp\u011bje na dal\u0161\u00ed bezplatn\u00e9 n\u00e1stroje, na kter\u00fdch jsme z\u00e1visl\u00ed.",
    "DonationNextStep": "Po dokon\u010den\u00ed se vra\u0165te a zadejte kl\u00ed\u010d Emby Premiere, kter\u00fd obdr\u017e\u00edte e-mailem.",
    "HeaderRunningTasks": "Spu\u0161t\u011bn\u00e9 \u00falohy",
    "ButtonUpdateNow": "Aktualizovat nyn\u00ed",
    "PleaseUpdateManually": "Ukon\u010dete server Emby a nainstalujte nejnov\u011bj\u0161\u00ed verzi.",
    "ServerUpToDate": "Server Emby je aktu\u00e1ln\u00ed",
    "MessagePleaseRestartServerToFinishUpdating": "Restartujte server pro dokon\u010den\u00ed aplikace aktualizac\u00ed.",
    "LabelDownMixAudioScale": "Zes\u00edlen\u00ed audia p\u0159i downmixu:",
    "LabelDownMixAudioScaleHelp": "Zes\u00edlit audio p\u0159i dowwmixu. Nastavte na 1 pro zachov\u00e1n\u00ed p\u016fvodn\u00ed hodnoty hlasitosti.",
    "HeaderForgotKey": "Zapom\u011bl jsem kl\u00ed\u010d",
    "LabelSupporterEmailAddress": "E-mailov\u00e1 adresa, kter\u00e1 byla pou\u017eita p\u0159i zakoupen\u00ed kl\u00ed\u010de.",
    "ButtonRetrieveKey": "Z\u00edskat kl\u00ed\u010d",
    "LabelSupporterKey": "Kl\u00ed\u010d Emby Premiere (vlo\u017ete z e-mailu):",
    "LabelSupporterKeyHelp": "Zadejte kl\u00ed\u010d Emby Premiere, abyste mohli za\u010d\u00edt vyu\u017e\u00edvat dal\u0161\u00ed v\u00fdhody.",
    "MessageInvalidKey": "Kl\u00ed\u010d Emby Premiere kl\u00ed\u010d chyb\u00ed nebo je neplatn\u00fd.",
    "ErrorMessageInvalidKey": "Aby byl jak\u00fdkoliv pr\u00e9miov\u00fd obsah registrov\u00e1n, mus\u00edte m\u00edt tak\u00e9 aktivn\u00ed p\u0159edplatn\u00e9 Emby Premiere.",
    "LabelSkipIfGraphicalSubsPresent": "P\u0159esko\u010dit, jestli\u017ee video obsahuje vlo\u017een\u00e9 titulky",
    "LabelSkipIfGraphicalSubsPresentHelp": "Udr\u017een\u00edm textov\u00fdch verz\u00ed titulk\u016f bude m\u00edt za n\u00e1sledek efektivn\u011bj\u0161\u00ed dod\u00e1vku a sn\u00ed\u017e\u00ed t\u00edm pravd\u011bpodobnost p\u0159ek\u00f3dov\u00e1n\u00ed videa.",
    "HeaderDownloadLanguages": "St\u00e1hnout jazyky",
    "LabelSkipIfAudioTrackPresent": "P\u0159esko\u010dit, pokud v\u00fdchoz\u00ed zvukov\u00e1 stopa odpov\u00edd\u00e1 jazyku stahov\u00e1n\u00ed",
    "LabelSkipIfAudioTrackPresentHelp": "Zru\u0161te za\u0161krtnut\u00ed pro zobrazen\u00ed titulk\u016f u v\u0161ech vide\u00ed, bez ohledu na jazyk zvuku.",
    "SendMessage": "Poslat zpr\u00e1vu",
    "HeaderSendMessage": "Poslat zpr\u00e1vu",
    "ButtonSend": "Odeslat",
    "LabelMessageText": "Text zpr\u00e1vy:",
    "LabelMessageTitle": "Nadpis zpr\u00e1vy:",
    "ButtonEditOtherUserPreferences": "Editace u\u017eivatelsk\u00e9ho profilu, avataru a osobn\u00edch preferenc\u00ed.",
    "LabelLoginDisclaimer": "Z\u0159eknut\u00ed se n\u00e1sleduj\u00edc\u00edch pr\u00e1v p\u0159i p\u0159ihl\u00e1\u0161en\u00ed:",
    "LabelLoginDisclaimerHelp": "Toto se zobraz\u00ed ve spodn\u00ed \u010d\u00e1sti p\u0159ihla\u0161ovac\u00ed str\u00e1nky.",
    "HeaderTranscodingTemporaryFiles": "Do\u010dasn\u00e9 soubory p\u0159ek\u00f3dov\u00e1n\u00ed",
    "HeaderApiKeys": "Kl\u00ed\u010de Api",
    "HeaderApiKeysHelp": "Extern\u00ed aplikace mus\u00ed m\u00edt API kl\u00ed\u010d, aby mohla komunikovat s Emby Server. Kl\u00ed\u010de jsou vyd\u00e1v\u00e1ny p\u0159ihl\u00e1\u0161en\u00edm pomoc\u00ed \u00fa\u010dtu Emby, nebo manu\u00e1ln\u00ed \u017e\u00e1dost\u00ed o kl\u00ed\u010d.",
    "HeaderApiKey": "Kl\u00ed\u010d Api",
    "HeaderScheduledTasks": "Napl\u00e1novan\u00e9 \u00falohy",
    "HeaderResumeSettings": "Obnovit nastaven\u00ed",
    "HeaderFetcherSettings": "Nastaven\u00ed stahova\u010de metadat",
    "HeaderActivity": "Aktivity",
    "ButtonPurchase": "Zakoupeno",
    "HeaderInstall": "Instalovat",
    "LabelSelectVersionToInstall": "Vyber verzi k instalaci:",
    "LinkLearnMoreAboutSubscription": "Zjist\u011bte v\u00edce o Emby Premiere",
    "MessagePluginRequiresSubscription": "Tento z\u00e1suvn\u00fd modul bude po 14 denn\u00ed zku\u0161ebn\u00ed verze zdarma vy\u017eadovat aktivn\u00ed p\u0159edplatn\u00e9 Emby Premiere.",
    "MessagePremiumPluginRequiresMembership": "Tento z\u00e1suvn\u00fd modul bude vy\u017eadovat aktivn\u00ed p\u0159edplatn\u00e9 Emby Premiere po 14 denn\u00ed zku\u0161ebn\u00ed verzi zdarma.",
    "HeaderDeveloperInfo": "Informace pro v\u00fdvoj\u00e1\u0159e",
    "HeaderRevisionHistory": "Historie verz\u00ed",
    "ButtonViewWebsite": "P\u0159ej\u00edt na webov\u00e9 str\u00e1nky",
    "OptionSaveMetadataAsHidden": "Ukl\u00e1dat metadata a obr\u00e1zky jako skryt\u00e9 soubory",
    "LabelConnectEmail": "(Voliteln\u00e9) e-mailov\u00e1 adresa Emby Connect",
    "LabelConnectEmailHelp": "Optionally link this local user to an existing Emby Connect account to enable easy sign-in access from any Emby app without having to know the server IP address.",
    "ButtonLearnMoreAboutEmbyConnect": "Zjist\u011bte v\u00edce o Emby Connect",
    "LabelDateAddedBehavior": "Nov\u00fd obsah \u0159adit dle data:",
    "OptionDateAddedImportTime": "Dle data p\u0159id\u00e1n\u00ed do knihovny",
    "OptionDateAddedFileTime": "Dle data vytvo\u0159en\u00ed souboru",
    "LabelDateAddedBehaviorHelp": "Pokud je hodnota metadat p\u0159\u00edtomna, bude v\u017edy pou\u017eita p\u0159ed n\u011bkterou z t\u011bchto mo\u017enost\u00ed.",
    "HeaderLibrarySettings": "Nastaven\u00ed knihovny",
    "HeaderAutomaticSubtitleDownloads": "Automatic Subtitle Downloads",
    "HeaderCameraUploadHelp": "Aplikace Emby m\u016f\u017ee automaticky nahr\u00e1t fotografie po\u0159\u00edzen\u00e9 na va\u0161em mobiln\u00edm telefonu na Emby server.",
    "LabelCameraUploadPath": "Slo\u017eka pro upload z fotoapar\u00e1tu:",
    "LabelCameraUploadPathHelp": "Vyberte vlastn\u00ed cestu k nahr\u00e1v\u00e1n\u00ed. T\u00edm se p\u0159ep\u00ed\u0161ou v\u0161echna v\u00fdchoz\u00ed nastaven\u00ed nastaven\u00e1 v \u010d\u00e1sti nahr\u00e1v\u00e1n\u00ed fotografi\u00ed. Pokud z\u016fstane pr\u00e1zdn\u00e1, pou\u017eije se v\u00fdchoz\u00ed slo\u017eka. Pokud pou\u017e\u00edv\u00e1te vlastn\u00ed um\u00edst\u011bn\u00ed, bude t\u0159eba jej tak\u00e9 p\u0159idat jako knihovnu v nastaven\u00ed knihovny Emby.",
    "DefaultCameraUploadPathHelp": "Vyberte vlastn\u00ed cestu k nahr\u00e1v\u00e1n\u00ed. Pokud z\u016fstane pr\u00e1zdn\u00e1, pou\u017eije se v\u00fdchoz\u00ed slo\u017eka. Pokud pou\u017e\u00edv\u00e1te vlastn\u00ed um\u00edst\u011bn\u00ed, bude t\u0159eba jej tak\u00e9 p\u0159idat jako knihovnu v nastaven\u00ed knihovny Emby.",
    "LabelCreateCameraUploadSubfolder": "Vytvo\u0159te podslo\u017eku pro ka\u017ed\u00e9 za\u0159\u00edzen\u00ed",
    "LabelCreateCameraUploadSubfolderHelp": "Konkr\u00e9tn\u00ed slo\u017eky mohou b\u00fdt p\u0159i\u0159azeny k za\u0159\u00edzen\u00ed, klikn\u011bte na ni ze str\u00e1nky \"Za\u0159\u00edzen\u00ed\".",
    "LabelCustomDeviceDisplayNameHelp": "Nahradit vlastn\u00edm n\u00e1zvem zobrazen\u00ed nebo ponechte pr\u00e1zdn\u00e9, aby n\u00e1zev byl ur\u010den za\u0159\u00edzen\u00edm.",
    "TabParentalControl": "Rodi\u010dovsk\u00e1 kontrola",
    "HeaderAccessSchedule": "P\u0159\u00edstup k napl\u00e1novan\u00e9 \u00faloze",
    "HeaderAccessScheduleHelp": "Vytvo\u0159te pl\u00e1n p\u0159\u00edstupu pro limitov\u00e1n\u00ed p\u0159\u00edstupu jen ur\u010dit\u00e9m \u010dase.",
    "HeaderLibraryAccess": "P\u0159\u00edstup ke knihovn\u011b",
    "HeaderChannelAccess": "P\u0159\u00edstup ke kan\u00e1lu",
    "LabelForgotPasswordUsernameHelp": "Zadej sv\u00e9 u\u017eivatelsk\u00e9 jm\u00e9no, jestli\u017ee se m\u00e1 pamatovat.",
    "TitlePasswordReset": "Obnova hesla",
    "HeaderBlockItemsWithNoRating": "Blokov\u00e1n\u00ed polo\u017eek s \u017e\u00e1dn\u00fdm nebo nerozpoznan\u00fdm hodnocen\u00edm:",
    "LabelBlockContentWithTags": "Omezovat polo\u017eky s tagy",
    "LabelTagRestrictionMode": "Nastaven\u00ed omezen\u00ed pomoc\u00ed tag\u016f:",
    "BlockItemsWithTheseTags": "Blokovat polo\u017eky s t\u00edmto tagem",
    "AllowItemsWithTheseTags": "Povolit polo\u017eky pouze s t\u00edmto tagem",
    "OptionAllowContentDownloading": "Povolit stahov\u00e1n\u00ed m\u00e9di\u00ed",
    "LabelNewUserNameHelp": "U\u017eivatelsk\u00e1 jm\u00e9na mohou obsahovat p\u00edsmena (az), \u010d\u00edslice (0-9), poml\u010dky (-), podtr\u017e\u00edtka (_), apostrofy (') a te\u010dky (.)",
    "HeaderThisUserIsCurrentlyDisabled": "Tento u\u017eivatel je aktu\u00e1ln\u011b zablokov\u00e1n. Pro jeho povolen\u00ed se pros\u00edm pod\u00edvejte na volby na konci str\u00e1nky.",
    "OptionAllowSyncTranscoding": "Povolit stahov\u00e1n\u00ed m\u00e9di\u00ed, kter\u00e9 vy\u017eaduj\u00ed p\u0159ek\u00f3dov\u00e1n\u00ed",
    "AllowMediaConversion": "Povolit p\u0159ek\u00f3dov\u00e1n\u00ed m\u00e9di\u00ed",
    "AllowMediaConversionHelp": "Povolte nebo zaka\u017ete p\u0159\u00edstup k funkci p\u0159ek\u00f3dov\u00e1n\u00ed m\u00e9di\u00ed.",
    "OptionAllowAudioPlaybackTranscoding": "Povolit p\u0159ehr\u00e1v\u00e1n\u00ed audia, kter\u00e9 vy\u017eaduje p\u0159ek\u00f3dov\u00e1n\u00ed.",
    "OptionAllowVideoPlaybackTranscoding": "Povolit p\u0159ehr\u00e1v\u00e1n\u00ed videa, kter\u00e9 vy\u017eaduje p\u0159ek\u00f3dov\u00e1n\u00ed.",
    "OptionAllowVideoPlaybackRemuxing": "Umo\u017en\u00ed p\u0159ehr\u00e1v\u00e1n\u00ed videa, kter\u00e1 vy\u017eaduje konverzi bez op\u011btovn\u00e9ho p\u0159ek\u00f3dov\u00e1n\u00ed",
    "OptionAllowMediaPlaybackTranscodingHelp": "Omezen\u00ed p\u0159\u00edstupu k p\u0159ek\u00f3dov\u00e1n\u00ed vypne v\u00fdb\u011br kvality a m\u016f\u017ee zp\u016fsobit probl\u00e9my p\u0159i p\u0159ehr\u00e1v\u00e1n\u00ed v aplikac\u00edch Emby z d\u016fvodu nepodporovan\u00e9ho form\u00e1tu m\u00e9dia nebo nedostate\u010dn\u00e9 konektivity.",
    "LabelRemoteClientBitrateLimit": "Datov\u00fd tok streamov\u00e1n\u00ed do Internetu (Mbps):",
    "LabelRemoteClientBitrateLimitHelp": "Voliteln\u00fd limit bitov\u00e9 rychlosti pro ka\u017ed\u00fd server mimo s\u00ed\u0165. To je u\u017eite\u010dn\u00e9, abyste zabr\u00e1nili za\u0159\u00edzen\u00ed po\u017eadovat vy\u0161\u0161\u00ed datov\u00fd tok, ne\u017e va\u0161e p\u0159ipojen\u00ed k internetu zvl\u00e1dne. To m\u016f\u017ee v\u00e9st ke zv\u00fd\u0161en\u00ed zat\u00ed\u017een\u00ed CPU na va\u0161em serveru, aby bylo mo\u017en\u00e9 rychle p\u0159ek\u00f3dovat videa na ni\u017e\u0161\u00ed bitovou rychlost.",
    "LabelUserRemoteClientBitrateLimitHelp": "Toto p\u0159ep\u00ed\u0161e v\u00fdchoz\u00ed glob\u00e1ln\u00ed hodnotu nastavenou v pokro\u010dil\u00fdch nastaven\u00ed serveru.",
    "OptionEnableFullSpeedConversion": "Povolit plnou rychlost konverze",
    "OptionEnableFullSpeedConversionHelp": "Ve v\u00fdchoz\u00edm nastaven\u00ed jsou konverze prov\u00e1d\u011bny p\u0159i n\u00edzk\u00e9 rychlosti, aby se minimalizovala spot\u0159eba zdroj\u016f.",
    "OptionEnableAutomaticServerUpdates": "Povolit automatickou aktualizaci serveru",
    "HeaderTVSources": "Zdroje TV",
    "HeaderAddTvSource": "P\u0159idat zdroj TV vys\u00edl\u00e1n\u00ed",
    "LabelTunerIpAddress": "IP adresa tuneru:",
    "HeaderGuideProviders": "Zdroj dat pr\u016fvodce",
    "HeaderAddGuideSource": "P\u0159idat zdroj pr\u016fvodce",
    "LabelZipCode": "PS\u010c",
    "LabelLineup": "Hlavn\u00ed linie:",
    "LabelImportOnlyFavoriteChannels": "Zamezit ozna\u010den\u00ed kan\u00e1l\u016f jako obl\u00edben\u00e9",
    "ImportFavoriteChannelsHelp": "Pokud je povoleno, jen kan\u00e1ly ozna\u010den\u00e9 jako obl\u00edben\u00e9 budou importov\u00e1na na za\u0159\u00edzen\u00ed tuneru.",
    "HeaderDefaultRecordingSettings": "Standardn\u00ed nastaven\u00ed z\u00e1znamu",
    "LabelDisplayName": "Zobrazovan\u00e9 jm\u00e9no:",
    "OptionDownloadImagesInAdvance": "St\u00e1hnout obr\u00e1zky pokro\u010dilej\u0161\u00edm zp\u016fsobem",
    "OptionDownloadImagesInAdvanceHelp": "Ve v\u00fdchoz\u00edm nastaven\u00ed jsou sekund\u00e1rn\u00ed obr\u00e1zky sta\u017eeny, jen p\u0159i po\u017e\u00e1d\u00e1n\u00ed aplikace Emby. Povolen\u00edm t\u00e9to mo\u017enosti se st\u00e1hnou v\u0161echny obr\u00e1zky v p\u0159edstihu, jakmile jsou nov\u00e1 m\u00e9dia na\u010dtena do knihovny.",
    "MessageThankYouForSupporting": "Emby v\u00e1m t\u00edmto d\u011bkuje za va\u0161\u00ed podporu.",
    "FileReadCancelled": "\u010cten\u00ed souboru bylo zru\u0161eno.",
    "FileNotFound": "Soubor nebyl nalezen.",
    "FileReadError": "Nastala chyba p\u0159i na\u010d\u00edt\u00e1n\u00ed souboru.",
    "NoPluginConfigurationMessage": "Tento z\u00e1suvn\u00fd modul nem\u00e1 \u017e\u00e1dn\u00e9 nastaven\u00ed.",
    "HeaderNewApiKey": "Nov\u00fd kl\u00ed\u010d API",
    "HeaderNewApiKeyHelp": "Ud\u011blit povolen\u00ed aplikac\u00ed pro komunikaci s Emby Server.",
    "MessageKeyEmailedTo": "Kl\u00ed\u010d odesl\u00e1n na {0}",
    "HeaderConfirmation": "Potvrzen\u00ed",
    "MessageKeyUpdated": "D\u011bkuji. V\u00e1\u0161 kl\u00ed\u010d Emby Premiere byl aktualizov\u00e1n.",
    "MessageKeyRemoved": "D\u011bkuji. V\u00e1\u0161 kl\u00ed\u010d Emby Premiere byl odstran\u011bn.",
    "TextEnjoyBonusFeatures": "U\u017eijte si bonusy",
    "MessageErrorLoadingSupporterInfo": "Do\u0161lo k chyb\u011b p\u0159i na\u010d\u00edt\u00e1n\u00ed informac\u00ed o Emby Premiere. Pros\u00edm zkuste to znovu pozd\u011bji.",
    "ValueTimeLimitSingleHour": "\u010casov\u00fd limit: 1 hodina",
    "ValueTimeLimitMultiHour": "\u010casov\u00fd limit: {0} hodin",
    "General": "Obecn\u00e9",
    "HeaderScreenSavers": "Spo\u0159i\u010de obrazovky",
    "Reporting": "Hl\u00e1\u0161en\u00ed",
    "LabelStopping": "Zastavov\u00e1n\u00ed",
    "HeaderSelectCertificatePath": "Vyber cestu k certifik\u00e1tu",
    "HeaderSupporterBenefit": "Aktivn\u00ed p\u0159edplatn\u00e9 slu\u017eby Emby Premiere poskytuje dal\u0161\u00ed v\u00fdhody, jako je nap\u0159\u00edklad p\u0159\u00edstup k digit\u00e1ln\u00edm videorekord\u00e9r\u016fm Emby, offline m\u00e9di\u00edm, pr\u00e9miov\u00fdm plugin\u016fm a dal\u0161\u00edm. {0}P\u0159e\u010dt\u011bte si v\u00edce{1}.",
    "LabelAbortedByServerShutdown": "(P\u0159eru\u0161eno p\u0159i vypnut\u00ed serveru)",
    "LabelScheduledTaskLastRan": "Posledn\u00ed spu\u0161t\u011bn\u00ed {0}, zabralo {1}.",
    "HeaderDeleteTaskTrigger": "Zru\u0161it spu\u0161t\u011bn\u00ed \u00falohy",
    "MessageDeleteTaskTrigger": "Opravdu si p\u0159ejete odebrat spou\u0161t\u011bn\u00ed \u00falohy?",
    "MessageNoPluginsDueToAppStore": "Pro spr\u00e1vu z\u00e1suvn\u00fdch modul\u016f pou\u017eijte webovou aplikaci Emby.",
    "LabelVersionInstalled": "{0} instalov\u00e1no",
    "HeaderSelectServerCachePath": "Vyber slo\u017eku pro vyrovn\u00e1vac\u00ed pam\u011b\u0165 serveru",
    "HeaderSelectTranscodingPath": "Zvolte do\u010dasnou slo\u017eku pro p\u0159ek\u00f3dov\u00e1v\u00e1n\u00ed m\u00e9di\u00ed",
    "HeaderSelectMetadataPath": "Vyberte cestu k metadat\u016fm",
    "HeaderSelectServerCachePathHelp": "Vyberte nebo zadejte slo\u017eku vyrovn\u00e1vac\u00ed pam\u011bti soubor\u016f. Slo\u017eka mus\u00ed b\u00fdt zapisovateln\u00e1.",
    "HeaderSelectTranscodingPathHelp": "Vyberte nebo zadejte slo\u017eku pro do\u010dasn\u00e9 soubory p\u0159ek\u00f3dov\u00e1n\u00ed. Slo\u017eka mus\u00ed b\u00fdt zapisovateln\u00e1.",
    "HeaderSelectMetadataPathHelp": "V\u00fdb\u011br nebo zad\u00e1n\u00ed cesty, kde chcete ulo\u017eit metadata. Slo\u017eka mus\u00ed b\u00fdt zapisovateln\u00e1.",
    "MessageConfirmRestart": "Jste si jist, \u017ee chcete restartovat Emby server?",
    "MessageConfirmShutdown": "Jste si jist, \u017ee chcete vypnout Emby server?",
    "LabelLocalAccessUrl": "Lok\u00e1ln\u00ed (LAN) p\u0159\u00edstup: {0}",
    "LabelRemoteAccessUrl": "Vzd\u00e1len\u00fd (WAN) p\u0159\u00edstup: {0}",
    "LabelRunningOnPort": "Spu\u0161t\u011bno na http portu {0}.",
    "LabelRunningOnPorts": "Spu\u0161t\u011bno na  http portu {0} a https portu {1}.",
    "LabelCurrentPath": "Aktu\u00e1ln\u00ed cesta:",
    "HeaderSelectMediaPath": "V\u00fdb\u011br cesty k m\u00e9diu",
    "HeaderSelectPath": "Vybrat slo\u017eku",
    "MessageDirectoryPickerInstruction": "S\u00ed\u0165ov\u00e9 cesty lze zadat ru\u010dn\u011b v p\u0159\u00edpad\u011b, \u017ee tla\u010d\u00edtko 'S\u00ed\u0165' nedok\u00e1\u017ee automaticky lokalizovat va\u0161e za\u0159\u00edzen\u00ed. Nap\u0159\u00edklad, {0} nebo {1}.",
    "MessageDirectoryPickerBSDInstruction": "Pro BSD, budete mo\u017en\u00e1 muset nakonfigurovat \u00falo\u017ei\u0161t\u011b p\u0159\u00edmo ve Va\u0161em FreeNAS Jail aby k nim Emby povolil p\u0159\u00edstup.",
    "MessageDirectoryPickerLinuxInstruction": "Pro Linux na Arch Linux, CentOS, Debian, Fedora, openSUSE nebo Ubuntu, je nutn\u00e9 p\u0159i\u0159adit opr\u00e1vn\u011bn\u00ed u\u017eivatel\u016fm k \u00falo\u017ei\u0161t\u00edm syst\u00e9mu Emby alespo\u0148 pro \u010dten\u00ed.",
    "MetadataManager": "Mana\u017eer metadat",
    "OptionBlockLiveTvChannels": "Kan\u00e1ly Live TV",
    "OptionBlockChannelContent": "Obsah internetov\u00e9ho kan\u00e1lu",
    "ButtonRevoke": "Odvolat",
    "MessageConfirmRevokeApiKey": "Jste si jisti, \u017ee chcete odvolat tento kl\u00ed\u010d API? P\u0159ipojen\u00ed k aplikaci k Emby Server bude n\u00e1siln\u011b ukon\u010deno.",
    "HeaderConfirmRevokeApiKey": "Odvolat kl\u00ed\u010d Api",
    "MessagePleaseAcceptTermsOfServiceBeforeContinuing": "Ne\u017e budete pokra\u010dovat, p\u0159ijm\u011bte pros\u00edm smluvn\u00ed podm\u00ednky.",
    "HeaderChangeFolderType": "Zm\u011bna typu obsahu",
    "HeaderChangeFolderTypeHelp": "Chcete-li zm\u011bnit typ, vyjm\u011bte a znovu prohledejte knihovny s nov\u011b p\u0159i\u0159azen\u00fdm typem.",
    "HeaderAlert": "Upozorn\u011bn\u00ed",
    "MessagePleaseRestart": "Pro dokon\u010den\u00ed aktualizac\u00ed, pros\u00edm, restartujte.",
    "OptionHomeVideos": "Dom\u00e1c\u00ed videa a fotky",
    "OptionBooks": "Knihy",
    "HeaderMetadataReaders": "\u010cte\u010dky metadat",
    "LabelMetadataReadersHelp": "Se\u0159a\u010fte sv\u00e9 preferovan\u00e9 lok\u00e1ln\u00ed zdroje metadat dle priority. Prvn\u00ed nalezen\u00e1 data budou na\u010dtena.",
    "HeaderSubtitleDownloaders": "Stahova\u010de titulk\u016f",
    "SubtitleDownloadersHelp": "Dle priority povol\u00ed a za\u0159ad\u00ed Va\u0161e up\u0159ednost\u0148ovan\u00e9 stahova\u010de titulk\u016f. Pomoc\u00ed Emby plugin katalogu m\u016f\u017eete nainstalovat v\u00edce poskytovatel\u016f titulk\u016f.",
    "LabelMetadataDownloaders": "Stahova\u010de metadat:",
    "LabelMetadataDownloadersHelp": "Povol\u00ed \u0159azen\u00ed va\u0161ich preferovan\u00fdch stahova\u010d\u016f metadat podle priority. Stahova\u010d s ni\u017e\u0161\u00ed prioritou bude pou\u017eit pouze k dopln\u011bn\u00ed chyb\u011bj\u00edc\u00edch informac\u00ed.",
    "HeaderMetadataSavers": "St\u0159adatel\u00e9 metadat",
    "LabelMetadataSaversHelp": "Vyberte form\u00e1ty soubor\u016f pro ulo\u017een\u00ed metadat.",
    "LabelImageFetchers": "Stahova\u010d obr\u00e1zk\u016f:",
    "LabelImageFetchersHelp": "Povol\u00ed \u0159azen\u00ed stahova\u010d\u016f obr\u00e1zk\u016f dle priority.",
    "PersonTypePerson": "Osoba",
    "HeaderRemoveMediaLocation": "Odebrat um\u00edst\u011bn\u00ed media",
    "MessageConfirmRemoveMediaLocation": "Jste si jist, \u017ee chcete odstranit toto um\u00edst\u011bn\u00ed?",
    "LabelNewName": "Nov\u00fd n\u00e1zev:",
    "HeaderRemoveLibrary": "Odebrat knihovnu",
    "MessageAreYouSureYouWishToRemoveLibrary": "Opravdu si p\u0159ejete odebrat \"{0}\" knihovnu z Va\u0161eho serveru Emby? Na Va\u0161e soubory m\u00e9di\u00ed to nebude m\u00edt vliv.",
    "ButtonRename": "P\u0159ejmenovat",
    "HeaderPluginInstallation": "Instalace z\u00e1suvn\u00fdch modul\u016f",
    "MessageTrialExpired": "Zku\u0161ebn\u00ed obdob\u00ed pro tuto funkci ji\u017e vypr\u0161elo",
    "MessageTrialWillExpireIn": "Zku\u0161ebn\u00ed doba t\u00e9to funkce vypr\u0161\u00ed za {0} dn\u00ed",
    "ValuePriceUSD": "N\u00e1klady: {0} (USD)",
    "MessageFeatureIncludedWithSupporter": "Jste registrov\u00e1ni pro tuto funkci, a budete ji moci nad\u00e1le pou\u017e\u00edvat s aktivn\u00edm p\u0159edplatn\u00fdm Emby Premiere.",
    "HeaderSelectExternalPlayer": "Vybrat extern\u00ed p\u0159ehr\u00e1va\u010d",
    "HeaderExternalPlayerPlayback": "P\u0159ehr\u00e1t v extern\u00edm p\u0159ehr\u00e1va\u010di",
    "HeaderThankYou": "D\u011bkuji",
    "HeaderSelectUploadPath": "V\u00fdb\u011br slo\u017eky pro upload",
    "ErrorMessageStartHourGreaterThanEnd": "\u010cas ukon\u010den\u00ed mus\u00ed b\u00fdt v\u011bt\u0161\u00ed ne\u017e \u010das startu.",
    "MessagePluginConfigurationRequiresLocalAccess": "Pro konfiguraci z\u00e1suvn\u00e9ho modulu se p\u0159ihlaste p\u0159\u00edmo na lok\u00e1ln\u00ed server",
    "MovieLibraryHelp": "Prohl\u00e9dn\u011bte si {0}pr\u016fvodce pojmenov\u00e1n\u00edm vide\u00ed Emby{1}.",
    "TvLibraryHelp": "Prohl\u00e9dn\u011bte si {0}pr\u016fvodce pojmenov\u00e1n\u00edm TV epizod Emby{1}.",
    "BookLibraryHelp": "Textov\u00e9 knihy jsou podporov\u00e1ny. Prohl\u00e9dn\u011bte si {0}pr\u016fvodce pojmenov\u00e1n\u00edm TV epizod Emby{1}.",
    "MessageGamePluginRequired": "Vy\u017eaduje instalaci z\u00e1suvn\u00e9ho modulu GameBrowser",
    "HeaderUnlockApp": "Odemknout aplikaci",
    "MessagePaymentServicesUnavailable": "Platebn\u00ed slu\u017eby nejsou v sou\u010dasn\u00e9 dob\u011b k dispozici. Pros\u00edm zkuste to pozd\u011bji znovu.",
    "NoNewDevicesFound": "Nebylo nalezeno \u017e\u00e1dn\u00e9 nov\u00e9 za\u0159\u00edzen\u00ed. Chcete-li p\u0159idat nov\u00fd tuner, zav\u0159ete toto dialogov\u00e9 okno a zadejte informace o za\u0159\u00edzen\u00ed ru\u010dn\u011b.",
    "MessageConfirmDeleteTunerDevice": "Jste si jisti, \u017ee chcete smazat tento p\u0159\u00edstroj?",
    "MessageConfirmDeleteGuideProvider": "Jste si jisti, \u017ee chcete smazat tohoto poskytovatele programov\u00e9ho pr\u016fvodce?",
    "HeaderDeleteProvider": "Odebrat poskytovatele",
    "ErrorAddingTunerDevice": "Do\u0161lo k chyb\u011b p\u0159i p\u0159id\u00e1n\u00ed za\u0159\u00edzen\u00ed tuneru. Pros\u00edm, ujist\u011bte se, \u017ee je p\u0159\u00edstupn\u00fd a zkuste to znovu.",
    "ErrorSavingTvProvider": "P\u0159i ukl\u00e1d\u00e1n\u00ed poskytovatele TV do\u0161lo k chyb\u011b. Pros\u00edm, ujist\u011bte se, \u017ee je p\u0159\u00edstupn\u00fd a zkuste to znovu.",
    "ErrorGettingTvLineups": "Do\u0161lo k chyb\u011b p\u0159i stahov\u00e1n\u00ed tv lineups. Ujist\u011bte se pros\u00edm, \u017ee zadan\u00e9 informace jsou spr\u00e1vn\u00e9, a zkuste to znovu.",
    "MessageCreateAccountAt": "Vytvo\u0159it \u00fa\u010det v {0}",
    "ErrorPleaseSelectLineup": "Vyberte seskupen\u00ed a zkuste to znovu. Pokud nejsou k dispozici \u017e\u00e1dn\u00e9 seskupen\u00ed, pak pros\u00edm zkontrolujte, zda va\u0161e u\u017eivatelsk\u00e9 jm\u00e9no, heslo a po\u0161tovn\u00ed sm\u011brovac\u00ed \u010d\u00edslo je spr\u00e1vn\u00e9.s",
    "ErrorValidatingSupporterInfo": "Do\u0161lo k chyb\u011b p\u0159i ov\u011b\u0159ov\u00e1n\u00ed informac\u00ed o va\u0161em p\u0159edplatn\u00e9m Emby Premiere. Pros\u00edm zkuste to pozd\u011bji.",
    "LabelLocalSyncStatusValue": "Stav: {0}",
    "HeaderTopPlugins": "Nejl\u00e9pe hodnocen\u00e9 z\u00e1suvn\u00e9 moduly",
    "ForAdditionalLiveTvOptions": "Prohledejte Emby {0}plugin katalog{1} pro nainstalov\u00e1n\u00ed dodate\u010dn\u00fdch poskytovatel\u016f \u017div\u00e9 TV.",
    "AddUser": "P\u0159idat u\u017eivatele",
    "HeaderEmailAddress": "E-mailov\u00e1 adresa",
    "NumLocationsValue": "{0} slo\u017eky",
    "PleaseAddAtLeastOneFolder": "P\u0159idejte pros\u00edm nejm\u00e9n\u011b jednu slo\u017eku do t\u00e9to knihovny pomoc\u00ed tla\u010d\u00edtka P\u0159idat.",
    "ErrorAddingMediaPathToVirtualFolder": "Nastala chyba p\u0159i p\u0159id\u00e1v\u00e1n\u00ed cesty k m\u00e9di\u00edm. Zkontrolujte zda zadan\u00e1 slo\u017eka je validn\u00ed a Emby Server m\u00e1 k t\u00e9to slo\u017ece p\u0159\u00edstup.",
    "ErrorAddingEmbyConnectAccount3": "\u00da\u010det Emby je ji\u017e propojen s existuj\u00edc\u00edm m\u00edstn\u00edm u\u017eivatelem. \u00da\u010det Emby m\u016f\u017ee b\u00fdt spojen pouze s jedn\u00edm lok\u00e1ln\u00edm u\u017eivatelem sou\u010dasn\u011b.",
    "HeaderConfirmPluginInstallation": "Potvrzen\u00ed instalace z\u00e1suvn\u00e9ho modulu",
    "PleaseConfirmPluginInstallation": "Pro potvrzen\u00ed, \u017ee jste si p\u0159e\u010detli text v\u00fd\u0161e a chcete pokra\u010dovat v instalaci z\u00e1suvn\u00fdch modul\u016f, klikn\u011bte na tla\u010d\u00edtko OK.",
    "MessagePluginInstallDisclaimer": "Zasuvn\u00e9 moduly vytvo\u0159en\u00e9 \u010dleny Emby komunity jsou skv\u011bl\u00fd zp\u016fsob, jak zv\u00fd\u0161it sv\u016fj Emby pro\u017eitek pomoc\u00ed dopl\u0148kov\u00fdch funkc\u00ed :-) P\u0159ed instalac\u00ed, se pros\u00edm seznamte se v\u0161emi dopady, kter\u00e9 mohou m\u00edt na Emby Server, jako je nap\u0159\u00edklad del\u0161\u00ed prohled\u00e1v\u00e1n\u00ed knihovny, dal\u0161\u00ed zpracov\u00e1n\u00ed na pozad\u00ed, a sn\u00ed\u017een\u00ed stability syst\u00e9mu.",
    "HardwareAccelerationWarning": "Zapnut\u00ed hardwarov\u00e9 akcelerace m\u016f\u017ee zp\u016fsobit nestabilitu v n\u011bkter\u00fdch prost\u0159ed\u00edch. Ujist\u011bte se, \u017ee va\u0161e ovlada\u010de opera\u010dn\u00edho syst\u00e9mu a videa jsou pln\u011b aktu\u00e1ln\u00ed. M\u00e1te-li pot\u00ed\u017ee s p\u0159ehr\u00e1v\u00e1n\u00edm videa po zapnut\u00ed, budete muset zm\u011bnit nastaven\u00ed zp\u011bt na Auto.",
    "ValueExample": "P\u0159\u00edklad: {0}",
    "LabelFileOrUrl": "Soubor nebo URL:",
    "OptionEnableForAllTuners": "Povolit pro v\u0161echna za\u0159\u00edzen\u00ed tuner\u016f",
    "HeaderTuners": "Tunery",
    "DrmChannelsNotImported": "Kan\u00e1l s DRM nebude importov\u00e1n",
    "LabelAllowHWTranscoding": "Povolit hardwarov\u00e9 p\u0159ek\u00f3dov\u00e1n\u00ed",
    "AllowHWTranscodingHelp": "Pokud nastav\u00edte, povol\u00edte tuneru p\u0159ek\u00f3dov\u00e1n\u00ed v re\u00e1ln\u00e9m \u010dase. M\u016f\u017ee sn\u00ed\u017eit z\u00e1t\u011b\u017e p\u0159ek\u00f3dov\u00e1v\u00e1n\u00ed po\u017eadovan\u00e9 Emby Serverem.",
    "MetadataSettingChangeHelp": "Zm\u011bna nastaven\u00ed metadat bude m\u00edt vliv na nov\u00fd obsah, kter\u00fd bude p\u0159id\u00e1v\u00e1n. Chcete-li aktualizovat st\u00e1vaj\u00edc\u00ed obsah, otev\u0159te obrazovku s detailem a klepn\u011bte na tla\u010d\u00edtko Aktualizovat, nebo prove\u010fte hromadnou aktualizaci pomoc\u00ed spr\u00e1vce metadat.",
    "RecordingPathChangeMessage": "Zm\u011bna z\u00e1znamov\u00e9 slo\u017eky automaticky nep\u0159esune st\u00e1vaj\u00edc\u00ed z\u00e1znamy ze star\u00e9ho um\u00edst\u011bn\u00ed do nov\u00e9ho. Budete muset p\u0159esunout ru\u010dn\u011b, pokud je to \u017e\u00e1douc\u00ed.",
    "LabelLocalIpAddress": "M\u00edstn\u00ed IP adresa:",
    "LabelBindToLocalNetworkAddressHelp": "Voliteln\u00e9. P\u0159epsat lok\u00e1ln\u00ed IP adresu, kterou se Emby server prokazuje aplikac\u00edm Emby. Pokud je nevypln\u011bn\u00e9, server automaticky zjist\u00ed lok\u00e1ln\u00ed IP adresu.",
    "SettingsWarning": "Zm\u011bna t\u011bchto hodnot m\u016f\u017ee zp\u016fsobit nestabilitu nebo selh\u00e1n\u00ed p\u0159ipojen\u00ed. Pokud naraz\u00edte na n\u011bjak\u00e9 probl\u00e9my, doporu\u010dujeme jej zm\u011bnit zp\u011bt na v\u00fdchoz\u00ed hodnotu.",
    "OptionSaveMetadataAsHiddenHelp": "Zm\u011bna bude platit pro nov\u011b ulo\u017een\u00e1 metadata do budoucna. Existuj\u00edc\u00ed soubory metadat budou aktualizov\u00e1ny p\u0159\u00ed\u0161t\u011b, jakmile budou ulo\u017eeny Emby Serverem.",
    "EnablePhotos": "Povolit fotky",
    "EnablePhotosHelp": "Fotografie budou detekov\u00e1ny a zobrazeny spolu s dal\u0161\u00edmi multimedi\u00e1ln\u00edmi soubory.",
    "ImportPlaylists": "Import playlist\u016f",
    "ImportPlaylistsHelp": "Nalezen\u00e9 playlisty ve Va\u0161ich slo\u017ek\u00e1ch s m\u00e9dii mohou b\u00fdt importov\u00e1ny do serveru Emby.",
    "SaveThumbnailImagesIntoMediaFolders": "Ulo\u017eit n\u00e1hledy miniatur do slo\u017eky s m\u00e9dii",
    "LabelGenerateVideoPreviewThumbnails": "Vytvo\u0159it miniatury jako n\u00e1hledy videa",
    "LabelEnableDebugLogging": "Povolit z\u00e1znam pro lad\u011bn\u00ed",
    "OptionEnableExternalContentInSuggestions": "Aktivovat extern\u00ed obsah v n\u00e1vrz\u00edch",
    "OptionEnableExternalContentInSuggestionsHelp": "Povolit internetov\u00e9 upout\u00e1vky a \u017eiv\u00e9 televizn\u00ed programy, kter\u00e9 maj\u00ed b\u00fdt zahrnuty do navr\u017een\u00e9ho obsahu.",
    "LabelOptionalNetworkPath": "(Nepovinn\u00e9) Sd\u00edlen\u00e1 s\u00ed\u0165ov\u00e1 slo\u017eka:",
    "LabelOptionalNetworkPathHelp": "If this folder is shared on your network, supplying the network share path can allow Emby apps on other devices to access media files directly.",
    "SynologyUpdateInstructions": "Pros\u00edm p\u0159ihla\u0161te se k DSM a aktualizujte Centrum Bal\u00ed\u010dk\u016f.",
    "HeaderRecordingPostProcessing": "N\u00e1sledn\u00e9 zpracov\u00e1n\u00ed nahr\u00e1vek",
    "LabelPostProcessorArguments": "Argumenty p\u0159\u00edkazov\u00e9 \u0159\u00e1dky pro n\u00e1sledn\u00e9 zpracov\u00e1n\u00ed",
    "PostProcessorArgumentsHelp": "Aby bylo mo\u017en\u00e9 p\u0159ed\u00e1vat informace do post-procesoru, jsou v p\u0159\u00edkazov\u00e9m \u0159\u00e1dku podporov\u00e1ny n\u00e1sleduj\u00edc\u00ed prom\u011bnn\u00e9:",
    "LabelPostProcessor": "Aplikace pro n\u00e1sledn\u00e9 zpracov\u00e1n\u00ed:",
    "DvrPostProcessorPathArgument": "{path}: Cel\u00e1 cesta k nov\u00e9mu souboru s nahr\u00e1vkoui",
    "OptionAutomaticallyGroupSeries": "Automatick\u00e9 slou\u010den\u00ed k seri\u00e1lu, kter\u00e9 jsou ve v\u00edce slo\u017ek\u00e1ch",
    "OptionAutomaticallyGroupSeriesHelp": "Pokud je povoleno, budou d\u00edly seri\u00e1lu ulo\u017een\u00e9 ve v\u00edce adres\u00e1\u0159\u00edch v t\u00e9to knihovn\u011b, automaticky slou\u010deny k jednomu seri\u00e1lu.",
    "WhenDidYouPurchaseApp": "Kdy jste tuto aplikaci p\u016fvodn\u011b zakoupili?",
    "PreferEmbeddedTitlesOverFileNames": "Up\u0159ednost\u0148ovat vlo\u017een\u00e9 n\u00e1zvy nad n\u00e1zvy soubor\u016f",
    "PreferEmbeddedTitlesOverFileNamesHelp": "Toto ur\u010duje v\u00fdchoz\u00ed zobrazen\u00fd n\u00e1zev, pokud nejsou k dispozici \u017e\u00e1dn\u00e1 internetov\u00e1 metadata ani lok\u00e1ln\u00ed metadata.",
    "FriendlyNameForReferenceHelp": "A friendly name used for display, for your own reference.",
    "HeaderLiveTvTunerSetup": "Nastaven\u00ed tuneru Live TV.",
    "HeaderTVSourceSetup": "Nastaven\u00ed zdroj\u016f TV",
    "HeaderDetectMyDevices": "Naj\u00edt m\u00e1 za\u0159\u00edzen\u00ed",
    "MessagePleaseWait": "Pros\u00edm, \u010dekejte. M\u016f\u017ee to chv\u00edli trvat.",
    "DetectingDevices": "Hled\u00e1n\u00ed za\u0159\u00edzen\u00ed",
    "LabelAutomaticallyRefreshInternetMetadataEvery": "Po po\u010d\u00e1te\u010dn\u00edm importu automaticky aktualizovat metadata z internetu:",
    "LabelPlaceholderMetadataRefreshInternetMetadataEvery": "Automatically refresh metadata for episodes with placeholder titles such as TBA",
    "EveryNDays": "Ka\u017ed\u00fd {0} den",
    "NDays": "{0} dn\u016f",
    "LabelCertificatePassword": "Heslo certifik\u00e1tu:",
    "LabelCertificatePasswordHelp": "Pokud v\u00e1\u0161 certifik\u00e1t vy\u017eaduje heslo, zadejte jej zde.",
    "HeaderNewLibrary": "Nov\u00e1 knihovna",
    "HttpsRequiresCert": "Chcete-li povolit zabezpe\u010den\u00e1 p\u0159ipojen\u00ed, budete muset dodat d\u016fv\u011bryhodn\u00fd certifik\u00e1t SSL, jako nap\u0159\u00edklad Lets Encrypt. Vlo\u017ete pros\u00edm bu\u010f certifik\u00e1t, nebo vypn\u011bte zabezpe\u010den\u00e9 p\u0159ipojen\u00ed.",
    "ServerRestartNeededAfterPluginInstall": "Po instalaci pluginu bude t\u0159eba restartovat server Emby.",
    "PluginInstalledMessage": "Plugin byl \u00fasp\u011b\u0161n\u011b nainstalov\u00e1n. Emby server se bude muset restartovat, aby se zm\u011bny projevily.",
    "MessagePremiereStatusGood": "Pou\u017e\u00edv\u00e1te {0} p\u0159edplatn\u00e9 Emby Premiere a pou\u017e\u00edv\u00e1n\u00ed va\u0161eho za\u0159\u00edzen\u00ed jsou v r\u00e1mci va\u0161eho limitu.",
    "MessagePremiereStatusClose": "Pou\u017e\u00edv\u00e1te {0} p\u0159edplatn\u00e9 Emby Premiere a pou\u017e\u00edv\u00e1n\u00ed za\u0159\u00edzen\u00ed se bl\u00ed\u017e\u00ed limitu.",
    "MessagePremiereExtendedPlans": "Zva\u017ete {0}roz\u0161\u00ed\u0159en\u00ed p\u0159edplatn\u00e9ho pro za\u0159\u00edzen\u00ed{1}",
    "MessagePremiereStatusOver": "Pou\u017e\u00edv\u00e1te {0} p\u0159edplatn\u00e9 Emby Premiere, ale p\u0159ekro\u010dili jste limit za\u0159\u00edzen\u00ed!",
    "ListItemPremiereSub": "{0} p\u0159edplatn\u00e9 zakoupen\u00e9 p\u0159es {2} vypr\u0161\u00ed {1}",
    "LabelClickToManage": "Click to manage this subscription",
    "LabelCancelInfo": "Toto p\u0159edplatn\u00e9 m\u016f\u017eete spravovat p\u0159\u00edmo p\u0159es {0}",
    "LabelAlreadyCanceled": "Toto p\u0159edplatn\u00e9 bylo zru\u0161eno. Kl\u00ed\u010d bude platn\u00fd, dokud neexpiruje.",
    "HeaderCancelSub": "Zru\u0161it Emby Premiere",
    "MessageConfirmSubCancel": "Ne, neodch\u00e1zejte pros\u00edm... P\u0159ijdete o v\u0161echny skv\u011bl\u00e9 funkce Emby Premiere.",
    "ButtonCancelSub": "J\u00e1 v\u00edm, chci to zru\u0161it",
    "ButtonDontCancelSub": "Zachovat Emby Premiere",
    "MessageSubCancelReqSent": "E-mail byl odesl\u00e1n majiteli kl\u00ed\u010de. Podle pokyn\u016f v tomto e-mailu dokon\u010dete zru\u0161en\u00ed tohoto p\u0159edplatn\u00e9ho. Douf\u00e1me, \u017ee v\u00e1s brzy uvid\u00edme!",
    "MessageSubCancelError": "N\u011bco se stalo \u0161patn\u011b, operace nedokon\u010dena. Za\u0161lete pros\u00edm e-mail na {0} a my se v\u00e1m pokus\u00edme pomoci.",
    "LabelAlreadyCancelled": "Toto p\u0159edplatn\u00e9 bylo zru\u0161eno. Nebude v\u00e1m \u00fa\u010dtov\u00e1no znovu, ale funkce budou fungovat a\u017e do v\u00fd\u0161e uveden\u00e9ho data.",
    "AllowOnTheFlySubtitleExtraction": "V\u0161echny titulky extrahovat za b\u011bhu",
    "AllowOnTheFlySubtitleExtractionHelp": "Vlo\u017een\u00e9 titulky lze z vide\u00ed extrahovat a odes\u00edlat do aplikac\u00ed Emby v prost\u00e9m textu, aby se zabr\u00e1nilo p\u0159ek\u00f3dov\u00e1n\u00ed videa. Na n\u011bkter\u00fdch syst\u00e9mech to m\u016f\u017ee trvat dlouhou dobu a b\u011bhem procesu extrakce zp\u016fsobit zastaven\u00ed p\u0159ehr\u00e1v\u00e1n\u00ed videa. Zaka\u017ete to, aby byly titulky vlo\u017eeny do obrazu p\u0159i p\u0159ek\u00f3dov\u00e1n\u00ed videa, pokud nejsou klientsk\u00fdm za\u0159\u00edzen\u00edm nativn\u011b podporov\u00e1ny.",
    "EnableDebugLoggingHelp": "Z\u00e1znamy lad\u011bn\u00ed by m\u011bly b\u00fdt zapnuty pouze pro \u00fa\u010dely odstra\u0148ov\u00e1n\u00ed probl\u00e9m\u016f. Zv\u00fd\u0161en\u00fd p\u0159\u00edstupk souborov\u00e9mu syst\u00e9mu m\u016f\u017ee v n\u011bkter\u00fdch prost\u0159ed\u00edch zabr\u00e1nit serveru v p\u0159echodu do re\u017eimu sp\u00e1nku.",
    "LabelSimultaneousConnectionLimit": "Limit sou\u010dasn\u00fdch stream\u016f:",
    "SimultaneousConnectionLimitHelp": "Maxim\u00e1ln\u00ed povolen\u00fdch po\u010det sou\u010dasn\u011b b\u011b\u017e\u00edc\u00edch stream\u016f. Pokud to nechcete omezit, zadejte 0.",
    "LaunchWebAppOnStartup": "Spustit webovou aplikaci Emby p\u0159i startu Emby serveru",
    "LaunchWebAppOnStartupHelp": "Kdy\u017e se spust\u00ed Emby Server, otev\u0159e se webov\u00e1 aplikace ve v\u00fdchoz\u00edm webov\u00e9m prohl\u00ed\u017ee\u010di. Nedojde k tomu p\u0159i pou\u017eit\u00ed funkce restartov\u00e1n\u00ed serveru.",
    "LabelReferrerHeader": "Referen\u010dn\u00ed HTTP hlavi\u010dka:",
    "LabelUserAgentHeader": "HTTP hlavi\u010dka user agenta:",
    "SupplyCustomValueIfNeeded": "V p\u0159\u00edpad\u011b pot\u0159eby p\u0159idejte vlastn\u00ed http hlavi\u010dku user-agenta.",
    "HeaderConfigureRemoteAccess": "Nastavit vzd\u00e1len\u00fd p\u0159\u00edstup",
    "LearnHowToCreateSynologyShares": "Zjist\u011bte, jak sd\u00edlet slo\u017eky ve slu\u017eb\u011b Synology.",
    "LabelAllowedRemoteAddresses": "Filtr vzd\u00e1len\u00e9 IP adresy:",
    "LabelAllowedRemoteAddressesMode": "Re\u017eim filtru vzd\u00e1len\u00e9 IP adresy:",
    "Whitelist": "Whitelist",
    "Blacklist": "Blacklist",
    "AllowedRemoteAddressesHelp": "Seznam IP adres nebo s\u00ed\u0165ov\u00fdch masek odd\u011blen\u00fdch \u010d\u00e1rkami pro s\u00edt\u011b, kter\u00e9 se budou moci vzd\u00e1len\u011b p\u0159ipojovat. Pokud z\u016fstane pole pr\u00e1zdn\u00e9, budou povoleny v\u0161echny vzd\u00e1len\u00e9 adresy.",
    "LabelLanNetworks": "S\u00edt\u011b LAN:",
    "LanNetworksHelpText": "Comma separated list of IP addresses or IP\/netmask entries for networks that will be considered on local network when enforcing bandwidth and remote access restrictions. If set, all other IP addresses will be considered to be on the external network. If left blank, only the server's subnet and common private IP subnets (192.168.0.0\/24, 172.16.0.0\/12, etc.) are considered to be on the local network.",
    "LabelSecureConnectionsMode": "Zabezpe\u010den\u00fd re\u017eim p\u0159ipojen\u00ed:",
    "PreferredNotRequired": "Preferov\u00e1n, ale nen\u00ed vy\u017eadov\u00e1n",
    "RequiredForAllRemoteConnections": "Vy\u017eadov\u00e1n pro v\u0161echna vzd\u00e1len\u00e1 p\u0159ipojen\u00ed",
    "HandledByProxy": "Zpracov\u00e1no p\u0159es reverzn\u00ed proxy",
    "SaveSubtitlesIntoMediaFolders": "Ulo\u017eit titulky do slo\u017eky s m\u00e9dii",
    "SaveSubtitlesIntoMediaFoldersHelp": "Ulo\u017een\u00ed titulk\u016f vedle video soubor\u016f umo\u017en\u00ed snadn\u011bj\u0161\u00ed spr\u00e1vu.",
    "AutomaticSubtitleDownloadInstructions": "Chcete-li spravovat automatick\u00e9 stahov\u00e1n\u00ed titulk\u016f, klikn\u011bte na pat\u0159i\u010dnou knihovnu v nastaven\u00ed knihovny Emby a t\u00e9to knihovn\u011b upravte nastaven\u00ed stahov\u00e1n\u00ed titulk\u016f.",
    "ProviderNeedsSetupWithUrl": "{0} requires additional setup on the {1} settings screen{2} in Emby Server.",
    "LabelEnableHardwareAcceleration": "Povolit hardwarovou akceleraci, jsou-li k dispozici:",
    "HeaderPreferredHardwareDecoders": "Preferovan\u00e9 hardwarov\u00e9 dekod\u00e9ry",
    "HeaderPreferredHardwareEncoders": "Preferovan\u00e9 hardwarov\u00e9 enkod\u00e9ry",
    "AllowChangingImageAndPassword": "Povolit tomuto u\u017eivateli zm\u011bnit heslo a profilov\u00fd obr\u00e1zek",
    "LabelSimultaneousStreamLimit": "Maximum soub\u011b\u017en\u00fdch video stream\u016f:",
    "SimultaneousStreamLimitHelp": "Omez\u00ed po\u010det soub\u011b\u017en\u00fdch relac\u00ed p\u0159ehr\u00e1v\u00e1n\u00ed videa.",
    "LabelMusicFolderStructure": "Struktura slo\u017eky s hudbou:",
    "LabelMusicFolderStructureHelp": "Zajist\u00ed informace o uspo\u0159\u00e1d\u00e1n\u00ed slo\u017eek pro scanner knihovny. Nejste-li si jisti nebo nev\u00edte p\u0159esn\u011b jak\u00e9 z uveden\u00fdch mo\u017enost\u00ed odpov\u00edd\u00e1 Va\u0161e struktura slo\u017eek, vyberte, pros\u00edm, v\u00fdchoz\u00ed volbu nebo \"jin\u00e9\".",
    "OtherOrUnstructured": "Jin\u00e9 nebo bez struktury",
    "PerfectArtistAlbumTrack": "P\u0159esn\u011b uspo\u0159\u00e1dan\u00e9 do slo\u017eek interpret\\album, kde jsou jednotliv\u00e9 skladby um\u00edst\u011bny ve slo\u017ece s albem.",
    "PerfectAlbumTrack": "P\u0159esn\u011b uspo\u0159\u00e1dan\u00e9 do slo\u017eek s alby, kde jsou jednotliv\u00e9 skladby um\u00edst\u011bny ve slo\u017ece s albem.",
    "LabelMinCollectionSize": "Minim\u00e1ln\u00ed velikost automatick\u00e9 kolekce:",
    "PerfectAuthorAudioBookTrack": "Perfectly organized into author\\book folders, with tracks directly in the book folders.",
    "PerfectAudioBookTrack": "Perfectly organized into book folders, with tracks directly in the book folders.",
    "MinCollectionSizeHelp": "Automaticky vytv\u00e1\u0159et kolekce pokud m\u00e1te vybran\u00fd po\u010det titul\u016f ve Va\u0161\u00ed knihovn\u011b. Zm\u011bna t\u00e9to hodnoty nebude m\u00edt vliv na ji\u017e existuj\u00edc\u00ed kolekce.",
    "LabelImportCollections": "Importovat informace o kolekci ze stahova\u010d\u016f metadat",
    "LabelImportCollectionsHelp": "Povolen\u00edm t\u00e9to mo\u017enosti se nahraj\u00ed informace o kolekci z povolen\u00fdch stahova\u010d\u016f metadat. Toto m\u016f\u017ee zp\u016fsobit ne\u017e\u00e1douc\u00ed automatick\u00e9 vytv\u00e1\u0159en\u00ed kolekc\u00ed. Zak\u00e1z\u00e1n\u00edm se zabr\u00e1n\u00ed jejich automatick\u00e9mu vytv\u00e1\u0159en\u00ed, ale nesma\u017eou se ji\u017e existuj\u00edc\u00ed kolekce.",
    "LabelAllowAdultMetadata": "Povolit metadata obsahu pro dosp\u011bl\u00e9",
    "LabelAllowAdultMetadataHelp": "P\u0159i vyhled\u00e1v\u00e1n\u00ed internetov\u00fdch metadat dovol\u00ed p\u0159irazen\u00ed k obsahu pro dosp\u011bl\u00e9.",
    "HeaderVideoPreviewThumbnails": "N\u00e1hledy miniatur vide\u00ed.",
    "LabelEnableHDRToneMapping": "Povolit mapov\u00e1n\u00ed barevn\u00fdch odst\u00edn\u016f HDR:",
    "EnableHDRToneMappingHelp": "Mapov\u00e1n\u00ed barevn\u00fdch odst\u00edn\u016f zajist\u00ed spr\u00e1vnou konverzi barev p\u0159i p\u0159ek\u00f3dov\u00e1n\u00ed HDR obsahu, kter\u00fd by se jinak jevil jako velmi ztlumen\u00fd a nenasycen\u00fd. Povolen\u00edm t\u00e9to funkce mohou b\u00fdt pro podporu hardwarov\u00e9 akcelerace zapot\u0159eb\u00ed dal\u0161\u00ed sou\u010d\u00e1sti ovlada\u010de. Podrobnosti najdete v na\u0161em pr\u016fvodci nastaven\u00edm hardwarov\u00e9 akcelerace.",
    "WithHardwareAcceleratedTranscoding": "Ano, pouze s hardwarovou akcelerac\u00ed",
    "TranscodingStillInitializing": "Slu\u017eby serveru Emby pro transk\u00f3dov\u00e1n\u00ed se st\u00e1le spou\u0161t\u00ed.  Tato obrazovka se automaticky obnov\u00ed, a\u017e budou transk\u00f3dovac\u00ed slu\u017eby p\u0159ipraveny.",
    "WithEitherHardwareOrSoftwareTranscoding": "Ano, bu\u010f s hardwarov\u00fdm nebo softwarov\u00fdm p\u0159ek\u00f3dov\u00e1n\u00edm",
    "ToneMappingInHardwareDescription": "Mapov\u00e1n\u00ed barevn\u00fdch odst\u00edn\u016f bude provedeno pomoc\u00ed hardwarov\u00e9 akcelerace pokud je povolena a podporov\u00e1na hardwarem. Ve v\u0161ech ostatn\u00edch p\u0159\u00edpadech bude vynech\u00e1no.",
    "ToneMappingInSoftwareDescription": "Mapov\u00e1n\u00ed barevn\u00fdch odst\u00edn\u016f bude provedeno softwarov\u011b vyu\u017eit\u00edm CPU. Toto je mnohem pomalej\u0161\u00ed ne\u017e hardwarov\u011b akcelerovan\u00e9 mapov\u00e1n\u00ed t\u00f3n\u016f a bude vy\u017eadovat velmi v\u00fdkonn\u00fd server.",
    "ToneMappingInBothDescription": "Mapov\u00e1n\u00ed barevn\u00fdch odst\u00edn\u016f bude provedeno pomoc\u00ed hardwarov\u00e9 akcelerace pokud je povolena a podporov\u00e1na hardwarem. Ve v\u0161ech ostatn\u00edch p\u0159\u00edpadech bude z\u00e1lo\u017en\u00ed variantou softwarov\u00e9 proveden\u00ed. Mapov\u00e1n\u00ed barevn\u00fdch odst\u00edn\u016f softwarov\u011b je mnohem pomalej\u0161\u00ed ne\u017e hardwarov\u011b akcelerovan\u00e9 a bude vy\u017eadovat velmi v\u00fdkonn\u00fd server.",
    "AutoMapped": "Automaticky namapov\u00e1no",
    "ManuallyMapped": "Ru\u010dn\u011b namapov\u00e1no",
    "NotMappedToGuideData": "Nenamapov\u00e1no na data pr\u016fvodce",
    "MappedToValue": "Namapov\u00e1no na {0}",
    "LabelAutomaticallyWakeServerForRecordings": "Probudit server ke spu\u0161t\u011bn\u00ed nahr\u00e1v\u00e1n\u00ed automaticky.",
    "LabelAutomaticallyWakeServerForRecordingsHelp": "Probouzen\u00ed bude napl\u00e1nov\u00e1no pomoc\u00ed opera\u010dn\u00edho syst\u00e9mu serveru. Z\u00e1kaz t\u00e9to mo\u017enosti zabr\u00e1n\u00ed pl\u00e1nov\u00e1n\u00ed probouzen\u00ed do budoucna, neodstran\u00ed v\u0161ak \u017e\u00e1dnou z d\u0159\u00edve napl\u00e1novan\u00fdch ud\u00e1lost\u00ed.",
    "Database": "Datab\u00e1ze",
    "LabelOptimizeDatabaseOnShutdown": "Pokusit se optimalizovat datab\u00e1zi p\u0159i vyp\u00edn\u00e1n\u00ed serveru.",
    "LabelOptimizeDatabaseOnShutdownHelp": "Optimalizace datab\u00e1ze se obvykle neprov\u00e1d\u00ed. N\u011bkdy v\u0161ak, pokud se zd\u00e1, \u017ee to bude pro pl\u00e1nova\u010d dotaz\u016f u\u017eite\u010dn\u00e9, je provedena anal\u00fdza. To m\u016f\u017ee zp\u016fsobit del\u0161\u00ed dobu vyp\u00edn\u00e1n\u00ed serveru Emby.",
    "LabelDatabaseCacheSize": "Velikost mezipam\u011bti (cache) datab\u00e1ze (MB)",
    "LabelDatabaseCacheSizeHelp": "Nastavuje pro ka\u017ed\u00fd datab\u00e1zov\u00fd soubor velikost dat, kter\u00e9 bude datab\u00e1ze uchov\u00e1vat v pam\u011bti najednou. Aby se zm\u011bna projevila, je vy\u017eadov\u00e1n restart serveru.",
    "LabelDatabaseAnalysisLimit": "Omezen\u00ed \u0159\u00e1dk\u016f anal\u00fdzy",
    "LabelDatabaseAnalysisLimitHelp": "Toto je p\u0159i optimalizaci datab\u00e1ze p\u0159ibli\u017en\u00fd po\u010det \u0159\u00e1dk\u016f prozkouman\u00fd v ka\u017ed\u00e9m indexu p\u0159\u00edkazem ANALYZE. Vy\u0161\u0161\u00ed hodnota zv\u00fd\u0161\u00ed \u00fa\u010dinnost optimalizace, ale m\u016f\u017ee m\u00edt za n\u00e1sledek pomalej\u0161\u00ed vyp\u00edn\u00e1n\u00ed Serveru.",
    "LabelVacuumDb": "Prov\u00e9st VACUUM datab\u00e1ze p\u0159i p\u0159\u00ed\u0161t\u00edm spu\u0161t\u011bn\u00ed serveru Emby.",
    "LabelVacuumDbHelp": "P\u0159\u00edkaz VACUUM provede znovusestaven\u00ed a zabalen\u00ed souboru datab\u00e1ze, aby zabral co nejm\u00e9n\u011b mista na disku. V n\u011bkter\u00fdch p\u0159\u00edpadech to m\u016f\u017ee zlep\u0161it v\u00fdkon serveru Emby. Vezm\u011bte pros\u00edm na v\u011bdom\u00ed, \u017ee v pr\u016fb\u011bhu t\u00e9to operace nebude server Emby pou\u017eiteln\u00fd a nebude mo\u017en\u00e9 sledovat pr\u016fb\u011bh p\u0159\u00edkazu. Vyvarujte se, pros\u00edm, n\u00e1siln\u00e9ho ukon\u010den\u00ed procesu serveru Emby b\u011bhem t\u00e9to doby, proto\u017ee to m\u016f\u017ee m\u00edt za n\u00e1sledek po\u0161kozen\u00ed datab\u00e1ze. Je to jednor\u00e1zov\u00e1 operace a p\u0159i p\u0159\u00ed\u0161t\u00edm spu\u0161t\u011bn\u00ed serveru se tato mo\u017enost vr\u00e1t\u00ed zp\u011bt na neza\u0161krtnutou.",
    "AdvancedOptionsWarning": "Toto jsou roz\u0161\u00ed\u0159en\u00e9 mo\u017enosti a pokud nem\u00e1te d\u016fvod je zm\u011bnit, m\u011bly by z\u016fstat na v\u00fdchoz\u00edch hodnot\u00e1ch.",
    "HeaderRecentlyActiveDevices": "Naposledy aktivn\u00ed za\u0159\u00edzen\u00ed",
    "YesUntilServerRestart": "Ano, do p\u0159\u00ed\u0161t\u00edho restartov\u00e1n\u00ed serveru.",
    "YesUntilLogRotate": "Ano, do p\u0159\u00ed\u0161t\u00ed rotace souboru s protokolem",
    "LabelSubtitleDownloadMaxAge": "P\u0159estat se pokou\u0161et automaticky st\u00e1hnout titulky pro videa star\u0161\u00ed ne\u017e:",
    "SubtitleDownloadMaxAgeHelp": "Toto je zalo\u017eeno na hodnot\u011b data p\u0159id\u00e1n\u00ed v metadatech.",
    "NoAgeLimit": "Bez omezen\u00ed v\u011bku",
    "AnonymizeLogContents": "Anonymizovat obsah protokolu.",
    "Markers": "Zna\u010dky",
    "LabelGenerateIntroVideoMarkers": "Vytvo\u0159en\u00ed \u00favodn\u00edch video zna\u010dek:",
    "GenerateIntroVideoMarkersHelp": "V aplikac\u00edch Emby rozpozn\u00e1 \u00favodn\u00ed intra a zobraz\u00ed tla\u010d\u00edtko \"P\u0159esko\u010dit \u00favod\". Toto rozpozn\u00e1v\u00e1n\u00ed m\u016f\u017ee dlouho trvat a zp\u016fsobit vysok\u00e9 vyu\u017eit\u00ed procesoru nebo disku.",
    "LabelCopyFromUser": "Kop\u00edrovat nastaven\u00ed od u\u017eivatele",
    "CopyFromUserHelp": "Optional. Speed up new user creation by copying information from an existing user.",
    "UserPolicy": "User Policy (library and feature access, parental controls, etc.)",
    "UserConfiguration": "User Configuration (preferred audio and subtitle languages, library order, etc.)",
    "HeaderCopyOptions": "Mo\u017enosti kop\u00edrov\u00e1n\u00ed",
    "LabelMultiRestrictionMode": "Multiple restriction mode",
    "MultiRestrictionModeAll": "Allow content matching both the rating and tag restrictions",
    "MultiRestrictionModeAny": "Allow content matching either the rating or tag restrictions",
    "AllowMappingByChannelNumber": "Allow mapping to guide data using channel numbers",
    "AllowMappingByChannelNumberHelp": "This can be used as a fallback to match tuner channels with guide data whenever a match can't be found based on the channel name. This may lead to inaccurate matching if channel numbers from the tuner are not correct.",
    "LabelPreferredSourceForChannelLogos": "Prefer channel logos from the guide data over the tuner when both have them available",
    "LabelPreferredSourceForChannelNumbers": "Prefer channel numbers from the guide data over the tuner when both have them available",
    "HeaderSoftwareEncoders": "Softwarov\u00e9 enkod\u00e9ry",
    "LabelProxyHeaderMode": "Read proxy headers to determine client IP addresses",
    "ProxyHeadersRemoteOnly": "Only when they contain remote network addresses",
    "ProxyHeaderModeHelp": "Determines if request headers such as {0} and {1} should be used to determine the IP address of connecting devices.",
    "AllowCameraUpload": "Allow camera upload",
    "AllowCameraUploadHelp": "If allowed, and if enabled in Emby mobile apps, users can automatically upload photos and videos taken from their camera to this Emby Server",
    "CameraUploadMustBeGranted": "You must also be granted access to camera upload by your server administrator.",
    "EnableReadingAndWritingPeopleMetadata": "Enable reading and writing of person metadata files",
    "EnableReadingAndWritingPeopleMetadataHelp": "Requires the Nfo Metadata plugin to be installed. This will allow saving your people edits to nfo metadata files but will result in longer library scans.",
    "LabelIgnoreSampleFiles": "Ignore files containing the word sample in the filename if their size is less than (MB)",
    "PreferredChannelImageSource": "Preferred channel image source",
    "PreferredChannelImageSourceHelp": "Select a preferred channel image when both the tuner and guide data have images available.",
    "CacheImagesInServerData": "Keep a cached copy of images in the server's metadata folder",
    "CacheImagesInServerDataHelp": "If your media and images are stored on another machine, keeping a cached copy of images in the server metadata folder will reduce network access and may improve performance. The cost of creating this cache is that library scans will be slower and the server metadata folder will consume significantly more disk space.",
    "AllowSharingPersonalContent": "Allow sharing personal content such as playlists with other users on this server",
    "AllowSharingPersonalContentHelp": "If granted, this user will be able to share their playlists with other users. Playlist items will still be restricted based on user library access and parental controls.",
    "LiveBufferSizeHours": "Live stream buffer size limit (hours)",
    "LiveBufferSizeHoursHelp": "A longer buffer will provide a greater ability to seek forwards and backwards during a live stream, but will consume more disk space.",
    "LabelTranscodingMaxResolution": "Max transcoding resolution",
    "TranscodingMaxResolutionHelp": "Set an upper limit to apply to all video transcoding, regardless of the quality setting in the Emby player. This will help reduce resources consumed by server transcoding processes.",
    "EnableHevcEncodingExp": "Enable HEVC video encoding (experimental)",
    "EnableHevcEncodingHelp": "Enable transcoding using the HEVC codec if it is supported by the client."
}