﻿{
  "LabelYoureDone": "You're Done!",
  "ThisWizardWillGuideYou": "This wizard will help guide you through the setup process. To begin, please select your preferred language.",
  "HeaderCreateYourFirstUser": "Create Your First User",
  "ButtonQuickStartGuide": "Quick Start Guide",
  "MoreUsersCanBeAddedLater": "More users can be added later within Emby Server settings.",
  "UserProfilesIntro": "Emby includes built-in support for user profiles, enabling each user to have their own display settings, playstate and parental controls.",
  "WizardCompleted": "That's all we need for now. Emby has begun scanning your media library. Check out some of our apps, and then click <b>Finish</b> to view the <b>Server Dashboard</b>.",
  "MessagePleaseAcceptTermsOfService": "Please accept the terms of use and privacy policy before continuing.",
  "OptionIAcceptTermsOfService": "I accept the terms of use",
  "HeaderGuideDataSetup": "Guide Data Setup",
  "LabelGuideSource": "Guide source",
  "SeeOurHwaGuide": "See our {0}hardware acceleration setup guide{1}.",
  "HeaderEmbyServerReleaseNotes": "Emby Server Release Notes",
  "AllowSubtitleDownloading": "Allow subtitle downloading",
  "AllowSubtitleManagement": "Allow deletion of existing subtitle files",
  "NewUserNameHelp": "This is how the user will appear on your server.",
  "ChapterMarkers": "Chapter markers",
  "LabelThumbnailImagesInterval": "Thumbnail images interval",
  "ThumbnailImagesIntervalHelp": "More frequent thumbnails will result in a better experience, but will require  more disk space and time to create the images.",
  "LabelAuthProvider": "Authentication provider",
  "AuthProviderHelp": "Administrators always use the default Emby provider to ensure you're never locked out.",
  "HeaderNewUser": "New User",
  "ChangeServerDisplayName": "Change Server Display Name",
  "ShowAdvancedSettings": "Show advanced settings",
  "ChangingMetadataImageSettingsNewContent": "Changes to metadata or artwork downloading settings will only apply to new content added to your library. To apply the changes to existing titles, you'll need to refresh their metadata manually.",
  "AllowRemoteAccess": "Allow remote connections to this Emby Server.",
  "AllowRemoteAccessHelp": "If unchecked, all remote connections will be blocked.",
  "Alerts": "Alerts",
  "LabelTrackTitleDisplay": "Embedded track title display",
  "GenerateUserFriendlyTrackTitles": "Generate user friendly titles using track information",
  "PreferOriginalTrackTitles": "Prefer embedded titles",
  "TrackTitleDisplayHelp": "Choose the display title of embedded audio and subtitle tracks. Preferring embedded is not recommended unless you are manually curating embedded track information.",
  "EnableTranscodingThrottle": "Enable throttling",
  "EnableTranscodingThrottleHelp": "Emby will dynamically adjust transcoding speed based in order to reduce CPU utilization.",
  "HeaderTypeMetadataDownloaders": "{0} Metadata Downloaders",
  "HeaderTypeImageFetchers": "{0} Image Fetchers",
  "HeaderImageOptions": "Image Options",
  "OptionBeta": "Beta",
  "RegisterWithPayPal": "Register with PayPal",
  "LabelSyncTempPath": "Temporary file path",
  "LabelSyncTempPathHelp": "Specify a custom working folder. Converted media created during the conversion process will be stored here.",
  "LabelCustomCertificatePath": "Custom ssl certificate path",
  "LabelCustomCertificatePathHelp": "Path to a PKCS #12 file containing a certificate and private key to enable TLS support on a custom domain.",
  "HeaderSetupLibrary": "Setup Media Libraries",
  "LabelTimeLimitHours": "Time limit (hours)",
  "HeaderPreferredMetadataLanguage": "Preferred Metadata Language",
  "LabelSaveLocalMetadata": "Save artwork into media folders",
  "LabelSaveLocalMetadataHelp": "Saving artwork into media folders will put them in a place where they can be easily stored and edited.",
  "TabAccess": "Access",
  "HeaderDeviceAccess": "Device Access",
  "OptionEnableAccessFromAllDevices": "Enable access from all devices",
  "OptionEnableAccessToAllChannels": "Enable access to all channels",
  "OptionEnableAccessToAllLibraries": "Enable access to all libraries",
  "DeviceAccessHelp": "Filtering user device access will prevent them from using new devices until they've been approved here.",
  "LabelDisplayMissingEpisodesWithinSeasons": "Display missing episodes within seasons",
  "LabelDisplayMissingEpisodesWithinSeasonsHelp": "This must also be enabled for TV libraries in Emby Server setup.",
  "ImportMissingEpisodesHelp": "If enabled, information about missing episodes will be imported into your Emby database and displayed within seasons and series. This may cause significantly longer library scans.",
  "MessageEnablingOptionLongerScans": "Enabling this option may result in significantly longer library scans.",
  "LabelMaxParentalRating": "Maximum allowed parental rating",
  "MaxParentalRatingHelp": "Content with a higher rating will be hidden from this user.",
  "LibraryAccessHelp": "Select the media folders to share with this user. Administrators will be able to edit all folders using the metadata manager.",
  "ChannelAccessHelp": "Select the channels to share with this user. Administrators will be able to edit all channels using the metadata manager.",
  "ImageUploadAspectRatioHelp": "1:1 Aspect Ratio Recommended. JPG/PNG only.",
  "AlreadyPaidHelp1": "If you already paid to install an older version of Media Browser for Android, you don't need to pay again in order to activate this app. Click OK to send us an email at {0} and we'll get it activated for you.",
  "AlreadyPaidHelp2": "Got Emby Premiere? Just cancel this dialog, setup Emby Premiere in your Emby Server Dashboard under Help -> Emby Premiere, and it will be unlocked automatically.",
  "TabMyPlugins": "My Plugins",
  "TabCatalog": "Catalog",
  "HeaderAutomaticUpdates": "Automatic Updates",
  "Standard": "Standard",
  "TabSupporterKey": "Emby Premiere Key",
  "OptionHideUserLocal": "Hide this user from login screens on the local network",
  "OptionHideUserRemote": "Hide this user from login screens when connected remotely",
  "OptionHideUserFromLoginHelp": "Useful for private or hidden administrator accounts. The user will need to sign in manually by entering their username and password.",
  "HideFromUnusedDevices": "Hide this user from login screens on devices they've never signed into",
  "OptionDisableUser": "Disable this user",
  "OptionDisableUserHelp": "If disabled the server will not allow any connections from this user. Existing connections will be abruptly terminated.",
  "OptionAllowUserToManageServer": "Allow this user to manage the server",
  "HeaderFeatureAccess": "Feature Access",
  "OptionAllowMediaPlayback": "Allow media playback",
  "AllLibraries": "All libraries",
  "HeaderAllowMediaDeletionFrom": "Allow Media Deletion From",
  "LiveTVRecordingManagement": "Live TV Recording Management",
  "OptionAllowRemoteControlOthers": "Allow remote control of other users",
  "OptionAllowRemoteSharedDevices": "Allow remote control of shared devices",
  "OptionAllowRemoteSharedDevicesHelp": "Dlna devices are considered shared until a user begins controlling it.",
  "OptionAllowLinkSharing": "Allow social media sharing",
  "OptionAllowLinkSharingHelp": "Only web pages containing media information are shared. Media files are never shared publicly. Shares are time-limited and will expire after {0} days.",
  "OptionRelease": "Official Release",
  "LabelAllowServerAutoRestartPlugin": "Allow the server to restart automatically to apply plugin updates",
  "LabelAllowServerAutoRestartServerOrPlugin": "Allow the server to restart automatically to apply server or plugin updates",
  "LabelAllowServerAutoRestartHelp": "The server will only restart during idle periods, when no users are active.",
  "LabelRunServerAtStartup": "Run server at startup",
  "LabelRunServerAtStartupHelp": "This will start the Emby tray icon on Windows startup. If you've set up a Windows service then leave this unchecked and configure the service to run at startup.",
  "ButtonSelectDirectory": "Select Directory",
  "LabelCachePath": "Cache path",
  "DefaultMetadataLangaugeDescription": "These are your defaults and can be customized on a per-library basis.",
  "LabelCachePathHelp": "Specify a custom location for server cache files, such as images. Leave blank to use the server default.",
  "LabelRecordingPath": "Default recording path",
  "LabelMovieRecordingPath": "Movie recording path (optional)",
  "LabelSeriesRecordingPath": "Series recording path (optional)",
  "HeaderProgramData": "Program Data",
  "LabelRecordingPathHelp": "Specify the default location to save recordings. If left empty, the server's program data folder will be used.",
  "LabelMetadataPath": "Metadata path",
  "LabelMetadataPathHelp": "Specify a location for downloaded artwork and metadata, or blank this out to revert to default. If changing this, you'll need to manually migrate the contents from the old location to the new location. If you ever manually change the contents of the metadata folder, you'll need to run the {0}scan metadata folder scheduled task{1}.",
  "LabelTranscodingTempPath": "Transcoding temporary path",
  "LabelTranscodingTempPathHelp": "This folder contains working files used by the transcoder. Specify a custom path, or leave empty to use the default within the server's data folder.",
  "GenerateVideoPreviewThumbnailsHelp": "Video preview thumbnails provide live updates while seeking in supported apps. Thumbnail generation may take a long time, cause high CPU usage, and consume additional disk space.",
  "AsAScheduledTask": "as a scheduled task",
  "AsAScheduledTaskAndMediaAdded": "as a scheduled task and when media is added",
  "ButtonRefreshGuideData": "Refresh Guide Data",
  "LabelNumberOfGuideDays": "Number of days of guide data to download",
  "LabelNumberOfGuideDaysHelp": "Downloading more days worth of guide data provides the ability to schedule out further in advance and view more listings, but it will also take longer to download. Auto will choose based on the number of channels. Please note that regardless of how many days you choose, the data must exist in the source guide data in order for it to be downloaded. Some guide data sources only provide 24 hours. Emby Guide Data supports up to 14 days.",
  "HeaderFetchImages": "Fetch Images",
  "LabelMaxBackdropsPerItem": "Maximum number of backdrops per item",
  "LabelMaxScreenshotsPerItem": "Maximum number of screenshots per item",
  "LabelMinBackdropDownloadWidth": "Minimum backdrop download width",
  "LabelMinScreenshotDownloadWidth": "Minimum screenshot download width",
  "ButtonAddScheduledTaskTrigger": "Add Trigger",
  "ButtonAdd": "Add",
  "LabelTriggerType": "Trigger Type",
  "OptionDaily": "Daily",
  "OptionWeekly": "Weekly",
  "OptionOnInterval": "On an interval",
  "OptionOnAppStartup": "On application startup",
  "OptionAfterSystemEvent": "After a system event",
  "LabelDay": "Day",
  "LabelTime": "Time",
  "LabelEvent": "Event",
  "OptionWakeFromSleep": "Wake from sleep",
  "LabelEveryXMinutes": "Every",
  "LabelEnableRealtimeMonitor": "Enable real time monitoring",
  "LabelEnableRealtimeMonitorHelp": "Changes to files will be processed immediately, on supported file systems.",
  "Community": "Community",
  "HeaderEmbyNews": "Emby News",
  "LabelFriendlyServerName": "Friendly server name",
  "LabelFriendlyServerNameHelp": "This name will be used to identify this server. If left blank, the computer name will be used.",
  "LabelPreferredDisplayLanguage": "Preferred display language",
  "LabelPreferredDisplayLanguageHelp": "Translating Emby is an ongoing project.",
  "LabelReadHowYouCanContribute": "Learn how you can contribute.",
  "LabelCustomCss": "Custom css",
  "LabelCustomCssHelp": "Apply your own custom css to the web interface.",
  "LabelLocalHttpServerPortNumber": "Local http port number",
  "LabelLocalHttpServerPortNumberHelp": "The tcp port number that Emby's http server should bind to.",
  "LabelPublicHttpPort": "Public http port number",
  "LabelPublicHttpPortHelp": "The public port number that should be mapped to the local http port.",
  "LabelPublicHttpsPort": "Public https port number",
  "LabelPublicHttpsPortHelp": "The public port number that should be mapped to the local https port.",
  "RequireHttps": "Require https for external connections",
  "RequireHttpsHelp": "If enabled, connections over http will be redirected to https.",
  "LabelHttpsPort": "Local https port number",
  "LabelHttpsPortHelp": "The tcp port number that Emby's https server should bind to.",
  "LabelEnableAutomaticPortMap": "Enable automatic port mapping",
  "LabelEnableAutomaticPortMapHelp": "Attempt to automatically map the public port to the local port via UPnP. This may not work with some router models.",
  "LabelExternalDDNS": "External domain",
  "LabelExternalDDNSHelp": "If you have a dynamic DNS or domain name, enter it here, without protocol or port. Emby apps will use it when connecting remotely. This field is required when used with a custom ssl certificate. Example: mydomain.com.",
  "LabelMinResumePercentage": "Min resume percentage",
  "LabelMaxResumePercentage": "Max resume percentage",
  "LabelMinResumeDuration": "Min resume duration (seconds)",
  "LabelMinResumePercentageHelp": "Titles are assumed unplayed if stopped before this time",
  "LabelMaxResumePercentageHelp": "Titles are assumed fully played if stopped after this time",
  "LabelMinResumeDurationHelp": "Titles shorter than this will not be resumable",
  "HeaderStatus": "Status",
  "Subscriptions": "Subscriptions",
  "LabelFailed": "Failed",
  "LabelEndingEpisodeNumber": "Ending episode number",
  "LabelEndingEpisodeNumberHelp": "Only required for multi-episode files",
  "HeaderSupportTheTeam": "Support the Emby Team",
  "HeaderSupportTheTeamHelp": "Help ensure the continued development of this project by purchasing Emby Premiere. A portion of all income will be contributed to other free tools we depend on.",
  "DonationNextStep": "Once complete, please return and enter your Emby Premiere key, which you will receive by email.",
  "HeaderRunningTasks": "Running Tasks",
  "ButtonUpdateNow": "Update Now",
  "PleaseUpdateManually": "Please shutdown Emby Server and install the latest version.",
  "ServerUpToDate": "Emby Server is up to date",
  "MessagePleaseRestartServerToFinishUpdating": "Please restart the server to finish applying updates.",
  "LabelDownMixAudioScale": "Audio boost when downmixing",
  "LabelDownMixAudioScaleHelp": "Boost audio when downmixing. Set to 1 to preserve original volume value.",
  "HeaderForgotKey": "Forgot Key",
  "LabelSupporterEmailAddress": "The email address that was used to purchase the key.",
  "ButtonRetrieveKey": "Retrieve Key",
  "LabelSupporterKey": "Emby Premiere key (paste from email)",
  "LabelSupporterKeyHelp": "Enter your Emby Premiere key to start enjoying additional benefits.",
  "MessageInvalidKey": "Emby Premiere key is missing or invalid.",
  "ErrorMessageInvalidKey": "In order for any premium content to be registered, you must also have an active Emby Premiere subscription.",
  "LabelSkipIfGraphicalSubsPresent": "Skip if the video already contains embedded subtitles",
  "LabelSkipIfGraphicalSubsPresentHelp": "Keeping text versions of subtitles will result in more efficient delivery and decrease the likelihood of video transcoding.",
  "HeaderDownloadLanguages": "Download Languages",
  "LabelSkipIfAudioTrackPresent": "Skip if the default audio track matches the download language",
  "LabelSkipIfAudioTrackPresentHelp": "Uncheck this to ensure all videos have subtitles, regardless of audio language.",
  "SendMessage": "Send message",
  "HeaderSendMessage": "Send Message",
  "ButtonSend": "Send",
  "LabelMessageText": "Message text",
  "LabelMessageTitle": "Message title",
  "ButtonEditOtherUserPreferences": "Edit this user's profile, image and personal preferences.",
  "LabelLoginDisclaimer": "Login disclaimer",
  "LabelLoginDisclaimerHelp": "This will be displayed at the bottom of the login page.",
  "HeaderTranscodingTemporaryFiles": "Transcoding Temporary Files",
  "HeaderApiKeys": "Api Keys",
  "HeaderApiKeysHelp": "External applications are required to have an Api key in order to communicate with Emby Server. Keys are issued by logging in with an Emby account, or by manually granting the application a key.",
  "HeaderApiKey": "Api Key",
  "HeaderScheduledTasks": "Scheduled Tasks",
  "HeaderResumeSettings": "Resume Settings",
  "HeaderFetcherSettings": "Fetcher Settings",
  "HeaderActivity": "Activity",
  "ButtonPurchase": "Purchase",
  "HeaderInstall": "Install",
  "LabelSelectVersionToInstall": "Select version to install",
  "LinkLearnMoreAboutSubscription": "Learn about Emby Premiere",
  "MessagePluginRequiresSubscription": "This plugin will require an active Emby Premiere subscription after the 14 day free trial.",
  "MessagePremiumPluginRequiresMembership": "This plugin will require an active Emby Premiere subscription in order to purchase after the 14 day free trial.",
  "HeaderDeveloperInfo": "Developer Info",
  "HeaderRevisionHistory": "Revision History",
  "ButtonViewWebsite": "View website",
  "OptionSaveMetadataAsHidden": "Save metadata and images as hidden files",
  "LabelConnectEmail": "(Optional) Emby Connect email address",
  "LabelConnectEmailHelp": "Optionally link this local user to an existing Emby Connect account to enable easy sign-in access from any Emby app without having to know the server IP address.",
  "ButtonLearnMoreAboutEmbyConnect": "Learn more about Emby Connect",
  "LabelDateAddedBehavior": "Date added behavior for new content",
  "OptionDateAddedImportTime": "Use date scanned into the library",
  "OptionDateAddedFileTime": "Use file creation date",
  "LabelDateAddedBehaviorHelp": "If a metadata value is present it will always be used before either of these options.",
  "HeaderLibrarySettings": "Library Settings",
  "HeaderSubtitleDownloads": "Subtitle Downloads",
  "HeaderCameraUploadHelp": "Emby apps can automatically upload photos taken from your mobile devices into Emby Server.",
  "LabelCameraUploadPath": "Camera upload path",
  "LabelCameraUploadPathHelp": "Select a custom upload path. This will override any default settings set in the Camera Upload section. If left blank, a default folder will be used. If using a custom path it will also need to be added as a library in Emby library setup.",
  "DefaultCameraUploadPathHelp": "Select a custom upload path. If left blank, a default folder will be used. If using a custom path it will also need to be added as a library in Emby library setup.",
  "LabelCreateCameraUploadSubfolder": "Create a subfolder for each device",
  "LabelCreateCameraUploadSubfolderHelp": "Specific folders can be assigned to a device by clicking on it from the Devices page.",
  "LabelCustomDeviceDisplayNameHelp": "Supply a custom display name or leave empty to use the name reported by the device.",
  "TabParentalControl": "Parental Control",
  "HeaderAccessSchedule": "Access Schedule",
  "HeaderAccessScheduleHelp": "Create an access schedule to limit access to certain hours.",
  "LabelAccessDay": "Day of week",
  "HeaderLibraryAccess": "Library Access",
  "HeaderChannelAccess": "Channel Access",
  "LabelForgotPasswordUsernameHelp": "Enter your username, if you remember it.",
  "TitlePasswordReset": "Password Reset",
  "HeaderBlockItemsWithNoRating": "Block items with no or unrecognized rating information",
  "LabelBlockContentWithTags": "Restrict Items With Tags",
  "LabelTagRestrictionMode": "Tag restriction mode",
  "BlockItemsWithTheseTags": "Block items with these tags",
  "AllowItemsWithTheseTags": "Allow only items with these tags",
  "OptionAllowContentDownloading": "Allow media downloading",
  "LabelNewUserNameHelp": "Usernames can contain letters (a-z), numbers (0-9), dashes (-), underscores (_), apostrophes ('), and periods (.)",
  "HeaderThisUserIsCurrentlyDisabled": "This user is currently disabled. To enable this user, please see the option at the bottom of this page.",
  "OptionAllowSyncTranscoding": "Allow media downloading that requires transcoding",
  "AllowMediaConversion": "Allow media conversion",
  "AllowMediaConversionHelp": "Grant or deny access to the convert media feature.",
  "OptionAllowAudioPlaybackTranscoding": "Allow audio transcoding, if necessary, during media playback",
  "OptionAllowVideoPlaybackTranscoding": "Allow video transcoding, if necessary, during media playback",
  "OptionAllowVideoPlaybackRemuxing": "Allow changing of container formats, if necessary, during media playback",
  "OptionAllowMediaPlaybackTranscodingHelp": "Restricting access to transcoding will disable quality selection and may cause playback failures in Emby apps due to unsupported media formats or insufficient network bandwidth.",
  "LabelRemoteClientBitrateLimit": "Internet streaming bitrate limit (Mbps)",
  "LabelRemoteClientBitrateLimitHelp": "An optional per-stream bitrate limit for all out of network devices. This is useful to prevent devices from requesting a higher bitrate than your internet connection can handle. This may result in increased CPU load on your server in order to transcode videos on the fly to a lower bitrate.",
  "LabelUserRemoteClientBitrateLimitHelp": "This will override the default global value set in advanced server settings.",
  "OptionEnableFullSpeedConversion": "Enable full speed conversion",
  "OptionEnableFullSpeedConversionHelp": "By default, conversions are performed at a low speed to minimize resource consumption.",
  "OptionEnableAutomaticServerUpdates": "Enable automatic server updates",
  "HeaderTVSources": "TV Sources",
  "HeaderAddTvSource": "Add TV Source",
  "LabelTunerIpAddress": "Tuner IP Address",
  "HeaderGuideProviders": "Guide Data Sources",
  "HeaderAddGuideSource": "Add Guide Data Source",
  "LabelZipCode": "Zip Code",
  "LabelLineup": "Lineup",
  "LabelImportOnlyFavoriteChannels": "Restrict to channels marked as favorite",
  "ImportFavoriteChannelsHelp": "If enabled, only channels that are marked as favorite on the tuner device will be imported.",
  "HeaderDefaultRecordingSettings": "Default Recording Settings",
  "LabelFolder": "Folder",
  "LabelDisplayName": "Display name",
  "OptionDownloadImagesInAdvance": "Download images in advance",
  "OptionDownloadImagesInAdvanceHelp": "By default, most images are not downloaded from the internet until they are displayed by an Emby app. Enable this option to download all images in advance, as new media is imported. This may cause significantly longer library scans.",
  "MessageThankYouForSupporting": "Thank you for supporting Emby.",
  "FileReadCancelled": "The file read has been canceled.",
  "FileNotFound": "File not found.",
  "FileReadError": "An error occurred while reading the file.",
  "NoPluginConfigurationMessage": "This plugin has no settings to configure.",
  "HeaderNewApiKey": "New Api Key",
  "HeaderNewApiKeyHelp": "Grant an application permission to communicate with Emby Server.",
  "MessageKeyEmailedTo": "Key emailed to {0}.",
  "HeaderConfirmation": "Confirmation",
  "MessageKeyUpdated": "Thank you. Your Emby Premiere key has been updated.",
  "MessageKeyRemoved": "Thank you. Your Emby Premiere key has been removed.",
  "TextEnjoyBonusFeatures": "Enjoy Bonus Features",
  "MessageErrorLoadingSupporterInfo": "There was an error loading Emby Premiere information. Please try again later.",
  "ValueTimeLimitSingleHour": "Time limit: 1 hour",
  "ValueTimeLimitMultiHour": "Time limit: {0} hours",
  "General": "General",
  "HeaderScreenSavers": "Screen Savers",
  "Reporting": "Reporting",
  "LabelStopping": "Stopping",
  "HeaderSelectCertificatePath": "Select Certificate Path",
  "HeaderSupporterBenefit": "An active Emby Premiere subscription provides additional benefits such as access to Emby DVR, offline media, premium plugins, and more. {0}Learn more{1}.",
  "LabelAbortedByServerShutdown": "(Aborted by server shutdown)",
  "LabelScheduledTaskLastRan": "Last ran {0}, taking {1}.",
  "HeaderDeleteTaskTrigger": "Delete Task Trigger",
  "MessageDeleteTaskTrigger": "Are you sure you wish to delete this task trigger?",
  "MessageNoPluginsDueToAppStore": "To manage plugins, please use the Emby web app.",
  "LabelVersionInstalled": "{0} installed",
  "HeaderSelectServerCachePath": "Select Server Cache Path",
  "HeaderSelectTranscodingPath": "Select Transcoding Temporary Path",
  "HeaderSelectMetadataPath": "Select Metadata Path",
  "HeaderSelectServerCachePathHelp": "Browse or enter the path to use for server cache files. The folder must be writeable.",
  "HeaderSelectTranscodingPathHelp": "Browse or enter the path to use for transcoding temporary files. The folder must be writeable.",
  "HeaderSelectMetadataPathHelp": "Browse or enter the path you'd like to store metadata within. The folder must be writeable.",
  "MessageConfirmRestart": "Are you sure you wish to restart Emby Server?",
  "MessageConfirmShutdown": "Are you sure you wish to shutdown Emby Server?",
  "LabelLocalAccessUrl": "In-Home (LAN) access: {0}",
  "LabelRemoteAccessUrl": "Remote (WAN) access: {0}",
  "LabelRunningOnPort": "Running on http port {0}",
  "LabelRunningOnPorts": "Running on http port {0}, and https port {1}",
  "LabelCurrentPath": "Current path",
  "HeaderSelectMediaPath": "Select Media Path",
  "HeaderSelectPath": "Select Path",
  "MessageDirectoryPickerInstruction": "Network paths can be entered manually in the event the Network button fails to locate your devices. For example, {0} or {1}.",
  "MessageDirectoryPickerBSDInstruction": "For BSD, you may need to configure storage within your FreeNAS Jail in order to allow Emby to access it.",
  "MessageDirectoryPickerLinuxInstruction": "For Linux on Arch Linux, CentOS, Debian, Fedora, OpenSuse, or Ubuntu, you must grant the Emby system user at least read access to your storage locations.",
  "MetadataManager": "Metadata Manager",
  "OptionBlockLiveTvChannels": "Live TV Channels",
  "OptionBlockChannelContent": "Internet Channel Content",
  "ButtonRevoke": "Revoke",
  "MessageConfirmRevokeApiKey": "Are you sure you wish to revoke this api key? The application's connection to Emby Server will be abruptly terminated.",
  "HeaderConfirmRevokeApiKey": "Revoke Api Key",
  "MessagePleaseAcceptTermsOfServiceBeforeContinuing": "Please accept the terms of service before continuing.",
  "HeaderChangeFolderType": "Change Content Type",
  "HeaderChangeFolderTypeHelp": "To change the type, please remove and rebuild the library with the new type.",
  "HeaderAlert": "Alert",
  "MessagePleaseRestart": "Please restart to finish updating.",
  "OptionHomeVideos": "Home videos & photos",
  "OptionBooks": "Books",
  "HeaderMetadataReaders": "Metadata Readers",
  "LabelMetadataReadersHelp": "Rank your preferred local metadata sources in order of priority. The first file found will be read.",
  "HeaderSubtitleDownloaders": "Subtitle Downloaders",
  "SubtitleDownloadersHelp": "Enable and rank your preferred subtitle downloaders in order of priority. More subtitle providers can be installed using the Emby plugin catalog.",
  "LabelMetadataDownloaders": "Metadata downloaders",
  "LabelMetadataDownloadersHelp": "Enable and rank your preferred metadata downloaders in order of priority. Lower priority downloaders will only be used to fill in missing information.",
  "HeaderMetadataSavers": "Metadata Savers",
  "LabelMetadataSaversHelp": "Choose the file formats to save your metadata to.",
  "LabelImageFetchers": "Image fetchers",
  "LabelImageFetchersHelp": "Enable and rank your preferred image fetchers in order of priority.",
  "PersonTypePerson": "Person",
  "HeaderRemoveMediaLocation": "Remove Media Location",
  "MessageConfirmRemoveMediaLocation": "Are you sure you wish to remove this location?",
  "LabelNewName": "New name",
  "HeaderRemoveLibrary": "Remove Library",
  "MessageAreYouSureYouWishToRemoveLibrary": "Are you sure you wish to remove the {0} library from your Emby Server? Your media files will not be affected.",
  "ButtonRename": "Rename",
  "HeaderPluginInstallation": "Plugin Installation",
  "MessageTrialExpired": "The trial period for this feature has expired",
  "MessageTrialWillExpireIn": "The trial period for this feature will expire in {0} day(s)",
  "ValuePriceUSD": "Price: {0} (USD)",
  "MessageFeatureIncludedWithSupporter": "You are registered for this feature, and will be able to continue using it with an active Emby Premiere subscription.",
  "HeaderSelectExternalPlayer": "Select External Player",
  "HeaderExternalPlayerPlayback": "External Player Playback",
  "HeaderThankYou": "Thank You",
  "HeaderSelectUploadPath": "Select Upload Path",
  "ErrorMessageStartHourGreaterThanEnd": "End time must be greater than the start time.",
  "MessagePluginConfigurationRequiresLocalAccess": "To configure this plugin please sign in to your local server directly.",
  "MovieLibraryHelp": "Review the {0}Emby movie naming guide{1}.",
  "TvLibraryHelp": "Review the {0}Emby TV naming guide{1}.",
  "BookLibraryHelp": "Text books are supported. Review the {0}Emby Book naming guide{1}.",
  "MessageGamePluginRequired": "Requires installation of the GameBrowser plugin",
  "HeaderUnlockApp": "Unlock App",
  "MessagePaymentServicesUnavailable": "Payment services are currently unavailable. Please try again later.",
  "NoNewDevicesFound": "No new devices found. To add a new tuner, close this dialog and enter the device information manually.",
  "MessageConfirmDeleteTunerDevice": "Are you sure you wish to delete this device?",
  "MessageConfirmDeleteGuideProvider": "Are you sure you wish to delete this guide provider?",
  "HeaderDeleteProvider": "Delete Provider",
  "ErrorAddingTunerDevice": "There was an error adding the tuner device. Please ensure it is accessible and try again.",
  "ErrorSavingTvProvider": "There was an error saving the TV provider. Please ensure it is accessible and try again.",
  "ErrorGettingTvLineups": "There was an error downloading tv lineups. Please ensure your information is correct and try again.",
  "MessageCreateAccountAt": "Create an account at {0}",
  "ErrorPleaseSelectLineup": "Please select a lineup and try again. If no lineups are available, then please check that your username, password, and postal code is correct.",
  "HeaderTryEmbyPremiere": "Try Emby Premiere",
  "ErrorValidatingSupporterInfo": "There was an error validating your Emby Premiere information. Please try again later.",
  "LabelLocalSyncStatusValue": "Status: {0}",
  "HeaderTopPlugins": "Top Plugins",
  "ForAdditionalLiveTvOptions": "Browse the Emby {0}plugin catalog{1} to install additional Live TV providers.",
  "AddUser": "Add User",
  "HeaderEmailAddress": "E-Mail Address",
  "NumLocationsValue": "{0} folders",
  "PleaseAddAtLeastOneFolder": "Please add at least one folder to this library by clicking the Add button.",
  "ErrorAddingMediaPathToVirtualFolder": "There was an error adding the media path. Please ensure the path is valid and the Emby Server process has access to that location.",
  "ErrorAddingEmbyConnectAccount3": "The Emby account is already linked to an existing local user. An Emby account can only be linked to one local user at a time.",
  "HeaderConfirmPluginInstallation": "Confirm Plugin Installation",
  "PleaseConfirmPluginInstallation": "Please click OK to confirm you've read the above and wish to proceed with the plugin installation.",
  "MessagePluginInstallDisclaimer": "Plugins built by Emby community members are a great way to enhance your Emby experience with additional features and benefits. Before installing, please be aware of the effects they may have on your Emby Server, such as longer library scans, additional background processing, and decreased system stability.",
  "HardwareAccelerationWarning": "Enabling hardware acceleration may cause instability in some environments. Ensure that your operating system and video drivers are fully up to date. If you have difficulty playing video after enabling this, you'll need to change the setting back to Auto.",
  "ValueExample": "Example: {0}",
  "LabelFileOrUrl": "File or url",
  "OptionEnableForAllTuners": "Enable for all tuner devices",
  "HeaderTuners": "Tuners",
  "DrmChannelsNotImported": "Channels with DRM will not be imported.",
  "LabelAllowHWTranscoding": "Allow hardware transcoding",
  "AllowHWTranscodingHelp": "If enabled, allow the tuner to transcode streams on the fly. This may help reduce transcoding required by Emby Server.",
  "MetadataSettingChangeHelp": "Changing metadata settings will affect new content that is added going forward. To refresh existing content, open the detail screen and click the refresh button, or perform bulk refreshes using the metadata manager.",
  "RecordingPathChangeMessage": "Changing your recording folder will not migrate existing recordings from the old location to the new. You'll need to move them manually if desired.",
  "LabelLocalIpAddress": "Local IP address",
  "LabelBindToLocalNetworkAddressHelp": "Optional. Override the local IP address that Emby Server will present to Emby apps. If left blank, the server will automatically detect the local IP address.",
  "SettingsWarning": "Changing these values may cause instability or connectivity failures. If you experience any problems, we recommend changing them back to default.",
  "OptionSaveMetadataAsHiddenHelp": "Changing this will apply to new metadata saved going forward. Existing metadata files will be updated the next time they are saved by Emby Server.",
  "EnablePhotos": "Enable photos",
  "EnablePhotosHelp": "Photos will be detected and displayed alongside other media files.",
  "ImportPlaylists": "Import playlist files",
  "ImportPlaylistsHelp": "Playlists found in your media directories can be imported into Emby Server.",
  "SaveThumbnailImagesIntoMediaFolders": "Save video preview thumbnails into media folders",
  "LabelGenerateVideoPreviewThumbnails": "Generate video preview thumbnails",
  "LabelEnableDebugLogging": "Enable debug logging",
  "OptionEnableExternalContentInSuggestions": "Enable external content in suggestions",
  "OptionEnableExternalContentInSuggestionsHelp": "Allow internet trailers and live tv programs to be included within suggested content.",
  "LabelOptionalNetworkPath": "(Optional) Shared network folder",
  "LabelOptionalNetworkPathHelp": "If this folder is shared on your network, supplying the network share path can allow Emby apps on other devices to access media files directly.",
  "SynologyUpdateInstructions": "Please login to DSM and go to Package Center to update.",
  "HeaderRecordingPostProcessing": "Recording Post Processing",
  "LabelPostProcessorArguments": "Post-processor command line arguments",
  "PostProcessorArgumentsHelp": "The following variables are supported in the command line to allow passing data to your post-processor",
  "LabelPostProcessor": "Post-processing application",
  "DvrPostProcessorPathArgument": "{path}: The full path to the new recording file",
  "OptionAutomaticallyGroupSeries": "Automatically merge series that are spread across multiple folders",
  "OptionAutomaticallyGroupSeriesHelp": "If enabled, series that are spread across multiple folders within this library will be automatically merged into a single series.",
  "WhenDidYouPurchaseApp": "When did you originally purchase this app?",
  "PreferEmbeddedTitlesOverFileNames": "Prefer embedded titles over filenames",
  "PreferEmbeddedTitlesOverFileNamesHelp": "This determines the default display title when no internet metadata or local metadata is available.",
  "FriendlyNameForReferenceHelp": "A friendly name used for display, for your own reference.",
  "HeaderLiveTvTunerSetup": "Live TV Tuner Setup",
  "HeaderTVSourceSetup": "TV Source Setup",
  "HeaderDetectMyDevices": "Detect Devices",
  "MessagePleaseWait": "Please wait. This may take a minute.",
  "DetectingDevices": "Detecting devices",
  "LabelAutomaticallyRefreshInternetMetadataEvery": "After the initial import, automatically refresh metadata from the internet",
  "LabelPlaceholderMetadataRefreshInternetMetadataEvery": "Automatically refresh metadata for episodes with placeholder titles such as TBA",
  "EveryNDays": "Every {0} days",
  "NDays": "{0} days",
  "LabelCertificatePassword": "Certificate password",
  "LabelCertificatePasswordHelp": "If your certificate requires a password, please enter it here.",
  "HeaderNewLibrary": "New Library",
  "HttpsRequiresCert": "To enable secure connections, you will need to supply a trusted SSL certificate, such as Lets Encrypt. Please either supply a certificate, or disable secure connections.",
  "ServerRestartNeededAfterPluginInstall": "Emby Server will need to be restarted after installing a plugin.",
  "PluginInstalledMessage": "The plugin has been successfully installed. Emby Server will need to be restarted for changes to take effect.",
  "MessagePremiereStatusGood": "You have a {0} Emby Premiere plan and your device usage is well within your limit.",
  "MessagePremiereStatusClose": "You have a {0} Emby Premiere plan, but your device usage is close to the limit.",
  "MessagePremiereExtendedPlans": "Consider an {0}extended device plan{1}",
  "MessagePremiereStatusOver": "You have a {0} Emby Premiere plan, but you are over your device limit!",
  "ListItemPremiereSub": "{0} subscription purchased via {2} expires {1}",
  "LabelClickToCancel": "Click to cancel this subscription",
  "LabelCancelInfo": "You can manage this subscription directly with {0}",
  "LabelAlreadyCanceled": "This subscription has been canceled. Key will remain valid until expiration.",
  "HeaderCancelSub": "Cancel Emby Premiere",
  "MessageConfirmSubCancel": "NO, Please don't go... You will miss out on all the great features of Emby Premiere!",
  "ButtonCancelSub": "I know, cancel it anyway",
  "ButtonDontCancelSub": "Keep Emby Premiere",
  "MessageSubCancelReqSent": "An email has been sent to the owner of the key. Please follow the instructions in that email to complete the cancellation of this subscription. We hope to see you back soon!",
  "MessageSubCancelError": "Something went wrong trying to cancel. Please send an email to {0} and we'll get you squared away.",
  "LabelAlreadyCancelled": "This subscription has been cancelled. You will not be charged again but the features will work until the date above.",
  "AllowOnTheFlySubtitleExtraction": "Allow subtitle extraction on the fly",
  "AllowOnTheFlySubtitleExtractionHelp": "Embedded subtitles can be extracted from videos and delivered to Emby apps in plain text in order to help prevent video transcoding. On some systems this can take a long time and cause video playback to stall during the extraction process. Disable this to have embedded subtitles burned in with video transcoding when they are not natively supported by the client device.",
  "EnableDebugLoggingHelp": "Debug logging should only be enabled as needed for troubleshooting purposes. The increased file system access may prevent the server machine from being able to sleep in some environments.",
  "LabelSimultaneousConnectionLimit": "Simultaneous stream limit",
  "SimultaneousConnectionLimitHelp": "The maximum number of allowed simultaneous streams. Enter 0 for no limit.",
  "LaunchWebAppOnStartup": "Launch the Emby web app in my web browser when Emby Server starts",
  "LaunchWebAppOnStartupHelp": "This will open the web app in your default web browser when Emby Server initially starts. This will not occur when using the restart server function.",
  "LabelReferrerHeader": "Referrer http header",
  "LabelUserAgentHeader": "User agent http header",
  "SupplyCustomValueIfNeeded": "Supply a custom http header value, if necessary.",
  "HeaderConfigureRemoteAccess": "Configure Remote Access",
  "LearnHowToCreateSynologyShares": "Learn how to share folders in Synology.",
  "LabelAllowedRemoteAddresses": "Remote IP address filter",
  "LabelAllowedRemoteAddressesMode": "Remote IP address filter mode",
  "Whitelist": "Whitelist",
  "Blacklist": "Blacklist",
  "AllowedRemoteAddressesHelp": "Comma separated list of IP addresses or IP/netmask entries for networks that will be allowed to connect remotely. If left blank, all remote addresses will be allowed.",
  "LabelLanNetworks": "LAN networks",
  "LanNetworksHelp": "Comma separated list of IP addresses or IP/netmask entries for networks that will be considered on local network when enforcing bandwidth restrictions. If set, all other IP addresses will be considered to be on the external network and will be subject to the external bandwidth restrictions. If left blank, only the server's subnet and common private IP subnets (10.0.0.0/8, 192.168.0.0/24, etc.) are considered to be on the local network.",
  "LabelSecureConnectionsMode": "Secure connection mode",
  "PreferredNotRequired": "Preferred, but not required",
  "RequiredForAllRemoteConnections": "Required for all remote connections",
  "HandledByProxy": "Handled by reverse proxy",
  "SaveSubtitlesIntoMediaFolders": "Save downloaded subtitles into media folders",
  "SaveSubtitlesIntoMediaFoldersHelp": "Storing subtitles next to video files will allow them to be more easily managed.",
  "AutomaticSubtitleDownloadInstructions": "To manage automatic subtitle downloading, click on a library in Emby library setup, and edit the subtitle downloading settings for that library.",
  "ProviderNeedsSetupWithUrl": "{0} requires additional setup on the {1} settings screen{2} in Emby Server.",
  "LabelEnableHardwareAcceleration": "Enable hardware acceleration when available",
  "HeaderPreferredHardwareDecoders": "Preferred Hardware Decoders",
  "HeaderPreferredHardwareEncoders": "Preferred Hardware Encoders",
  "AllowChangingImageAndPassword": "Allow this user to change their password and profile image",
  "LabelSimultaneousStreamLimit": "Max simultaneous video streams",
  "SimultaneousStreamLimitHelp": "Limit the number of concurrent video playback sessions.",
  "LabelMusicFolderStructure": "Music folder structure",
  "LabelMusicFolderStructureHelp": "This provides a hint to the library scanner about the way your folders are organized. If you're unsure, or if your folders don't exactly match one of the options, then please select the default option of Other.",
  "OtherOrUnstructured": "Other or unstructured",
  "PerfectArtistAlbumTrack": "Perfectly organized into artist\\album folders, with tracks directly in the album folders.",
  "PerfectAlbumTrack": "Perfectly organized into album folders, with tracks directly in the album folders.",
  "LabelMinCollectionSize": "Minimum automatic collection size",
  "MinCollectionSizeHelp": "Automatically create collections when you have at least the selected number of titles in your library. Changing this value will not affect existing collections.",
  "LabelImportCollections": "Import collection information from metadata downloaders",
  "LabelImportCollectionsHelp": "When enabled, this will import collection information from your enabled metadata downloaders. This may cause unwanted collections to be automatically created. Disabling will prevent future collections from being automatically created, but will not delete existing ones.",
  "LabelAllowAdultMetadata": "Allow adult metadata",
  "LabelAllowAdultMetadataHelp": "Allow matching adult titles when searching for internet metadata.",
  "HeaderVideoPreviewThumbnails": "Video Preview Thumbnails",
  "LabelEnableHDRToneMapping": "Enable HDR tone mapping",
  "EnableHDRToneMappingHelp": "Tone mapping will ensure correct color conversion when transcoding HDR content, which will otherwise appear highly dimmed and desaturated. Additional driver components may be needed to support hardware acceleration with this feature enabled. Please see our hardware acceleration setup guide for details.",
  "WithHardwareAcceleratedTranscoding": "Yes, only with hardware acceleration",
  "TranscodingStillInitializing": "Emby Server transcoding services are still busy starting up. This screen will automatically refresh when transcoding services are ready.",
  "WithEitherHardwareOrSoftwareTranscoding": "Yes, with either hardware or software transcoding",
  "ToneMappingInHardwareDescription": "Tone mapping will be performed with hardware acceleration when it is enabled and supported by the hardware, and skipped in all other cases.",
  "ToneMappingInSoftwareDescription": "Tone mapping will be performed in software by the CPU. This is much slower than hardware accelerated tone mapping and will require a very powerful server machine.",
  "ToneMappingInBothDescription": "Tone mapping will be performed with hardware acceleration when it is enabled and supported by the hardware, and will fallback to software in all other cases. Tone mapping in software is much slower than hardware accelerated tone mapping and will require a very powerful server machine.",
  "AutoMapped": "Automatically mapped",
  "ManuallyMapped": "Manually mapped",
  "NotMappedToGuideData": "Not mapped to guide data",
  "MappedToValue": "Mapped to {0}",
  "LabelAutomaticallyWakeServerForRecordings": "Automatically wake the server machine to perform recordings",
  "LabelAutomaticallyWakeServerForRecordingsHelp": "Wake events will be scheduled with the server operating system. Disabling this option will prevent future wake events from being scheduled but will not remove any previously scheduled events.",
  "Database": "Database",
  "LabelOptimizeDatabaseOnShutdown": "Attempt to optimize the database on server shutdowns",
  "LabelOptimizeDatabaseOnShutdownHelp": "The database optimize operation is usually a no-op but it will occasionally run an analysis if it seems like doing so will be useful to the query planner. This may cause Emby Server to take longer to shutdown.",
  "LabelDatabaseCacheSize": "Database cache size (MB)",
  "LabelDatabaseCacheSizeHelp": "Sets the amount of data that the database will hold in memory at once, per database file. A larger value may help improve Emby Server performance. Requires a server restart to take effect.",
  "LabelDatabaseAnalysisLimit": "Analysis row limit",
  "LabelDatabaseAnalysisLimitHelp": "When the database is optimized, this is the approximate number of rows examined in each index by the ANALYZE command. A larger value will increase the effectiveness of the database optimization, but may cause Emby Server to take longer to shutdown.",
  "LabelVacuumDb": "Vacuum the database on the next Emby Server startup",
  "LabelVacuumDbHelp": "Vacuuming rebuilds the database file, repacking it into a minimal amount of disk space. In some cases this may improve Emby Server performance. Please note that your Emby Server will not be usable during the time of the vacuum operation, nor will there be any way to monitor the progress of the vacuum. Please avoid force closing the Emby Server process during this time as it may lead to database corruption. This is a one-time operation and this option will revert to unchecked on the next server startup.",
  "AdvancedOptionsWarning": "These are advanced options and should generally be left at defaults unless you have a reason to change them.",
  "HeaderRecentlyActiveDevices": "Recently Active Devices",
  "YesUntilServerRestart": "Yes, until the next server restart",
  "YesUntilLogRotate": "Yes, until the next log file rotation",
  "LabelSubtitleDownloadMaxAge": "Stop trying to automatically download subtitles for videos older than",
  "SubtitleDownloadMaxAgeHelp": "This is based on the date added metadata value.",
  "NoAgeLimit": "No age limit",
  "AnonymizeLogContents": "Anonymize log contents",
  "Markers": "Markers",
  "LabelGenerateIntroVideoMarkers": "Generate intro video markers",
  "GenerateIntroVideoMarkersHelp": "Detects show intros and displays the 'Skip Intro' button in Emby apps. Intro detection may take a long time and cause high CPU or disk usage.",
  "LabelCopyFromUser": "Copy settings from user",
  "CopyFromUserHelp": "Optional. Speed up new user creation by copying information from an existing user.",
  "UserPolicy": "User Policy (library and feature access, parental controls, etc.)",
  "UserConfiguration": "User Configuration (preferred audio and subtitle languages, library order, etc.)",
  "HeaderCopyOptions": "Copy Options",
  "LabelMultiRestrictionMode": "Multiple restriction mode",
  "MultiRestrictionModeAll": "Allow content matching both the rating and tag restrictions",
  "MultiRestrictionModeAny": "Allow content matching either the rating or tag restrictions",
  "AllowMappingByChannelNumber": "Allow mapping to guide data using channel numbers",
  "AllowMappingByChannelNumberHelp": "This can be used as a fallback to match tuner channels with guide data whenever a match can't be found based on the channel name. This may lead to inaccurate matching if channel numbers from the tuner are not correct.",
  "LabelPreferredSourceForChannelLogos": "Prefer channel logos from the guide data over the tuner when both have them available",
  "LabelPreferredSourceForChannelNumbers": "Prefer channel numbers from the guide data over the tuner when both have them available",
  "HeaderSoftwareEncoders": "Software Encoders",
  "LabelProxyHeaderMode": "Read proxy headers to determine client IP addresses",
  "ProxyHeadersRemoteOnly": "Only when they contain remote network addresses",
  "ProxyHeaderModeHelp": "Determines if request headers such as {0} and {1} should be used to determine the IP address of connecting devices.",
  "AllowCameraUpload": "Allow camera upload",
  "AllowCameraUploadHelp": "If allowed, and if enabled in Emby mobile apps, users can automatically upload photos and videos taken from their camera to this Emby Server",
  "CameraUploadMustBeGranted": "You must also be granted access to camera upload by your server administrator.",
  "EnableReadingAndWritingPeopleMetadata": "Enable reading and writing of person metadata files",
  "EnableReadingAndWritingPeopleMetadataHelp": "Requires the Nfo Metadata plugin to be installed. This will allow saving your people edits to nfo metadata files but will result in longer library scans."
}
