{
    "LabelFinish": "Terminar",
    "LabelYoureDone": "Ha Terminado!",
    "ThisWizardWillGuideYou": "Este asistente lo guiar\u00e1 a trav\u00e9s del proceso de configuraci\u00f3n. Para comenzar, seleccione su idioma preferido.",
    "HeaderCreateYourFirstUser": "Crea tu primer usuario",
    "ButtonQuickStartGuide": "Gu\u00eda de inicio r\u00e1pido",
    "MoreUsersCanBeAddedLater": "Se pueden agregar m\u00e1s usuarios m\u00e1s adelante dentro de la configuraci\u00f3n del servidor Emby.",
    "UserProfilesIntro": "Emby incluye soporte integrado para perfiles de usuario, lo que permite a cada usuario tener su propia configuraci\u00f3n de pantalla, estado de reproducci\u00f3n y controles parentales.",
    "WizardCompleted": "Eso es todo lo que necesitamos por ahora. Emby ha comenzado a recopilar informaci\u00f3n sobre su biblioteca multimedia. Consulte algunas de nuestras aplicaciones y luego haga clic en <b>Finalizar<\/b> para ver el <b>Panel del servidor<\/b>.",
    "HeaderTermsOfService": "Condiciones de servicio de Emby",
    "MessagePleaseAcceptTermsOfService": "Acepte los t\u00e9rminos de servicio y la pol\u00edtica de privacidad antes de continuar.",
    "OptionIAcceptTermsOfService": "Acepto los t\u00e9rminos de servicio",
    "HeaderGuideDataSetup": "Configuraci\u00f3n de datos de gu\u00eda",
    "LabelGuideSource": "Fuente de la gu\u00eda:",
    "SeeOurHwaGuide": "Consulte nuestra {0}gu\u00eda de configuraci\u00f3n de aceleraci\u00f3n por hardware{1}.",
    "HeaderEmbyServerReleaseNotes": "Notas de versi\u00f3n de Emby Server",
    "AllowSubtitleDownloading": "Permitir la descarga de subt\u00edtulos",
    "AllowSubtitleManagement": "Permitir la eliminaci\u00f3n de archivos de subt\u00edtulos existentes",
    "NewUserNameHelp": "As\u00ed es como aparecer\u00e1 el usuario en su servidor.",
    "ChapterMarkers": "Marcadores de cap\u00edtulo",
    "LabelThumbnailImagesInterval": "Intervalo de im\u00e1genes en miniatura:",
    "ThumbnailImagesIntervalHelp": "Las miniaturas m\u00e1s frecuentes resultar\u00e1n en una mejor experiencia, pero requerir\u00e1n m\u00e1s espacio en disco y tiempo para crear las im\u00e1genes.",
    "LabelAuthProvider": "Proveedor de autenticaci\u00f3n:",
    "AuthProviderHelp": "Los administradores siempre usan el proveedor Emby predeterminado para asegurarse de que nunca se bloquee.",
    "HeaderNewUser": "Nuevo usuario",
    "ChangeServerDisplayName": "Cambiar el nombre para mostrar del servidor",
    "GetServerInfo": "Obtener info del servidor",
    "LabelPinCode": "C\u00f3digo PIN:",
    "ShowAdvancedSettings": "Mostrar opciones avanzadas",
    "ChangingMetadataImageSettingsNewContent": "Los cambios en la configuraci\u00f3n de descarga de metadatos o ilustraciones solo se aplicar\u00e1n al contenido nuevo agregado a su biblioteca. Para aplicar los cambios a los t\u00edtulos existentes, deber\u00e1 actualizar sus metadatos manualmente.",
    "AllowRemoteAccess": "Permitir conexiones remotas a este servidor Emby.",
    "AllowRemoteAccessHelp": "Si no se marca, se bloquear\u00e1n todas las conexiones remotas.",
    "Alerts": "Alertas",
    "LabelTrackTitleDisplay": "Visualizaci\u00f3n del t\u00edtulo de la pista incrustada:",
    "GenerateUserFriendlyTrackTitles": "Genere t\u00edtulos f\u00e1ciles de usar utilizando la informaci\u00f3n de la pista",
    "PreferOriginalTrackTitles": "Preferir t\u00edtulos incrustados",
    "TrackTitleDisplayHelp": "Elija el t\u00edtulo de visualizaci\u00f3n de las pistas de audio y subt\u00edtulos incrustados. No se recomienda preferir incrustado a menos que est\u00e9 seleccionando manualmente la informaci\u00f3n de la pista incrustada.",
    "EnableTranscodingThrottle": "Habilitar limitaci\u00f3n",
    "EnableTranscodingThrottleHelp": "Emby ajustar\u00e1 din\u00e1micamente la velocidad de transcodificaci\u00f3n para reducir la utilizaci\u00f3n de la CPU.",
    "HeaderTypeMetadataDownloaders": "{0} Metadata Downloaders",
    "HeaderTypeImageFetchers": "{0} capturadores de im\u00e1genes",
    "HeaderImageOptions": "Opciones de imagen",
    "OptionBeta": "Beta",
    "HeaderTaskTriggers": "Activadores de tareas",
    "Paths": "Rutas",
    "CategorySync": "Sincronizar",
    "RegisterWithPayPal": "Reg\u00edstrese con PayPal",
    "LabelSyncTempPath": "Ruta del archivo temporal:",
    "LabelSyncTempPathHelp": "Especifique una carpeta de trabajo personalizada. Los medios convertidos creados durante el proceso de conversi\u00f3n se almacenar\u00e1n aqu\u00ed.",
    "LabelCustomCertificatePath": "Ruta del certificado SSL personalizado:",
    "LabelCustomCertificatePathHelp": "Ruta a un archivo PKCS #12 que contiene un certificado y una clave privada para habilitar la compatibilidad con TLS en un dominio personalizado.",
    "HeaderSetupLibrary": "Configurar bibliotecas multimedia",
    "LabelTimeLimitHours": "L\u00edmite de tiempo (horas):",
    "HeaderPreferredMetadataLanguage": "Idioma de metadatos preferido",
    "LabelSaveLocalMetadata": "Guardar las ilustraciones en las carpetas de medios",
    "LabelSaveLocalMetadataHelp": "Guarda las ilustraciones en las carpetas de medios las colocar\u00e1 en un lugar donde se pueden almacenar y editar f\u00e1cilmente.",
    "TabPassword": "Contrase\u00f1a",
    "TabLibraryAccess": "Acceso a biblioteca",
    "TabAccess": "Acceso",
    "TabProfile": "Perfil",
    "TabMetadata": "Metadatos",
    "HeaderDeviceAccess": "Acceso al dispositivo",
    "OptionEnableAccessFromAllDevices": "Habilitar el acceso desde todos los dispositivos",
    "OptionEnableAccessToAllChannels": "Habilitar el acceso a todos los canales",
    "OptionEnableAccessToAllLibraries": "Habilitar el acceso a todas las bibliotecas",
    "DeviceAccessHelp": "El filtrado del acceso a los dispositivos de los usuarios evitar\u00e1 que utilicen nuevos dispositivos hasta que hayan sido aprobados aqu\u00ed.",
    "LabelDisplayMissingEpisodesWithinSeasons": "Mostar episodios no disponibles en temporadas",
    "LabelDisplayMissingEpisodesWithinSeasonsHelp": "Esto tambi\u00e9n debe estar habilitado para las bibliotecas de TV en la configuraci\u00f3n del servidor Emby.",
    "ImportMissingEpisodesHelp": "Si est\u00e1 habilitado, la informaci\u00f3n sobre episodios faltantes se importar\u00e1 a su base de datos de Emby y se mostrar\u00e1 dentro de las temporadas y series. Esto puede provocar exploraciones de bibliotecas significativamente m\u00e1s largas.",
    "MessageEnablingOptionLongerScans": "Habilitar esta opci\u00f3n puede resultar en escaneos de bibliotecas significativamente m\u00e1s largos.",
    "TabSecurity": "Seguridad",
    "ButtonSave": "Guardar",
    "LabelUrl": "URL:",
    "HeaderCreatePassword": "Crear Contrase\u00f1a",
    "LabelMaxParentalRating": "Valor m\u00e1ximo de clasificaci\u00f3n parental:",
    "MaxParentalRatingHelp": "El contenido con una clasificaci\u00f3n parental m\u00e1s alta se ocultar\u00e1 a este usuario.",
    "LibraryAccessHelp": "Seleccione las carpetas de medios para compartir con este usuario. Los administradores podr\u00e1n editar todas las carpetas usando el administrador de metadatos.",
    "ChannelAccessHelp": "Seleccione los canales para compartir con este usuario. Los administradores podr\u00e1n editar todos los canales utilizando el administrador de metadatos.",
    "LabelSelectUsers": "Seleccionar usuarios:",
    "ImageUploadAspectRatioHelp": "Se Recomienda una Proporci\u00f3n de Aspecto 1:1. Solo JPG\/PNG",
    "AlreadyPaidHelp1": "Si ya pag\u00f3 para instalar una versi\u00f3n anterior de Media Browser para Android, no necesita pagar nuevamente para activar esta aplicaci\u00f3n. Haga clic en Aceptar para enviarnos un correo electr\u00f3nico a {0} y lo activaremos.",
    "AlreadyPaidHelp2": "\u00bfTienes Emby Premiere? Simplemente cancele este cuadro de di\u00e1logo, configure Emby Premiere en el Panel de control de su servidor Emby en Ayuda > Emby Premiere, y se desbloquear\u00e1 autom\u00e1ticamente.",
    "TabMyPlugins": "Mis Complementos",
    "TabCatalog": "Cat\u00e1logo",
    "HeaderAutomaticUpdates": "Actualizaciones autom\u00e1ticas",
    "Standard": "Est\u00e1ndar",
    "TabAdvanced": "Avanzado",
    "TabGeneral": "General",
    "TitleSupport": "Soporte",
    "TabAbout": "Acerca de",
    "TabSupporterKey": "Clave de Emby Premiere",
    "TabBecomeSupporter": "Obtener Emby Premiere",
    "TabEmbyPremiere": "Emby Premiere",
    "OptionHideUserLocal": "Ocultar este usuario de las pantallas de inicio de sesi\u00f3n en la red local",
    "OptionHideUserRemote": "Ocultar a este usuario de las pantallas de inicio de sesi\u00f3n cuando se conecta de forma remota",
    "OptionHideUserFromLoginHelp": "\u00datil para cuentas de administrador privadas u ocultas. El usuario deber\u00e1 iniciar sesi\u00f3n manualmente ingresando su nombre de usuario y contrase\u00f1a.",
    "HideFromUnusedDevices": "Ocultar a este usuario de las pantallas de inicio de sesi\u00f3n en dispositivos en los que nunca ha iniciado sesi\u00f3n",
    "OptionDisableUser": "Inhabilitar este usuario",
    "OptionDisableUserHelp": "Si est\u00e1 deshabilitado, el servidor no permitir\u00e1 ninguna conexi\u00f3n de este usuario. Las conexiones existentes terminar\u00e1n abruptamente.",
    "ButtonHelp": "Ayuda",
    "OptionAllowUserToManageServer": "Permitir a este usuario administrar el servidor",
    "HeaderFeatureAccess": "Acceso a funciones",
    "OptionAllowMediaPlayback": "Permitir reproducci\u00f3n de contenido",
    "OptionAllowBrowsingLiveTv": "Permitir acceso a TV en directo",
    "AllLibraries": "Todas las bibliotecas",
    "HeaderAllowMediaDeletionFrom": "Permitir eliminaci\u00f3n de contenido desde",
    "AllowDeletionFromAll": "Permitir la eliminaci\u00f3n de contenido de todas las bibliotecas",
    "OptionAllowManageLiveTv": "Permitir la gesti\u00f3n de grabaciones de TV en directo",
    "OptionAllowRemoteControlOthers": "Permitir el control remoto de otros usuarios",
    "OptionAllowRemoteSharedDevices": "Permitir el control remoto de dispositivos compartidos",
    "OptionAllowRemoteSharedDevicesHelp": "Los dispositivos DLNA se consideran compartidos hasta que un usuario comienza a controlarlos.",
    "OptionAllowLinkSharing": "Permitir compartir en redes sociales",
    "OptionAllowLinkSharingHelp": "Solo se comparten las p\u00e1ginas web que contienen informaci\u00f3n multimedia. Los archivos multimedia nunca se comparten p\u00fablicamente. Las acciones tienen un l\u00edmite de tiempo y caducar\u00e1n despu\u00e9s de {0} d\u00edas.",
    "OptionMissingTmdbId": "Falta la ID de TMDb",
    "OptionIsHD": "HD",
    "OptionIsSD": "SD",
    "ButtonSelect": "Seleccionar",
    "HeaderCredits": "Cr\u00e9ditos",
    "PleaseSupportOtherProduces": "Apoye otros productos gratuitos que utilizamos:",
    "VersionNumber": "Versi\u00f3n {0}",
    "TabPaths": "Rutas",
    "Cache": "Cach\u00e9",
    "TabServer": "Servidor",
    "OptionRelease": "Lanzamiento oficial",
    "LabelAllowServerAutoRestart": "Permitir que el servidor se reinicie autom\u00e1ticamente para aplicar actualizaciones",
    "LabelAllowServerAutoRestartHelp": "El servidor solo se reiniciar\u00e1 durante los per\u00edodos inactivos, cuando no haya usuarios activos.",
    "LabelRunServerAtStartup": "Ejecutar el servidor al inicio",
    "LabelRunServerAtStartupHelp": "Esto iniciar\u00e1 el icono de la bandeja de Emby al iniciar Windows. Si ha configurado un servicio de Windows, deje esto sin marcar y configure el servicio para que se ejecute al inicio.",
    "ButtonSelectDirectory": "Seleccionar directorio",
    "LabelCachePath": "Ruta de la cach\u00e9:",
    "DefaultMetadataLangaugeDescription": "Estos son sus valores predeterminados y se pueden personalizar por biblioteca.",
    "LabelCachePathHelp": "Especifique una ubicaci\u00f3n personalizada para los archivos de cach\u00e9 del servidor, como im\u00e1genes. D\u00e9jelo en blanco para usar los valores del servidor predeterminados.",
    "LabelRecordingPath": "Ruta de grabaci\u00f3n predeterminada:",
    "LabelMovieRecordingPath": "Ruta de grabaci\u00f3n de pel\u00edculas (opcional):",
    "LabelSeriesRecordingPath": "Ruta de grabaci\u00f3n de series (opcional):",
    "LabelRecordingPathHelp": "Especifique la ubicaci\u00f3n predeterminada para guardar grabaciones. Si se deja vac\u00edo, se utilizar\u00e1 la carpeta de datos del servidor.",
    "LabelMetadataPath": "Ruta de metadatos:",
    "LabelMetadataPathHelp": "Especifique una ubicaci\u00f3n personalizada para las ilustraciones y los metadatos descargados.",
    "LabelTranscodingTempPath": "Ruta de transcodificaci\u00f3n temporal:",
    "LabelTranscodingTempPathHelp": "Esta carpeta contiene archivos de trabajo utilizados por el transcodificador. Especifique una ruta personalizada o d\u00e9jela en blanco para usar la predeterminada dentro de la carpeta de datos del servidor.",
    "TabBasics": "B\u00e1sicos",
    "TabTV": "TV",
    "TabGames": "Juegos",
    "TabMusic": "M\u00fasica",
    "TabOthers": "Otros",
    "OptionMovies": "Pel\u00edculas",
    "OptionEpisodes": "Episodios",
    "OptionOtherVideos": "Otros v\u00eddeos",
    "GenerateVideoPreviewThumbnailsHelp": "Las miniaturas de vista previa de video brindan actualizaciones en directo mientras se buscan en aplicaciones compatibles. La generaci\u00f3n de miniaturas puede llevar mucho tiempo, provocar un uso elevado de la CPU y consumir espacio adicional en el disco.",
    "AsAScheduledTask": "como una tarea programada",
    "AsAScheduledTaskAndMediaAdded": "como una tarea programada y cuando se agregan medios",
    "TabGuide": "Gu\u00eda",
    "TabChannels": "Canales",
    "TabCollections": "Colecciones",
    "HeaderChannels": "Canales",
    "TabRecordings": "Grabaciones",
    "TabSeries": "Series",
    "TabFavorites": "Favoritos",
    "TabMyLibrary": "Mi biblioteca",
    "TabSettings": "Opciones",
    "ButtonRefreshGuideData": "Actualizar datos de la gu\u00eda",
    "ButtonRefresh": "Refrescar",
    "OptionPriority": "Prioridad",
    "OptionRecordOnAllChannels": "Grabar en todos los canales",
    "OptionRecordAnytime": "Grabar en cualquier momento",
    "OptionRecordOnlyNewEpisodes": "Grabar solo episodios nuevos",
    "HeaderDays": "D\u00edas",
    "ButtonEdit": "Editar",
    "ButtonRecord": "Grabar",
    "ButtonDelete": "Eliminar",
    "ButtonRemove": "Quitar",
    "OptionRecordSeries": "Grabar serie",
    "HeaderDetails": "Detalles",
    "TitleLiveTV": "TV en directo",
    "LabelNumberOfGuideDays": "N\u00famero de d\u00edas de datos de gu\u00eda para descargar:",
    "LabelNumberOfGuideDaysHelp": "La descarga de datos de gu\u00eda para m\u00e1s d\u00edas brinda la posibilidad de programar con mayor anticipaci\u00f3n y ver m\u00e1s listados, pero tambi\u00e9n llevar\u00e1 m\u00e1s tiempo descargarlo. Auto elegir\u00e1 seg\u00fan el n\u00famero de canales. Tenga en cuenta que, independientemente de cu\u00e1ntos d\u00edas elija, los datos deben existir en los datos de la gu\u00eda de origen para poder descargarlos. Algunas fuentes de datos de la gu\u00eda solo proporcionan 24 horas. Emby Guide Data admite hasta 14 d\u00edas.",
    "OptionAutomatic": "Auto",
    "HeaderServices": "Servicios",
    "LabelCustomizeOptionsPerMediaType": "Personalizar por tipo de medio:",
    "OptionDownloadThumbImage": "Miniatura",
    "OptionDownloadMenuImage": "Men\u00fa",
    "OptionDownloadLogoImage": "Logo",
    "OptionDownloadBoxImage": "Caja",
    "OptionDownloadDiscImage": "Disco",
    "OptionDownloadBannerImage": "Pancarta",
    "OptionDownloadBackImage": "Atr\u00e1s",
    "OptionDownloadArtImage": "Arte",
    "OptionDownloadPrimaryImage": "Principal",
    "HeaderFetchImages": "Obtener im\u00e1genes:",
    "TabOther": "Otros",
    "LabelMaxBackdropsPerItem": "N\u00famero m\u00e1ximo de im\u00e1genes de fondo por elemento:",
    "LabelMaxScreenshotsPerItem": "N\u00famero m\u00e1ximo de capturas de pantalla por elemento:",
    "LabelMinBackdropDownloadWidth": "Ancho m\u00ednimo de im\u00e1genes de fondo descargadas:",
    "LabelMinScreenshotDownloadWidth": "Ancho m\u00ednimo de capturas de pantalla descargadas:",
    "ButtonAddScheduledTaskTrigger": "Agregar disparador",
    "HeaderAddScheduledTaskTrigger": "Agregar disparador",
    "ButtonAdd": "A\u00f1adir",
    "LabelTriggerType": "Tipo de disparador:",
    "OptionDaily": "Diario",
    "OptionWeekly": "Semanal",
    "OptionOnInterval": "En un intervalo",
    "OptionOnAppStartup": "Al iniciar la aplicaci\u00f3n",
    "OptionAfterSystemEvent": "Despu\u00e9s de un evento de sistema",
    "LabelDay": "D\u00eda:",
    "LabelTime": "Hora:",
    "LabelEvent": "Evento:",
    "OptionWakeFromSleep": "Despertar",
    "LabelEveryXMinutes": "Cada:",
    "HeaderTvTuners": "Sintonizadores",
    "TabFolders": "Carpetas",
    "LabelSpecialSeasonsDisplayName": "Nombre para mostrar temporada especial:",
    "LabelEnableRealtimeMonitor": "Activar monitoreo en tiempo real",
    "LabelEnableRealtimeMonitorHelp": "Los cambios en los archivos se procesar\u00e1n inmediatamente, en los sistemas de archivos compatibles.",
    "HeaderMediaFolders": "Carpetas de medios",
    "HeaderThemeVideos": "V\u00eddeos tem\u00e1ticos",
    "HeaderThemeSongs": "Canciones tem\u00e1ticas",
    "HeaderSpecialFeatures": "Caracter\u00edsticas especiales",
    "ButtonSplitVersionsApart": "Separar versiones",
    "ButtonPlayTrailer": "Tr\u00e1iler",
    "LabelMissing": "Falta",
    "OptionSpecialEpisode": "Especiales",
    "OptionMissingEpisode": "Episodios que faltan",
    "OptionUnairedEpisode": "Episodios no emitidos",
    "OptionEpisodeSortName": "Nombre corto del episodio",
    "OptionTvdbRating": "Clasificaci\u00f3n de TVDB",
    "HeaderAddTitles": "A\u00f1adir T\u00edtulos",
    "TabHome": "Inicio",
    "HeaderLinks": "Enlaces",
    "Community": "Comunidad",
    "HeaderEmbyNews": "Noticias Emby",
    "LabelFriendlyServerName": "Nombre informal del servidor:",
    "LabelFriendlyServerNameHelp": "Este nombre se podr\u00e1 utilizar para identificar este servidor. Si se deja en blanco se utilizar\u00e1 el nombre de la computadora.",
    "LabelPreferredDisplayLanguage": "Idioma de visualizaci\u00f3n preferido:",
    "LabelPreferredDisplayLanguageHelp": "Traducir Emby es un proyecto en curso.",
    "LabelReadHowYouCanContribute": "Aprenda c\u00f3mo puede contribuir.",
    "ButtonSubmit": "Enviar",
    "ButtonCreate": "Crear",
    "LabelCustomCss": "Personalizar CSS:",
    "LabelCustomCssHelp": "Aplique su propio CSS personalizado a la interfaz web.",
    "LabelLocalHttpServerPortNumber": "N\u00famero de puerto HTTP local:",
    "LabelLocalHttpServerPortNumberHelp": "N\u00famero de puerto TCP al que debe vincularse el servidor HTTP de Emby.",
    "LabelPublicHttpPort": "N\u00famero de puerto HTTP p\u00fablico:",
    "LabelPublicHttpPortHelp": "El n\u00famero de puerto p\u00fablico que debe asignarse al puerto HTTP local.",
    "LabelPublicHttpsPort": "N\u00famero de puerto HTTPS p\u00fablico:",
    "LabelPublicHttpsPortHelp": "N\u00famero de puerto p\u00fablico que debe asignarse al puerto HTTPS local.",
    "RequireHttps": "Requerir HTTPS para conexiones externas",
    "RequireHttpsHelp": "Si est\u00e1 habilitado, las conexiones a trav\u00e9s de HTTP se redireccionar\u00e1n a HTTPS.",
    "LabelHttpsPort": "N\u00famero de puerto HTTPS local:",
    "LabelHttpsPortHelp": "N\u00famero de puerto TCP al que debe vincularse el servidor HTTPS de Emby.",
    "LabelEnableAutomaticPortMap": "Habilitar asignaci\u00f3n autom\u00e1tica de puertos",
    "LabelEnableAutomaticPortMapHelp": "Intenta asignar autom\u00e1ticamente el puerto p\u00fablico al puerto local a trav\u00e9s de UPnP. Es posible que esto no funcione con algunos modelos de enrutadores.",
    "LabelExternalDDNS": "Dominio externo:",
    "LabelExternalDDNSHelp": "Si tiene un nombre de dominio o DNS din\u00e1mico, ingr\u00e9selo aqu\u00ed, sin protocolo ni puerto. Las aplicaciones de Emby lo usar\u00e1n cuando se conecten de forma remota. Este campo es obligatorio cuando se utiliza con un certificado SSL personalizado. Ejemplo: midominio.com.",
    "LabelMinResumePercentage": "Porcentaje m\u00ednimo para reanudaci\u00f3n:",
    "LabelMaxResumePercentage": "Porcentaje m\u00e1ximo para reanudaci\u00f3n:",
    "LabelMinResumeDuration": "Duraci\u00f3n m\u00ednima de reanudaci\u00f3n (segundos):",
    "LabelMinResumePercentageHelp": "Se asume que los t\u00edtulos no se reproducen si se detienen antes de este tiempo",
    "LabelMaxResumePercentageHelp": "Se asume que los t\u00edtulos est\u00e1n completamente reproducidos si se detienen despu\u00e9s de este tiempo",
    "LabelMinResumeDurationHelp": "Los t\u00edtulos m\u00e1s cortos que esto no se podr\u00e1n reanudar",
    "HeaderName": "Nombre",
    "HeaderDate": "Fecha",
    "HeaderSource": "Fuente",
    "HeaderStatus": "Estado",
    "HeaderDestination": "Destino",
    "Subscriptions": "Suscripciones",
    "HeaderProgram": "Programa",
    "HeaderClients": "Clientes",
    "LabelCompleted": "Completado",
    "LabelFailed": "Error",
    "LabelSkipped": "Omitido",
    "LabelSeries": "Series:",
    "LabelEndingEpisodeNumber": "N\u00famero de episodio final:",
    "LabelEndingEpisodeNumberHelp": "Solo se requiere para archivos de varios episodios",
    "HeaderSupportTheTeam": "Apoye al equipo de Emby",
    "HeaderSupportTheTeamHelp": "Ayude a garantizar el desarrollo continuo de este proyecto comprando Emby Premiere. Una parte de todos los ingresos se contribuir\u00e1 a otras herramientas gratuitas de las que dependemos.",
    "DonationNextStep": "Una vez completado, regrese e ingrese su clave Emby Premiere, que recibir\u00e1 por correo electr\u00f3nico.",
    "LabelSeasonFolderPattern": "Patr\u00f3n de carpeta de temporada:",
    "LabelSeasonZeroFolderName": "Nombre de la carpeta para la temporada cero:",
    "HeaderResult": "Resultado",
    "LabelTransferMethod": "M\u00e9todo de transferencia",
    "HeaderLatestNews": "\u00daltimas noticias",
    "HeaderRunningTasks": "Tareas en ejecuci\u00f3n",
    "HeaderActiveDevices": "Dispositivos activos",
    "HeaderPendingInstallations": "Instalaciones pendientes",
    "ButtonRestartNow": "Reiniciar ahora",
    "ButtonShutdown": "Apagar Emby Server",
    "ButtonUpdateNow": "Actualizar ahora",
    "TabHosting": "Servidor",
    "PleaseUpdateManually": "Por favor, apague Emby Server e instale la \u00faltima versi\u00f3n.",
    "NewServerVersionAvailable": "\u00a1Hay disponible una nueva versi\u00f3n de Emby Server!",
    "ServerUpToDate": "Emby Server est\u00e1 actualizado",
    "LabelComponentsUpdated": "Se han instalado o actualizado los siguientes componentes:",
    "MessagePleaseRestartServerToFinishUpdating": "Reinicie el servidor para terminar de aplicar las actualizaciones.",
    "LabelDownMixAudioScale": "Audio boost (potenciador de sonido) en downmixing:",
    "LabelDownMixAudioScaleHelp": "Usa el potenciador de audio al hacer downmixing. Aj\u00fastelo a 1 para conservar el valor de volumen original.",
    "LabelCurrentEmailAddress": "Direcci\u00f3n de email actual",
    "LabelCurrentEmailAddressHelp": "Direcci\u00f3n de correo electr\u00f3nico actual a la que se envi\u00f3 la nueva clave.",
    "HeaderForgotKey": "Olvid\u00e9 la clave",
    "LabelSupporterEmailAddress": "La direcci\u00f3n de correo electr\u00f3nico que se utiliz\u00f3 para comprar la clave.",
    "ButtonRetrieveKey": "Recuperar clave",
    "LabelSupporterKey": "Clave Emby Premiere (pegar del correo electr\u00f3nico):",
    "LabelSupporterKeyHelp": "Ingrese su clave Emby Premiere para comenzar a disfrutar de beneficios adicionales.",
    "MessageInvalidKey": "Falta la clave Emby Premiere o no es v\u00e1lida.",
    "ErrorMessageInvalidKey": "Para que se registre cualquier contenido premium, tambi\u00e9n debe tener una suscripci\u00f3n activa a Emby Premiere.",
    "HeaderRequireManualLogin": "Requerir entrada de nombre de usuario manual para:",
    "HeaderRequireManualLoginHelp": "Cuando est\u00e1 deshabilitado, las apps de Emby pueden presentar una pantalla de inicio de sesi\u00f3n con una selecci\u00f3n visual de usuarios.",
    "OptionOtherApps": "Otras aplicaciones",
    "OptionMobileApps": "Aplicaciones m\u00f3viles",
    "LabelNotificationEnabled": "Activar esta notificaci\u00f3n",
    "LabelMonitorUsers": "Monitorear la actividad de:",
    "LabelSendNotificationToUsers": "Enviar la notificaci\u00f3n a:",
    "LabelUseNotificationServices": "Usar los siguientes servicios:",
    "CategoryUser": "Usuario",
    "CategorySystem": "Sistema",
    "CategoryApplication": "Aplicaci\u00f3n",
    "CategoryPlugin": "Plugin",
    "LabelAvailableTokens": "Tokens disponibles:",
    "AdditionalNotificationServices": "Explore el {0}cat\u00e1logo de complementos{1} de Emby para instalar servicios de notificaci\u00f3n adicionales.",
    "OptionAllUsers": "Todos los usuarios",
    "OptionAdminUsers": "Administradores",
    "OptionCustomUsers": "Personalizar",
    "ButtonArrowUp": "Arriba",
    "ButtonArrowDown": "Abajo",
    "ButtonArrowLeft": "Izquierda",
    "ButtonArrowRight": "Derecha",
    "ButtonBack": "Atr\u00e1s",
    "ButtonInfo": "Info",
    "ButtonHome": "Inicio",
    "ButtonSearch": "Buscar",
    "ButtonSettings": "Opciones",
    "Audio": "Audio",
    "PlayOnAnotherDevice": "Reproducir en otro dispositivo",
    "TabControls": "Controles",
    "ButtonSubtitles": "Subt\u00edtulos",
    "ButtonPreviousTrack": "Pista anterior",
    "ButtonNextTrack": "Pista siguiente",
    "ButtonStop": "Detener",
    "ButtonPause": "Pausar",
    "ButtonNext": "Siguiente",
    "ButtonPrevious": "Anterior",
    "LabelMaxBitrate": "Bitrate m\u00e1ximo:",
    "LabelMaxBitrateHelp": "Especifique una tasa de bits m\u00e1xima para entornos con restricciones de ancho de banda o si el dispositivo impone su propio l\u00edmite.",
    "LabelMusicStaticBitrate": "Tasa de bits de sincronizaci\u00f3n de m\u00fasica:",
    "LabelMusicStaticBitrateHelp": "Especificar tasa de bits cuando se sincronice m\u00fasica",
    "LabelDeviceDescription": "Descripci\u00f3n del dispositivo",
    "HeaderDownloadSubtitlesFor": "Descarga subt\u00edtulos para:",
    "LabelSkipIfGraphicalSubsPresent": "Omitir si el vi\u00edeo ya contiene subt\u00edtulos incrustados",
    "LabelSkipIfGraphicalSubsPresentHelp": "Mantener las versiones de texto de los subt\u00edtulos resultar\u00e1 en una entrega m\u00e1s eficiente y disminuir\u00e1 la probabilidad de transcodificaci\u00f3n de v\u00eddeo.",
    "TabSubtitles": "Subt\u00edtulos",
    "HeaderDownloadLanguages": "Descarga de idiomas",
    "LabelSkipIfAudioTrackPresent": "Omitir si la pista de audio predeterminada coincide con el idioma de descarga",
    "LabelSkipIfAudioTrackPresentHelp": "Desmarque esta opci\u00f3n para asegurarse de que todos los v\u00eddeos tengan subt\u00edtulos, independientemente del idioma del audio.",
    "SendMessage": "Enviar mensaje",
    "HeaderSendMessage": "Enviar mensaje",
    "ButtonSend": "Enviar",
    "ViewPlaybackInfo": "Ver info de reproducci\u00f3n",
    "LabelMessageText": "Mensaje de texto:",
    "LabelMessageTitle": "T\u00edtulo del mensaje:",
    "MessageNoAvailablePlugins": "No hay complementos disponibles.",
    "LabelDisplayPluginsFor": "Mostrar complementos para:",
    "PluginTabAppClassic": "Emby para Windows Media Center",
    "HeaderTypeText": "Introducir texto",
    "LabelTypeText": "Texto",
    "TabDisplay": "Pantalla",
    "TabLanguages": "Idiomas",
    "OptionAuto": "Auto",
    "OptionYes": "Si",
    "OptionNo": "No",
    "OptionResumablemedia": "Continuar",
    "OptionLatestMedia": "\u00daltimos medios",
    "OptionNone": "Ninguno",
    "HeaderLiveTv": "TV en directo",
    "HeaderSettings": "Ajustes",
    "OptionDefaultSort": "Por defecto",
    "ButtonEditOtherUserPreferences": "Edite el perfil, la imagen y las preferencias personales de este usuario.",
    "ViewTypeMovies": "Pel\u00edculas",
    "ViewTypeTvShows": "TV",
    "ViewTypeGames": "Juegos",
    "ViewTypeMusic": "M\u00fasica",
    "ViewTypeMusicSongs": "Canciones",
    "ViewTypeMusicFavorites": "Favoritos",
    "ViewTypeMusicFavoriteAlbums": "\u00c1lbumes favoritos",
    "ViewTypeMusicFavoriteArtists": "Artistas favoritos",
    "ViewTypeMusicFavoriteSongs": "Canciones favoritas",
    "OptionLibraryFolders": "Carpetas de medios",
    "TitleRemoteControl": "Control remoto",
    "TabBranding": "Branding",
    "HeaderBrandingHelp": "Personalice la apariencia de Emby para que se adapte a las necesidades de su grupo u organizaci\u00f3n.",
    "LabelLoginDisclaimer": "Aviso en el inicio de sesi\u00f3n:",
    "LabelLoginDisclaimerHelp": "Esto se mostrar\u00e1 en la parte inferior de la p\u00e1gina de inicio de sesi\u00f3n.",
    "TabDashboard": "Panel de control",
    "TitleServer": "Servidor",
    "LabelCache": "Cach\u00e9:",
    "LabelLogs": "Registros:",
    "LabelMetadata": "Metadatos:",
    "HeaderTranscodingTemporaryFiles": "Transcoding Temporary Files",
    "HeaderBranding": "Branding",
    "HeaderApiKeys": "Claves API",
    "HeaderApiKeysHelp": "Se requiere que las aplicaciones externas tengan una clave API para comunicarse con Emby Server. Las claves se emiten al iniciar sesi\u00f3n con una cuenta de Emby o al otorgar manualmente una clave a la aplicaci\u00f3n.",
    "HeaderApiKey": "Clave Api",
    "HeaderApp": "App",
    "HeaderDevice": "Dispositivo",
    "HeaderUser": "Usuario",
    "HeaderDateIssued": "Fecha de emisi\u00f3n",
    "TabView": "Vista",
    "TabFilter": "Filtrar",
    "ButtonView": "Vista",
    "LabelView": "Vista:",
    "TabUsers": "Usuarios",
    "HeaderFeatures": "Caracter\u00edsticas",
    "HeaderAdvanced": "Avanzado",
    "HeaderScheduledTasks": "Tareas programadas",
    "HeaderResumeSettings": "Reanudar ajustes",
    "TitleUsers": "Usuarios",
    "ButtonClose": "Cerrar",
    "LabelAllLanguages": "Todos los idiomas",
    "OptionAll": "Todos",
    "LabelImage": "Imagen:",
    "HeaderImages": "Im\u00e1genes",
    "HeaderBackdrops": "Im\u00e1genes de fondo",
    "LabelJpgPngOnly": "S\u00f3lo JPG\/PNG",
    "OptionSeason0": "Temporada 0",
    "HeaderFetcherSettings": "Ajustes de buscador",
    "HeaderActivity": "Actividad",
    "PluginInstalledWithName": "{0} ha sido instalado",
    "PluginUpdatedWithName": "{0} ha sido actualizado",
    "PluginUninstalledWithName": "{0} ha sido desinstalado",
    "LabelIpAddressValue": "Direcci\u00f3n IP: {0}",
    "HeaderEmbyServer": "Servidor Emby",
    "MessageServerConfigurationUpdated": "Se actualiz\u00f3 la configuraci\u00f3n del servidor",
    "MessageNamedServerConfigurationUpdatedWithValue": "Se actualiz\u00f3 la secci\u00f3n de configuraci\u00f3n del servidor {0}",
    "MessageApplicationUpdated": "Emby Server ha sido actualizado",
    "ProviderValue": "Proveedor: {0}",
    "HeaderRecentActivity": "Actividad reciente",
    "HeaderPeople": "Gente",
    "OptionComposers": "Compositores",
    "OptionOthers": "Otros",
    "ViewTypeFolders": "Carpetas",
    "OptionDisplayFolderView": "Mostrar vista de carpeta para mostrar carpetas de medios sin formato",
    "OptionDisplayFolderViewHelp": "Si est\u00e1 habilitado, las aplicaciones de Emby mostrar\u00e1n una categor\u00eda Carpetas junto a su biblioteca de medios. Esto es \u00fatil si desea tener vistas de carpeta sin formato.",
    "ViewTypeLiveTvRecordingGroups": "Grabaciones",
    "ViewTypeLiveTvChannels": "Canales",
    "HeaderPassword": "Contrase\u00f1a",
    "HeaderViewOrder": "Ver orden",
    "HeaderPersonInfo": "Info personal",
    "HeaderConfirmDeletion": "Confirmar eliminaci\u00f3n",
    "LabelAlbumArtist": "Artista del \u00e1lbum:",
    "LabelAirDate": "D\u00edas de emisi\u00f3n:",
    "LabelAirTime:": "Tiempo de emisi\u00f3n:",
    "LabelDisplaySpecialsWithinSeasons": "Mostrar episodios especiales dentro de las temporadas en las que se emitieron",
    "ButtonPurchase": "Comprar",
    "HeaderPhotoInfo": "Info. de la foto",
    "HeaderInstall": "Instalar",
    "LabelSelectVersionToInstall": "Seleccionar la versi\u00f3n a instalar:",
    "LinkLearnMoreAboutSubscription": "M\u00e1s informaci\u00f3n sobre Emby Premiere",
    "MessagePluginRequiresSubscription": "Este complemento requerir\u00e1 una suscripci\u00f3n activa a Emby Premiere despu\u00e9s de la prueba gratuita de 14 d\u00edas.",
    "MessagePremiumPluginRequiresMembership": "Este complemento requerir\u00e1 una suscripci\u00f3n activa a Emby Premiere para poder comprarlo despu\u00e9s de la prueba gratuita de 14 d\u00edas.",
    "HeaderDeveloperInfo": "Informaci\u00f3n del desarrollador",
    "HeaderRevisionHistory": "Hist\u00f3rico de revisiones",
    "ButtonViewWebsite": "Ver sitio web",
    "OptionSaveMetadataAsHidden": "Guardar metadatos e im\u00e1genes como archivos ocultos",
    "LabelConnectGuestUserName": "Su direcci\u00f3n de correo electr\u00f3nico o nombre de usuario de Emby Connect:",
    "LabelConnectUserName": "(Opcional) Nombre de usuario o direcci\u00f3n de correo electr\u00f3nico de Emby Connect:",
    "LabelConnectUserNameHelp": "Opcionalmente, vincule este usuario local a una cuenta de Emby Connect existente para permitir un f\u00e1cil acceso de inicio de sesi\u00f3n desde cualquier aplicaci\u00f3n Emby sin tener que conocer la direcci\u00f3n IP del servidor.",
    "ButtonLearnMoreAboutEmbyConnect": "M\u00e1s informaci\u00f3n sobre Emby Connect",
    "LabelDateAddedBehavior": "Comportamiento de fecha agregada para contenido nuevo:",
    "OptionDateAddedImportTime": "Usar fecha escaneada de la biblioteca",
    "OptionDateAddedFileTime": "Usar fecha de creaci\u00f3n del archivo",
    "LabelDateAddedBehaviorHelp": "Si hay un valor de metadatos, siempre se utilizar\u00e1 antes de cualquiera de estas opciones.",
    "TitleDevices": "Dispositivos",
    "TabCameraUpload": "Subidas de la c\u00e1mara",
    "TabDevices": "Dispositivos",
    "HeaderLibrarySettings": "Ajustes de la biblioteca",
    "HeaderThumbnailImages": "Im\u00e1genes miniatura",
    "HeaderSubtitleDownloads": "Descargas de subt\u00edtulos",
    "HeaderCameraUploadHelp": "Las aplicaciones de Emby pueden cargar autom\u00e1ticamente fotos tomadas desde sus dispositivos m\u00f3viles en Emby Server.",
    "LabelCameraUploadPath": "Ruta de carga de la c\u00e1mara:",
    "LabelCameraUploadPathHelp": "Seleccione una ruta de carga personalizada. Esto anular\u00e1 cualquier configuraci\u00f3n predeterminada establecida en la secci\u00f3n Carga de c\u00e1mara. Si se deja en blanco, se utilizar\u00e1 una carpeta predeterminada. Si usa una ruta personalizada, tambi\u00e9n deber\u00e1 agregarse como una biblioteca en la configuraci\u00f3n de la biblioteca Emby.",
    "DefaultCameraUploadPathHelp": "Seleccione una ruta de carga personalizada. Si se deja en blanco, se utilizar\u00e1 una carpeta predeterminada. Si usa una ruta personalizada, tambi\u00e9n deber\u00e1 agregarse como una biblioteca en la configuraci\u00f3n de la biblioteca Emby.",
    "LabelCreateCameraUploadSubfolder": "Crear subcarpetas para cada dispositivo",
    "LabelCreateCameraUploadSubfolderHelp": "Se pueden asignar carpetas espec\u00edficas a un dispositivo haciendo clic en \u00e9l desde la p\u00e1gina Dispositivos.",
    "LabelCustomDeviceDisplayName": "Nombre a mostrar:",
    "LabelCustomDeviceDisplayNameHelp": "Proporcione un nombre para mostrar personalizado o d\u00e9jelo en blanco para usar el nombre informado por el dispositivo.",
    "HeaderInviteUser": "Invitar usuario",
    "LabelConnectGuestUserNameHelp": "Este es el nombre de usuario que usa su amigo para iniciar sesi\u00f3n en el sitio web de Emby, o su direcci\u00f3n de correo electr\u00f3nico.",
    "HeaderInviteUserHelp": "Compartir contenido con tus amigos es m\u00e1s f\u00e1cil que nunca con Emby Connect.",
    "ButtonSendInvitation": "Enviar Invitaci\u00f3n",
    "HeaderGuests": "Invitados",
    "HeaderPendingInvitations": "Invitaciones pendientes",
    "TabParentalControl": "Control parental",
    "HeaderAccessSchedule": "Horario de acceso",
    "HeaderAccessScheduleHelp": "Crea un horario de acceso para limitar el acceso a determinadas horas.",
    "LabelAccessDay": "D\u00eda de la semana:",
    "LabelAccessStart": "Hora de inicio:",
    "LabelAccessEnd": "Hora de finalizaci\u00f3n:",
    "HeaderSchedule": "Horario",
    "OptionEveryday": "Todos los d\u00edas",
    "OptionWeekdays": "D\u00edas de la semana",
    "OptionWeekends": "Fines de semana",
    "HeaderOptionalLinkEmbyAccount": "Opcional: Vincule su cuenta de Emby Connect",
    "ButtonTrailer": "Tr\u00e1iler",
    "MessageNoTrailersFound": "No se encontraron tr\u00e1ilers. Instale el canal Tr\u00e1iler para mejorar su experiencia cinematogr\u00e1fica agregando una biblioteca de tr\u00e1ilers de Internet.",
    "HeaderNewUsers": "Nuevos usuarios",
    "TitleNewUser": "Nuevo usuario",
    "ButtonConfigurePassword": "Configurar contrase\u00f1a",
    "HeaderDashboardUserPassword": "Las contrase\u00f1as de usuario se administran dentro de la configuraci\u00f3n del perfil personal de cada usuario.",
    "HeaderLibraryAccess": "Acceso a la biblioteca",
    "HeaderChannelAccess": "Acceso a los canales",
    "HeaderLatestItems": "\u00daltimos elementos",
    "LabelForgotPasswordUsernameHelp": "Introduzca su nombre de usuario, si lo recuerda.",
    "TitlePasswordReset": "Reestablecer contrase\u00f1a",
    "HeaderParentalRatings": "Clasificaci\u00f3n parental",
    "HeaderVideoTypes": "Tipos de v\u00eddeos",
    "HeaderYears": "A\u00f1os",
    "HeaderBlockItemsWithNoRating": "Bloquear elementos con informaci\u00f3n de calificaci\u00f3n no reconocida o sin informaci\u00f3n:",
    "LabelBlockContentWithTags": "Restringir elementos con etiquetas",
    "LabelTagRestrictionMode": "Modo de restricci\u00f3n de etiquetas",
    "BlockItemsWithTheseTags": "Bloquear elementos con estas etiquetas",
    "AllowItemsWithTheseTags": "Permitir solo elementos con estas etiquetas",
    "TabActivity": "Actividad",
    "OptionAllowSyncContent": "Permitir sincronizaci\u00f3n",
    "OptionAllowContentDownloading": "Permitir la descarga de medios",
    "LabelNewUserNameHelp": "Los nombres de usuario pueden contener letras (a-z), n\u00fameros (0-9), guiones (-), guiones bajos (_), ap\u00f3strofos (') y puntos (.)",
    "HeaderThisUserIsCurrentlyDisabled": "Este usuario est\u00e1 actualmente deshabilitado. Para habilitar este usuario, consulte la opci\u00f3n en la parte inferior de esta p\u00e1gina.",
    "OptionEnableTranscodingThrottle": "Activar estrangulamiento",
    "OptionEnableTranscodingThrottleHelp": "El estrangulamiento ajustar\u00e1 autom\u00e1ticamente la velocidad de transcodificaci\u00f3n para minimizar la carga del procesador durante la reproducci\u00f3n.",
    "LabelUploadSpeedLimit": "L\u00edmite de velocidad de subida (Mbps):",
    "OptionAllowSyncTranscoding": "Permitir la descarga de medios que requieran transcodificaci\u00f3n",
    "AllowMediaConversion": "Permitir conversi\u00f3n de medios",
    "AllowMediaConversionHelp": "Otorgue o niegue el acceso a la funci\u00f3n de conversi\u00f3n de medios.",
    "HeaderPlayback": "Reproducci\u00f3n de contenido",
    "OptionAllowAudioPlaybackTranscoding": "Permitir la reproducci\u00f3n de audio que requiera transcodificaci\u00f3n",
    "OptionAllowVideoPlaybackTranscoding": "Permitir la reproducci\u00f3n de v\u00eddeos que requieren transcodificaci\u00f3n",
    "OptionAllowVideoPlaybackRemuxing": "Permitir la reproducci\u00f3n de v\u00eddeo que requiere conversi\u00f3n sin volver a codificar",
    "OptionAllowMediaPlaybackTranscodingHelp": "Restringir el acceso a la transcodificaci\u00f3n deshabilitar\u00e1 la selecci\u00f3n de calidad y puede causar errores en la reproducci\u00f3n en las aplicaciones Emby debido a formatos multimedia no compatibles o ancho de banda de red insuficiente.",
    "TabStreaming": "Transmisi\u00f3n",
    "LabelRemoteClientBitrateLimit": "L\u00edmite de tasa de bits de transmisi\u00f3n por Internet (Mbps):",
    "LabelRemoteClientBitrateLimitHelp": "Un l\u00edmite de velocidad de bits opcional por transmisi\u00f3n para todos los dispositivos fuera de la red. Esto es \u00fatil para evitar que los dispositivos soliciten una tasa de bits superior a la que puede soportar su conexi\u00f3n a Internet. Esto puede resultar en una mayor carga de CPU en su servidor para transcodificar v\u00eddeos sobre la marcha a una tasa de bits m\u00e1s baja.",
    "LabelUserRemoteClientBitrateLimitHelp": "Esto anular\u00e1 el valor global predeterminado establecido en la configuraci\u00f3n avanzada del servidor.",
    "LabelConversionCpuCoreLimit": "L\u00edmite de n\u00facleos del procesador:",
    "LabelConversionCpuCoreLimitHelp": "Limite el n\u00famero de n\u00facleos de CPU que se utilizar\u00e1n durante la conversi\u00f3n en segundo plano.",
    "OptionEnableFullSpeedConversion": "Activar conversi\u00f3n a m\u00e1xima velocidad",
    "OptionEnableFullSpeedConversionHelp": "De forma predeterminada, las conversiones se realizan a baja velocidad para minimizar el consumo de recursos.",
    "TabPhotos": "Fotos",
    "HeaderWelcomeToEmby": "Bienvenido a Emby",
    "EmbyIntroMessage": "Con Emby puede transmitir f\u00e1cilmente v\u00eddeos, m\u00fasica y fotos a tel\u00e9fonos inteligentes, tabletas y otros dispositivos desde su servidor Emby.",
    "ButtonConnect": "Conectar",
    "HeaderNewServer": "Nuevo servidor",
    "ButtonReset": "Reestablecer",
    "LabelEnableFullScreen": "Activar modo pantalla completa",
    "TabHomeScreen": "Pantalla de inicio",
    "HeaderDisplay": "Mostrar",
    "HeaderNavigation": "Navegaci\u00f3n",
    "OptionEnableAutomaticServerUpdates": "Activar actualizaciones autom\u00e1ticas del servidor",
    "HeaderOverview": "Resumen",
    "HeaderType": "Tipo",
    "HeaderTunerDevices": "Sintonizadores",
    "HeaderTVSources": "Entradas de TV",
    "HeaderAddDevice": "A\u00f1adir dispositivo",
    "HeaderExternalServices": "Servicios externos",
    "LabelTunerIpAddress": "IP del sintonizador:",
    "HeaderGuideProviders": "Proveedores de datos de Gu\u00eda TV",
    "AddGuideProviderHelp": "A\u00f1adir una fuente para la gu\u00eda de TV",
    "LabelZipCode": "C\u00f3digo postal:",
    "GuideProviderSelectListings": "Seleccionar listados",
    "GuideProviderLogin": "Iniciar sesi\u00f3n",
    "LabelLineup": "Reparto:",
    "MessageTunerDeviceNotListed": "\u00bfSu dispositivo sintonizador no aparece en la lista? Intente instalar un proveedor de servicios externo para obtener m\u00e1s opciones de TV en directo.",
    "LabelImportOnlyFavoriteChannels": "Restringir a los canales marcados como favoritos",
    "ImportFavoriteChannelsHelp": "Si est\u00e1 habilitado, solo se importar\u00e1n los canales que est\u00e1n marcados como favoritos en el dispositivo sintonizador.",
    "ButtonRepeat": "Repetir",
    "LabelEnableThisTuner": "Habilitar este sintonizador",
    "LabelEnableThisTunerHelp": "Desmarque para evitar la importaci\u00f3n de canales desde este sintonizador.",
    "HeaderImagePrimary": "Principal",
    "HeaderImageBackdrop": "Fondo",
    "HeaderImageLogo": "Logo",
    "HeaderUserPrimaryImage": "Imagen de usuario",
    "ButtonProfile": "Perfil",
    "ButtonProfileHelp": "Configura tu imagen de perfil y contrase\u00f1a.",
    "HeaderHomeScreenSettings": "Ajustes de la pantalla de inicio",
    "HeaderProfile": "Perfil",
    "HeaderLanguage": "Idioma",
    "LabelTranscodingThreadCount": "N\u00famero de hilos de transcodificaci\u00f3n:",
    "LabelTranscodingThreadCountHelp": "Seleccione el n\u00famero m\u00e1ximo de subprocesos que se utilizar\u00e1n al transcodificar. Reducir el n\u00famero de subprocesos reducir\u00e1 el uso de la CPU, pero es posible que no se convierta lo suficientemente r\u00e1pido para una experiencia de reproducci\u00f3n fluida. No todos los codificadores y decodificadores admiten subprocesos m\u00faltiples, por lo que esto puede tener un efecto en algunos casos pero no en otros.",
    "OptionMax": "M\u00e1ximo",
    "LabelTunerType": "Tipo de sintonizador:",
    "HeaderSetupTVGuide": "Configurar gu\u00eda de TV",
    "HeaderDefaultRecordingSettings": "Configuraci\u00f3n predeterminada de grabaci\u00f3n",
    "OptionEnableRecordingSubfolders": "Cree subcarpetas para categor\u00edas como Deportes, Ni\u00f1os, etc.",
    "HeaderSubtitles": "Subt\u00edtulos",
    "HeaderVideos": "V\u00eddeos",
    "LabelHardwareAccelerationType": "Aceleraci\u00f3n por hardware:",
    "LabelHardwareAccelerationTypeHelp": "Disponible s\u00f3lo en sistemas compatibles.",
    "HeaderAdmin": "Administrador",
    "HeaderCameraUpload": "Subidas de la c\u00e1mara",
    "ButtonClear": "Limpiar",
    "LabelFolder": "Carpeta:",
    "HeadersFolders": "Carpetas:",
    "LabelDisplayName": "Mostrar nombre:",
    "OptionDownloadImagesInAdvance": "Descargar im\u00e1genes con antelaci\u00f3n",
    "OptionDownloadImagesInAdvanceHelp": "De forma predeterminada, la mayor\u00eda de las im\u00e1genes solo se descargan cuando lo solicita una aplicaci\u00f3n Emby. Habilite esta opci\u00f3n para descargar todas las im\u00e1genes por adelantado, ya que se importan nuevos medios. Esto puede provocar exploraciones de bibliotecas significativamente m\u00e1s largas.",
    "DeleteImage": "Borrar Imagen",
    "MessageThankYouForSupporting": "Gracias por apoyar a Emby.",
    "FileReadCancelled": "La lectura del archivo se ha cancelado.",
    "FileNotFound": "Archivo no encontrado.",
    "FileReadError": "Se encontr\u00f3 un error al leer el archivo.",
    "PinCodeResetComplete": "El c\u00f3digo PIN se ha restablecido.",
    "PinCodeResetConfirmation": "\u00bfEst\u00e1 seguro que desea restablecer el c\u00f3digo PIN?",
    "HeaderPinCodeReset": "Restablecer c\u00f3digo PIN",
    "NoPluginConfigurationMessage": "Este complemento no tiene ajustes para configurar.",
    "NoPluginsInstalledMessage": "No tiene plugins instalados.",
    "BrowsePluginCatalogMessage": "Navegar el catalogo de plugins para ver los plugins disponibles.",
    "HeaderNewApiKey": "Nueva clave de API",
    "LabelAppName": "Nombre de la aplicaci\u00f3n",
    "LabelAppNameExample": "Ejemplo: Sickbeard, NzbDrone",
    "HeaderNewApiKeyHelp": "Conceda un permiso a la aplicaci\u00f3n para comunicarse con Emby Server.",
    "MessageKeyEmailedTo": "Clave enviada por email a {0}.",
    "HeaderConfirmation": "Confirmaci\u00f3n",
    "MessageKeyUpdated": "Gracias. Se actualiz\u00f3 la clave de Emby Premiere.",
    "MessageKeyRemoved": "Gracias. Se elimin\u00f3 su clave de Emby Premiere.",
    "TextEnjoyBonusFeatures": "Disfrute las funciones de bonificaci\u00f3n",
    "MessageErrorLoadingSupporterInfo": "Se produjo un error al cargar la informaci\u00f3n de Emby Premiere. Por favor, int\u00e9ntelo de nuevo m\u00e1s tarde.",
    "HeaderConfirmRemoveUser": "Quitar usuario",
    "ValueTimeLimitSingleHour": "L\u00edmite de tiempo: 1 hora",
    "ValueTimeLimitMultiHour": "L\u00edmite de tiempo: {0} horas",
    "General": "General",
    "HeaderScreenSavers": "Salvapantallas",
    "Notifications": "Notificaciones",
    "Metadata": "Metadatos",
    "Reporting": "Informes",
    "HeaderSearch": "Buscar",
    "ValueDateCreated": "Fecha de creaci\u00f3n: {0}",
    "LabelArtist": "Artista",
    "LabelMovie": "Pel\u00edcula",
    "LabelMusicVideo": "V\u00eddeo Musical",
    "LabelEpisode": "Episodio",
    "Series": "Series",
    "LabelStopping": "Deteniendo",
    "LabelCancelled": "Cancelado",
    "ButtonDownload": "Descargar",
    "HeaderDevices": "Dispositivos",
    "HeaderSelectCertificatePath": "Seleccione la ruta del certificado",
    "HeaderSupporterBenefit": "Una suscripci\u00f3n activa a Emby Premiere brinda beneficios adicionales como acceso a Emby DVR, medios sin conexi\u00f3n, complementos premium y m\u00e1s. {0}Obtenga m\u00e1s informaci\u00f3n{1}.",
    "HeaderSelectDevices": "Seleccionar dispositivos",
    "ButtonReenable": "Reactivar",
    "LabelAbortedByServerShutdown": "(Abortado por el apagado del servidor)",
    "LabelScheduledTaskLastRan": "\u00daltima ejecuci\u00f3n {0}, tardando {1}.",
    "HeaderDeleteTaskTrigger": "Eliminar activador de tareas",
    "MessageDeleteTaskTrigger": "\u00bfEst\u00e1 seguro de que desea eliminar este activador de tareas?",
    "MessageNoPluginsInstalled": "No tienes complementos instalados.",
    "MessageNoPluginsDueToAppStore": "Para administrar complementos, utilice la aplicaci\u00f3n web Emby.",
    "LabelVersionInstalled": "{0} instalado",
    "LabelNumberReviews": "{0} Rese\u00f1as",
    "LabelFree": "Gratis",
    "HeaderSelectAudio": "Seleccionar Audio",
    "HeaderSelectSubtitles": "Seleccionar Subt\u00edtulos",
    "LabelDefaultStream": "(Por defecto)",
    "LabelForcedStream": "(Forzado)",
    "LabelDefaultForcedStream": "(Por defecto\/Forzado)",
    "LabelUnknownLanguage": "Idioma desconocido",
    "LabelEnabled": "Activado",
    "LabelDisabled": "Desactivado",
    "Disabled": "Desactivado",
    "ButtonMoreInformation": "M\u00e1s informaci\u00f3n",
    "LabelNoUnreadNotifications": "No hay notificaciones sin leer.",
    "HeaderConfirmSeriesCancellation": "Confirmar la cancelaci\u00f3n de la serie",
    "HeaderConfirmRecordingDeletion": "Confirmar eliminaci\u00f3n de grabaci\u00f3n",
    "OptionWeekend": "Fines de semana",
    "OptionWeekday": "D\u00edas de la semana",
    "LiveTvUpdateAvailable": "(Actualizaci\u00f3n disponible)",
    "LabelVersionUpToDate": "\u00a1Actualizado!",
    "ButtonCancelSeries": "Cancelar serie",
    "HeaderSeriesRecordings": "Grabaciones de series",
    "LabelAnytime": "En cualquier momento",
    "StatusRecording": "Grabando",
    "StatusWatching": "Viendo",
    "StatusRecordingProgram": "Grabando {0}",
    "StatusWatchingProgram": "Viendo {0}",
    "HeaderSplitMedia": "Separar medios",
    "MessageConfirmSplitMedia": "\u00bfEst\u00e1 seguro de que desea dividir las fuentes de medios en elementos separados?",
    "HeaderError": "Error",
    "HeaderSelectServerCachePath": "Seleccione la ruta para la cach\u00e9 del servidor",
    "HeaderSelectTranscodingPath": "Seleccione la ruta temporal de transcodificaci\u00f3n",
    "HeaderSelectMetadataPath": "Seleccione la ruta para metadatos",
    "HeaderSelectServerCachePathHelp": "Busque o introduzca la ruta a utilizar para los archivos de cach\u00e9 del servidor. La carpeta debe tener permisos de escritura.",
    "HeaderSelectTranscodingPathHelp": "Busque o introduzca la ruta a utilizar para transcodificar archivos temporales. La carpeta debe tener permisos de escritura.",
    "HeaderSelectMetadataPathHelp": "Busque o ingrese la ruta en la que le gustar\u00eda almacenar los metadatos. La carpeta debe tener permisos de escritura.",
    "MessageFileWillBeDeleted": "Se eliminar\u00e1 el siguiente archivo:",
    "MessageSureYouWishToProceed": "\u00bfSeguro que desea continuar?",
    "MessageFollowingFileWillBeMovedFrom": "El siguiente archivo se mover\u00e1 desde:",
    "MessageDestinationTo": "hasta:",
    "HeaderRestart": "Reiniciar",
    "HeaderShutdown": "Apagar",
    "MessageConfirmRestart": "\u00bfEst\u00e1s seguro de que quieres reiniciar el servidor?",
    "MessageConfirmShutdown": "\u00bfEst\u00e1s seguro de que quieres apagar el servidor?",
    "ValueItemCount": "{0} elemento",
    "ValueItemCountPlural": "{0} elementos",
    "NewVersionOfSomethingAvailable": "\u00a1Hay disponible una nueva versi\u00f3n de {0}!",
    "VersionXIsAvailableForDownload": "La versi\u00f3n {0} ya est\u00e1 disponible para descargar.",
    "LabelVersionNumber": "Versi\u00f3n {0}",
    "LabelPlayMethodTranscoding": "Transcodificaci\u00f3n",
    "LabelPlayMethodDirectStream": "Streaming en directo",
    "LabelPlayMethodDirectPlay": "Reproducci\u00f3n directa",
    "LabelLocalAccessUrl": "Acceso en el hogar (LAN): {0}",
    "LabelRemoteAccessUrl": "Acceso remoto (WAN): {0}",
    "LabelRunningOnPort": "Se ejecuta en el puerto HTTP {0}.",
    "LabelRunningOnPorts": "Se ejecuta en el puerto HTTP {0}, y puerto HTTPS {1}.",
    "HeaderLatestFromChannel": "Lo \u00faltimo de {0}",
    "ButtonRemoteControl": "Control remoto",
    "HeaderLatestTvRecordings": "\u00daltimas grabaciones",
    "LabelCurrentPath": "Ruta actual:",
    "HeaderSelectMediaPath": "Seleccionar ruta para Medios",
    "HeaderSelectPath": "Seleccionar ruta",
    "ButtonNetwork": "Red",
    "MessageDirectoryPickerInstruction": "Las rutas de red se pueden introducir manualmente en caso de que el bot\u00f3n Red no pueda localizar sus dispositivos. Por ejemplo, {0} o {1}.",
    "MessageDirectoryPickerBSDInstruction": "Para BSD, es posible que deba configurar el almacenamiento dentro del Jail de FreeNAS para permitir que Emby acceda a \u00e9l.",
    "MessageDirectoryPickerLinuxInstruction": "Para Linux en Arch Linux, CentOS, Debian, Fedora, OpenSuse o Ubuntu, debe otorgar al usuario del sistema Emby al menos acceso de lectura a sus ubicaciones de almacenamiento.",
    "HeaderMenu": "Men\u00fa",
    "ButtonOpen": "Abrir",
    "ButtonShuffle": "Mezclar",
    "HeaderAudioTracks": "Pistas de audio",
    "HeaderLibraries": "Bibliotecas",
    "MessageErrorPlayingVideo": "Hubo un error al reproducir el v\u00eddeo.",
    "MessageEnsureOpenTuner": "Aseg\u00farese de que haya un sintonizador abierto disponible.",
    "ButtonReports": "Informes",
    "MetadataManager": "Administrador de metadatos",
    "HeaderTime": "Duraci\u00f3n",
    "LabelAddedOnDate": "A\u00f1adido {0}",
    "ButtonStart": "Inicio",
    "OptionBlockLiveTvChannels": "Canales de TV en directo",
    "OptionBlockChannelContent": "Contenido del canal de Internet",
    "ButtonRevoke": "Revocar",
    "MessageConfirmRevokeApiKey": "\u00bfEst\u00e1s seguro de que deseas revocar esta clave de API? La conexi\u00f3n de la aplicaci\u00f3n a Emby Server terminar\u00e1 abruptamente.",
    "HeaderConfirmRevokeApiKey": "Revocar clave API",
    "ValueContainer": "Contenedor: {0}",
    "ValueAudioCodec": "C\u00f3dec de audio: {0}",
    "ValueVideoCodec": "C\u00f3dec de v\u00eddeo: {0}",
    "ValueCodec": "C\u00f3dec: {0}",
    "ValueConditions": "Condiciones: {0}",
    "LabelAll": "Todo",
    "HeaderDeleteImage": "Eliminar imagen",
    "MessageFileNotFound": "Archivo no encontrado.",
    "ButtonNextPage": "P\u00e1gina siguiente",
    "ButtonPreviousPage": "P\u00e1gina anterior",
    "MessagePleaseAcceptTermsOfServiceBeforeContinuing": "Por favor, acepte los t\u00e9rminos de servicio antes de continuar.",
    "OptionOff": "Apagado",
    "OptionOn": "Encendido",
    "ButtonUninstall": "Desinstalar",
    "HeaderLiveTV": "TV en directo",
    "MissingPrimaryImage": "Falta la imagen principal.",
    "MissingBackdropImage": "Falta la imagen de fondo.",
    "MissingLogoImage": "Falta la imagen del logotipo.",
    "MissingEpisode": "Falta episodio.",
    "OptionBackdrops": "Im\u00e1genes de fondo",
    "OptionImages": "Im\u00e1genes",
    "OptionKeywords": "Palabras clave",
    "OptionTags": "Etiquetas",
    "OptionStudios": "Estudios",
    "OptionName": "Nombre",
    "OptionOverview": "Sinopsis",
    "OptionGenres": "G\u00e9neros",
    "OptionPeople": "Gente",
    "OptionBirthLocation": "Lugar de nacimiento",
    "HeaderChangeFolderType": "Cambiar el tipo de contenido",
    "HeaderChangeFolderTypeHelp": "Para cambiar el tipo, elimine y reconstruya la biblioteca con el nuevo tipo.",
    "HeaderAlert": "Alerta",
    "MessagePleaseRestart": "Por favor, reinicie para finalizar la actualizaci\u00f3n.",
    "ButtonHide": "Ocultar",
    "MessageSettingsSaved": "Ajustes guardados.",
    "TabLibrary": "Biblioteca",
    "TabLiveTV": "TV en directo",
    "TabPlugins": "Plugins",
    "TabHelp": "Ayuda",
    "HeaderNotifications": "Notificaciones",
    "HeaderSelectPlayer": "Seleccionar reproductor",
    "HeaderSpecials": "Especiales",
    "HeaderTrailers": "Tr\u00e1ilers",
    "HeaderResolution": "Resoluci\u00f3n",
    "HeaderRuntime": "Tiempo",
    "HeaderParentalRating": "Calificaci\u00f3n parental",
    "HeaderReleaseDate": "Fecha de lanzamiento",
    "HeaderSeries": "Series:",
    "HeaderSeason": "Temporada",
    "HeaderSeasonNumber": "Temporada n\u00famero",
    "HeaderNetwork": "Red",
    "HeaderYear": "A\u00f1o:",
    "HeaderEmbeddedImage": "Imagen",
    "OptionHomeVideos": "V\u00eddeos caseros y fotos",
    "OptionBooks": "Libros",
    "ButtonUp": "Arriba",
    "ButtonDown": "Abajo",
    "HeaderMetadataReaders": "Metadata Readers",
    "LabelMetadataReadersHelp": "Clasifique sus fuentes de metadatos locales preferidas en orden de prioridad. Se leer\u00e1 el primer archivo encontrado.",
    "HeaderSubtitleDownloaders": "Subtitle Downloaders",
    "SubtitleDownloadersHelp": "Habilite y clasifique sus descargadores de subt\u00edtulos preferidos en orden de prioridad. Se pueden instalar m\u00e1s proveedores de subt\u00edtulos utilizando el cat\u00e1logo de complementos de Emby.",
    "LabelMetadataDownloaders": "Descargadores de metadatos:",
    "LabelMetadataDownloadersHelp": "Habilite y clasifique sus descargadores de metadatos preferidos en orden de prioridad. Los descargadores de menor prioridad solo se utilizar\u00e1n para completar la informaci\u00f3n faltante.",
    "HeaderMetadataSavers": "Metadata Savers",
    "LabelMetadataSaversHelp": "Elija los formatos de archivo para guardar sus metadatos.",
    "LabelImageFetchers": "Buscador de im\u00e1genes:",
    "LabelImageFetchersHelp": "Habilite y clasifique sus buscadores de im\u00e1genes preferidos en orden de prioridad.",
    "PersonTypePerson": "Persona",
    "HeaderRemoveMediaLocation": "Quitar ubicaci\u00f3n de medios",
    "MessageConfirmRemoveMediaLocation": "\u00bfEst\u00e1s seguro de que quieres eliminar esta ubicaci\u00f3n?",
    "LabelNewName": "Nuevo nombre:",
    "HeaderRemoveMediaFolder": "Quitar carpeta de medios",
    "MessageTheFollowingLocationWillBeRemovedFromLibrary": "Las siguientes ubicaciones de medios se eliminar\u00e1n de su biblioteca Emby:",
    "MessageAreYouSureYouWishToRemoveMediaFolder": "\u00bfEst\u00e1s seguro de que quieres eliminar esta carpeta de medios?",
    "ButtonRename": "Renombrar",
    "ButtonChangeContentType": "Cambiar el tipo de contenido",
    "HeaderMediaLocations": "Ubicaciones de medios",
    "LabelContentTypeValue": "Tipo de contenido: {0}",
    "FolderTypeUnset": "Contenido mixto",
    "HeaderPluginInstallation": "Instalaci\u00f3n del complemento",
    "MessageAlreadyInstalled": "Esta versi\u00f3n ya est\u00e1 instalada.",
    "MessageYouHaveVersionInstalled": "Actualmente tiene la versi\u00f3n {0} instalada.",
    "MessageTrialExpired": "El per\u00edodo de prueba de esta funci\u00f3n ha expirado",
    "MessageTrialWillExpireIn": "El per\u00edodo de prueba de esta funci\u00f3n expira en {0} d\u00eda(s)",
    "MessageInstallPluginFromApp": "Este complemento debe instalarse desde la aplicaci\u00f3n en la que desea usarlo.",
    "ValuePriceUSD": "Precio: {0} (USD)",
    "MessageFeatureIncludedWithSupporter": "Est\u00e1 registrado para esta funci\u00f3n y podr\u00e1 seguir us\u00e1ndola con una suscripci\u00f3n activa a Emby Premiere.",
    "HeaderUnrated": "Sin clasificar",
    "HeaderUnknownDate": "Fecha desconocida",
    "HeaderUnknownYear": "A\u00f1o desconocido",
    "HeaderSelectExternalPlayer": "Seleccionar reproductor externo",
    "HeaderExternalPlayerPlayback": "Reproducci\u00f3n del reproductor externo",
    "OptionWatched": "Visto",
    "OptionUnwatched": "No visto",
    "LabelMarkAs": "Marcar como:",
    "OptionInProgress": "En progreso",
    "LabelResumePoint": "Punto de reanudaci\u00f3n:",
    "ValueOneTrailer": "1 tr\u00e1iler",
    "ValueTrailerCount": "{0} tr\u00e1ilers",
    "ValueSeriesYearToPresent": "{0} - Actualidad",
    "ValueAwards": "Premios: {0}",
    "ValuePremiered": "Estrenada {0}",
    "ValuePremieres": "Estrenos {0}",
    "ValueStudio": "Estudio: {0}",
    "ValueStudios": "Estudios: {0}",
    "ValueStatus": "Estado: {0}",
    "LabelLimit": "L\u00edmite:",
    "ValueLinks": "Enlaces: {0}",
    "ValueArtist": "Artista: {0}",
    "ValueArtists": "Artistas: {0}",
    "MediaInfoCameraMake": "C\u00e1mara",
    "MediaInfoCameraModel": "Modelo de c\u00e1mara",
    "MediaInfoAltitude": "Altitud",
    "MediaInfoAperture": "Apertura",
    "MediaInfoExposureTime": "Tiempo de exposici\u00f3n",
    "MediaInfoFocalLength": "Distancia focal",
    "MediaInfoOrientation": "Orientaci\u00f3n",
    "MediaInfoIsoSpeedRating": "Velocidad ISO",
    "MediaInfoLatitude": "Latitud",
    "MediaInfoLongitude": "Longitud",
    "MediaInfoShutterSpeed": "Velocidad del obturador",
    "MediaInfoSoftware": "Software",
    "TabExpert": "Experto",
    "HeaderSelectCustomIntrosPath": "Seleccionar ruta de Intros personalizadas",
    "HeaderThankYou": "Gracias",
    "ReleaseYearValue": "A\u00f1o de estreno: {0}",
    "TabExtras": "Extras",
    "DeviceLastUsedByUserName": "Utilizado por \u00faltima vez por {0}",
    "HeaderSelectUploadPath": "Seleccionar ruta de subida",
    "ErrorMessageStartHourGreaterThanEnd": "La hora de finalizaci\u00f3n debe ser mayor que la hora de inicio.",
    "ButtonLibraryAccess": "Acceso a la biblioteca",
    "ButtonParentalControl": "Control parental",
    "MessagePluginConfigurationRequiresLocalAccess": "Para configurar este complemento, inicie sesi\u00f3n en su servidor local directamente.",
    "HeaderCancelSyncJob": "Cancelar sincronizaci\u00f3n",
    "MovieLibraryHelp": "Consulta la {0}gu\u00eda de nombres de pel\u00edculas de Emby{1}.",
    "TvLibraryHelp": "Consulta la {0}gu\u00eda de nombres de Series de TV de Emby{1}.",
    "BookLibraryHelp": "Se admiten libros de texto. Consulta la {0}gu\u00eda de nombres de libros de Emby{1}.",
    "MessageGamePluginRequired": "Requiere la instalaci\u00f3n del complemento GameBrowser",
    "MessageUnsetContentHelp": "El contenido se mostrar\u00e1 como carpetas simples.",
    "ButtonNewServer": "Nuevo servidor",
    "ButtonRemote": "Remoto",
    "HeaderUnlockApp": "Desbloquear App",
    "HeaderUnlockSync": "Desbloquear sincronizaci\u00f3n Emby",
    "MessagePaymentServicesUnavailable": "Los servicios de pago no est\u00e1n disponibles actualmente. Por favor, int\u00e9ntalo m\u00e1s tarde.",
    "HeaderLibrary": "Biblioteca",
    "HeaderMedia": "Medios",
    "NoNewDevicesFound": "No se encontraron dispositivos nuevos. Para agregar un nuevo sintonizador, cierre este cuadro de di\u00e1logo e introduzca la informaci\u00f3n del dispositivo manualmente.",
    "ManageLibrary": "Gestionar biblioteca",
    "HeaderConfirm": "Confirmar",
    "MessageConfirmDeleteTunerDevice": "\u00bfEst\u00e1s seguro de que deseas eliminar este dispositivo?",
    "MessageConfirmDeleteGuideProvider": "\u00bfEst\u00e1 seguro de que desea eliminar este proveedor de gu\u00edas?",
    "HeaderDeleteProvider": "Eliminar proveedor",
    "ErrorAddingTunerDevice": "Hubo un error al agregar el dispositivo sintonizador. Por favor, aseg\u00farese de que sea accesible y vuelva a intentarlo.",
    "ErrorSavingTvProvider": "Hubo un error al guardar el proveedor de TV. Por favor, aseg\u00farese de que sea accesible y vuelva a intentarlo.",
    "ErrorGettingTvLineups": "Hubo un error al descargar la programaci\u00f3n de TV. Por favor, aseg\u00farese de que su informaci\u00f3n sea correcta y vuelva a intentarlo.",
    "MessageCreateAccountAt": "Crear una cuenta en {0}",
    "ErrorPleaseSelectLineup": "Por favor, selecciona una lista e int\u00e9ntalo de nuevo. Si no hay alineaciones disponibles, verifique que su nombre de usuario, contrase\u00f1a y c\u00f3digo postal sean correctos.",
    "HeaderTryEmbyPremiere": "Prueba Emby Premiere",
    "OptionEnableDisplayMirroring": "Activar duplicaci\u00f3n de pantalla",
    "ErrorValidatingSupporterInfo": "Hubo un error al validar su informaci\u00f3n de Emby Premiere. Por favor, int\u00e9ntelo de nuevo m\u00e1s tarde.",
    "LabelLocalSyncStatusValue": "Estado: {0}",
    "OptionBackdropSlideshow": "Presentaci\u00f3n de fondos",
    "HeaderTopPlugins": "Mejores complementos",
    "ButtonOther": "Otro",
    "ButtonMenu": "Men\u00fa",
    "ForAdditionalLiveTvOptions": "Explore el {0}cat\u00e1logo de complementos{1} de Emby para instalar proveedores de TV en directo adicionales.",
    "AddUser": "Agregar usuario",
    "HeaderEmailAddress": "Direcci\u00f3n de correo",
    "NumLocationsValue": "{0} carpetas",
    "ErrorAddingListingsToSchedulesDirect": "Hubo un error al agregar la alineaci\u00f3n a su cuenta de Schedules Direct. Schedules Direct solo permite un n\u00famero limitado de alineaciones por cuenta. Es posible que deba iniciar sesi\u00f3n en el sitio web de Schedules Direct y eliminar otros listados de su cuenta antes de continuar.",
    "PleaseAddAtLeastOneFolder": "Por favor, agregue al menos una carpeta a esta biblioteca haciendo clic en el bot\u00f3n Agregar.",
    "ErrorAddingMediaPathToVirtualFolder": "Se produjo un error al agregar la ruta del medio. Por favor, aseg\u00farese de que la ruta sea v\u00e1lida y que el proceso del servidor Emby tenga acceso a esa ubicaci\u00f3n.",
    "ErrorAddingEmbyConnectAccount3": "La cuenta Emby ya est\u00e1 vinculada a un usuario local existente. Una cuenta de Emby solo se puede vincular a un usuario local a la vez.",
    "HeaderConfirmPluginInstallation": "Confirmar la instalaci\u00f3n del complemento",
    "PleaseConfirmPluginInstallation": "Haga clic en Aceptar para confirmar que ha le\u00eddo lo anterior y desea continuar con la instalaci\u00f3n del complemento.",
    "MessagePluginInstallDisclaimer": "Los complementos creados por miembros de la comunidad de Emby son una excelente manera de mejorar su experiencia de Emby con caracter\u00edsticas y beneficios adicionales. Antes de la instalaci\u00f3n, tenga en cuenta los efectos que pueden tener en su servidor Emby, como exploraciones de biblioteca m\u00e1s largas, procesamiento en segundo plano adicional y disminuci\u00f3n de la estabilidad del sistema.",
    "TitleHardwareAcceleration": "Aceleraci\u00f3n por Hardware",
    "HardwareAccelerationWarning": "Habilitar la aceleraci\u00f3n de hardware puede causar inestabilidad en algunos entornos. Aseg\u00farese de que su sistema operativo y los controladores de video est\u00e9n completamente actualizados. Si tiene dificultades para reproducir video despu\u00e9s de habilitar esto, deber\u00e1 volver a cambiar la configuraci\u00f3n a Autom\u00e1tico.",
    "ValueExample": "Ejemplo: {0}",
    "LabelFileOrUrl": "Archivo o URL:",
    "OptionEnableForAllTuners": "Activar para todos los dispositivos sintonizadores",
    "HeaderTuners": "Sintonizadores",
    "LabelOptionalM3uUrl": "URL de m3u (opcional):",
    "LabelOptionalM3uUrlHelp": "Algunos dispositivos admiten una lista de canales M3U.",
    "TabResumeSettings": "Ajustes de reanudaci\u00f3n",
    "DrmChannelsNotImported": "Los canales con DRM no se importar\u00e1n.",
    "LabelAllowHWTranscoding": "Permitir transcodificaci\u00f3n por hardware",
    "AllowHWTranscodingHelp": "Si est\u00e1 habilitado, permite que el sintonizador transcodifique transmisiones sobre la marcha. Esto puede ayudar a reducir la transcodificaci\u00f3n requerida por Emby Server.",
    "MetadataSettingChangeHelp": "Cambiar los ajustes de metadatos afectar\u00e1 al contenido nuevo que se agregue en el futuro. Para actualizar el contenido existente, abra la pantalla de detalles y haga clic en el bot\u00f3n Actualizar, o realice actualizaciones masivas usando el administrador de metadatos.",
    "RecordingPathChangeMessage": "Cambiar su carpeta de grabaci\u00f3n no migrar\u00e1 las grabaciones existentes de la ubicaci\u00f3n anterior a la nueva. Deber\u00e1 moverlos manualmente si lo desea.",
    "LabelSportsCategories": "Categor\u00edas de deportes:",
    "XmlTvSportsCategoriesHelp": "Los programas con estas categor\u00edas se mostrar\u00e1n como programas deportivos. Separe varios con '|'.",
    "LabelNewsCategories": "Categor\u00edas de noticias:",
    "XmlTvNewsCategoriesHelp": "Los programas con estas categor\u00edas se mostrar\u00e1n como programas de noticias. Separe varios con '|'.",
    "LabelKidsCategories": "Categor\u00edas de ni\u00f1os:",
    "XmlTvKidsCategoriesHelp": "Los programas con estas categor\u00edas se mostrar\u00e1n como programas para ni\u00f1os. Separe varios con '|'.",
    "LabelMovieCategories": "Categor\u00edas de pel\u00edculas:",
    "XmlTvMovieCategoriesHelp": "Los programas con estas categor\u00edas se mostrar\u00e1n como pel\u00edculas. Separe varios con '|'.",
    "XmlTvPathHelp": "Una ruta a un archivo XML de TV. Emby leer\u00e1 este archivo y lo comprobar\u00e1 peri\u00f3dicamente en busca de actualizaciones. Eres responsable de crear y actualizar el archivo.",
    "LabelLocalIpAddress": "Direcci\u00f3n IP local:",
    "LabelBindToLocalNetworkAddressHelp": "Opcional. Anula la direcci\u00f3n IP local que Emby Server presentar\u00e1 a las aplicaciones Emby. Si se deja en blanco, el servidor detectar\u00e1 autom\u00e1ticamente la direcci\u00f3n IP local.",
    "SettingsWarning": "Cambiar estos valores puede causar inestabilidad o fallos de conectividad. Si experimenta alg\u00fan problema, le recomendamos que lo vuelva a cambiar a los valores predeterminados.",
    "MapChannels": "Asignar canales",
    "OptionSaveMetadataAsHiddenHelp": "Cambiar esto se aplicar\u00e1 a los nuevos metadatos guardados en el futuro. Los archivos de metadatos existentes se actualizar\u00e1n la pr\u00f3xima vez que Emby Server los guarde.",
    "EnablePhotos": "Habilitar fotos",
    "EnablePhotosHelp": "Las fotos se detectar\u00e1n y se mostrar\u00e1n junto con otros archivos multimedia.",
    "LabelMaxAudioFileBitrate": "Tasa de bit m\u00e1xima del archivo de audio:",
    "LabelMaxAudioFileBitrateHelp": "Emby Server convertir\u00e1 los archivos de audio con una tasa de bits m\u00e1s alta. Seleccione un valor m\u00e1s alto para una mejor calidad o un valor m\u00e1s bajo para conservar el espacio de almacenamiento local.",
    "SaveThumbnailImagesIntoMediaFolders": "Guardar miniaturas de vista previa de v\u00eddeo en carpetas multimedia",
    "LabelGenerateVideoPreviewThumbnails": "Generar miniaturas de vista previa de v\u00eddeo:",
    "LabelEnableDebugLogging": "Habilitar registro de depuraci\u00f3n",
    "OptionEnableExternalContentInSuggestions": "Habilitar contenido externo en sugerencias",
    "OptionEnableExternalContentInSuggestionsHelp": "Permite que los tr\u00e1ilers de Internet y los programas de TV en directo se incluyan en el contenido sugerido.",
    "LabelH264EncodingPreset": "Configuraci\u00f3n de codificaci\u00f3n H264:",
    "H264EncodingPresetHelp": "Elija un valor m\u00e1s r\u00e1pido para mejorar el rendimiento o un valor m\u00e1s lento para mejorar la calidad.",
    "LabelH264Crf": "CRF de codificaci\u00f3n H264:",
    "H264CrfHelp": "El factor de frecuencia constante (CRF) es la configuraci\u00f3n de calidad predeterminada para el codificador x264. Puede establecer los valores entre 0 y 51, donde los valores m\u00e1s bajos resultar\u00edan en una mejor calidad (a expensas de tama\u00f1os de archivo m\u00e1s altos). Los valores sanos est\u00e1n entre 18 y 28. El valor predeterminado para x264 es 23, por lo que puede usarlo como punto de partida.",
    "LabelOptionalNetworkPath": "Carpeta de red compartida (opcional) :",
    "LabelOptionalNetworkPathHelp": "Si esta carpeta se comparte en su red, proporcionar la ruta compartida de red puede permitir que las aplicaciones de Emby en otros dispositivos accedan directamente a los archivos multimedia.",
    "SynologyUpdateInstructions": "Inicie sesi\u00f3n en DSM y vaya al Centro de paquetes para actualizar.",
    "LabelMoviePrefix": "Prefijo de pel\u00edcula:",
    "LabelMoviePrefixHelp": "Si se aplica un prefijo a los t\u00edtulos de pel\u00edculas, introd\u00fazcalo aqu\u00ed para que Emby pueda manejarlo correctamente.",
    "HeaderRecordingPostProcessing": "Posprocesamiento de grabaci\u00f3n",
    "LabelPostProcessorArguments": "Argumentos de la l\u00ednea de comandos del posprocesado:",
    "LabelPostProcessorArgumentsHelp": "Utilice {path} como la ruta al archivo de grabaci\u00f3n.",
    "LabelPostProcessor": "Solicitud de posprocesamiento:",
    "ErrorAddingXmlTvFile": "Hubo un error al acceder al archivo XML de TV. Por favor, aseg\u00farese de que el archivo exista y vuelva a intentarlo.",
    "OptionAutomaticallyGroupSeries": "Fusionar autom\u00e1ticamente series distribuidas en varias carpetas",
    "OptionAutomaticallyGroupSeriesHelp": "Si est\u00e1 habilitado, las series que se distribuyen en varias carpetas dentro de esta biblioteca se fusionar\u00e1n autom\u00e1ticamente en una sola serie.",
    "WhenDidYouPurchaseApp": "\u00bfCu\u00e1ndo compraste esta aplicaci\u00f3n originalmente?",
    "PreferEmbeddedTitlesOverFileNames": "Preferir t\u00edtulos incrustados sobre nombres de archivo",
    "PreferEmbeddedTitlesOverFileNamesHelp": "Esto determina el t\u00edtulo de visualizaci\u00f3n predeterminado cuando no hay metadatos de Internet o metadatos locales disponibles.",
    "HeaderLiveTvTunerSetup": "Ajustes del sintonizador de TV",
    "HeaderTVSourceSetup": "Ajustes de fuente de TV",
    "HeaderDetectMyDevices": "Detectar mis dispositivos",
    "MessagePleaseWait": "Por favor, espere. Esto puede tardar un minuto.",
    "DetectingDevices": "Detectando dispositivos",
    "LabelAutomaticallyRefreshInternetMetadataEvery": "Despu\u00e9s de la importaci\u00f3n inicial, actualizar autom\u00e1ticamente metadatos desde Internet:",
    "Never": "Nunca",
    "EveryNDays": "Cada {0} d\u00edas",
    "HeaderNewDevices": "Nuevos dispositivos",
    "LabelCertificatePassword": "Contrase\u00f1a del certificado:",
    "LabelCertificatePasswordHelp": "Si su certificado requiere una contrase\u00f1a, introd\u00fazcala aqu\u00ed.",
    "LabelEnableHardwareDecodingFor": "Activar decodificaci\u00f3n por hardware para:",
    "EnableHardwareEncoding": "Activar codificaci\u00f3n por hardware",
    "Rate": "Valorar",
    "HeaderNewLibrary": "Nueva Biblioteca",
    "HttpsRequiresCert": "Para habilitar conexiones seguras, deber\u00e1 proporcionar un certificado SSL confiable, como Lets Encrypt. Proporcione un certificado o deshabilite las conexiones seguras.",
    "ServerRestartNeededAfterPluginInstall": "Emby Server deber\u00e1 reiniciarse despu\u00e9s de instalar un complemento.",
    "PluginInstalledMessage": "El complemento se ha instalado correctamente. Emby Server deber\u00e1 reiniciarse para que los cambios surtan efecto.",
    "Themes": "Temas",
    "MessagePremiereStatusGood": "Tienes un plan {0} Emby Premiere y el uso de tu dispositivo est\u00e1 dentro de tu l\u00edmite.",
    "MessagePremiereStatusClose": "Tienes un plan {0} Emby Premire, pero el uso de tus dispositivos est\u00e1 cerca del l\u00edmite.",
    "MessagePremiereExtendedPlans": "Considere un {0}plan de dispositivos extendido{1}",
    "MessagePremiereStatusOver": "Tienes un plan {0} Emby Premiere, pero est\u00e1s por encima del l\u00edmite de dispositivos.",
    "ListItemPremiereSub": "{0} la suscripci\u00f3n comprada a trav\u00e9s de {2} caduca el {1}",
    "LabelClickToCancel": "Haz clic para cancelar esta suscripci\u00f3n",
    "LabelCancelInfo": "Puedes gestionar la suscripci\u00f3n directamente con {0}",
    "LabelAlreadyCanceled": "Esta suscripci\u00f3n ha sido cancelada. La clave seguir\u00e1 siendo v\u00e1lida hasta que expire.",
    "HeaderCancelSub": "Cancelar Emby Premiere",
    "MessageConfirmSubCancel": "NO, Por favor, no te vayas... \u00a1Te vas a perder todas las funciones de Emby Premiere!",
    "ButtonCancelSub": "Lo s\u00e9, cancela de todos modos",
    "ButtonDontCancelSub": "Mantener Emby Premiere",
    "MessageSubCancelReqSent": "Se ha enviado un correo electr\u00f3nico al propietario de la clave. Siga las instrucciones en ese correo electr\u00f3nico para completar la cancelaci\u00f3n de esta suscripci\u00f3n. \u00a1Esperamos volver a verte pronto!",
    "MessageSubCancelError": "Algo ha ido mal al intentar cancelar. Por favor, env\u00ede un correo electr\u00f3nico a {0} y lo solucionaremos.",
    "LabelAlreadyCancelled": "Esta suscripci\u00f3n ha sido cancelada. No se le cobrar\u00e1 nuevamente, pero las funciones estar\u00e1n disponibles hasta la fecha de arriba.",
    "AllowOnTheFlySubtitleExtraction": "Permitir la extracci\u00f3n de subt\u00edtulos sobre la marcha",
    "AllowOnTheFlySubtitleExtractionHelp": "Los subt\u00edtulos incrustados se pueden extraer de los v\u00eddeos y enviarlos a las aplicaciones Emby en texto sin formato para ayudar a prevenir la transcodificaci\u00f3n de v\u00eddeos. En algunos sistemas, esto puede llevar mucho tiempo y hacer que la reproducci\u00f3n de v\u00eddeo se detenga durante el proceso de extracci\u00f3n. Desactive esta opci\u00f3n para que los subt\u00edtulos incrustados se graben con la transcodificaci\u00f3n de v\u00eddeo cuando el dispositivo cliente no los admite de forma nativa.",
    "ButtonStopRecording": "Detener Grabaci\u00f3n",
    "EnableDebugLoggingHelp": "El registro de depuraci\u00f3n solo debe habilitarse seg\u00fan sea necesario para solucionar problemas. El mayor acceso al sistema de archivos puede impedir que la maquina servidor pueda entrar modo suspensi\u00f3n en algunos entornos.",
    "LabelSimultaneousConnectionLimit": "L\u00edmite de transmisiones simult\u00e1neas:",
    "SimultaneousConnectionLimitHelp": "N\u00famero m\u00e1ximo de transmisiones simult\u00e1neas permitidas. Introduzca 0 para no tener l\u00edmite.",
    "LaunchWebAppOnStartup": "Iniciar la aplicaci\u00f3n web Emby en mi navegador cuando Emby Server sea iniciado",
    "LaunchWebAppOnStartupHelp": "Esto abrir\u00e1 la aplicaci\u00f3n web en su navegador web predeterminado cuando Emby Server se inicie. Esto no ocurrir\u00e1 cuando se utilice la funci\u00f3n de reinicio del servidor.",
    "LabelReferrerHeader": "Cabecera HTTP de referencia:",
    "LabelUserAgentHeader": "Cabecera HTTP del Agente de usuario:",
    "SupplyCustomValueIfNeeded": "Proporcione un valor de encabezado http personalizado, si es necesario.",
    "HeaderConfigureRemoteAccess": "Configurar acceso remoto",
    "LearnHowToCreateSynologyShares": "Aprenda a compartir carpetas en Synology",
    "LabelAllowedRemoteAddresses": "Filtro de direcci\u00f3n IP remota:",
    "LabelAllowedRemoteAddressesMode": "Modo de filtro de direcci\u00f3n IP remota:",
    "Whitelist": "Lista blanca",
    "Blacklist": "Lista negra",
    "AllowedRemoteAddressesHelp": "Lista de direcciones IP separada por comas o entradas de IP \/ m\u00e1scara de red para redes a las que se les permitir\u00e1 conectarse de forma remota. Si se deja en blanco, se permitir\u00e1n todas las direcciones remotas.",
    "LabelLanNetworks": "Redes de \u00e1rea local (LAN):",
    "LanNetworksHelp": "Lista de direcciones IP separadas por comas o entradas de IP \/ m\u00e1scara de red para redes que se considerar\u00e1n en la red local al imponer restricciones de ancho de banda. Si se establece, todas las dem\u00e1s direcciones IP se considerar\u00e1n en la red externa y estar\u00e1n sujetas a las restricciones de ancho de banda externo. Si se deja en blanco, solo la subred del servidor y las subredes IP privadas comunes (10.0.0.0\/8, 192.168.0.0\/24, etc.) se consideran en la red local.",
    "LabelSecureConnectionsMode": "Modo de conexi\u00f3n segura:",
    "PreferredNotRequired": "Preferente, pero no necesario",
    "RequiredForAllRemoteConnections": "Necesario para todas las conexiones remotas",
    "HandledByProxy": "Gestionado por proxy inverso",
    "SaveSubtitlesIntoMediaFolders": "Guardar los subt\u00edtulos en carpetas multimedia",
    "SaveSubtitlesIntoMediaFoldersHelp": "El almacenamiento de subt\u00edtulos junto a los archivos de v\u00eddeo permitir\u00e1 administrarlos m\u00e1s f\u00e1cilmente.",
    "AutomaticSubtitleDownloadInstructions": "Para gestionar la descarga autom\u00e1tica de subt\u00edtulos, haga clic en la configuraci\u00f3n de la biblioteca Emby y edite la configuraci\u00f3n de descarga de subt\u00edtulos para esa biblioteca.",
    "OpenSubtitleInstructions": "Necesitar\u00e1s configurar la informaci\u00f3n de la cuenta de Open Subtitles en la pantalla de configuraci\u00f3n de Open Subtitles en el panel de control de Emby Server.",
    "LabelEnableHardwareAcceleration": "Habilitar aceleraci\u00f3n por hardware cuando est\u00e9 disponible:",
    "HeaderPreferredHardwareDecoders": "Decodificadores de hardware preferidos",
    "HeaderPreferredHardwareEncoders": "Codificadores de hardware preferidos",
    "AllowChangingImageAndPassword": "Permitir que este usuario cambie su contrase\u00f1a e imagen de perfil",
    "LabelTranscodeBuffer": "Buffer para transcodificaci\u00f3n:",
    "LabelTranscodePosition": "Posici\u00f3n para transcodificaci\u00f3n:",
    "LabelPlaybackPosition": "Posici\u00f3n de reproducci\u00f3n:",
    "LabelSimultaneousStreamLimit": "M\u00e1ximo de transmisiones de v\u00eddeo simult\u00e1neas:",
    "SimultaneousStreamLimitHelp": "Limita el n\u00famero de sesiones simultaneas de reproducci\u00f3n de v\u00eddeo.",
    "LabelMusicFolderStructure": "Estructura de carpeta de m\u00fasica:",
    "LabelMusicFolderStructureHelp": "Esto proporciona una pista para el esc\u00e1ner de la biblioteca sobre la forma en que est\u00e1n organizadas sus carpetas. Si no est\u00e1 seguro o si sus carpetas no coinciden exactamente con una de las opciones, seleccione la opci\u00f3n predeterminada Otro.",
    "OtherOrUnstructured": "Otro o no estructurado",
    "PerfectArtistAlbumTrack": "Perfectamente organizado en carpetas de artistas\/\u00e1lbumes, con pistas directamente en las carpetas de \u00e1lbumes.",
    "PerfectAlbumTrack": "Perfectamente organizado en carpetas de \u00e1lbumes, con pistas directamente en las carpetas de \u00e1lbumes.",
    "LiveTVServiceIntegrationHelp": "Consulte nuestra gu\u00eda sobre {0}integraci\u00f3n {1} en Emby{2}.",
    "LabelMinCollectionSize": "Tama\u00f1o m\u00ednimo autom\u00e1tico de la colecci\u00f3n:",
    "MinCollectionSizeHelp": "Cree colecciones autom\u00e1ticamente cuando tenga al menos el n\u00famero seleccionado de t\u00edtulos en su biblioteca. Cambiar este valor no afectar\u00e1 las colecciones existentes.",
    "LabelImportCollections": "Importar informaci\u00f3n de colecci\u00f3n",
    "LabelImportCollectionsHelp": "Cuando est\u00e1 habilitado, esto importar\u00e1 la informaci\u00f3n de la colecci\u00f3n de sus lectores y descargadores de metadatos habilitados. Esto puede provocar la creaci\u00f3n autom\u00e1tica de colecciones no deseadas. La desactivaci\u00f3n evitar\u00e1 que las colecciones futuras se creen autom\u00e1ticamente, pero no eliminar\u00e1 las existentes.",
    "LabelAllowAdultMetadata": "Permitir metadatos para adultos",
    "LabelAllowAdultMetadataHelp": "Permita que los t\u00edtulos de adultos coincidan cuando busque metadatos de Internet.",
    "HeaderVideoPreviewThumbnails": "Miniaturas de vista previa de video",
    "LabelEnableHDRToneMapping": "Habilitar mapeo de tono HDR:",
    "EnableHDRToneMappingHelp": "El mapeo de tonos asegurar\u00e1 la conversi\u00f3n de color correcta al transcodificar contenido HDR, que de lo contrario aparecer\u00e1 muy atenuado y desaturado. Es posible que se necesiten componentes de controlador adicionales para admitir la aceleraci\u00f3n de hardware con esta funci\u00f3n habilitada. Consulte nuestra gu\u00eda de configuraci\u00f3n de aceleraci\u00f3n de hardware para obtener m\u00e1s detalles.",
    "WithHardwareAcceleratedTranscoding": "S\u00ed, solo con aceleraci\u00f3n de hardware",
    "TranscodingStillInitializing": "Los servicios de transcodificaci\u00f3n de Emby Server todav\u00eda est\u00e1n ocupados inici\u00e1ndose. Esta pantalla se actualizar\u00e1 autom\u00e1ticamente cuando los servicios de transcodificaci\u00f3n est\u00e9n listos",
    "WithSoftwareTranscoding": "S\u00ed, con transcodificaci\u00f3n de software forzada",
    "WithEitherHardwareOrSoftwareTranscoding": "S\u00ed, con transcodificaci\u00f3n de hardware o software",
    "ToneMappingInHardwareDescription": "El mapeo de tonos se realizar\u00e1 con aceleraci\u00f3n de hardware cuando est\u00e9 habilitado y sea compatible con el hardware, y se omitir\u00e1 en todos los dem\u00e1s casos.",
    "ToneMappingInSoftwareDescription": "La CPU realizar\u00e1 el mapeo de tonos en el software. Esto es mucho m\u00e1s lento que el mapeo de tonos acelerado por hardware y requerir\u00e1 una m\u00e1quina servidor muy potente.",
    "ToneMappingInBothDescription": "El mapeo de tonos se realizar\u00e1 con aceleraci\u00f3n de hardware cuando est\u00e9 habilitado y sea compatible con el hardware, y recurrir\u00e1 al software en todos los dem\u00e1s casos. El mapeo de tonos en el software es mucho m\u00e1s lento que el mapeo de tonos acelerado por hardware y requerir\u00e1 una m\u00e1quina servidor muy potente.",
    "AutoMapped": "Mapeado autom\u00e1ticamente",
    "ManuallyMapped": "Mapeado manualmente",
    "NotMappedToGuideData": "No mapeado para datos de la gu\u00eda",
    "MappedToValue": "Mapeado a {0}",
    "LabelAutomaticallyWakeServerForRecordings": "Automatically wake the server machine to perform recordings",
    "LabelAutomaticallyWakeServerForRecordingsHelp": "Wake events will be scheduled with the server operating system. Disabling this option will prevent future wake events from being scheduled but will not remove any previously scheduled events.",
    "Database": "Database",
    "LabelOptimizeDatabaseOnShutdown": "Attempt to optimize the database on server shutdowns",
    "LabelOptimizeDatabaseOnShutdownHelp": "The database optimize operation is usually a no-op but it will occasionally run an analysis if it seems like doing so will be useful to the query planner. This may cause Emby Server to take longer to shutdown.",
    "LabelDatabaseCacheSize": "Database cache size (MB)",
    "LabelDatabaseCacheSizeHelp": "Sets the amount of data that the database will hold in memory at once, per database file. A larger value may help improve Emby Server performance. Requires a server restart to take effect.",
    "LabelDatabaseAnalysisLimit": "Analysis row limit",
    "LabelDatabaseAnalysisLimitHelp": "When the database is optimized, this is the approximate number of rows examined in each index by the ANALYZE command. A larger value will increase the effectiveness of the database optimization, but may cause Emby Server to take longer to shutdown.",
    "LabelVacuumDb": "Vacuum the database on the next Emby Server startup",
    "LabelVacuumDbHelp": "The vacuum command rebuilds the database file, repacking it into a minimal amount of disk space. In some cases this may improve Emby Server performance. Please note that your Emby Server will not be usable during the time of the vacuum operation, nor will there be any way to monitor the progress of the vacuum. Please avoid force closing the Emby Server process during this time as it may lead to database corruption. This is a one-time operation and this option will revert to unchecked on the next server startup.",
    "AdvancedOptionsWarning": "These are advanced options and should generally be left at defaults unless you have a reason to change them."
}