{
    "LabelFinish": "Lopeta",
    "LabelYoureDone": "Olet valmis!",
    "ThisWizardWillGuideYou": "T\u00e4m\u00e4 velho opastaa sinua asennuksen aikana. Aloittaaksesi valitse haluamasi kieli.",
    "HeaderCreateYourFirstUser": "Luo ensimm\u00e4inen k\u00e4ytt\u00e4j\u00e4",
    "ButtonQuickStartGuide": "Pikaopas",
    "MoreUsersCanBeAddedLater": "K\u00e4ytt\u00e4ji\u00e4 voi my\u00f6hemmin lis\u00e4t\u00e4 palvelimen hallintapaneelista.",
    "UserProfilesIntro": "Embyss\u00e4 on sis\u00e4\u00e4nrakennettu tuki k\u00e4ytt\u00e4j\u00e4profiileille, jolloin jokaisella k\u00e4ytt\u00e4j\u00e4ll\u00e4 on omat n\u00e4ytt\u00f6asetukset, toistotila ja lapsilukko.",
    "WizardCompleted": "T\u00e4ss\u00e4 kaikki mit\u00e4 tarvitsemme nyt. Emby on alkanut ker\u00e4t\u00e4 tietoja mediakirjastostasi. Tutustu joihinkin sovelluksiimme ja napsauta \"Valmis\" siirty\u00e4ksesi palvelimen hallintapaneeliin.",
    "HeaderTermsOfService": "Embyn k\u00e4ytt\u00f6ehdot",
    "MessagePleaseAcceptTermsOfService": "Hyv\u00e4ksy k\u00e4ytt\u00f6ehdot ja tietosuojak\u00e4yt\u00e4nt\u00f6 ennen kuin jatkat.",
    "OptionIAcceptTermsOfService": "Hyv\u00e4ksyn k\u00e4ytt\u00f6ehdot",
    "HeaderGuideDataSetup": "Ohjelmaoppaan m\u00e4\u00e4ritys",
    "LabelGuideSource": "Ohjelmaoppaan l\u00e4hde:",
    "SeeOurHwaGuide": "Tutustu laitteistokiihdytyksen {0}k\u00e4ytt\u00f6oppaaseen{1}.",
    "HeaderEmbyServerReleaseNotes": "Palvelimen julkaisutiedot",
    "AllowSubtitleDownloading": "Salli tekstitysten lataus",
    "AllowSubtitleManagement": "Salli olemassa olevien tekstitystiedostojen poisto",
    "NewUserNameHelp": "N\u00e4in k\u00e4ytt\u00e4j\u00e4 n\u00e4kyy palvelimellasi.",
    "ChapterMarkers": "Kappalemerkit",
    "LabelThumbnailImagesInterval": "Esikatselukuvien aikav\u00e4lit:",
    "ThumbnailImagesIntervalHelp": "Useampien kuvien luonti tarjoaa paremman kokemuksen, mutta se vaatii enemm\u00e4n levytilaa ja aikaa kuvien luontiin.",
    "LabelAuthProvider": "Todennuksen tarjoaja:",
    "AuthProviderHelp": "J\u00e4rjestelm\u00e4nvalvojat k\u00e4ytt\u00e4v\u00e4t aina Embyn oletustodennusta, jolla varmistetaan, ettet koskaan joudu lukituksi ulos.",
    "HeaderNewUser": "Uusi k\u00e4ytt\u00e4j\u00e4",
    "ChangeServerDisplayName": "Vaihda palvelimen n\u00e4ytt\u00f6nimi",
    "GetServerInfo": "Hae palvelimen tiedot",
    "LabelPinCode": "PIN-koodi:",
    "ShowAdvancedSettings": "N\u00e4yt\u00e4 lis\u00e4asetukset",
    "ChangingMetadataImageSettingsNewContent": "Metatietojen tai mediakuvituksen latausasetusten muutokset koskevat vain kirjastoon lis\u00e4tty\u00e4 uutta sis\u00e4lt\u00f6\u00e4. Jos haluat soveltaa muutoksia aiemmin lis\u00e4ttyyn sis\u00e4lt\u00f6\u00f6n, sinun on p\u00e4ivitett\u00e4v\u00e4 metatiedot manuaalisesti.",
    "AllowRemoteAccess": "Salli et\u00e4yhteydet t\u00e4h\u00e4n palvelimeen.",
    "AllowRemoteAccessHelp": "Jos ei valittu, kaikki et\u00e4yhteydet estet\u00e4\u00e4n.",
    "Alerts": "H\u00e4lytykset",
    "LabelTrackTitleDisplay": "Upotettu kappaleen nimin\u00e4ytt\u00f6:",
    "GenerateUserFriendlyTrackTitles": "Luo k\u00e4ytt\u00e4j\u00e4yst\u00e4v\u00e4lliset nimet kappaleiden tiedoista",
    "PreferOriginalTrackTitles": "Suosi upotettuja nimi\u00e4",
    "TrackTitleDisplayHelp": "Valitse \u00e4\u00e4ni- ja tekstitysraitojen otsikon ensisijainen l\u00e4hde. Upotettuja tietoja ei suositella, ellet hallitse niit\u00e4 itse.",
    "EnableTranscodingThrottle": "K\u00e4yt\u00e4 dynaamista nopeuden s\u00e4\u00e4t\u00f6\u00e4",
    "EnableTranscodingThrottleHelp": "Dynaaminen nopeuden s\u00e4\u00e4t\u00f6 muuttaa transkoodausnopeutta automaattisesti palvelimen prosessorin kuormituksen minimoimiseksi toiston aikana.",
    "HeaderTypeMetadataDownloaders": "{0} metatietol\u00e4hteet",
    "HeaderTypeImageFetchers": "{0} kuval\u00e4hteet",
    "HeaderImageOptions": "Kuva-asetukset",
    "OptionBeta": "Beta",
    "HeaderTaskTriggers": "Teht\u00e4vien k\u00e4yt\u00e4nn\u00f6t",
    "Paths": "Sijainnit",
    "CategorySync": "Synkronointi",
    "RegisterWithPayPal": "Rekister\u00f6i PayPalin kautta",
    "LabelSyncTempPath": "V\u00e4liaikaistiedoston polku:",
    "LabelSyncTempPathHelp": "M\u00e4\u00e4rit\u00e4 synkronointit\u00f6ille oma kansio, jonne median muunnoksesta syntyv\u00e4 tiedosto v\u00e4liaikaisesti tallennetaan.",
    "LabelCustomCertificatePath": "Oman SSL-varmenteen polku:",
    "LabelCustomCertificatePathHelp": "Varmenteen ja yksityisen avaimen sis\u00e4lt\u00e4v\u00e4n PKCS #12 -tiedoston sijainti, jotta TLS-tuki voidaan sallia omalle verkkotunnukselle.",
    "HeaderSetupLibrary": "M\u00e4\u00e4rit\u00e4 mediakirjastot",
    "LabelTimeLimitHours": "Aikaraja (tuntia):",
    "HeaderPreferredMetadataLanguage": "Metatietojen ensisijainen kieli",
    "LabelSaveLocalMetadata": "Tallenna mediakuvitus mediakansioihin",
    "LabelSaveLocalMetadataHelp": "Kuvat tallennetaan mediatiedostojen kansioihin helppoa s\u00e4ilytyst\u00e4 ja muokkausta varten. T\u00e4m\u00e4 mahdollistaa niiden hy\u00f6dynt\u00e4misen my\u00f6s muissa sovelluksissa.",
    "TabPassword": "Salasana",
    "TabLibraryAccess": "Kirjastojen k\u00e4ytt\u00f6oikeudet",
    "TabAccess": "K\u00e4ytt\u00f6oikeudet",
    "TabProfile": "Profiili",
    "TabMetadata": "Metatiedot",
    "HeaderDeviceAccess": "Laitteiden k\u00e4ytt\u00f6oikeudet",
    "OptionEnableAccessFromAllDevices": "Salli kaikkien laitteiden k\u00e4ytt\u00f6",
    "OptionEnableAccessToAllChannels": "Salli kaikkien kanavien k\u00e4ytt\u00f6",
    "OptionEnableAccessToAllLibraries": "Salli kaikkien kirjastojen k\u00e4ytt\u00f6",
    "DeviceAccessHelp": "K\u00e4ytt\u00e4j\u00e4lt\u00e4 estet\u00e4\u00e4n kirjatuminen uusista sijainneista. Uusi sijainti lis\u00e4t\u00e4\u00e4n listaan ja voidaan aktivoida k\u00e4ytt\u00f6\u00f6n, kun k\u00e4ytt\u00e4j\u00e4 on siihen yritt\u00e4nyt ensimm\u00e4isen kerran kirjautua.",
    "LabelDisplayMissingEpisodesWithinSeasons": "N\u00e4yt\u00e4 kausien puuttuvat jaksot",
    "LabelDisplayMissingEpisodesWithinSeasonsHelp": "T\u00e4m\u00e4n t\u00e4ytyy olla valittuna my\u00f6s palvelimella, televisiokirjastojen asetuksissa.",
    "ImportMissingEpisodesHelp": "Jos t\u00e4m\u00e4 on k\u00e4yt\u00f6ss\u00e4, tietoja puuttuvista jaksoista tuodaan Embyn tietokantaan ja n\u00e4ytet\u00e4\u00e4n kausissa ja sarjoissa. T\u00e4m\u00e4 saattaa aiheuttaa huomattavasti pidemm\u00e4t kirjaston tarkistukset.",
    "MessageEnablingOptionLongerScans": "T\u00e4m\u00e4n valinnan k\u00e4ytt\u00f6 saattaa aiheuttaa huomattavasti pidemm\u00e4t kirjaston tarkistukset.",
    "TabSecurity": "Turvallisuus",
    "ButtonSave": "Tallenna",
    "LabelUrl": "URL:",
    "HeaderCreatePassword": "Luo salasana",
    "LabelMaxParentalRating": "Suurin sallittu ik\u00e4rajaluokitus:",
    "MaxParentalRatingHelp": "Suuremman luokituksen sis\u00e4lt\u00f6 piilotetaan t\u00e4lt\u00e4 k\u00e4ytt\u00e4j\u00e4lt\u00e4.",
    "LibraryAccessHelp": "Valitse mediasijainnit, jotka tahdot jakaa t\u00e4lle k\u00e4ytt\u00e4j\u00e4lle. J\u00e4rjestelm\u00e4nvalvojat voivat muokata kaikkia kansioita metatietojen hallinnan avulla.",
    "ChannelAccessHelp": "Valitse kanavat, jotka tahdot jakaa t\u00e4lle k\u00e4ytt\u00e4j\u00e4lle. J\u00e4rjestelm\u00e4nvalvojat voivat muokata kaikkia kanavia metatietojen hallinnan avulla.",
    "LabelSelectUsers": "Valitse k\u00e4ytt\u00e4j\u00e4t:",
    "ImageUploadAspectRatioHelp": "Suositeltava kuvasuhde on 1:1. Vain JPG\/PNG.",
    "AlreadyPaidHelp1": "Jos olet jo ostanut entisen Media Browser -sovelluksen Android-version, sinun ei tarvitse maksaa t\u00e4st\u00e4 sovelluksesta uudelleen. Klikkaa \"Ok\" l\u00e4hett\u00e4\u00e4ksesi meille s\u00e4hk\u00f6postiviestin osoitteeseen {0} niin aktivoimme sovelluksen.",
    "AlreadyPaidHelp2": "Onko sinulla jo Emby Premiere? Peruuta t\u00e4m\u00e4 valintaikkuna ja m\u00e4\u00e4rit\u00e4 Emby Premiere -avaimesi palvelimen ohjauspaneelissa, kohdasta \"Emby Premiere\". Jos olet h\u00e4vitt\u00e4nyt koodin, voit my\u00f6s pyyt\u00e4\u00e4 sen t\u00e4\u00e4lt\u00e4 s\u00e4hk\u00f6postiisi.",
    "TabMyPlugins": "Laajennukseni",
    "TabCatalog": "Luettelo",
    "HeaderAutomaticUpdates": "Automaattiset p\u00e4ivitykset",
    "Standard": "Vakio",
    "TabAdvanced": "Lis\u00e4asetukset",
    "TabGeneral": "Yleiset",
    "TitleSupport": "Tuki",
    "TabAbout": "Tietoja",
    "TabSupporterKey": "Emby Premiere -avain",
    "TabBecomeSupporter": "Tilaa Emby Premiere",
    "TabEmbyPremiere": "Emby Premiere",
    "OptionHideUserLocal": "Piilota k\u00e4ytt\u00e4j\u00e4 kirjautumisesta k\u00e4ytett\u00e4ess\u00e4 l\u00e4hiverkkoa",
    "OptionHideUserRemote": "Piilota k\u00e4ytt\u00e4j\u00e4 kirjautumisesta k\u00e4ytett\u00e4ess\u00e4 k\u00e4ytett\u00e4ess\u00e4 et\u00e4yhteytt\u00e4",
    "OptionHideUserFromLoginHelp": "Hy\u00f6dyllinen yksityisille tai piilotetuille p\u00e4\u00e4k\u00e4ytt\u00e4j\u00e4tileille. K\u00e4ytt\u00e4j\u00e4n on kirjauduttava sis\u00e4\u00e4n manuaalisesti antamalla k\u00e4ytt\u00e4j\u00e4tunnus ja salasana.",
    "HideFromUnusedDevices": "Piilota k\u00e4ytt\u00e4j\u00e4 kirjautumisesta laitteilla, joille he eiv\u00e4t ole aiemmin kirjautuneet",
    "OptionDisableUser": "Kytke t\u00e4m\u00e4 k\u00e4ytt\u00e4j\u00e4 pois k\u00e4yt\u00f6st\u00e4",
    "OptionDisableUserHelp": "Palvelin ei salli yhteyksi\u00e4 t\u00e4lt\u00e4 k\u00e4ytt\u00e4j\u00e4lt\u00e4. Aktiiviset yhteydet katkaistaan v\u00e4litt\u00f6m\u00e4sti.",
    "ButtonHelp": "Apua",
    "OptionAllowUserToManageServer": "Salli t\u00e4m\u00e4n k\u00e4ytt\u00e4j\u00e4n hallita palvelinta",
    "HeaderFeatureAccess": "Ominaisuuksien k\u00e4ytt\u00f6",
    "OptionAllowMediaPlayback": "Salli median toisto",
    "OptionAllowBrowsingLiveTv": "Salli Live TV -k\u00e4ytt\u00f6",
    "AllLibraries": "Kaikki kirjastot",
    "HeaderAllowMediaDeletionFrom": "Salli median poisto kirjastoista",
    "AllowDeletionFromAll": "Salli median poisto kaikista kirjastoista",
    "OptionAllowManageLiveTv": "Salli televisiotallenteiden hallinta",
    "OptionAllowRemoteControlOthers": "Salli muiden k\u00e4ytt\u00e4jien et\u00e4ohjaus",
    "OptionAllowRemoteSharedDevices": "Salli jaettujen laitteiden et\u00e4ohjaus",
    "OptionAllowRemoteSharedDevicesHelp": "DLNA-laitteita pidet\u00e4\u00e4n jaettuina, kunnes k\u00e4ytt\u00e4j\u00e4 aloittaa niiden k\u00e4yt\u00f6n.",
    "OptionAllowLinkSharing": "Salli jako sosiaalisessa mediassa",
    "OptionAllowLinkSharingHelp": "Vain mediatietoja sis\u00e4lt\u00e4v\u00e4t verkkosivut jaetaan. Mediatiedostoja ei koskaan jaeta julkisesti. Jaot ovat m\u00e4\u00e4r\u00e4aikaisia ja p\u00e4\u00e4ttyv\u00e4t {0} p\u00e4iv\u00e4n kuluttua.",
    "OptionMissingTmdbId": "TMDb ID puuttuu",
    "OptionIsHD": "HD",
    "OptionIsSD": "SD",
    "ButtonSelect": "Valitse",
    "HeaderCredits": "Kiitokset",
    "PleaseSupportOtherProduces": "Tue my\u00f6s k\u00e4ytt\u00e4mi\u00e4mme ilmaisia tuotteita, kiitos:",
    "VersionNumber": "Versio {0}",
    "TabPaths": "Sijainnit",
    "Cache": "V\u00e4limuisti",
    "TabServer": "Palvelin",
    "OptionRelease": "Virallinen Julkaisu",
    "LabelAllowServerAutoRestart": "K\u00e4ynnist\u00e4 palvelin automaattisesti uudelleen p\u00e4ivitysten viimeistelemiseksi",
    "LabelAllowServerAutoRestartHelp": "Uudelleenk\u00e4ynnistys tapahtuu vain palvelimen ollessa k\u00e4ytt\u00e4m\u00e4tt\u00f6m\u00e4n\u00e4, ilman aktiivisia k\u00e4ytt\u00e4ji\u00e4.",
    "LabelRunServerAtStartup": "Suorita kun laite k\u00e4ynnistyy",
    "LabelRunServerAtStartupHelp": "T\u00e4m\u00e4 k\u00e4ynnist\u00e4\u00e4 palvelimen automaattisesti Windowsin k\u00e4ynnistyess\u00e4. Jos palvelin on m\u00e4\u00e4ritetty Windowsin palveluksi, \u00e4l\u00e4 valitse t\u00e4t\u00e4, vaan muuta palvelu suoritettavaksi k\u00e4ynnistyksen yhteydess\u00e4 (Windowsin palvelunhallinnan kautta).",
    "ButtonSelectDirectory": "Valitse kansio",
    "LabelCachePath": "V\u00e4limuistin sijainti:",
    "DefaultMetadataLangaugeDescription": "N\u00e4m\u00e4 ovat oletusasetukset, joita on mahdollista muokata my\u00f6s kirjastokohtaisesti.",
    "LabelCachePathHelp": "M\u00e4\u00e4rit\u00e4 oma sijainti palvelimen v\u00e4limuistitiedostoille, kuten kuville. J\u00e4t\u00e4 tyhj\u00e4ksi k\u00e4ytt\u00e4\u00e4ksesi palvelimen oletusarvoa.",
    "LabelRecordingPath": "Tallenteiden oletussijainti:",
    "LabelMovieRecordingPath": "Elokuvien tallennussijainti (valinnainen):",
    "LabelSeriesRecordingPath": "Sarjojen tallennussijainti (valinnainen):",
    "HeaderProgramData": "Ohjelmatiedot",
    "LabelRecordingPathHelp": "M\u00e4\u00e4rit\u00e4 tallenteiden oletussijainti. J\u00e4t\u00e4 tyhj\u00e4ksi k\u00e4ytt\u00e4\u00e4ksesi palvelimen ohjelmatietojen kansiota.",
    "LabelMetadataPath": "Metatietojen sijainti:",
    "LabelMetadataPathHelp": "M\u00e4\u00e4rit\u00e4 sijainti ladatuille mediakuville ja metatiedoille tai tyhjenn\u00e4 palauttaaksesi oletuksen. Jos muutat sijaintia, on vanha sis\u00e4lt\u00f6 siirrett\u00e4v\u00e4 manuaalisesti uuteen sijaintiin. Jos muutat kansion sis\u00e4lt\u00f6\u00e4 manuaalisesti, suorita {0}scan metadata folder scheduled task{1}.",
    "LabelTranscodingTempPath": "Transkoodauksen v\u00e4liaikaistiedostojen polku:",
    "LabelTranscodingTempPathHelp": "T\u00e4m\u00e4 kansio sis\u00e4lt\u00e4\u00e4 transkoodauksessa syntyv\u00e4t, v\u00e4liaikaiset ty\u00f6tiedostot. M\u00e4\u00e4rit\u00e4 mukautettu sijainti tai j\u00e4t\u00e4 tyhj\u00e4ksi, jos haluat k\u00e4ytt\u00e4\u00e4 oletusta (palvelimen datakansio).",
    "TabBasics": "Perusteet",
    "TabTV": "Televisio",
    "TabGames": "Pelit",
    "TabMusic": "Musiikki",
    "TabOthers": "Muut",
    "OptionMovies": "Elokuvat",
    "OptionEpisodes": "Jaksot",
    "OptionOtherVideos": "Muut videot",
    "GenerateVideoPreviewThumbnailsHelp": "T\u00e4m\u00e4 mahdollistaa esikatselukuvat videoita kelattaessa sovelluksissa, jotka niit\u00e4 tukevat. Kuvien luonti saattaa kest\u00e4\u00e4 pitk\u00e4\u00e4n, se nostaa palvelimen suorittimen ja levyn kuormitusta ja saattaa kuluttaa useita gigatavuja enemm\u00e4n tallennustilaa.",
    "AsAScheduledTask": "ajoitettuna teht\u00e4v\u00e4n\u00e4",
    "AsAScheduledTaskAndMediaAdded": "ajoitettuna teht\u00e4v\u00e4n\u00e4 ja mediaa lis\u00e4tt\u00e4ess\u00e4",
    "TabGuide": "TV-opas",
    "TabChannels": "Kanavat",
    "TabCollections": "Kokoelmat",
    "HeaderChannels": "Kanavat",
    "TabRecordings": "Tallenteet",
    "TabSeries": "Sarja",
    "TabFavorites": "Suosikit",
    "TabMyLibrary": "Oma kirjasto",
    "TabSettings": "Asetukset",
    "ButtonRefreshGuideData": "P\u00e4ivit\u00e4 TV-opas",
    "ButtonRefresh": "P\u00e4ivit\u00e4",
    "OptionPriority": "J\u00e4rjestys",
    "OptionRecordOnAllChannels": "Tallenna kaikilta kanavilta",
    "OptionRecordAnytime": "Tallenna milloin tahansa",
    "OptionRecordOnlyNewEpisodes": "Tallenna vain uudet jaksot",
    "HeaderDays": "P\u00e4iv\u00e4t",
    "ButtonEdit": "Muokkaa",
    "ButtonRecord": "Tallenna",
    "ButtonDelete": "Poista",
    "ButtonRemove": "Poista",
    "OptionRecordSeries": "Tallenna sarja",
    "HeaderDetails": "Yksityiskohdat",
    "TitleLiveTV": "Live TV",
    "LabelNumberOfGuideDays": "TV-oppaan ladattavien p\u00e4ivien m\u00e4\u00e4r\u00e4:",
    "LabelNumberOfGuideDaysHelp": "Pidemm\u00e4n ajanjakson lataaminen n\u00e4ytt\u00e4\u00e4 enemm\u00e4n ohjelmatietoja ja mahdollistaa tallennusten aikaisemman ohjelmoinnin, mutta tietojen lataaminen my\u00f6s kest\u00e4\u00e4 kauemmin. Automaattiasetus valitsee asetuksen kanam\u00e4\u00e4r\u00e4n perusteella. Huomioi my\u00f6s, ettei ohjelmatietoja ole kaikista l\u00e4hteist\u00e4 saatavilla pitk\u00e4lle tulevaisuuteen, eik\u00e4 niit\u00e4 t\u00e4ll\u00f6in ole mahdollista ladata (jotkin l\u00e4hteet tarjoavat teidot vain 24 tunnille). Embyn ohjelmaopas tukee teitoja 14 p\u00e4iv\u00e4n ajalle.",
    "OptionAutomatic": "Automaatti",
    "HeaderServices": "Palvelut",
    "LabelCustomizeOptionsPerMediaType": "Muokkaa mediatyyppi\u00e4:",
    "OptionDownloadThumbImage": "Pienkuva",
    "OptionDownloadMenuImage": "Valikko",
    "OptionDownloadLogoImage": "Logo",
    "OptionDownloadBoxImage": "Kotelo",
    "OptionDownloadDiscImage": "Levy",
    "OptionDownloadBannerImage": "Banneri",
    "OptionDownloadBackImage": "Takakansi",
    "OptionDownloadArtImage": "Taide",
    "OptionDownloadPrimaryImage": "Juliste",
    "HeaderFetchImages": "Nouda kuvat:",
    "TabOther": "Muut",
    "LabelMaxBackdropsPerItem": "Taustojen maksimim\u00e4\u00e4r\u00e4 per kohde:",
    "LabelMaxScreenshotsPerItem": "Kuvakaappausten enimm\u00e4ism\u00e4\u00e4r\u00e4\/kohde:",
    "LabelMinBackdropDownloadWidth": "Pienin leveys ladattavalle taustalle:",
    "LabelMinScreenshotDownloadWidth": "Pienin leveys ladattavalle kuvankaappaukselle:",
    "ButtonAddScheduledTaskTrigger": "Lis\u00e4\u00e4 k\u00e4yt\u00e4nt\u00f6:",
    "HeaderAddScheduledTaskTrigger": "Lis\u00e4\u00e4 aloitusk\u00e4yt\u00e4nt\u00f6",
    "ButtonAdd": "Lis\u00e4\u00e4",
    "LabelTriggerType": "K\u00e4yt\u00e4nn\u00f6n tyyppi:",
    "OptionDaily": "P\u00e4ivitt\u00e4in",
    "OptionWeekly": "Viikoittain",
    "OptionOnInterval": "Toistuvasti",
    "OptionOnAppStartup": "Sovelluksen k\u00e4ynnistyess\u00e4",
    "OptionAfterSystemEvent": "J\u00e4rjestelm\u00e4tapahtuman j\u00e4lkeen",
    "LabelDay": "P\u00e4iv\u00e4:",
    "LabelTime": "Aika:",
    "LabelEvent": "Tapahtuma:",
    "OptionWakeFromSleep": "Her\u00e4\u00e4 valmiustilasta",
    "LabelEveryXMinutes": "Joka:",
    "HeaderTvTuners": "Virittimet",
    "TabFolders": "Kansiot",
    "LabelSpecialSeasonsDisplayName": "Erikoisjaksojen kauden n\u00e4ytt\u00f6nimi:",
    "LabelEnableRealtimeMonitor": "Ota reaaliaikainen seuranta k\u00e4ytt\u00f6\u00f6n",
    "LabelEnableRealtimeMonitorHelp": "Tiedostomuutokset k\u00e4sitell\u00e4\u00e4n tuetuissa tiedostoj\u00e4rjestelmiss\u00e4 v\u00e4litt\u00f6m\u00e4sti.",
    "HeaderMediaFolders": "Mediasijainnit",
    "HeaderThemeVideos": "Tunnusvideot",
    "HeaderThemeSongs": "Tunnusmusiikki",
    "HeaderSpecialFeatures": "Lis\u00e4materiaali",
    "ButtonSplitVersionsApart": "Hallitse versioita erikseen",
    "ButtonPlayTrailer": "Traileri",
    "LabelMissing": "Puuttuu",
    "OptionSpecialEpisode": "Erikoisjaksot",
    "OptionMissingEpisode": "Puuttuvat jaksot",
    "OptionUnairedEpisode": "Jaksot, joita ei ole esitetty",
    "OptionEpisodeSortName": "Jakson lajittelunimi",
    "OptionTvdbRating": "TVDB-arvio",
    "HeaderAddTitles": "Lis\u00e4\u00e4 nimet",
    "TabHome": "Koti",
    "HeaderLinks": "Linkit",
    "Community": "Yhteis\u00f6",
    "HeaderEmbyNews": "Emby Uutiset",
    "LabelFriendlyServerName": "Haluttu palvelimen n\u00e4ytt\u00f6nimi:",
    "LabelFriendlyServerNameHelp": "T\u00e4t\u00e4 nime\u00e4 k\u00e4ytet\u00e4\u00e4n palvelimen tunnistamiseen. J\u00e4t\u00e4 tyhj\u00e4ksi k\u00e4ytt\u00e4\u00e4ksesi tietokoneen nime\u00e4.",
    "LabelPreferredDisplayLanguage": "Ensisijainen k\u00e4ytt\u00f6liittym\u00e4n kieli:",
    "LabelPreferredDisplayLanguageHelp": "Embyn k\u00e4\u00e4nt\u00e4minen on jatkuva projekti.",
    "LabelReadHowYouCanContribute": "Katso, miten voit osallistua.",
    "ButtonSubmit": "L\u00e4het\u00e4",
    "ButtonCreate": "Luo",
    "LabelCustomCss": "Omat CSS-tyylit:",
    "LabelCustomCssHelp": "K\u00e4yt\u00e4 omia CSS-tyylej\u00e4si verkkok\u00e4ytt\u00f6liittym\u00e4lle.",
    "LabelLocalHttpServerPortNumber": "Paikallinen HTTP-portti:",
    "LabelLocalHttpServerPortNumberHelp": "TCP-portti, jota Embyn HTTP palvelimen tulee kuunnella.",
    "LabelPublicHttpPort": "Julkinen HTTP-portti:",
    "LabelPublicHttpPortHelp": "Paikalliseen HTTP-porttiin liitett\u00e4v\u00e4 julkinen HTTP-portti.",
    "LabelPublicHttpsPort": "Julkinen HTTPS-portti:",
    "LabelPublicHttpsPortHelp": "Paikalliseen HTTPS-porttiin liitett\u00e4v\u00e4 julkinen HTTPS-portti.",
    "RequireHttps": "Vaadi HTTPS et\u00e4yhteyksille",
    "RequireHttpsHelp": "T\u00e4m\u00e4 ohjaa salaamattomat HTTP-yhteydet k\u00e4ytt\u00e4m\u00e4\u00e4n salattua HTTPS-yhteytt\u00e4.",
    "LabelHttpsPort": "Paikallinen HTTPS-portti:",
    "LabelHttpsPortHelp": "TCP-portti, jota Embyn HTTPS-palvelimen tulee kuunnella.",
    "LabelEnableAutomaticPortMap": "K\u00e4yt\u00e4 automaattista porttiohjausta (UPnP)",
    "LabelEnableAutomaticPortMapHelp": "Yrit\u00e4 automaattisesti yhdist\u00e4\u00e4 julkinen ja paikallinen portti UPnP:n avulla. T\u00e4m\u00e4 ei v\u00e4ltt\u00e4m\u00e4tt\u00e4 toimi kaikkien reitittimien kanssa.",
    "LabelExternalDDNS": "Ulkoinen verkkotunnus:",
    "LabelExternalDDNSHelp": "Jos sinulla on dynaaminen DNS tai verkkotunnus, kirjoita se ilman protokollaa tai porttia. Emby-sovellukset k\u00e4ytt\u00e4v\u00e4t sit\u00e4 ulkoiseen yhteyteen. T\u00e4m\u00e4 kentt\u00e4 tarvitaan oman SSL-varmenteen k\u00e4ytt\u00f6\u00f6n. Esimerkki: esimerkkidomain.fi.",
    "LabelMinResumePercentage": "Toiston jatkopisteen v\u00e4himm\u00e4isprosentti:",
    "LabelMaxResumePercentage": "Toiston jatkopisteen enimm\u00e4isprosentti:",
    "LabelMinResumeDuration": "Lyhin jatkettava kokonaiskesto (sekuntia):",
    "LabelMinResumePercentageHelp": "Kohteita ei merkit\u00e4 toistetuiksi, kun toisto lopetetaan ennen kuin t\u00e4m\u00e4 aika on kulunut",
    "LabelMaxResumePercentageHelp": "Kohteet merkit\u00e4\u00e4n t\u00e4ysin toistetuiksi, kun toisto lopetetaan t\u00e4m\u00e4n ajan t\u00e4ytytty\u00e4",
    "LabelMinResumeDurationHelp": "T\u00e4t\u00e4 lyhyempien kohteiden toistoa ei voida jatkaa",
    "HeaderName": "Nimi",
    "HeaderDate": "P\u00e4iv\u00e4m\u00e4\u00e4r\u00e4",
    "HeaderSource": "L\u00e4hde",
    "HeaderStatus": "Tila",
    "HeaderDestination": "Kohde",
    "Subscriptions": "Tilaukset",
    "HeaderProgram": "Ohjelma",
    "HeaderClients": "Asiakkaat",
    "LabelCompleted": "Valmis",
    "LabelFailed": "Ep\u00e4onnistui",
    "LabelSkipped": "Ohitettu",
    "LabelSeries": "Sarja:",
    "LabelEndingEpisodeNumber": "P\u00e4\u00e4t\u00f6sjakson numero:",
    "LabelEndingEpisodeNumberHelp": "Tarpeellinen vain useita jaksoja sis\u00e4lt\u00e4ville tiedostoille",
    "HeaderSupportTheTeam": "Tue Embyn tiimi\u00e4",
    "HeaderSupportTheTeamHelp": "Auta varmistamaan t\u00e4m\u00e4n projektin jatkuva kehitt\u00e4minen tilaamalla Emby Premiere. Osa tuloista k\u00e4ytet\u00e4\u00e4n vapaiden ty\u00f6kalujen, joista olemme riippuvaisia, tukemiseen.",
    "DonationNextStep": "Kun olet valmis, palaa takaisin ja sy\u00f6t\u00e4 Emby Premiere avaimesi. Avain l\u00e4hetet\u00e4\u00e4n s\u00e4hk\u00f6postiisi.",
    "LabelSeasonFolderPattern": "Kausien kansioiden nime\u00e4misk\u00e4yt\u00e4nt\u00f6:",
    "LabelSeasonZeroFolderName": "Kauden \"nolla\" kansion nimi:",
    "HeaderResult": "Tulos",
    "LabelTransferMethod": "Siirtotapa",
    "HeaderLatestNews": "Uutiset",
    "HeaderRunningTasks": "K\u00e4ynniss\u00e4 olevat teht\u00e4v\u00e4t",
    "HeaderActiveDevices": "Aktiiviset laitteet",
    "HeaderPendingInstallations": "Odottavat asennukset",
    "ButtonRestartNow": "Uudelleenk\u00e4ynnist\u00e4 nyt",
    "ButtonShutdown": "Sulje palvelin",
    "ButtonUpdateNow": "P\u00e4ivit\u00e4 nyt",
    "TabHosting": "Is\u00e4nn\u00f6inti",
    "PleaseUpdateManually": "Sulje palvelin ja asenna uusin versio.",
    "NewServerVersionAvailable": "Uusi versio palvelimesta on saatavilla!",
    "ServerUpToDate": "Palvelin on ajan tasalla",
    "LabelComponentsUpdated": "Seuraavat osat on asennettu tai p\u00e4ivitetty:",
    "MessagePleaseRestartServerToFinishUpdating": "K\u00e4ynnist\u00e4 palvelin uudelleen p\u00e4ivityksen viimeistely\u00e4 varten",
    "LabelDownMixAudioScale": "Nosta \u00e4\u00e4nen voimakkuutta alasmiksauksen yhteydess\u00e4:",
    "LabelDownMixAudioScaleHelp": "Nosta \u00e4\u00e4nen voimakkuutta alasmiksauksen yhteydess\u00e4. Aseta arvoksi 1, jos haluat s\u00e4ilytt\u00e4\u00e4 alkuper\u00e4isen voimakkuuden.",
    "LabelCurrentEmailAddress": "Nykyinen s\u00e4hk\u00f6postiosoite",
    "LabelCurrentEmailAddressHelp": "Nykyinen s\u00e4hk\u00f6postiosoite, johon uusi avaimesi l\u00e4hetettiin.",
    "HeaderForgotKey": "Unohdin avaimen",
    "LabelSupporterEmailAddress": "Avaimen ostossa k\u00e4ytetty s\u00e4hk\u00f6postiosoite.",
    "ButtonRetrieveKey": "Nouda avain",
    "LabelSupporterKey": "Emby Premiere -avain (kopioi s\u00e4hk\u00f6postista):",
    "LabelSupporterKeyHelp": "Sy\u00f6t\u00e4 Emby Premiere -avaimesi nauttiaksesi kaikista ominaisuuksista.",
    "MessageInvalidKey": "Emby Premiere -avain puuttuu tai on virheellinen.",
    "ErrorMessageInvalidKey": "Jotta premium-sis\u00e4lt\u00f6 voidaan rekister\u00f6id\u00e4, sinulla on oltava aktiivinen Emby Premiere -tilaus.",
    "HeaderRequireManualLogin": "Vaadi k\u00e4ytt\u00e4j\u00e4nimen manuaalinen sy\u00f6tt\u00f6:",
    "HeaderRequireManualLoginHelp": "Kun poistettu k\u00e4yt\u00f6st\u00e4, Emby-sovellukset voivat n\u00e4ytt\u00e4\u00e4 kirjautumisruudussa k\u00e4ytt\u00e4jien visuaalisen valinnan.",
    "OptionOtherApps": "Muut sovellukset",
    "OptionMobileApps": "Mobiilisovellukset",
    "LabelNotificationEnabled": "Salli t\u00e4m\u00e4 ilmoitus",
    "LabelMonitorUsers": "Seuraa tapahtumia seuraavista:",
    "LabelSendNotificationToUsers": "L\u00e4het\u00e4 ilmoitus kohteeseen:",
    "LabelUseNotificationServices": "K\u00e4yt\u00e4 seuraavia palveluita:",
    "CategoryUser": "K\u00e4ytt\u00e4j\u00e4",
    "CategorySystem": "J\u00e4rjestelm\u00e4",
    "CategoryApplication": "Sovellus",
    "CategoryPlugin": "Laajennus",
    "LabelAvailableTokens": "K\u00e4ytett\u00e4viss\u00e4 olevat merkit:",
    "AdditionalNotificationServices": "Tutustu {0}laajennuksiin{1}, jos haluat lis\u00e4\u00e4 ilmoitustyyppej\u00e4.",
    "OptionAllUsers": "Kaikki k\u00e4ytt\u00e4j\u00e4t",
    "OptionAdminUsers": "Yll\u00e4pit\u00e4j\u00e4t",
    "OptionCustomUsers": "Mukautettu",
    "ButtonArrowUp": "Yl\u00f6s",
    "ButtonArrowDown": "Alas",
    "ButtonArrowLeft": "Vasemmalle",
    "ButtonArrowRight": "Oikealle",
    "ButtonBack": "Takaisin",
    "ButtonInfo": "Tiedot",
    "ButtonHome": "Koti",
    "ButtonSearch": "Haku",
    "ButtonSettings": "Asetukset",
    "Audio": "\u00c4\u00e4ni",
    "PlayOnAnotherDevice": "Toista toisessa laitteessa",
    "TabControls": "Ohjaimet",
    "ButtonSubtitles": "Tekstitykset",
    "ButtonPreviousTrack": "Edellinen kappale",
    "ButtonNextTrack": "Seuraava kappale",
    "ButtonStop": "Lopeta",
    "ButtonPause": "Pys\u00e4yt\u00e4",
    "ButtonNext": "Seuraava",
    "ButtonPrevious": "Edellinen",
    "LabelMaxBitrate": "Suurin bittinopeus:",
    "LabelMaxBitrateHelp": "Aseta suurin k\u00e4ytett\u00e4v\u00e4 bittinopeus hitaille yhteyksille tai laitteille, joilla on omia rajoituksiaan.",
    "LabelMusicStaticBitrate": "Musiikin synkronoinnin bittinopeus:",
    "LabelMusicStaticBitrateHelp": "M\u00e4\u00e4rit\u00e4 musiikin synkronoinnille suurin k\u00e4ytett\u00e4v\u00e4 bittinopeus",
    "LabelDeviceDescription": "Laitteen kuvaus",
    "HeaderDownloadSubtitlesFor": "Lataa tekstitykset kohteelle:",
    "LabelSkipIfGraphicalSubsPresent": "Ohita, jos video sis\u00e4lt\u00e4\u00e4 jo upotettuja tekstityksi\u00e4",
    "LabelSkipIfGraphicalSubsPresentHelp": "Tekstitysten tekstiversioiden s\u00e4ilytt\u00e4minen johtaa tehokkaampaan toistoon ja v\u00e4hent\u00e4\u00e4 transkoodaustarpeen todenn\u00e4k\u00f6isyytt\u00e4.",
    "TabSubtitles": "Tekstitykset",
    "HeaderDownloadLanguages": "Ladattavat kielet",
    "LabelSkipIfAudioTrackPresent": "Ohita, jos oletus\u00e4\u00e4niraidan kieli vastaa ladattavaa kielt\u00e4",
    "LabelSkipIfAudioTrackPresentHelp": "Poista valinta varmistaaksesi, ett\u00e4 kaikilla videoilla on tekstitykset \u00e4\u00e4niraidan kielest\u00e4 riippumatta.",
    "SendMessage": "L\u00e4het\u00e4 viesti",
    "HeaderSendMessage": "L\u00e4het\u00e4 viesti",
    "ButtonSend": "L\u00e4het\u00e4",
    "ViewPlaybackInfo": "N\u00e4yt\u00e4 toiston tietoja",
    "LabelMessageText": "Viestin teksti:",
    "LabelMessageTitle": "Viestin otsikko:",
    "MessageNoAvailablePlugins": "Laajennuksia ole ei saatavilla.",
    "LabelDisplayPluginsFor": "N\u00e4yt\u00e4 laajennukset:",
    "PluginTabAppClassic": "Emby Windows Media Centerille",
    "HeaderTypeText": "Sy\u00f6t\u00e4 teksti",
    "LabelTypeText": "Teksti",
    "TabDisplay": "N\u00e4ytt\u00f6",
    "TabLanguages": "Kielet",
    "OptionAuto": "Automaatti",
    "OptionYes": "Kyll\u00e4",
    "OptionNo": "Ei",
    "OptionResumablemedia": "Jatka",
    "OptionLatestMedia": "Viimeisin media",
    "OptionNone": "Ei mit\u00e4\u00e4n",
    "HeaderLiveTv": "Live TV",
    "HeaderSettings": "Asetukset",
    "OptionDefaultSort": "Oletus",
    "ButtonEditOtherUserPreferences": "Muuta t\u00e4m\u00e4n k\u00e4ytt\u00e4j\u00e4n tietoja, kuvaa ja henkil\u00f6kohtaisia asetuksia.",
    "ViewTypeMovies": "Elokuvat",
    "ViewTypeTvShows": "TV",
    "ViewTypeGames": "Pelit",
    "ViewTypeMusic": "Musiikki",
    "ViewTypeMusicSongs": "Kappaleet",
    "ViewTypeMusicFavorites": "Suosikit",
    "ViewTypeMusicFavoriteAlbums": "Suosikkialbumit",
    "ViewTypeMusicFavoriteArtists": "Suosikkiesitt\u00e4j\u00e4t",
    "ViewTypeMusicFavoriteSongs": "Suosikkikappaleet",
    "OptionLibraryFolders": "Mediasijainnit",
    "TitleRemoteControl": "Et\u00e4ohjaus",
    "TabBranding": "B\u00e4nd\u00e4ys",
    "HeaderBrandingHelp": "Voit mukauttaa Embyn ulkoasua ryhm\u00e4n tai organisaation tarpeisiin.",
    "LabelLoginDisclaimer": "Kirjautumisen vastuuvapauslauseke:",
    "LabelLoginDisclaimerHelp": "T\u00e4m\u00e4 n\u00e4kyy kirjautumissivun alareunassa.",
    "TabDashboard": "Hallintapaneeli",
    "TitleServer": "Palvelin",
    "LabelCache": "V\u00e4limuisti:",
    "LabelLogs": "Lokitiedot",
    "LabelMetadata": "Metatieto:",
    "HeaderTranscodingTemporaryFiles": "Transkoodauksen v\u00e4liaikaistiedostot",
    "HeaderBranding": "B\u00e4nd\u00e4ys",
    "HeaderApiKeys": "API-avaimet",
    "HeaderApiKeysHelp": "Ulkoisilla sovelluksilla on oltava API-avain kommunikoidakseen palvelimen kanssa. Avaimet luodaan kirjautumalla sis\u00e4\u00e4n Emby Connect -tilill\u00e4 tai luomalla manuaalisesti avain sovellukselle.",
    "HeaderApiKey": "API-avain",
    "HeaderApp": "Sovellus",
    "HeaderDevice": "Laite",
    "HeaderUser": "K\u00e4ytt\u00e4j\u00e4",
    "HeaderDateIssued": "Antop\u00e4iv\u00e4",
    "TabView": "N\u00e4kym\u00e4",
    "TabFilter": "Suodata",
    "ButtonView": "N\u00e4yt\u00e4",
    "LabelView": "N\u00e4kym\u00e4:",
    "TabUsers": "K\u00e4ytt\u00e4j\u00e4t",
    "HeaderFeatures": "Ominaisuudet",
    "HeaderAdvanced": "Lis\u00e4asetukset",
    "HeaderScheduledTasks": "Ajoitetut teht\u00e4v\u00e4t",
    "HeaderResumeSettings": "Toiston Jatkon asetukset",
    "TitleUsers": "K\u00e4ytt\u00e4j\u00e4t",
    "ButtonClose": "Sulje",
    "LabelAllLanguages": "Kaikki kielet",
    "OptionAll": "Kaikki",
    "LabelImage": "Kuva:",
    "HeaderImages": "kuvat",
    "HeaderBackdrops": "Taustat",
    "LabelJpgPngOnly": "Vain JPG\/PNG",
    "OptionSeason0": "Kausi 0",
    "HeaderFetcherSettings": "Lataajien asetukset",
    "HeaderActivity": "Tapahtumat",
    "PluginInstalledWithName": "{0} asennettiin",
    "PluginUpdatedWithName": "{0} p\u00e4ivitettiin",
    "PluginUninstalledWithName": "{0} poistettiin",
    "LabelIpAddressValue": "IP-osoite: {0}",
    "HeaderEmbyServer": "Emby-palvelin",
    "MessageServerConfigurationUpdated": "Palvelimen asetukset on p\u00e4ivitetty",
    "MessageNamedServerConfigurationUpdatedWithValue": "Palvelimen asetusten osio {0} on p\u00e4ivitetty",
    "MessageApplicationUpdated": "Palvelin on p\u00e4ivitetty",
    "ProviderValue": "L\u00e4hde: {0}",
    "HeaderRecentActivity": "Viimeaikaiset tapahtumat",
    "HeaderPeople": "Henkil\u00f6t",
    "OptionComposers": "S\u00e4velt\u00e4j\u00e4t",
    "OptionOthers": "Muut",
    "ViewTypeFolders": "Kansiot",
    "OptionDisplayFolderView": "K\u00e4yt\u00e4 kansion\u00e4kym\u00e4 selataksesi median tallennuskansioita",
    "OptionDisplayFolderViewHelp": "Kun t\u00e4m\u00e4 on k\u00e4yt\u00f6ss\u00e4, Emby-sovellukset n\u00e4ytt\u00e4v\u00e4t kansiot -luettelon mediakirjaston lis\u00e4ksi. T\u00e4m\u00e4 on hy\u00f6dyllist\u00e4, jos haluat n\u00e4hd\u00e4 todelliset kansiot, joissa mediatiedostot palvelimella ovat.",
    "ViewTypeLiveTvRecordingGroups": "Tallenteet",
    "ViewTypeLiveTvChannels": "Kanavat",
    "HeaderPassword": "Salasana",
    "HeaderViewOrder": "N\u00e4yt\u00e4 tilaus",
    "HeaderPersonInfo": "Henkil\u00f6n tiedot",
    "HeaderConfirmDeletion": "Vahvista poisto",
    "LabelAlbumArtist": "Albumin esitt\u00e4j\u00e4:",
    "LabelAirDate": "Esitysp\u00e4iv\u00e4t:",
    "LabelAirTime:": "Esitysaika:",
    "LabelDisplaySpecialsWithinSeasons": "N\u00e4yt\u00e4 erikoisjaksot kausissa, joiden aikana ne esitettiin",
    "ButtonPurchase": "Osta",
    "HeaderPhotoInfo": "Kuvan tiedot",
    "HeaderInstall": "Asenna",
    "LabelSelectVersionToInstall": "Valitse asennettava versio:",
    "LinkLearnMoreAboutSubscription": "Lue lis\u00e4\u00e4 Emby Premiere -tilauksesta",
    "MessagePluginRequiresSubscription": "14 p\u00e4iv\u00e4n kokeilujakson j\u00e4lkeen t\u00e4m\u00e4 laajennus vaatii aktiivisen Emby Premier -tilauksen.",
    "MessagePremiumPluginRequiresMembership": "Ostaaksesi t\u00e4m\u00e4n laajennuksen 14 p\u00e4iv\u00e4n kokeilujakson j\u00e4lkeen sinulla t\u00e4ytyy olla aktiivinen Emby Premier -tilaus.",
    "HeaderDeveloperInfo": "Kehitt\u00e4j\u00e4n tiedot",
    "HeaderRevisionHistory": "Versiohistoria",
    "ButtonViewWebsite": "N\u00e4yt\u00e4 verkkosivusto",
    "OptionSaveMetadataAsHidden": "Tallenna metatiedot ja kuvat piilotiedostoina",
    "LabelConnectGuestUserName": "Heid\u00e4n Emby Connect -tilins\u00e4 k\u00e4ytt\u00e4j\u00e4tunnus tai s\u00e4hk\u00f6postiosoite:",
    "LabelConnectUserName": "(Valinnainen) Emby Connect -tilin k\u00e4ytt\u00e4j\u00e4tunnus tai s\u00e4hk\u00f6postiosoite:",
    "LabelConnectUserNameHelp": "Voit my\u00f6s liitt\u00e4\u00e4 t\u00e4m\u00e4n paikallisen k\u00e4ytt\u00e4j\u00e4n olemassa olevaan Emby Connect -tiliin, joka mahdollistaa helpon kirjautumisen mist\u00e4 tahansa Emby-sovelluksesta my\u00f6s ilman palvelimen IP-osoitetta.",
    "ButtonLearnMoreAboutEmbyConnect": "Lue lis\u00e4\u00e4 Emby Connectist\u00e4",
    "LabelDateAddedBehavior": "Lis\u00e4ysp\u00e4iv\u00e4n esitystapa uudelle sis\u00e4ll\u00f6lle:",
    "OptionDateAddedImportTime": "K\u00e4yt\u00e4 kirjastoon lis\u00e4ysp\u00e4iv\u00e4\u00e4",
    "OptionDateAddedFileTime": "K\u00e4yt\u00e4 tiedoston luontip\u00e4iv\u00e4\u00e4",
    "LabelDateAddedBehaviorHelp": "Jos metatietoarvo on olemassa, k\u00e4ytet\u00e4\u00e4n aina sit\u00e4 n\u00e4iden kummankaan vaihtoehdon sijasta.",
    "TitleDevices": "Laitteet",
    "TabCameraUpload": "Kameran kuvien tallennus",
    "TabDevices": "Laitteet",
    "HeaderLibrarySettings": "Kirjaston asetukset",
    "HeaderThumbnailImages": "Esikatselukuvat",
    "HeaderSubtitleDownloads": "Tekstitysten lataukset",
    "HeaderCameraUploadHelp": "Emby-mobiilisovelluksilla on mahdollista varmuuskopioida mobiililaitteillasi otetut valokuvat automaattisesti Emby-palvelimelle.",
    "LabelCameraUploadPath": "Kameran kuvien tallennussijainti:",
    "LabelCameraUploadPathHelp": "M\u00e4\u00e4rit\u00e4 oma sijainti tallennettaville tiedostoille. T\u00e4m\u00e4 korvaa kameran kuvien siirron oletusasetukset. Jos j\u00e4tet\u00e4\u00e4n tyhj\u00e4ksi, k\u00e4ytet\u00e4\u00e4n oletuskansiota. Jos k\u00e4yt\u00e4t omaa sijaintia, on se my\u00f6s m\u00e4\u00e4ritett\u00e4v\u00e4 kirjastoksi Embyn kirjastoasetuksissa.",
    "DefaultCameraUploadPathHelp": "Valitse oma lataussijainti. Jos j\u00e4tet\u00e4\u00e4n tyhj\u00e4ksi, k\u00e4ytet\u00e4\u00e4n oletuskansiota. Jos k\u00e4yt\u00e4t omaa sijaintia, on se my\u00f6s m\u00e4\u00e4ritett\u00e4v\u00e4 kirjastoksi Embyn kirjastoasetuksissa.",
    "LabelCreateCameraUploadSubfolder": "Luo jokaiselle laitteelle oma alikansio",
    "LabelCreateCameraUploadSubfolderHelp": "Tietyt kansiot voidaan m\u00e4\u00e4ritt\u00e4\u00e4 laitteelle klikkaamalla sit\u00e4 \"Laitteet\" -sivulla.",
    "LabelCustomDeviceDisplayName": "N\u00e4ytt\u00f6nimi:",
    "LabelCustomDeviceDisplayNameHelp": "Anna mukautettu n\u00e4ytt\u00f6nimi. J\u00e4t\u00e4 tyhj\u00e4ksi jos haluat k\u00e4ytt\u00e4\u00e4 laitteen ilmoittamaa nime\u00e4.",
    "HeaderInviteUser": "Kutsu k\u00e4ytt\u00e4j\u00e4",
    "LabelConnectGuestUserNameHelp": "T\u00e4m\u00e4 on yst\u00e4v\u00e4si Embyn verkkosivustolle kirjautumiseen k\u00e4ytt\u00e4m\u00e4 k\u00e4ytt\u00e4j\u00e4tunnus tai s\u00e4hk\u00f6postiosoite.",
    "HeaderInviteUserHelp": "Median jako yst\u00e4vien kesken on helpompaa kuin koskaan Emby Connectin avulla.",
    "ButtonSendInvitation": "L\u00e4het\u00e4 kutsu",
    "HeaderGuests": "Vierailijat",
    "HeaderPendingInvitations": "Avoimet kutsut",
    "TabParentalControl": "Lapsilukko",
    "HeaderAccessSchedule": "K\u00e4ytt\u00f6aikataulu",
    "HeaderAccessScheduleHelp": "Luo aikataulu k\u00e4yt\u00f6n rajoittamiseksi tiettyihin aikoihin.",
    "LabelAccessDay": "Viikonp\u00e4iv\u00e4:",
    "LabelAccessStart": "Aloitusaika:",
    "LabelAccessEnd": "P\u00e4\u00e4ttymisaika:",
    "HeaderSchedule": "Aikataulu",
    "OptionEveryday": "Joka p\u00e4iv\u00e4",
    "OptionWeekdays": "Arkisin",
    "OptionWeekends": "Viikonloppuisin",
    "HeaderOptionalLinkEmbyAccount": "Valinnainen: Linkki Emby Connect -tilillesi",
    "ButtonTrailer": "Traileri",
    "MessageNoTrailersFound": "Trailereita ei l\u00f6ytynyt. Asenna \"Trailers\" -laajennus elokuvakokemuksen lis\u00e4\u00e4miseksi lis\u00e4\u00e4m\u00e4ll\u00e4 kirjasto internet-trailereita.",
    "HeaderNewUsers": "Uudet k\u00e4ytt\u00e4j\u00e4t",
    "TitleNewUser": "Uusi k\u00e4ytt\u00e4j\u00e4",
    "ButtonConfigurePassword": "M\u00e4\u00e4rit\u00e4 salasana",
    "HeaderDashboardUserPassword": "Salasanoja hallitaan kunkin k\u00e4ytt\u00e4j\u00e4n henkil\u00f6kohtaisen profiilin asetuksissa.",
    "HeaderLibraryAccess": "Kirjastojen k\u00e4ytt\u00f6oikeudet",
    "HeaderChannelAccess": "Kanavien k\u00e4ytt\u00f6oikeudet",
    "HeaderLatestItems": "Viimeisimm\u00e4t kohteet",
    "LabelForgotPasswordUsernameHelp": "Anna k\u00e4ytt\u00e4j\u00e4tunnuksesi, jos muistat sen.",
    "TitlePasswordReset": "Palauta salasana",
    "HeaderParentalRatings": "Ik\u00e4rajaluokitus",
    "HeaderVideoTypes": "Videotyypit",
    "HeaderYears": "Vuodet",
    "HeaderBlockItemsWithNoRating": "Est\u00e4 sis\u00e4lt\u00f6, jolla ei ole ik\u00e4rajaa tai sit\u00e4 ei tunnisteta:",
    "LabelBlockContentWithTags": "Est\u00e4 sis\u00e4lt\u00f6\u00e4 tunnisteilla:",
    "LabelTagRestrictionMode": "Tunnisteilla rajoitettava tila:",
    "BlockItemsWithTheseTags": "Est\u00e4 kohteet, jotka sis\u00e4lt\u00e4v\u00e4t seuraavat tunnisteet",
    "AllowItemsWithTheseTags": "Salli vain kohteet, jotka sis\u00e4lt\u00e4v\u00e4t seuraavat tunnisteet",
    "TabActivity": "Tapahtumat",
    "OptionAllowSyncContent": "Salli synkronointi",
    "OptionAllowContentDownloading": "Salli mediatiedostojen lataus",
    "LabelNewUserNameHelp": "K\u00e4ytt\u00e4j\u00e4tunnukset voivat sis\u00e4lt\u00e4\u00e4 kirjaimia (a-z), numeroita (0-9), viivoja (-), alaviivoja (_), heittomerkkej\u00e4 (') ja pisteit\u00e4 (.)",
    "HeaderThisUserIsCurrentlyDisabled": "T\u00e4m\u00e4 k\u00e4ytt\u00e4j\u00e4 ei ole aktiivinen. Voit aktivoida k\u00e4ytt\u00e4j\u00e4n sivun alalaidasta l\u00f6ytyv\u00e4ll\u00e4 asetuksella.",
    "OptionEnableTranscodingThrottle": "K\u00e4yt\u00e4 dynaamista nopeuden s\u00e4\u00e4t\u00f6\u00e4",
    "OptionEnableTranscodingThrottleHelp": "Dynaaminen nopeuden s\u00e4\u00e4t\u00f6 muuttaa transkoodausnopeutta automaattisesti palvelimen prosessorin kuormituksen minimoimiseksi toiston aikana.",
    "LabelUploadSpeedLimit": "L\u00e4hetysnopeuden rajoitus (Mbps):",
    "OptionAllowSyncTranscoding": "Salli transkoodausta edellytt\u00e4v\u00e4n median lataus",
    "AllowMediaConversion": "Salli median muunto",
    "AllowMediaConversionHelp": "Salli k\u00e4ytt\u00e4j\u00e4lle median transkoodaustoimintojen k\u00e4ytt\u00f6.",
    "HeaderPlayback": "Median toisto",
    "OptionAllowAudioPlaybackTranscoding": "Salli transkoodausta vaativan \u00e4\u00e4nen toisto",
    "OptionAllowVideoPlaybackTranscoding": "Salli transkoodausta vaativan videon toisto",
    "OptionAllowVideoPlaybackRemuxing": "Salli videon toisto, joka vaatii muunnon ilman uudelleen koodausta",
    "OptionAllowMediaPlaybackTranscodingHelp": "Transkoodauksen est\u00e4minen voi aiheuttaa toistovirheit\u00e4 Emby-sovelluksissa, koska kaikkia mediaformaatteja ei tueta tai verkon siirtonopeus ei ole riitt\u00e4v\u00e4.",
    "TabStreaming": "Suoratoisto",
    "LabelRemoteClientBitrateLimit": "Internetist\u00e4 suoratoistettavan sis\u00e4ll\u00f6n bittinopeuden rajoitus (Mbps):",
    "LabelRemoteClientBitrateLimitHelp": "Valinnainen bittinopeusraja yksitt\u00e4isille suoratoistaville laitteille l\u00e4hiverkon ulkopuolella. T\u00e4ll\u00e4 voidaan est\u00e4\u00e4 laitteita pyyt\u00e4m\u00e4st\u00e4 suurempia bittinopeuksia kuin Internet-yhteys voi k\u00e4sitell\u00e4.  T\u00e4m\u00e4 voi johtaa palvelimen prosessorin kuormituksen lis\u00e4\u00e4ntymiseen, jotta videot voidaan koodata uudelleen pienempiin bittinopeuksiin.",
    "LabelUserRemoteClientBitrateLimitHelp": "T\u00e4m\u00e4 ohittaa oletusarvon, joka on m\u00e4\u00e4ritetty palvelimen lis\u00e4asetuksissa.",
    "LabelConversionCpuCoreLimit": "Prosessorin ytimien rajoitus:",
    "LabelConversionCpuCoreLimitHelp": "Rajoita taustalla suoritettavan muunnokseen k\u00e4ytett\u00e4vien suoritinytimien m\u00e4\u00e4r\u00e4\u00e4.",
    "OptionEnableFullSpeedConversion": "K\u00e4yt\u00e4 t\u00e4ydell\u00e4 nopeudella muuntoa",
    "OptionEnableFullSpeedConversionHelp": "Oletusarvoisesti muunto suoritetaan pienell\u00e4 nopeudella j\u00e4rjestelm\u00e4n kuormituksen minimoimiseksi.",
    "TabPhotos": "Valokuvat",
    "HeaderWelcomeToEmby": "Tervetuloa Embyyn!",
    "EmbyIntroMessage": "Emby-palvelimeltasi voit helposti suoratoistaa videoita ja musiikkia sek\u00e4 katsella valokuvia \u00e4l\u00e4puhelimilla, tableteilla ja useilla muilla mediatoistimilla.",
    "ButtonConnect": "Yhdist\u00e4",
    "HeaderNewServer": "Uusi palvelin",
    "ButtonReset": "Palauta",
    "LabelEnableFullScreen": "Ota koko n\u00e4yt\u00f6n tila k\u00e4ytt\u00f6\u00f6n",
    "TabHomeScreen": "Kotin\u00e4ytt\u00f6",
    "HeaderDisplay": "N\u00e4ytt\u00f6",
    "HeaderNavigation": "Navigointi",
    "OptionEnableAutomaticServerUpdates": "Ota automaattiset palvelinp\u00e4ivitykset k\u00e4ytt\u00f6\u00f6n",
    "HeaderOverview": "Yhteenveto",
    "HeaderType": "Tyyppi",
    "HeaderTunerDevices": "Viritinlaitteet",
    "HeaderTVSources": "TV-l\u00e4hteet",
    "HeaderAddTvSource": "Lis\u00e4\u00e4 televisiol\u00e4hde",
    "HeaderAddDevice": "Lis\u00e4\u00e4 laite",
    "HeaderExternalServices": "Ulkoiset palvelut",
    "LabelTunerIpAddress": "Virittimen IP-osoite:",
    "HeaderGuideProviders": "Ohjelmaoppaan tietol\u00e4hteet",
    "AddGuideProviderHelp": "Lis\u00e4\u00e4 TV-oppaan l\u00e4hde",
    "LabelZipCode": "Postinumero:",
    "GuideProviderSelectListings": "Valitse ohjelmatiedot",
    "GuideProviderLogin": "Kirjaudu",
    "LabelLineup": "Kokoonpano:",
    "MessageTunerDeviceNotListed": "Onko televisiovirittimesi luettelossa? Yrit\u00e4 asentaa ulkoinen palveluntarjoaja, joka tarjoaa lis\u00e4\u00e4 television l\u00e4hetysvaihtoehtoja vaihtoehtoja.",
    "LabelImportOnlyFavoriteChannels": "Rajoita suosikkikanaviin",
    "ImportFavoriteChannelsHelp": "Tuodaan vain kanavat, jotka on merkitty virittimelle suosikeiksi.",
    "ButtonRepeat": "Uudelleentoisto",
    "LabelEnableThisTuner": "Ota viritin k\u00e4ytt\u00f6\u00f6n",
    "LabelEnableThisTunerHelp": "Poista valinta est\u00e4\u00e4ksesi kanavien tuonti t\u00e4lt\u00e4 virittimelt\u00e4.",
    "HeaderImagePrimary": "Juliste",
    "HeaderImageBackdrop": "Tausta",
    "HeaderImageLogo": "Logo",
    "HeaderUserPrimaryImage": "K\u00e4ytt\u00e4j\u00e4n kuva",
    "ButtonProfile": "Profiili",
    "ButtonProfileHelp": "Aseta profiilisi kuva ja salasana.",
    "HeaderHomeScreenSettings": "Kotin\u00e4yt\u00f6n asetukset",
    "HeaderProfile": "Profiili",
    "HeaderLanguage": "Kieli",
    "LabelTranscodingThreadCount": "Transkoodaus s\u00e4ikeidein lukum\u00e4\u00e4r\u00e4:",
    "LabelTranscodingThreadCountHelp": "M\u00e4\u00e4rit\u00e4 transkoodaukseen k\u00e4ytett\u00e4vien s\u00e4ikeiden enimm\u00e4ism\u00e4\u00e4r\u00e4\u00e4. Pienempi arvo laskee suorittimen kuormitusta, mutta voi aiheuttaa toiston p\u00e4tkimist\u00e4. Moniajo ei v\u00e4ltt\u00e4m\u00e4tt\u00e4 toimi kaikkien mediaformaattien kanssa, joten t\u00e4ll\u00e4 asetuksella ei kaikissa tapauksissa ole vaikutusta.",
    "OptionMax": "Maksimi",
    "LabelTunerType": "Virittimen tyyppi:",
    "HeaderSetupTVGuide": "M\u00e4\u00e4rit\u00e4 TV-opas",
    "HeaderDefaultRecordingSettings": "Tallennuksen oletusasetukset",
    "OptionEnableRecordingSubfolders": "Luo alikansioita luokituksille kuten Urheilu, Lapset, jne.",
    "HeaderSubtitles": "Tekstitykset",
    "HeaderVideos": "Videot",
    "LabelHardwareAccelerationType": "Laitteistokiihdytys:",
    "LabelHardwareAccelerationTypeHelp": "K\u00e4ytett\u00e4viss\u00e4 vain tuetuissa j\u00e4rjestelmiss\u00e4.",
    "HeaderAdmin": "Hallinta",
    "HeaderCameraUpload": "Kameran kuvien siirto",
    "ButtonClear": "Tyhjenn\u00e4",
    "LabelFolder": "Kansio:",
    "HeadersFolders": "Kansiot",
    "LabelDisplayName": "N\u00e4ytt\u00f6nimi:",
    "OptionDownloadImagesInAdvance": "Lataa kuvat etuk\u00e4teen",
    "OptionDownloadImagesInAdvanceHelp": "Oletuksena useimmat kuvat ladataan vain Emby-sovelluksen pyyt\u00e4ess\u00e4. Ota t\u00e4m\u00e4 vaihtoehto k\u00e4ytt\u00f6\u00f6n, jos haluat ladata kaikki kuvat etuk\u00e4teen uutta mediaa tuotaessa. T\u00e4m\u00e4 saattaa pident\u00e4\u00e4 kirjastojen tarkastusta merkitt\u00e4v\u00e4sti.",
    "DeleteImage": "Poista kuva",
    "MessageThankYouForSupporting": "Kiitos Embyn tukemisesta.",
    "FileReadCancelled": "Tiedoston luku on peruutettu.",
    "FileNotFound": "Tiedostoa ei l\u00f6ydy.",
    "FileReadError": "Tapahtui virhe luettaessa tiedostoa.",
    "PinCodeResetComplete": "PIN-koodi on resetoitu.",
    "PinCodeResetConfirmation": "Haluatko varmasti resetoida PIN-koodin?",
    "HeaderPinCodeReset": "Resetoi PIN-koodi",
    "NoPluginConfigurationMessage": "T\u00e4ll\u00e4 laajennuksella ei ole asetuksia m\u00e4\u00e4ritett\u00e4v\u00e4ksi.",
    "NoPluginsInstalledMessage": "Sinulla ei ole asennettuja laajennuksia.",
    "BrowsePluginCatalogMessage": "Selaa laajennushakemistoamme n\u00e4hd\u00e4ksesi saatavilla olevat laajennukset.",
    "HeaderNewApiKey": "Uusi API-avain",
    "LabelAppName": "Sovelluksen nimi",
    "LabelAppNameExample": "Esimerkki: Sickbeard, NzbDrone",
    "HeaderNewApiKeyHelp": "Anna sovellukselle k\u00e4ytt\u00f6oikeus kommunikoida palvelimen kanssa.",
    "MessageKeyEmailedTo": "Avain l\u00e4hetetty osoitteeseen {0}.",
    "HeaderConfirmation": "Vahvistus",
    "MessageKeyUpdated": "Kiitos! Emby Premiere -avain on p\u00e4ivitetty.",
    "MessageKeyRemoved": "Kiitos! Emby Premiere -avain on poistettu.",
    "TextEnjoyBonusFeatures": "Nauti lis\u00e4ominaisuuksista",
    "MessageErrorLoadingSupporterInfo": "Emby Premiere -tietojen lataamisessa tapahtui virhe. Yrit\u00e4 my\u00f6hemmin uudelleen.",
    "HeaderConfirmRemoveUser": "Poista k\u00e4ytt\u00e4j\u00e4",
    "ValueTimeLimitSingleHour": "Aikaraja: 1 tunti",
    "ValueTimeLimitMultiHour": "Aikaraja: {0} tuntia",
    "General": "Yleinen",
    "HeaderScreenSavers": "N\u00e4yt\u00f6ns\u00e4\u00e4st\u00e4j\u00e4t",
    "Notifications": "Ilmoitukset",
    "Metadata": "Metatiedot",
    "Reporting": "Raportointi",
    "HeaderSearch": "Haku",
    "ValueDateCreated": "Luotu: {0}",
    "LabelArtist": "Esitt\u00e4j\u00e4",
    "LabelMovie": "Elokuva",
    "LabelMusicVideo": "Musiikkivideo",
    "LabelEpisode": "Jakso",
    "Series": "Sarja",
    "LabelStopping": "Lopetetaan",
    "LabelCancelled": "P\u00e4\u00e4ttynyt",
    "ButtonDownload": "Lataa",
    "HeaderDevices": "Laitteet",
    "HeaderSelectCertificatePath": "Valitse varmenteen sijainti:",
    "HeaderSupporterBenefit": "Emby Premiere -tilaus tarjoaa lis\u00e4etuja, kuten tuen suorille televisiol\u00e4hetyksille ja tallennukselle (vaatii yhteensopivan virittimen) sek\u00e4 p\u00e4\u00e4syn premium-laajennuksiin. {0}Lue lis\u00e4\u00e4{1}",
    "HeaderSelectDevices": "Valitse laitteet",
    "ButtonReenable": "Uudelleenaktivoi",
    "LabelAbortedByServerShutdown": "(peruttu palvelimen sammutuksen vuoksi)",
    "LabelScheduledTaskLastRan": "Viimeksi suoritettu {0}, kest\u00e4en {1}.",
    "HeaderDeleteTaskTrigger": "Poista k\u00e4yt\u00e4nt\u00f6",
    "MessageDeleteTaskTrigger": "Haluatko varmasti poistaa teht\u00e4v\u00e4lt\u00e4 t\u00e4m\u00e4n k\u00e4yt\u00e4nn\u00f6n?",
    "MessageNoPluginsInstalled": "Sinulla ei ole asennettuja laajennuksia.",
    "MessageNoPluginsDueToAppStore": "Voit hallita laajennuksia Embyn web-hallintapaneelin kautta.",
    "LabelVersionInstalled": "{0} asennettu",
    "LabelNumberReviews": "{0} arvostelua",
    "LabelFree": "Ilmainen",
    "HeaderSelectAudio": "Valitse \u00e4\u00e4niraita",
    "HeaderSelectSubtitles": "Valitse tekstitys",
    "LabelDefaultStream": "(oletus)",
    "LabelForcedStream": "(pakotettu)",
    "LabelDefaultForcedStream": "(oletus\/pakotettu)",
    "LabelUnknownLanguage": "Tuntematon kieli",
    "LabelEnabled": "K\u00e4yt\u00f6ss\u00e4",
    "LabelDisabled": "Ei k\u00e4yt\u00f6ss\u00e4",
    "Disabled": "Ei k\u00e4yt\u00f6ss\u00e4",
    "ButtonMoreInformation": "Lis\u00e4\u00e4 tietoja",
    "LabelNoUnreadNotifications": "Ei lukemattomia ilmoituksia.",
    "HeaderConfirmSeriesCancellation": "Vahvista sarjan p\u00e4\u00e4ttyminen",
    "HeaderConfirmRecordingDeletion": "Vahvista tallenteen poisto",
    "OptionWeekend": "Viikonloppuisin",
    "OptionWeekday": "Arkisin",
    "LiveTvUpdateAvailable": "(P\u00e4ivitys saatavilla)",
    "LabelVersionUpToDate": "Ajan tasalla!",
    "ButtonCancelSeries": "Peru sarja",
    "HeaderSeriesRecordings": "Tallenna sarja",
    "LabelAnytime": "Koska tahansa",
    "StatusRecording": "Tallennetaan",
    "StatusWatching": "Toistetaan",
    "StatusRecordingProgram": "Tallennetaan \"{0}\"",
    "StatusWatchingProgram": "Toistetaan \"{0}\"",
    "HeaderSplitMedia": "Erota mediatiedostot",
    "MessageConfirmSplitMedia": "Tahdotko varmasti erottaa n\u00e4m\u00e4 medial\u00e4hteet eri kohteiksi?",
    "HeaderError": "Virhe",
    "HeaderSelectServerCachePath": "Valitse palvelimen v\u00e4limuistin sijainti",
    "HeaderSelectTranscodingPath": "Valitse transkoodauksen v\u00e4liaikaissijainti:",
    "HeaderSelectMetadataPath": "Valitse metatietojen sijainti:",
    "HeaderSelectServerCachePathHelp": "Selaa tai anna palvelimen v\u00e4limuistitiedostojen tallennussijainti. Kansioon on oltava kirjoitusoikeus.",
    "HeaderSelectTranscodingPathHelp": "T\u00e4yt\u00e4 tai selaa transkoodauksen ty\u00f6tidostojen mukautettu sijainti. Kansioon on oltava kirjoitusoikeus.",
    "HeaderSelectMetadataPathHelp": "Selaa tai anna palvelimen metatietojen tallennussijainti. Kansioon on oltava kirjoitusoikeus.",
    "MessageFileWillBeDeleted": "Seuraava tiedosto poistetaan:",
    "MessageSureYouWishToProceed": "Tahdotko varmasti jatkaa?",
    "MessageFollowingFileWillBeMovedFrom": "Seuraava tiedosto siirret\u00e4\u00e4n kohteesta:",
    "MessageDestinationTo": "kohteeseen:",
    "HeaderRestart": "K\u00e4ynnist\u00e4 uudelleen",
    "HeaderShutdown": "Sulje",
    "MessageConfirmRestart": "Haluatko varmasti k\u00e4ynnist\u00e4\u00e4 palvelimen uudelleen?",
    "MessageConfirmShutdown": "Haluatko varmasti sulkea palvelimen?",
    "ValueItemCount": "{0} kohde",
    "ValueItemCountPlural": "{0} kohdetta",
    "NewVersionOfSomethingAvailable": "{0}, uusi versio on saatavilla!",
    "VersionXIsAvailableForDownload": "Versio {0} on nyt ladattavissa.",
    "LabelVersionNumber": "Versio {0}",
    "LabelPlayMethodTranscoding": "Transkoodaus",
    "LabelPlayMethodDirectStream": "Direct-suoratoisto",
    "LabelPlayMethodDirectPlay": "Direct-toistetaan",
    "LabelLocalAccessUrl": "Paikallinen yhteys (LAN): {0}",
    "LabelRemoteAccessUrl": "Et\u00e4yhteys (WAN): {0}",
    "LabelRunningOnPort": "K\u00e4ynniss\u00e4 HTTP-portissa {0}.",
    "LabelRunningOnPorts": "K\u00e4ynniss\u00e4 HTTP-portissa {0}, and HTTPS-portissa {1}.",
    "HeaderLatestFromChannel": "Viimeisimm\u00e4t kanavalta {0}",
    "ButtonRemoteControl": "Et\u00e4ohjaus",
    "HeaderLatestTvRecordings": "Viimeisimm\u00e4t tallennukset",
    "LabelCurrentPath": "Nykyinen polku:",
    "HeaderSelectMediaPath": "Valitse median sijainti",
    "HeaderSelectPath": "Valitse sijainti",
    "ButtonNetwork": "Verkko",
    "MessageDirectoryPickerInstruction": "Verkkosijainnit voidaan sy\u00f6tt\u00e4\u00e4 manuaalisesti, jos automaattihaku ei l\u00f6yd\u00e4 laitteitasi. Esimerkiksi {0} tai {1}.",
    "MessageDirectoryPickerBSDInstruction": "BSD:n k\u00e4ytt\u00f6\u00e4 varten, saatat joutua m\u00e4\u00e4ritt\u00e4m\u00e4\u00e4n FreeNAS-tallennustilasi, jotta Emby voi k\u00e4ytt\u00e4\u00e4 sit\u00e4.",
    "MessageDirectoryPickerLinuxInstruction": "Jos k\u00e4yt\u00e4t Linuxia kuten Arch Linux, CentOS, Debian, Fedora, OpenSuse tai Ubuntu, sinun on annettava Embyn k\u00e4ytt\u00e4j\u00e4lle v\u00e4hint\u00e4\u00e4n lukuoikeus tallennussijainteishisi.",
    "HeaderMenu": "Valikko",
    "ButtonOpen": "Avaa",
    "ButtonShuffle": "Sekoitus",
    "HeaderAudioTracks": "\u00c4\u00e4niraidat",
    "HeaderLibraries": "Kirjastot",
    "MessageErrorPlayingVideo": "Videon toistossa tapahtui virhe.",
    "MessageEnsureOpenTuner": "Varmista, ett\u00e4 k\u00e4ytett\u00e4viss\u00e4 on avoin vastaanotin.",
    "ButtonReports": "Raportit",
    "MetadataManager": "Metatietojen hallinta",
    "HeaderTime": "Aika",
    "LabelAddedOnDate": "Lis\u00e4tty {0}",
    "ButtonStart": "Aloita",
    "OptionBlockLiveTvChannels": "Televisiokanavat",
    "OptionBlockChannelContent": "Internetkanavan sis\u00e4lt\u00f6",
    "ButtonRevoke": "Poista",
    "MessageConfirmRevokeApiKey": "Haluatko varmasti poistaa t\u00e4m\u00e4n API-avaimen? Sovelluksen yhteys palvelimeen katkaistaan v\u00e4litt\u00f6m\u00e4sti.",
    "HeaderConfirmRevokeApiKey": "Poista API-avain",
    "ValueContainer": "Sis\u00e4lt\u00f6tyyppi: {0}",
    "ValueAudioCodec": "\u00c4\u00e4nikoodekki: {0}",
    "ValueVideoCodec": "Videokoodekki: {0}",
    "ValueCodec": "Koodekki:  {0}",
    "ValueConditions": "Ehdot: {0}",
    "LabelAll": "Kaikki",
    "HeaderDeleteImage": "Poista kuva",
    "MessageFileNotFound": "Tiedostoa ei l\u00f6ydy.",
    "ButtonNextPage": "Seuraava sivu",
    "ButtonPreviousPage": "Edellinen sivu",
    "MessagePleaseAcceptTermsOfServiceBeforeContinuing": "Sinun on hyv\u00e4ksytt\u00e4v\u00e4 k\u00e4ytt\u00f6ehdot ennen kuin jatkat.",
    "OptionOff": "Off",
    "OptionOn": "On",
    "ButtonUninstall": "Poista asennus",
    "HeaderLiveTV": "Live TV",
    "MissingPrimaryImage": "Juliste puuttuu.",
    "MissingBackdropImage": "Tausta puuttuu.",
    "MissingLogoImage": "Logo puuttuu.",
    "MissingEpisode": "Jakso puuttuu.",
    "OptionBackdrops": "Tausta",
    "OptionImages": "Kuvat",
    "OptionKeywords": "Avainsanat",
    "OptionTags": "Tunnisteet",
    "OptionStudios": "Studiot",
    "OptionName": "Nimi",
    "OptionOverview": "Yhteenveto",
    "OptionGenres": "Tyylilajit",
    "OptionPeople": "Henkil\u00f6t",
    "OptionBirthLocation": "Syntym\u00e4paikka",
    "HeaderChangeFolderType": "Vaihda sis\u00e4lt\u00f6tyyppi\u00e4",
    "HeaderChangeFolderTypeHelp": "Vaihtaaksesi sis\u00e4lt\u00f6tyyppi\u00e4, sinun on poistettava kirjasto ja luotava se uudelleen uudentyyppisen\u00e4.",
    "HeaderAlert": "H\u00e4lytys",
    "MessagePleaseRestart": "K\u00e4ynnist\u00e4 palvelin uudelleen p\u00e4ivityksen viimeistely\u00e4 varten",
    "ButtonHide": "Piilota",
    "MessageSettingsSaved": "Asetukset tallennettu.",
    "TabLibrary": "Kirjasto",
    "TabLiveTV": "Live TV",
    "TabPlugins": "Laajennukset",
    "TabHelp": "Apua",
    "HeaderNotifications": "Ilmoitukset",
    "HeaderSelectPlayer": "Valitse soitin",
    "HeaderSpecials": "Erikoisjaksot",
    "HeaderTrailers": "Trailerit",
    "HeaderResolution": "Tarkkuus",
    "HeaderRuntime": "Kesto",
    "HeaderParentalRating": "Ik\u00e4rajaluokitus",
    "HeaderReleaseDate": "Julkaisup\u00e4iv\u00e4",
    "HeaderSeries": "Sarja",
    "HeaderSeason": "Kausi",
    "HeaderSeasonNumber": "Kauden numero",
    "HeaderNetwork": "Verkko",
    "HeaderYear": "Vuosi",
    "HeaderEmbeddedImage": "Upotettu kuva",
    "OptionHomeVideos": "Kotivideot & valokuvat",
    "OptionBooks": "Kirjat",
    "ButtonUp": "Yl\u00f6s",
    "ButtonDown": "Alas",
    "HeaderMetadataReaders": "Metatietojen lukijat",
    "LabelMetadataReadersHelp": "Luokittele ensisijaiset paikallisten metatietojen l\u00e4hteet t\u00e4rkeysj\u00e4rjestykseen. Ensimm\u00e4inen l\u00f6ytynyt tiedosto luetaan.",
    "HeaderSubtitleDownloaders": "Tekstitysl\u00e4hteet",
    "SubtitleDownloadersHelp": "Aktivoi ja luokittele ensisijaiset tekstitysten latauspalvelut t\u00e4rkeysj\u00e4rjestykseen. Lis\u00e4\u00e4 tekstitysl\u00e4hteit\u00e4 voi asentaa Embyn laajennushakemistosta.",
    "LabelMetadataDownloaders": "Metatietol\u00e4hteet:",
    "LabelMetadataDownloadersHelp": "Aktivoi ja luokittele ensisijaiset metatietojen latauspalvelut t\u00e4rkeysj\u00e4rjestykseen. Alemman t\u00e4rkeysj\u00e4rjestyksen palveluita k\u00e4ytet\u00e4\u00e4n vain puuttuvien tietojen t\u00e4ytt\u00f6\u00f6n.",
    "HeaderMetadataSavers": "Metatietojen tallentajat",
    "LabelMetadataSaversHelp": "Valitse tiedostoformaatit, joihin haluat metatiedot tallentaa.",
    "LabelImageFetchers": "Kuvien latauspalvelut:",
    "LabelImageFetchersHelp": "Aktivoi ja luokittele ensisijaiset kuvien latauspalvelut t\u00e4rkeysj\u00e4rjestykseen.",
    "PersonTypePerson": "Henkil\u00f6",
    "HeaderRemoveMediaLocation": "Poista mediasijainti",
    "MessageConfirmRemoveMediaLocation": "Oletko varma, ett\u00e4 haluat poistaa sijainnin?",
    "LabelNewName": "Uusi nimi:",
    "HeaderRemoveMediaFolder": "Poista mediakansio",
    "MessageTheFollowingLocationWillBeRemovedFromLibrary": "Seuraavat mediasijainnit poistetaan emby-kirjastostasi:",
    "MessageAreYouSureYouWishToRemoveMediaFolder": "Oletko varma, ett\u00e4 haluat poistaa t\u00e4m\u00e4n mediakansion?",
    "ButtonRename": "Nime\u00e4 uudelleen",
    "ButtonChangeContentType": "Vaihda sis\u00e4lt\u00f6tyyppi\u00e4",
    "HeaderMediaLocations": "Mediasijainnit",
    "LabelContentTypeValue": "Sis\u00e4lt\u00f6tyyppi: {0}",
    "FolderTypeUnset": "Sekalainen sis\u00e4lt\u00f6",
    "HeaderPluginInstallation": "Laajennuksen asennus",
    "MessageAlreadyInstalled": "T\u00e4m\u00e4 versio on jo asennettu.",
    "MessageYouHaveVersionInstalled": "Sinulla on asennettuna versio {0}.",
    "MessageTrialExpired": "T\u00e4m\u00e4n ominaisuuden kokeilujakso on p\u00e4\u00e4ttynyt",
    "MessageTrialWillExpireIn": "T\u00e4m\u00e4n ominaisuuden kokeilujakso p\u00e4\u00e4ttyy {0} p\u00e4iv\u00e4ss\u00e4",
    "MessageInstallPluginFromApp": "T\u00e4m\u00e4 laajennus on asennettava sill\u00e4 sovelluksella, jossa aiot k\u00e4ytt\u00e4\u00e4 sit\u00e4.",
    "ValuePriceUSD": "Hinta: {0} (USD)",
    "MessageFeatureIncludedWithSupporter": "Olet rekister\u00f6inyt t\u00e4m\u00e4n ominaisuuden ja voit jatkaa sen k\u00e4ytt\u00f6\u00e4 aktiivisella Emby Premiere -tilauksella.",
    "HeaderUnrated": "Rajoittamaton",
    "HeaderUnknownDate": "Tuntematon p\u00e4v\u00e4m\u00e4\u00e4r\u00e4",
    "HeaderUnknownYear": "Tuntematon vuosi",
    "HeaderSelectExternalPlayer": "Valitse ulkoinen soitin",
    "HeaderExternalPlayerPlayback": "Toisto ulkoisella soittimella",
    "OptionWatched": "Katsottu",
    "OptionUnwatched": "Ei katsottu",
    "LabelMarkAs": "Merkitse:",
    "OptionInProgress": "K\u00e4ynniss\u00e4:",
    "LabelResumePoint": "Jatkosijainti:",
    "ValueOneTrailer": "1 traileri",
    "ValueTrailerCount": "{0} traileria",
    "ValueSeriesYearToPresent": "{0} - nykyhetki",
    "ValueAwards": "Palkinnot: {0}",
    "ValuePremiered": "Ensiesitys {0}",
    "ValuePremieres": "Julkaistaan {0}",
    "ValueStudio": "Studio: {0}",
    "ValueStudios": "Studiot: {0}",
    "ValueStatus": "Tila: {0}",
    "LabelLimit": "Raja:",
    "ValueLinks": "Linkit: {0}",
    "ValueArtist": "Esitt\u00e4j\u00e4: {0}",
    "ValueArtists": "Esitt\u00e4j\u00e4t: {0}",
    "MediaInfoCameraMake": "Kameran merkki",
    "MediaInfoCameraModel": "Kameran malli",
    "MediaInfoAltitude": "Korkeus",
    "MediaInfoAperture": "Aukko",
    "MediaInfoExposureTime": "Valotusaika",
    "MediaInfoFocalLength": "Polttov\u00e4li",
    "MediaInfoOrientation": "Suuntaus",
    "MediaInfoIsoSpeedRating": "ISO-nopeusluokitus",
    "MediaInfoLatitude": "Leveysaste",
    "MediaInfoLongitude": "Pituusaste",
    "MediaInfoShutterSpeed": "Suljinnopeus",
    "MediaInfoSoftware": "Ohjelmisto",
    "TabExpert": "Expertti",
    "HeaderSelectCustomIntrosPath": "Valitse polku mukautetulle esittelysis\u00e4ll\u00f6lle",
    "HeaderThankYou": "Kiitos",
    "ReleaseYearValue": "Julkaisuvuosi: {0}",
    "TabExtras": "Lis\u00e4materiaali",
    "DeviceLastUsedByUserName": "{0} k\u00e4ytti viimeksi",
    "HeaderSelectUploadPath": "Valitse tallennussijainti",
    "ErrorMessageStartHourGreaterThanEnd": "P\u00e4\u00e4ttymisajan on oltava suurempi kuin aloitusajan",
    "ButtonLibraryAccess": "Kirjaston p\u00e4\u00e4sy",
    "ButtonParentalControl": "Ik\u00e4rajaluokitus",
    "MessagePluginConfigurationRequiresLocalAccess": "M\u00e4\u00e4ritt\u00e4\u00e4ksesi t\u00e4m\u00e4n laajennuksen, sinun on kirjauduttava suoraan paikalliselle palvelimelle.",
    "HeaderCancelSyncJob": "Peru synkronointi",
    "MovieLibraryHelp": "Tutustu {0}elokuvien nime\u00e4misk\u00e4yt\u00e4nt\u00f6\u00f6n{1}.",
    "TvLibraryHelp": "Tutustu {0}televisiosarjojen nime\u00e4misk\u00e4yt\u00e4nt\u00f6\u00f6n{1}.",
    "BookLibraryHelp": "Tekstikirjat ovat tuettuja. Tutustu {0}kirjojen nime\u00e4misk\u00e4yt\u00e4nt\u00f6\u00f6n{1}.",
    "MessageGamePluginRequired": "Vaatii GameBrowser-laajennuksen asennuksen",
    "MessageUnsetContentHelp": "Sis\u00e4lt\u00f6 n\u00e4ytet\u00e4\u00e4n paljaina kansioina.",
    "ButtonNewServer": "Uusi palvelin",
    "ButtonRemote": "Et\u00e4ohjaus",
    "HeaderUnlockApp": "Avaa lukitus",
    "HeaderUnlockSync": "Avaa synkronoinnin lukitus",
    "MessagePaymentServicesUnavailable": "Maksupalvelut eiv\u00e4t ole t\u00e4ll\u00e4 hetkell\u00e4 tavoitettavasissa. Yrit\u00e4 my\u00f6hemmin uudelleen.",
    "HeaderLibrary": "Kirjasto",
    "HeaderMedia": "Media",
    "NoNewDevicesFound": "Uusia laitteita ei l\u00f6ytynyt. Lis\u00e4t\u00e4ksesi uuden virittimen, sulje t\u00e4m\u00e4 ruutu ja sy\u00f6t\u00e4 laitteen tiedot manuaalisesti.",
    "ManageLibrary": "Hallitse kirjastoa",
    "HeaderConfirm": "vahvista",
    "MessageConfirmDeleteTunerDevice": "Oletko varma, ett\u00e4 haluat poistaa laitteen?",
    "MessageConfirmDeleteGuideProvider": "Oletko varma, ett\u00e4 haluat poistaa opastoimittajan?",
    "HeaderDeleteProvider": "Poista toimittaja",
    "ErrorAddingTunerDevice": "Virittimen lis\u00e4yksess\u00e4 havaittiin ongelma. Varmista, ett\u00e4 viritin on tavoitettavissa ja yrit\u00e4 uudelleen.",
    "ErrorSavingTvProvider": "Televisiotoimittajan tallennuksessa ilmeni virhe. Varmista, ett\u00e4 toimittaja on tavoitettavissa ja yrit\u00e4 uudelleen.",
    "ErrorGettingTvLineups": "Televisiokokoonpanojen latauksessa ilmeni ongelma. Varmista, ett\u00e4 tiedot ovat oikein ja yrit\u00e4 uudelleen.",
    "MessageCreateAccountAt": "Luo tili {0}",
    "ErrorPleaseSelectLineup": "Valitse kokoonpano ja yrit\u00e4 uudelleen. Jos kokoonpanoja ei ole saatavilla, tarkista, ett\u00e4 k\u00e4ytt\u00e4j\u00e4nimesi, salsanasi ja postinumerosi ovat oikein.",
    "HeaderTryEmbyPremiere": "Kokeile Emby Premiere -tilausta",
    "OptionEnableDisplayMirroring": "K\u00e4yt\u00e4 n\u00e4yt\u00f6n peilausta",
    "ErrorValidatingSupporterInfo": "Emby Premiere -tilauksesi tarkistuksessa ilmeni ongelma. Yrit\u00e4 my\u00f6hemmin uudelleen.",
    "LabelLocalSyncStatusValue": "Tila: {0}",
    "OptionBackdropSlideshow": "Taustojen diaesitys",
    "HeaderTopPlugins": "Huippulaajennukset",
    "ButtonOther": "Muut",
    "ButtonMenu": "Valikko",
    "ForAdditionalLiveTvOptions": "Selaa {0}laajennushakemistoa{1} lis\u00e4t\u00e4ksesi muita televisiotoimittajia.",
    "AddUser": "Lis\u00e4\u00e4 k\u00e4ytt\u00e4j\u00e4",
    "HeaderEmailAddress": "S\u00e4hk\u00f6postiosoite",
    "NumLocationsValue": "{0} kansiota",
    "ErrorAddingListingsToSchedulesDirect": "Schedules Direct -tilin kokoonpanojen lis\u00e4yksen yhteydess\u00e4 tapahtui virhe. Schedules Direct sallii vain rajallisen m\u00e4\u00e4r\u00e4n kokoonpanoja tili\u00e4 kohden. Saattaa olla, ett\u00e4 joudut kirjautumaan Schedules Direct -tilillesi ja poistamaan muita tietoja tililt\u00e4si, ennen kuin jatkat.",
    "PleaseAddAtLeastOneFolder": "Lis\u00e4\u00e4 kirjastoon ainakin yksi kansio klikkaamalla \"Lis\u00e4\u00e4\" -painiketta.",
    "ErrorAddingMediaPathToVirtualFolder": "Median polun lis\u00e4yksess\u00e4 tapahtui virhe. Varmista, ett\u00e4 polku on oikein ja ett\u00e4 palvelimella on oikeus k\u00e4ytt\u00e4\u00e4 sijaintia.",
    "ErrorAddingEmbyConnectAccount3": "Emby Connect -tili on jo liitetty olemassa olevaan paikalliseen k\u00e4ytt\u00e4j\u00e4\u00e4n. Tili voidaan liitt\u00e4\u00e4 vain yhteen paikalliseen tiliin kerrallaan.",
    "HeaderConfirmPluginInstallation": "Vahvista laajennuksen asennus",
    "PleaseConfirmPluginInstallation": "Klikkaa \"Ok\" vahvistaaksesi, ett\u00e4 olet lukenut yll\u00e4olevan ja haluat jatkaa laajennuksen asennusta.",
    "MessagePluginInstallDisclaimer": "Emby-yhteis\u00f6n kehitt\u00e4m\u00e4t laajennukset ovat hieno tapa parantaa Emby-kokoemustasi lis\u00e4ominaisuuksilla ja eduilla. Ennen asennusta, ota kuitenkin huomioon, ett\u00e4 ne saattavat joskus my\u00f6s mm. lis\u00e4t\u00e4 kirjastojen skannausaikaa, lis\u00e4t\u00e4 taustatoimintaa ja alentaa j\u00e4rjestelm\u00e4n vakautta.",
    "TitleHardwareAcceleration": "Laitteistokiihdytys",
    "HardwareAccelerationWarning": "Laitteistokiihdytyksen k\u00e4ytt\u00f6\u00f6notto saattaa aiheuttaa ep\u00e4vakautta joissakin ymp\u00e4rist\u00f6iss\u00e4. Varmista, ett\u00e4 k\u00e4ytt\u00f6j\u00e4rjestelm\u00e4si ja videolaitteesi laiteajurit ovat ajan tasalla. Jos videoiden toistossa ilmenee ongelmia k\u00e4ytt\u00f6\u00f6noton j\u00e4lkeen, muuta asetus takaisin automaatille.",
    "ValueExample": "Esimerkki: {0}",
    "LabelFileOrUrl": "Teidosto tai URL:",
    "OptionEnableForAllTuners": "Aktivoi kaikille virittimille",
    "HeaderTuners": "Virittimet",
    "LabelOptionalM3uUrl": "M3U URL (valinnainen):",
    "LabelOptionalM3uUrlHelp": "Jotkin laitteet tukevat M3U kanavalistoja.",
    "TabResumeSettings": "Toiston jatkoasetukset",
    "DrmChannelsNotImported": "DRM-suojattuja kanavia ei tuoda",
    "LabelAllowHWTranscoding": "K\u00e4yt\u00e4 laitteistokiihdytyst\u00e4",
    "AllowHWTranscodingHelp": "Sallii virittimen muuntaa media reaaliajassa, kun mahdollista. T\u00e4m\u00e4 saattaa v\u00e4hent\u00e4\u00e4 palvelimella tapahtuvaa transkoodausta.",
    "MetadataSettingChangeHelp": "Metatietojen asetusten muuttaminen vaikuttaa uuteen sis\u00e4lt\u00f6\u00f6n. P\u00e4ivitt\u00e4\u00e4ksesi vanhan sis\u00e4ll\u00f6n, avaa yksityiskohtainen n\u00e4kym\u00e4 ja klikkaa p\u00e4ivityspainiketta tai suorita yhteisp\u00e4ivitys k\u00e4ytt\u00e4en metatietojen hallintaty\u00f6kalua.",
    "RecordingPathChangeMessage": "Tallennekansion vaihto ei siirr\u00e4 olemassa olevia tallenteita vanhasta sijainnista uuteen. Sinun on siirrett\u00e4v\u00e4 ne manuaalisesti, jos tarpeen.",
    "LabelSportsCategories": "Urheilukategoriat:",
    "XmlTvSportsCategoriesHelp": "Televisiol\u00e4hetykset n\u00e4ill\u00e4 kategorioilla n\u00e4ytet\u00e4\u00e4n urheiluohjelmina. Erota useita '|' -merkill\u00e4.",
    "LabelNewsCategories": "Uutiskategoriat:",
    "XmlTvNewsCategoriesHelp": "Televisiol\u00e4hetykset n\u00e4ill\u00e4 kategorioilla n\u00e4ytet\u00e4\u00e4n uutisohjelmina. Erota useita '|' -merkill\u00e4.",
    "LabelKidsCategories": "Lasten kategoriat:",
    "XmlTvKidsCategoriesHelp": "Televisiol\u00e4hetykset n\u00e4ill\u00e4 kategorioilla n\u00e4ytet\u00e4\u00e4n lastenohjelmina. Erota useita '|' -merkill\u00e4.",
    "LabelMovieCategories": "Elokuvien kategoriat:",
    "XmlTvMovieCategoriesHelp": "Televisiol\u00e4hetykset n\u00e4ill\u00e4 kategorioilla n\u00e4ytet\u00e4\u00e4n elokuvina. Erota useita '|' -merkill\u00e4.",
    "XmlTvPathHelp": "Polku xml tv -tiedostoon. Emby lukee t\u00e4m\u00e4n tiedoston ja tarkistaa sen s\u00e4\u00e4nn\u00f6llisesti uudestaan. On sinun vastuullasi luoda ja pit\u00e4\u00e4 tiedoston sis\u00e4lt\u00f6 ajan tasalla.",
    "LabelLocalIpAddress": "Paikallinen IP-osoite:",
    "LabelBindToLocalNetworkAddressHelp": "Sy\u00f6t\u00e4 paikallinen IP-osoite, jonka palvelin ilmoittaa Emby-sovelluksille. J\u00e4t\u00e4 kentt\u00e4 tyhj\u00e4ksi osoitteen automaattista tunnistusta varten (yleens\u00e4 automaattitunnistus riitt\u00e4\u00e4).",
    "SettingsWarning": "N\u00e4iden asetusten muuttaminen voi aiheuttaa ep\u00e4vakautta tai yhteysongelmia. Jos ongelmia ilmenee, palauta asetukset oletusarvoihin.",
    "MapChannels": "Kartoita kanavat",
    "OptionSaveMetadataAsHiddenHelp": "T\u00e4m\u00e4n muutos vaikuttaa uusiin metatietoihin t\u00e4st\u00e4 eteenp\u00e4in. Olemassa olevat metatiedot p\u00e4ivitet\u00e4\u00e4n, kun palvelin ne seuraavan kerran tallentaa.",
    "EnablePhotos": "Hyv\u00e4ksy valokuvat",
    "EnablePhotosHelp": "Valokuvat tunnistetaan ja n\u00e4ytet\u00e4\u00e4n muiden mediatiedostojen rinnalla.",
    "ImportPlaylists": "Tuo toistolistatiedostoja",
    "ImportPlaylistsHelp": "Mediakansioista l\u00f6ydetyt toistolistat voidaan tuoda palvelimen toistolistoiksi.",
    "LabelMaxAudioFileBitrate": "Suurin sallittu \u00e4\u00e4nen bittinopeus:",
    "LabelMaxAudioFileBitrateHelp": "Palvelin muuntaa suuremman bittinopeuden \u00e4\u00e4nitiedostot. Valitse korkeampi arvo parempaa laatua varten tai pienempi arvo s\u00e4\u00e4st\u00e4\u00e4ksesi levytilaa.",
    "SaveThumbnailImagesIntoMediaFolders": "Tallenna videoiden esikatselukuvat mediakansioihin",
    "LabelGenerateVideoPreviewThumbnails": "Luo videoille esikatselukuvat:",
    "LabelEnableDebugLogging": "K\u00e4yt\u00e4 virheenkorjauslokia",
    "OptionEnableExternalContentInSuggestions": "K\u00e4yt\u00e4 ulkoista sis\u00e4lt\u00f6\u00e4 ehdotuksissa",
    "OptionEnableExternalContentInSuggestionsHelp": "Sis\u00e4llyt\u00e4 trailerit internetist\u00e4 ja suorat televisiol\u00e4hetykset ehdotettuun sis\u00e4lt\u00f6\u00f6n.",
    "LabelH264EncodingPreset": "H264-koodauksen esiasetus:",
    "H264EncodingPresetHelp": "Valitse nopeampi arvo parantaaksesi suorituskyky\u00e4 tai hitaampi arvo parantaaksesi laatua.",
    "LabelH264Crf": "H264 koodauksen CFR:",
    "H264CrfHelp": "The Constant Rate Factor (CRF, vakionopeuskerroin) on x264 kooderin oletuslaatuasetus. Voit asettaa arvon 0 ja 51 v\u00e4lilt\u00e4, miss\u00e4 alempi arvo tuottaa parempaa laatua (suuremman teidostokoon kustannuksella). J\u00e4rkev\u00e4t arvot ovat 18 ja 28 v\u00e4lill\u00e4. x264 oletusarvo on 23, joten voit k\u00e4ytt\u00e4\u00e4 sit\u00e4 aloituspisteen\u00e4.",
    "LabelOptionalNetworkPath": "Valinnainen. Jaettu verkkokansio:",
    "LabelOptionalNetworkPathHelp": "Jos t\u00e4m\u00e4 kansio on jaettu verkossasi, verkkosijainnin sy\u00f6tt\u00f6 mahdollistaa muiden laitteiden Emby-sovelluksille suoran yhteyden mediatiedostoihin.",
    "SynologyUpdateInstructions": "Kirjaudu DMS:\u00e4\u00e4n ja mene Package Centeriin (pakettikeskukseen) p\u00e4ivitt\u00e4\u00e4ksesi.",
    "LabelMoviePrefix": "Elokuvan etuliite:",
    "LabelMoviePrefixHelp": "Jos elokuvien nimiin on liitetty etuliite, sy\u00f6t\u00e4 se t\u00e4h\u00e4n, jotta Emby osaa k\u00e4sitell\u00e4 sen oikein.",
    "HeaderRecordingPostProcessing": "Tallennusten j\u00e4lkik\u00e4sittely",
    "LabelPostProcessorArguments": "J\u00e4lkik\u00e4sittelij\u00e4n komentoriviargumentit:",
    "LabelPostProcessorArgumentsHelp": "K\u00e4yt\u00e4 {path} polkuna tallenteeseen.",
    "LabelPostProcessor": "J\u00e4lkik\u00e4sittelysovellus:",
    "ErrorAddingXmlTvFile": "XmlTV-tiedoston avauksessa havaittiin virhe. Varmista, ett\u00e4 tiedosto on olemassa ja yrit\u00e4 uudelleen.",
    "OptionAutomaticallyGroupSeries": "Yhdist\u00e4 useisiin kansioihin jaetut sarjat automaattisesti.",
    "OptionAutomaticallyGroupSeriesHelp": "Jos aktivoituna, yhdistet\u00e4\u00e4n t\u00e4ss\u00e4 kirjastossa olevat, eri kansioihin jaetut sarjat yhtdeksi sarjaksi.",
    "WhenDidYouPurchaseApp": "Milloin alunperin ostit t\u00e4m\u00e4n sovelluksen?",
    "PreferEmbeddedTitlesOverFileNames": "K\u00e4yt\u00e4 ensisijaisesti tiedostonsis\u00e4isi\u00e4 nimi\u00e4 tiedostonimien sijaan.",
    "PreferEmbeddedTitlesOverFileNamesHelp": "T\u00e4m\u00e4 m\u00e4\u00e4ritt\u00e4\u00e4 n\u00e4ytett\u00e4v\u00e4n oletusotsikon, kun internetist\u00e4 noudettuja tai paikallisia metatietoja ei ole saatavilla.",
    "HeaderLiveTvTunerSetup": "Televisiovirittimen m\u00e4\u00e4ritys",
    "HeaderTVSourceSetup": "Televisiol\u00e4hteen m\u00e4\u00e4ritys",
    "HeaderDetectMyDevices": "Tunnista laitteeni",
    "MessagePleaseWait": "Odota. T\u00e4m\u00e4 voi kest\u00e4\u00e4 muutaman minuutin.",
    "DetectingDevices": "Tunnistetaan laitteita",
    "LabelAutomaticallyRefreshInternetMetadataEvery": "Alkuper\u00e4isen tuonnin j\u00e4lkeen, p\u00e4ivit\u00e4 metatiedot internetist\u00e4 automaattisesti:",
    "Never": "Ei koskaan",
    "EveryNDays": "Joka {0} p\u00e4iv\u00e4",
    "NDays": "{0} p\u00e4iv\u00e4\u00e4",
    "HeaderNewDevices": "Uusia laitteita",
    "LabelCertificatePassword": "Sertifikaatin salasana:",
    "LabelCertificatePasswordHelp": "Jos sertifikaattisi vaatii salasanan, sy\u00f6t\u00e4 se t\u00e4h\u00e4n.",
    "LabelEnableHardwareDecodingFor": "Salli laitteistokiihdytys:",
    "EnableHardwareEncoding": "Salli laitteistokiihdytys",
    "Rate": "Nopeus",
    "HeaderNewLibrary": "Uusi kirjasto",
    "HttpsRequiresCert": "K\u00e4ytt\u00e4\u00e4ksesi suojattua yhteytt\u00e4, tarvitset luotetun SSL-sertifikaatin, esim. Let's Encrypt -toimittajalta. Lis\u00e4\u00e4 sertifikaatti tai kytke suojatut yhteydet pois k\u00e4yt\u00f6st\u00e4.",
    "ServerRestartNeededAfterPluginInstall": "Palvelin on k\u00e4ynnistett\u00e4v\u00e4 uudelleen laajennuksen asennuksen j\u00e4lkeen.",
    "PluginInstalledMessage": "Laajennus asennettiin onnistuneesti. Palvelin t\u00e4ytyy k\u00e4ynnist\u00e4\u00e4 uudelleen, jotta muutokset tulevat voimaan.",
    "Themes": "Teemat",
    "MessagePremiereStatusGood": "Sinulla on {0} Emby Premiere -tilaus ja sen sallittu laitekapasiteetti riitt\u00e4\u00e4 t\u00e4ll\u00e4 hetkell\u00e4 hyvin.",
    "MessagePremiereStatusClose": "Sinulla on {0} Emby Premiere -tilaus, mutta sen sallittu laitekapasiteetti on l\u00e4hell\u00e4 yl\u00e4rajaa.",
    "MessagePremiereExtendedPlans": "Harkitse {0}laajennettua palvelupakettia{1}",
    "MessagePremiereStatusOver": "Sinulla on {0} Emby Premiere -tilaus, mutta sen sallittu laitekapasiteetti on ylitetty!",
    "ListItemPremiereSub": "{0} tilaus ostettu maksutavan {2} kautta ja se er\u00e4\u00e4ntyy {1}",
    "LabelClickToCancel": "Klikkaa irtisanoaksesi tilauksen",
    "LabelCancelInfo": "Voit hallita t\u00e4t\u00e4 tilausta suoraan maksutavan {0} kautta",
    "LabelAlreadyCanceled": "Tilaus on irtisanottu. Tilausavain pysyy aktiivisena sen er\u00e4\u00e4ntymiseen saakka.",
    "HeaderCancelSub": "Irtisano Emby Premiere -tilauksesi",
    "MessageConfirmSubCancel": "EI, \u00e4l\u00e4 mene... J\u00e4\u00e4t paitsi kaikista Emby Premiere -tilauksen hienoista ominaisuuksista!",
    "ButtonCancelSub": "Tied\u00e4n, irtisano tilaus siit\u00e4 huolimatta",
    "ButtonDontCancelSub": "Pid\u00e4 tilaus voimassa",
    "MessageSubCancelReqSent": "Koodin omistajalle on l\u00e4hetetty s\u00e4hk\u00f6posti. Seuraa viestin ohjeita viimeistell\u00e4ksesi tilauksen irtisanomisen. Toivottavasti palaat pian takaisin!",
    "MessageSubCancelError": "Jokin meni pieleen tilausta irtisanottaessa. L\u00e4het\u00e4 s\u00e4hk\u00f6posti osoitteeseen {0}, niin otamme yhteytt\u00e4 ja selvit\u00e4mme ongelman.",
    "LabelAlreadyCancelled": "T\u00e4m\u00e4 tilaus on peruutettu. Sinua ei en\u00e4\u00e4 veloiteta, mutta ominaisuudet toimivat yll\u00e4mainittuun p\u00e4iv\u00e4\u00e4n saakka.",
    "AllowOnTheFlySubtitleExtraction": "Salli tekstitysten purku reaaliajassa.",
    "AllowOnTheFlySubtitleExtractionHelp": "Videotiedostojen sis\u00e4iset tekstitykset voidaan purkaa videoista ja toimittaa Emby-sovelluksille pelkk\u00e4n\u00e4 tekstin\u00e4, jolloin videon transkoodausta ei tarvita. Joissakin j\u00e4rjestelmiss\u00e4 t\u00e4m\u00e4 saattaa kest\u00e4\u00e4 pitk\u00e4\u00e4n ja aiheuttaa videon toiston pys\u00e4htely\u00e4 k\u00e4sittelyn aikana. Kun asetusta ei k\u00e4ytet\u00e4, poltetaan tekstitykset muunnoksen yhteydess\u00e4 pysyv\u00e4sti videokuvaan, jolloin ne n\u00e4kyv\u00e4t kaikissa laitteissa.",
    "ButtonStopRecording": "Lopeta tallennus",
    "EnableDebugLoggingHelp": "Virheenkorjausloki tulisi aktivoida vain vianetsint\u00e4tarpeisiin. T\u00e4st\u00e4 aiheutuva suurempi tiedostoj\u00e4rjestelm\u00e4n k\u00e4ytt\u00f6 voi est\u00e4\u00e4 palvelinkoneen valmiustilan toiminnan joissakin ymp\u00e4rist\u00f6iss\u00e4.",
    "LabelSimultaneousConnectionLimit": "Yht\u00e4aikaisten toistovirtojen raja-arvo:",
    "SimultaneousConnectionLimitHelp": "Yhdenaikaisten mediavirtojen suurin sallittu m\u00e4\u00e4r\u00e4. Sy\u00f6t\u00e4 0 rajatonta toimintaa varten.",
    "LaunchWebAppOnStartup": "Kun palvelin k\u00e4ynnistyy, avaa Emby-verkkosovellus automaattisesti oletusselaimeen",
    "LaunchWebAppOnStartupHelp": "T\u00e4m\u00e4 avaa verkkosovelluksen j\u00e4rjestelm\u00e4n oletusselaimeen kun palvelin k\u00e4ynnistyy ensimm\u00e4isen kerran. T\u00e4t\u00e4 ei tapahdu palvelimen uudelleenk\u00e4ynnistyksen yhteydess\u00e4.",
    "LabelReferrerHeader": "Viittaava http header:",
    "LabelUserAgentHeader": "K\u00e4ytt\u00f6alustan http header:",
    "SupplyCustomValueIfNeeded": "Sy\u00f6t\u00e4 oma HTTP-header -tieto jos tarpeellista.",
    "HeaderConfigureRemoteAccess": "M\u00e4\u00e4rit\u00e4 et\u00e4p\u00e4\u00e4sy",
    "LearnHowToCreateSynologyShares": "Opi, miten voit jakaa kansioita Synology-laitteessa.",
    "LabelAllowedRemoteAddresses": "Ulkoisten IP-osoitteiden suodatus:",
    "LabelAllowedRemoteAddressesMode": "Ulkoisten IP-osoitteiden suodatustila:",
    "Whitelist": "Valkoinen lista",
    "Blacklist": "Musta lista",
    "AllowedRemoteAddressesHelp": "Pilkulla eroteltu lista IP-osoitteista tai IP\/netmask arvoista niille verkoille, joille et\u00e4yhteydet sallitaan. Jos j\u00e4tet\u00e4\u00e4n tyhj\u00e4ksi, yhteydet sallitaan kaikista osoitteista.",
    "LabelLanNetworks": "LAN-verkot:",
    "LanNetworksHelp": "Pilkulla eroteltu lista IP-osoitteista tai IP\/netmask arvoista niille verkoille, joita k\u00e4sitell\u00e4\u00e4n l\u00e4hiverkon osoitteina, kun asetetaan kaistanvarausta. Jos m\u00e4\u00e4ritetty, kaikkia muita IP-osoitteita k\u00e4sitell\u00e4\u00e4n ulkoisina ja niiden kaistanvaraus m\u00e4\u00e4r\u00e4ytyy ulkoisten verkkojen asetusten mukaisesti. Jos j\u00e4tet\u00e4\u00e4n tyhj\u00e4ksi, vain palvelimen aliverkkoa sek\u00e4 yleisi\u00e4 yksityisi\u00e4 IP-aliverkkoja (10.0.0.0\/8, 192.168.0.0\/24, jne.) k\u00e4sitell\u00e4\u00e4n paikallisina verkkoina.",
    "LabelSecureConnectionsMode": "Turvallinen yhteystila:",
    "PreferredNotRequired": "Ensisijainen, mutta ei pakollinen",
    "RequiredForAllRemoteConnections": "Pakollinen kaikille et\u00e4yhteyksille",
    "HandledByProxy": "Toteutettu k\u00e4\u00e4nteisell\u00e4 v\u00e4lityspalvelimella",
    "SaveSubtitlesIntoMediaFolders": "Tallenna tekstitykset mediatiedostojen kansioihin",
    "SaveSubtitlesIntoMediaFoldersHelp": "Tekstitysten s\u00e4ilytys videotiedostojen vieress\u00e4 mahdollistaa niiden helpomman hallinnan.",
    "AutomaticSubtitleDownloadInstructions": "Hallitaksesi tekstitysten automaattista latausta, klikkaa kirjastoa Embyn kirjastoasetuksissa ja muokkaa kirjastokohtaisia tekstitysten latausasetuksia.",
    "ProviderNeedsSetup": "{0} vaatii lis\u00e4\u00e4 m\u00e4\u00e4rityksi\u00e4 palvelimen asetusten osiosta {0}.",
    "LabelEnableHardwareAcceleration": "Salli laitteistokiihdytys kun mahdollista:",
    "HeaderPreferredHardwareDecoders": "Ensisijaiset laitteistodekooderit",
    "HeaderPreferredHardwareEncoders": "Ensisijaiset laitteistokooderit",
    "AllowChangingImageAndPassword": "Anna t\u00e4m\u00e4n k\u00e4ytt\u00e4j\u00e4n vaihtaa salasanansa ja profiilikuvansa",
    "LabelTranscodeBuffer": "Muunnoksen puskuri:",
    "LabelTranscodePosition": "Muunnoksen sijainti:",
    "LabelPlaybackPosition": "Toiston sijainti:",
    "LabelSimultaneousStreamLimit": "Yhdenaikaisten videovirtojen m\u00e4\u00e4r\u00e4:",
    "SimultaneousStreamLimitHelp": "Rajoita yhdenaikaisten videontoistosessioiden m\u00e4\u00e4r\u00e4\u00e4.",
    "LabelMusicFolderStructure": "Musiikkikansion rakenne:",
    "LabelMusicFolderStructureHelp": "T\u00e4m\u00e4 vihjaa mediakirjaston tarkastukselle miten mediakansiosi on j\u00e4rjestetty. Jos olet ep\u00e4varma tai kansiosi eiv\u00e4t t\u00e4ysin vastaa mit\u00e4\u00e4n vaihtoehtoa, valitse oletusvalinta \"Muu\".",
    "OtherOrUnstructured": "Muu tai j\u00e4rjestelem\u00e4t\u00f6n",
    "PerfectArtistAlbumTrack": "T\u00e4ydellisesti j\u00e4rjestelty artisti\\albumi-kansioihin ja kappaleet albumikansioissa.",
    "PerfectAlbumTrack": "T\u00e4ydellisesti j\u00e4rjestelty albumikansioihin ja kappaleet ovat.",
    "LiveTVServiceIntegrationHelp": "Katso oppaamme {0}integroinnista{1} Embyyn{2}.",
    "LabelMinCollectionSize": "Automaattisen kokoelman v\u00e4himm\u00e4iskoko:",
    "MinCollectionSizeHelp": "Luo kokoelmia automaattisesti kun kirjastossasi on v\u00e4hint\u00e4\u00e4n valittu m\u00e4\u00e4r\u00e4 kohteita. Arvon muutto ei vaikuta olemassa oleviin kokoelmiin.",
    "LabelImportCollections": "Tuo kokoelmien tiedot metatietol\u00e4hteist\u00e4",
    "LabelImportCollectionsHelp": "Kun k\u00e4yt\u00f6ss\u00e4, noudetaan kokoelmien tiedot k\u00e4ytt\u00e4mist\u00e4si metatietol\u00e4hteist\u00e4. T\u00e4m\u00e4 saattaa aiheuttaa ei-toivottujen kokoelmien automaattisen luonnin. K\u00e4yt\u00f6st\u00e4 poisto est\u00e4\u00e4 uusien kokoelmien automaattisen luonnin, muttei poista aiemmin luotuja kokoelmia.",
    "LabelAllowAdultMetadata": "Salli aikuisille tarkoitetut metatiedot",
    "LabelAllowAdultMetadataHelp": "Salli t\u00e4sm\u00e4\u00e4v\u00e4t, aikusiviihdenimikkeet metatietojen hakutuloksissa.",
    "HeaderVideoPreviewThumbnails": "Videoiden esikatselukuvat",
    "LabelEnableHDRToneMapping": "K\u00e4yt\u00e4 HDR-sis\u00e4ll\u00f6n s\u00e4vykartoitusta:",
    "EnableHDRToneMappingHelp": "S\u00e4vykartoitus varmistaa oikeanlaisen v\u00e4rien muunnoksen kun transkoodataan HDR-sis\u00e4lt\u00f6\u00e4, joka n\u00e4kyisi muutoin merkitt\u00e4v\u00e4sti himmennettyn\u00e4 ja haaleilla v\u00e4reill\u00e4. Laiteajurit saattavat vaatia joitakin lis\u00e4osia tukeakseen laitteistokiihdytyst\u00e4 t\u00e4m\u00e4n ominaisuuden kanssa. Tutustu laitteistokiihdytyksen k\u00e4ytt\u00f6\u00f6notto-oppaaseemme saadaksesi lis\u00e4tietoja.",
    "WithHardwareAcceleratedTranscoding": "Kyll\u00e4, vain laitteistokiihdytyksen kanssa",
    "TranscodingStillInitializing": "Emby-palvelimen transkoodauspalvelut k\u00e4ynnistyv\u00e4t viel\u00e4. Ruutu p\u00e4ivittyy kun palvelut ovat valmiina.",
    "WithSoftwareTranscoding": "Kyll\u00e4, pakotetun ohjelmallisen transkoodauksen kanssa",
    "WithEitherHardwareOrSoftwareTranscoding": "Kyll\u00e4, laitteistokiihdytetyn ja ohjelmallisen transkoodauksen kanssa",
    "ToneMappingInHardwareDescription": "S\u00e4vykatoitus suoritetaan laitteistokiihdytetysti kun se on otettu k\u00e4ytt\u00f6\u00f6n ja laitteisto tukee sit\u00e4. Muutoin sit\u00e4 ei suoriteta.",
    "ToneMappingInSoftwareDescription": "S\u00e4vykatoitus suoritetaan ohjelmallisesti suorittimella. T\u00e4m\u00e4 on merkitt\u00e4v\u00e4sti laitteistokiihdytetty\u00e4 s\u00e4vykartoitusta hitaampaa ja vaatii eritt\u00e4in tehokkaan palvelinkoneen.",
    "ToneMappingInBothDescription": "S\u00e4vykatoitus suoritetaan laitteistokiihdytetysti kun se on otettu k\u00e4ytt\u00f6\u00f6n ja laitteisto tukee sit\u00e4. Muutoin se suoritetaan ohjelmallisesti suorittimella. Ohjelmallinen s\u00e4vykartoitus on merkitt\u00e4v\u00e4sti laitteistokiihdytetty\u00e4 s\u00e4vykartoitusta hitaampaa ja vaatii eritt\u00e4in tehokkaan palvelinkoneen.",
    "AutoMapped": "Kohdistettu atomaattisesti",
    "ManuallyMapped": "Kohdistettu manuaalisesti",
    "NotMappedToGuideData": "Ei kohdistettu oppaan tietoihin",
    "MappedToValue": "Kohdistettu kohteeseen {0}",
    "LabelAutomaticallyWakeServerForRecordings": "Her\u00e4t\u00e4 tallentamaan palvelinkone automaattisesti.",
    "LabelAutomaticallyWakeServerForRecordingsHelp": "Her\u00e4tystapahtumat ajastetaan palvelimen k\u00e4ytt\u00f6j\u00e4rjestelm\u00e4ll\u00e4. Valinnan k\u00e4yt\u00f6st\u00e4 poisto est\u00e4\u00e4 tulevien her\u00e4tysten ajastuksen, muttei poista aiempia ajastuksia.",
    "Database": "Tietokanta",
    "LabelOptimizeDatabaseOnShutdown": "Pyri optimoimaan tietokanta palvelimen sulun yhteydess\u00e4",
    "LabelOptimizeDatabaseOnShutdownHelp": "Tietokannan optimointi ei yleens\u00e4 tee mit\u00e4\u00e4n, mutta ajoittain se suorittaa analyysin, jos se vaikuttaa tietokantakyselyiden suunnittelun kannalta hy\u00f6dylliselt\u00e4.",
    "LabelDatabaseCacheSize": "Tietokannan v\u00e4limuistin koko (Mt)",
    "LabelDatabaseCacheSizeHelp": "M\u00e4\u00e4ritt\u00e4\u00e4 tietom\u00e4\u00e4r\u00e4n, jonka tietokanta s\u00e4ilytt\u00e4\u00e4 muistissa kerrallaan tietokantatiedostoa kohden. Suurempi arvo saattaa parantaa Emby-palvelimen suorituyksyky\u00e4. Asetuksen k\u00e4ytt\u00f6\u00f6notto vaatii palvelimen uudelleenk\u00e4ynnistyksen.",
    "LabelDatabaseAnalysisLimit": "Analysoitavien rivien rajoitus",
    "LabelDatabaseAnalysisLimitHelp": "Optimoitaessa tietokantaa, on t\u00e4m\u00e4 ANALYZE-komennon jokaisessa hakemistossa tutkittavien rivien enimm\u00e4ism\u00e4\u00e4r\u00e4. Suurempi arvo  kasvattaa tietokannan optimoinnin tehokkuutta, mutta saattaa samalla hidastaa palvelimen sulketumista.",
    "LabelVacuumDb": "Imuroi tietokanta seuraavan Emby-palvelimen k\u00e4ynnistyksen yhteydess\u00e4",
    "LabelVacuumDbHelp": "Imurointi-komento rakentaa tietokantatiedoston uudelleen, pakaten sen pienimp\u00e4\u00e4n mahdolliseen kokoon. Joissakin tapauksissa t\u00e4m\u00e4 saattaa parantaa Emby-palvelimen suorituskyky\u00e4. Huomioi, ettei Emby-palvelintasi voi k\u00e4ytt\u00e4\u00e4 imurointitoiminnon suorituksen aikana, eik\u00e4 sen edistymist\u00e4 voi seurata mitenk\u00e4\u00e4n. V\u00e4lt\u00e4 palvelimen sulkua t\u00e4m\u00e4n aikana, koska se voi aiheuttaa tietokannan vaurioitumisen. Toiminto on kertaluonteinen ja valinta poistuu sen suorituksen j\u00e4lkeen k\u00e4yt\u00f6st\u00e4.",
    "AdvancedOptionsWarning": "N\u00e4m\u00e4 ovat edistyneit\u00e4 valintoja ja yleisesti ne tulee j\u00e4tt\u00e4\u00e4 oletusarvoihin, ellei sinulla ole erityist\u00e4 syyt\u00e4 muuttaa niit\u00e4.",
    "HeaderRecentlyActiveDevices": "Hiljattain aktiiviset laitteet",
    "YesUntilServerRestart": "Kyll\u00e4, kunnes palvelin k\u00e4ynnistyy seuraavan kerran uudelleen",
    "YesUntilLogRotate": "Kyll\u00e4, kunnes lokitiedosto kierr\u00e4tet\u00e4\u00e4n seuraavan kerran",
    "LabelSubtitleDownloadMaxAge": "\u00c4l\u00e4 yrit\u00e4 ladata tekstityksi\u00e4 automaattisesti videoille, jotka ovat vanhempia kuin:",
    "SubtitleDownloadMaxAgeHelp": "Perustuu metatietojen lis\u00e4ysp\u00e4iv\u00e4n arvoon.",
    "NoAgeLimit": "Ei ik\u00e4rajoitusta",
    "AnonymizeLogContents": "Tee lokitiedoista nimett\u00f6mi\u00e4"
}