{
    "LabelFinish": "Terminer",
    "LabelYoureDone": "Vous avez termin\u00e9!",
    "ThisWizardWillGuideYou": "Cet assistant vous guidera dans le processus de configuration. Pour commencer, merci de s\u00e9lectionner votre langue pr\u00e9f\u00e9r\u00e9e.",
    "HeaderCreateYourFirstUser": "Cr\u00e9ez votre premier utilisateur",
    "ButtonQuickStartGuide": "Guide de d\u00e9marrage rapide",
    "MoreUsersCanBeAddedLater": "D'autres utilisateurs pourront \u00eatre ajout\u00e9s ult\u00e9rieurement \u00e0 partir des configurations du serveur.",
    "UserProfilesIntro": "Emby supporte nativement les profils utilisateurs, les pr\u00e9f\u00e9rences d'affichage, la sauvegarde de l'\u00e9tat de lecture et le contr\u00f4le parental.",
    "WizardCompleted": "C'est tout ce dont nous avons besoin pour l'instant. Emby a commenc\u00e9 \u00e0 collecter les informations de votre biblioth\u00e8que de m\u00e9dias. Jetez un oeil \u00e0 quelques unes de nos applications, puis cliquez sur <b>Terminer<\/b> pour consulter le <b>Tableau de bord du serveur<\/b>.",
    "HeaderTermsOfService": "Conditions d'utilisation de Emby",
    "MessagePleaseAcceptTermsOfService": "Veuillez accepter les conditions d'utilisations et la politique de confidentialit\u00e9 avant de continuer.",
    "OptionIAcceptTermsOfService": "J'accepte les conditions d'utilisation.",
    "HeaderGuideDataSetup": "Configuration des donn\u00e9es du guide",
    "LabelGuideSource": "Source du guide :",
    "SeeOurHwaGuide": "Voir notre {0}guide de configuration de l\u2019acc\u00e9l\u00e9ration mat\u00e9rielle{1}.",
    "HeaderEmbyServerReleaseNotes": "Notes de version du serveur Emby",
    "AllowSubtitleDownloading": "Autoriser le t\u00e9l\u00e9chargement de sous-titres",
    "AllowSubtitleManagement": "Autoriser la suppression des sous-titres existants",
    "NewUserNameHelp": "Les utilisateurs seront affich\u00e9s comme ceci sur votre serveur.",
    "ChapterMarkers": "Marqueurs de chapitre",
    "LabelThumbnailImagesInterval": "Intervalle des vignettes:",
    "ThumbnailImagesIntervalHelp": "Des vignettes plus fr\u00e9quents fourniront une meilleur exp\u00e9rience, mais n\u00e9cessiteront plus d\u2019espace disque et plus de temps pour cr\u00e9er les images.",
    "LabelAuthProvider": "Fournisseur d'authentification",
    "AuthProviderHelp": "Les administrateurs utilisent toujours le fournisseur Emby pour s'assurer que vous \u00eates toujours capable de vous connecter.",
    "HeaderNewUser": "Nouvel utilisateur",
    "ChangeServerDisplayName": "Changer le nom d'affichage du serveur",
    "LabelPinCode": "NIP\u00a0:",
    "ShowAdvancedSettings": "Afficher les r\u00e9glages avanc\u00e9s",
    "ChangingMetadataImageSettingsNewContent": "Les changements apport\u00e9s aux param\u00e8tres d'acquisition de m\u00e9tadonn\u00e9es ou d'images s'appliquera seulement au nouveau contenu ajout\u00e9 \u00e0 votre biblioth\u00e8que. Pour appliquer les changements aux titres existants, vous devrez rafra\u00eechir leurs m\u00e9tadonn\u00e9es manuellement.",
    "AllowRemoteAccess": "Autoriser les connexions distantes \u00e0 ce serveur Emby.",
    "AllowRemoteAccessHelp": "Si d\u00e9s\u00e9lectionn\u00e9, toutes les connexions distantes seront bloqu\u00e9s.",
    "Alerts": "Alertes",
    "LabelTrackTitleDisplay": "Affichage des titres de piste int\u00e9gr\u00e9s :",
    "GenerateUserFriendlyTrackTitles": "G\u00e9n\u00e9rer des titres conviviaux en utilisant les informations des pistes",
    "PreferOriginalTrackTitles": "Pr\u00e9f\u00e9rer les titres int\u00e9gr\u00e9s",
    "TrackTitleDisplayHelp": "Choisir le titre affich\u00e9 des pistes audio et de sous-titres int\u00e9gr\u00e9es. Pr\u00e9f\u00e9rer les titres int\u00e9gr\u00e9s n\u2019est pas recommand\u00e9 sauf si vous g\u00e9rez manuellement les informations des pistes int\u00e9gr\u00e9es.",
    "EnableTranscodingThrottle": "Activer la r\u00e9gulation",
    "EnableTranscodingThrottleHelp": "Emby ajustera dynamiquement la vitesse de transcodage afin de r\u00e9duire l'utilisation du processeur.",
    "HeaderTypeMetadataDownloaders": "{0} t\u00e9l\u00e9chargeurs de m\u00e9tadonn\u00e9es",
    "HeaderTypeImageFetchers": "{0} acquisitionneurs d'images",
    "HeaderImageOptions": "Options d'image",
    "OptionBeta": "B\u00eata",
    "HeaderTaskTriggers": "D\u00e9clencheurs de t\u00e2ches",
    "Paths": "Chemins",
    "CategorySync": "Synchroniser",
    "RegisterWithPayPal": "S'inscrire avec PayPal",
    "LabelSyncTempPath": "Chemin de fichier temporaire :",
    "LabelSyncTempPathHelp": "Sp\u00e9cifiez un dossier de travail personnalis\u00e9. Les m\u00e9dias cr\u00e9\u00e9s au cours du processus de conversion seront stock\u00e9s ici.",
    "LabelCustomCertificatePath": "Chemin de votre certificat SSL :",
    "LabelCustomCertificatePathHelp": "Chemin vers un fichier PKCS #12 contenant un certificat et une cl\u00e9 priv\u00e9e pour activer TLS sur votre nom de domaine.",
    "HeaderSetupLibrary": "Configurer les m\u00e9diath\u00e8ques",
    "LabelTimeLimitHours": "Limite de temps (heures) :",
    "HeaderPreferredMetadataLanguage": "Langue pr\u00e9f\u00e9r\u00e9e de m\u00e9tadonn\u00e9es",
    "LabelSaveLocalMetadata": "Enregistrer les images dans les dossiers multim\u00e9dia",
    "LabelSaveLocalMetadataHelp": "L'enregistrement des images dans les dossiers multim\u00e9dia les placera \u00e0 un endroit o\u00f9 elles peuvent \u00eatre facilement stock\u00e9es et modifi\u00e9es.",
    "TabPassword": "Mot de passe",
    "TabLibraryAccess": "Acc\u00e8s aux m\u00e9diath\u00e8ques",
    "TabAccess": "Acc\u00e8s",
    "TabProfile": "Profil",
    "TabMetadata": "M\u00e9tadonn\u00e9es",
    "HeaderDeviceAccess": "Acc\u00e8s \u00e0 l'appareil",
    "OptionEnableAccessFromAllDevices": "Autoriser l'acc\u00e8s depuis tous les appareils",
    "OptionEnableAccessToAllChannels": "Activer l'acc\u00e8s \u00e0 toutes les cha\u00eenes",
    "OptionEnableAccessToAllLibraries": "Permettre l'acc\u00e8s \u00e0 toutes les biblioth\u00e8ques",
    "DeviceAccessHelp": "Le filtrage d\u2019acc\u00e8s de l\u2019utilisateur aux appareils l\u2019emp\u00eachera d\u2019utiliser de nouveaux appareils tant qu\u2019ils ne sont pas approuv\u00e9s ici.",
    "LabelDisplayMissingEpisodesWithinSeasons": "Afficher les \u00e9pisodes manquants dans les saisons",
    "LabelDisplayMissingEpisodesWithinSeasonsHelp": "Ceci doit \u00e9galement \u00eatre activ\u00e9 pour les m\u00e9diath\u00e8ques TV dans la configuration du serveur Emby.",
    "ImportMissingEpisodesHelp": "Les informations \u00e0 propos des \u00e9pisodes manquants seront import\u00e9es dans votre base de donn\u00e9e Emby et affich\u00e9es dans les saisons et s\u00e9ries. Cela peut accro\u00eetre significativement la dur\u00e9e d'actualisation de la m\u00e9diath\u00e8que.",
    "MessageEnablingOptionLongerScans": "Activer cette option peut accro\u00eetre la dur\u00e9e d'actualisation de la m\u00e9diath\u00e8que.",
    "TabSecurity": "S\u00e9curit\u00e9",
    "ButtonSave": "Sauvegarder",
    "LabelUrl": "Url:",
    "HeaderCreatePassword": "Cr\u00e9er le mot de passe",
    "LabelMaxParentalRating": "Classification parentale maximale permise :",
    "MaxParentalRatingHelp": "Le contenu ayant une classification parentale plus \u00e9lev\u00e9e ne sera pas visible par cet utilisateur.",
    "LibraryAccessHelp": "S\u00e9lectionnez les dossiers multim\u00e9dia \u00e0 partager avec cet utilisateur. Les administrateurs pourront modifier tous les dossiers en utilisant le gestionnaire de m\u00e9tadonn\u00e9es.",
    "ChannelAccessHelp": "S\u00e9lectionnez les cha\u00eenes \u00e0 partager avec cet utilisateur. Les administrateurs pourront modifier toutes les cha\u00eenes en utilisant le gestionnaire de m\u00e9tadonn\u00e9es.",
    "LabelSelectUsers": "S\u00e9lectionner des utilisateurs :",
    "ImageUploadAspectRatioHelp": "Rapport d'aspect 1:1 recommand\u00e9. Seulement JPG\/PNG.",
    "AlreadyPaidHelp1": "Si vous avez d\u00e9j\u00e0 payer pour l'installation d'une ancienne version de Media Browser for Android, vous n'avez pas besoin de payer \u00e0 nouveau pour activer l'application. Cliquez sur OK pour nous envoyer un courriel \u00e0 {0} et nous l'activerons pour vous.",
    "AlreadyPaidHelp2": "Vous avez Emby Premiere? annuler cette bo\u00eete de dialogue, la configuration d\u2019Emby Premiere dans votre Dashboard Emby Server sous Aide -> Emby Premiere, et il se d\u00e9verrouille automatiquement.",
    "TabMyPlugins": "Mes extensions",
    "TabCatalog": "Catalogue",
    "HeaderAutomaticUpdates": "Mises \u00e0 jour automatiques",
    "Standard": "Standard",
    "TabAdvanced": "Avanc\u00e9",
    "TabGeneral": "G\u00e9n\u00e9ral",
    "TitleSupport": "Assistance",
    "TabAbout": "\u00c0 propos",
    "TabSupporterKey": "Cl\u00e9 Emby Premiere",
    "TabBecomeSupporter": "Obtenez Emby Premiere",
    "TabEmbyPremiere": "Emby Premi\u00e8re",
    "OptionHideUserLocal": "Ne pas afficher cet utilisateur dans les \u00e9crans de connexion de r\u00e9seaux locaux",
    "OptionHideUserRemote": "Ne pas afficher cet utilisateur dans les \u00e9crans de connexion de r\u00e9seaux distants",
    "OptionHideUserFromLoginHelp": "Recommand\u00e9 pour les comptes administrateurs priv\u00e9s ou cach\u00e9s. L'utilisateur devra s'authentifier manuellement en saisissant son nom d'utilisateur et son mot de passe.",
    "HideFromUnusedDevices": "Masquer cet utilisateur des \u00e9crans de connexion sur les appareils auxquels il ne s'est jamais connect\u00e9",
    "OptionDisableUser": "D\u00e9sactiver cet utilisateur",
    "OptionDisableUserHelp": "Si d\u00e9sactiv\u00e9, le serveur n'autorisera pas de connexion de cet utilisateur. Les connexions existantes seront interrompues.",
    "ButtonHelp": "Aide",
    "OptionAllowUserToManageServer": "Autoriser la gestion du serveur \u00e0 cet utilisateur",
    "HeaderFeatureAccess": "Acc\u00e8s aux fonctionnalit\u00e9s",
    "OptionAllowMediaPlayback": "Autoriser la lecture de m\u00e9dia",
    "OptionAllowBrowsingLiveTv": "Autoriser l'acc\u00e8s \u00e0 la TV en direct",
    "AllLibraries": "Toutes les m\u00e9diath\u00e8ques",
    "HeaderAllowMediaDeletionFrom": "Autoriser la suppression de m\u00e9dias \u00e0 partir de",
    "AllowDeletionFromAll": "Autoriser la suppression de m\u00e9dia depuis toutes les m\u00e9diath\u00e8ques",
    "OptionAllowManageLiveTv": "Autoriser la gestion des enregistrements de TV en direct",
    "OptionAllowRemoteControlOthers": "Autoriser le contr\u00f4le \u00e0 distance des autres utilisateurs",
    "OptionAllowRemoteSharedDevices": "Autoriser le contr\u00f4le \u00e0 distance des appareils partag\u00e9s",
    "OptionAllowRemoteSharedDevicesHelp": "Les appareils DLNA sont consid\u00e9r\u00e9s comme partag\u00e9s tant qu'un utilisateur ne les contr\u00f4les pas.",
    "OptionAllowLinkSharing": "Autoriser le partage de m\u00e9dia sur les r\u00e9seaux sociaux",
    "OptionAllowLinkSharingHelp": "Seules les pages Web contenant des informations de m\u00e9dias sont partag\u00e9s. Les fichiers multim\u00e9dias ne sont jamais partag\u00e9s publiquement. Les partages sont limit\u00e9s dans le temps et expirent apr\u00e8s {0} jours.",
    "OptionMissingTmdbId": "ID TMDb manquant",
    "OptionIsHD": "HD",
    "OptionIsSD": "SD",
    "ButtonSelect": "S\u00e9lectionner",
    "HeaderCredits": "Cr\u00e9dits",
    "PleaseSupportOtherProduces": "Merci de soutenir les autres produits gratuits que nous utilisons :",
    "VersionNumber": "Version {0}",
    "TabPaths": "Chemins",
    "Cache": "Cache",
    "TabServer": "Serveur",
    "OptionRelease": "Version officielle",
    "LabelAllowServerAutoRestart": "Autoriser le red\u00e9marrage automatique du serveur pour appliquer les mises \u00e0 jour",
    "LabelAllowServerAutoRestartHelp": "Le serveur ne red\u00e9marrera que pendant les p\u00e9riodes d'inactivit\u00e9, quand aucun utilisateur n'est connect\u00e9.",
    "LabelRunServerAtStartup": "D\u00e9marrer le serveur au d\u00e9marrage",
    "LabelRunServerAtStartupHelp": "Cela d\u00e9marrera l'ic\u00f4ne Emby dans la barre des t\u00e2ches au d\u00e9marrage de Windows. Si vous avez configur\u00e9 un service Windows, laissez cette option d\u00e9sactiv\u00e9e et configurez le service pour qu'il s'ex\u00e9cute au d\u00e9marrage.",
    "ButtonSelectDirectory": "S\u00e9lectionner le r\u00e9pertoire",
    "LabelCachePath": "Chemin du cache :",
    "DefaultMetadataLangaugeDescription": "Ce sont vos r\u00e9glages par d\u00e9faut. Ils peuvent \u00eatre personnalis\u00e9s pour chaque m\u00e9diath\u00e8que.",
    "LabelCachePathHelp": "Sp\u00e9cifiez un emplacement personnalis\u00e9 pour les fichiers temporaires du serveur, comme par exemple les images. Laissez vide pour utiliser la valeur par d\u00e9faut.",
    "LabelRecordingPath": "Chemin d'enregistrement par d\u00e9faut\u00a0:",
    "LabelMovieRecordingPath": "(Optionnel) Chemin d'enregistrement des films\u00a0:",
    "LabelSeriesRecordingPath": "(Optionnel) Chemin d'enregistrement des s\u00e9ries\u00a0:",
    "HeaderProgramData": "Donn\u00e9es Logicielles",
    "LabelRecordingPathHelp": "Sp\u00e9cifiez l'emplacement par d\u00e9faut o\u00f9 sauvegarder les enregistrements. Sinon le dossier de donn\u00e9es programme du serveur sera utilis\u00e9.",
    "LabelMetadataPath": "Chemin des m\u00e9tadonn\u00e9es :",
    "LabelMetadataPathHelp": "Sp\u00e9cifiez un emplacement pour les illustrations et les m\u00e9tadonn\u00e9es t\u00e9l\u00e9charg\u00e9es, ou effacez-le pour revenir \u00e0 la valeur par d\u00e9faut. Si vous modifiez cela, vous devrez migrer manuellement le contenu de l'ancien emplacement vers le nouvel emplacement. Si vous modifiez manuellement le contenu du dossier de m\u00e9tadonn\u00e9es, vous devrez ex\u00e9cuter la {0}t\u00e2che planifi\u00e9e d'analyse du dossier de m\u00e9tadonn\u00e9es{1}.",
    "LabelTranscodingTempPath": "Chemin du r\u00e9pertoire temporaire de transcodage :",
    "LabelTranscodingTempPathHelp": "Ce dossier contient les fichiers temporaires utilis\u00e9s par le transcodeur. Sp\u00e9cifiez un chemin personnalis\u00e9 ou laissez vide pour utiliser le chemin par d\u00e9faut dans le dossier de donn\u00e9es du serveur.",
    "TabBasics": "Standards",
    "TabTV": "TV",
    "TabGames": "Jeux",
    "TabMusic": "Musique",
    "TabOthers": "Autres",
    "OptionMovies": "Films",
    "OptionEpisodes": "\u00c9pisodes",
    "OptionOtherVideos": "Autres vid\u00e9os",
    "GenerateVideoPreviewThumbnailsHelp": "Les vignettes d'aper\u00e7u vid\u00e9o fournissent des mises \u00e0 jour en direct lors de la recherche dans les applications prises en charge. La g\u00e9n\u00e9ration des vignettes peut \u00eatre longue, causer un usage intensif du CPU et consommer de l'espace disque.",
    "AsAScheduledTask": "comme t\u00e2che planifi\u00e9e",
    "AsAScheduledTaskAndMediaAdded": "comme t\u00e2che planifi\u00e9e et \u00e0 l'ajout d'un media.",
    "TabGuide": "Guide",
    "TabChannels": "Cha\u00eenes",
    "TabCollections": "Collections",
    "HeaderChannels": "Cha\u00eenes",
    "TabRecordings": "Enregistrements",
    "TabSeries": "S\u00e9ries",
    "TabFavorites": "Favoris",
    "TabMyLibrary": "Ma m\u00e9diath\u00e8que",
    "TabSettings": "Param\u00e8tres",
    "ButtonRefreshGuideData": "Actualiser les donn\u00e9es du guide.",
    "ButtonRefresh": "Actualiser",
    "OptionPriority": "Priorit\u00e9",
    "OptionRecordOnAllChannels": "Enregistrer sur toutes les cha\u00eenes",
    "OptionRecordAnytime": "Enregistrer \u00e0 n'importe quel moment",
    "OptionRecordOnlyNewEpisodes": "Enregistrer seulement les nouveaux \u00e9pisodes",
    "HeaderDays": "Jours",
    "ButtonEdit": "Modifier",
    "ButtonRecord": "Enregistrer",
    "ButtonDelete": "Supprimer",
    "ButtonRemove": "Supprimer",
    "OptionRecordSeries": "Enregistrer la s\u00e9rie",
    "HeaderDetails": "D\u00e9tails",
    "TitleLiveTV": "TV en direct",
    "LabelNumberOfGuideDays": "Nombre de jours de donn\u00e9es du guide \u00e0 t\u00e9l\u00e9charger\u00a0:",
    "LabelNumberOfGuideDaysHelp": "T\u00e9l\u00e9charger plus de journ\u00e9es du guide permet de programmer des enregistrements plus longtemps \u00e0 l'avance et de visualiser plus de contenus, mais prendra \u00e9galement plus de temps. Automatique permettra une s\u00e9lection automatique bas\u00e9e sur le nombre de cha\u00eenes. Veuillez notez qu'au-del\u00e0 de votre choix, les donn\u00e9es doivent exister dans la source du guide pour pouvoir \u00eatre t\u00e9l\u00e9charg\u00e9es. Certains fournisseurs ne proposent que les prochaines 24 heures. Emby Guide Data propose jusqu'\u00e0 14 jours.",
    "OptionAutomatic": "Automatique",
    "HeaderServices": "Services",
    "LabelCustomizeOptionsPerMediaType": "Personnaliser pour le type de m\u00e9dia\u00a0:",
    "OptionDownloadThumbImage": "Vignette",
    "OptionDownloadMenuImage": "Menu",
    "OptionDownloadLogoImage": "Logo",
    "OptionDownloadBoxImage": "Bo\u00eetier",
    "OptionDownloadDiscImage": "Disque",
    "OptionDownloadBannerImage": "Banni\u00e8re",
    "OptionDownloadBackImage": "Retour",
    "OptionDownloadArtImage": "Art",
    "OptionDownloadPrimaryImage": "Principal",
    "HeaderFetchImages": "T\u00e9l\u00e9charger les images\u00a0:",
    "TabOther": "Autre",
    "LabelMaxBackdropsPerItem": "Nombre maximum d'images d'arri\u00e8re-plan par \u00e9l\u00e9ment\u00a0:",
    "LabelMaxScreenshotsPerItem": "Nombre maximum de captures d'\u00e9cran par \u00e9l\u00e9ment\u00a0:",
    "LabelMinBackdropDownloadWidth": "Largeur minimum d'image d'arri\u00e8re-plan \u00e0 t\u00e9l\u00e9charger\u00a0:",
    "LabelMinScreenshotDownloadWidth": "Largeur minimum de capture d'\u00e9cran \u00e0 t\u00e9l\u00e9charger\u00a0:",
    "ButtonAddScheduledTaskTrigger": "Ajouter un d\u00e9clencheur",
    "HeaderAddScheduledTaskTrigger": "Ajouter un d\u00e9clencheur",
    "ButtonAdd": "Ajouter",
    "LabelTriggerType": "Type de d\u00e9clencheur\u00a0:",
    "OptionDaily": "Quotidien",
    "OptionWeekly": "Hebdomadaire",
    "OptionOnInterval": "Par intervalle",
    "OptionOnAppStartup": "Au d\u00e9marrage de l'application",
    "OptionAfterSystemEvent": "Apr\u00e8s un \u00e9v\u00e8nement syst\u00e8me",
    "LabelDay": "Jour :",
    "LabelTime": "Heure\u00a0:",
    "LabelEvent": "\u00c9v\u00e8nement\u00a0:",
    "OptionWakeFromSleep": "Sortie de veille",
    "LabelEveryXMinutes": "Tous les :",
    "HeaderTvTuners": "Syntoniseurs",
    "TabFolders": "R\u00e9pertoires",
    "LabelSpecialSeasonsDisplayName": "Nom d'affichage de la saison sp\u00e9cial:",
    "LabelEnableRealtimeMonitor": "Activer la surveillance en temps r\u00e9el",
    "LabelEnableRealtimeMonitorHelp": "Les modifications des fichiers seront trait\u00e9es imm\u00e9diatement, sur les syst\u00e8mes de fichiers qui le permettent.",
    "HeaderMediaFolders": "Dossiers multim\u00e9dias",
    "HeaderThemeVideos": "Vid\u00e9os de g\u00e9n\u00e9rique",
    "HeaderThemeSongs": "Th\u00e8mes musicaux",
    "HeaderSpecialFeatures": "Bonus",
    "ButtonSplitVersionsApart": "S\u00e9parer les versions",
    "ButtonPlayTrailer": "Bande-annonce",
    "LabelMissing": "Manquant",
    "OptionSpecialEpisode": "Sp\u00e9ciaux",
    "OptionMissingEpisode": "\u00c9pisodes manquantes",
    "OptionUnairedEpisode": "\u00c9pisodes non diffus\u00e9s",
    "OptionEpisodeSortName": "Nom de tri de l'\u00e9pisode",
    "OptionTvdbRating": "Note d'\u00e9valuation TVDb",
    "HeaderAddTitles": "Ajouter des \u00e9l\u00e9ments",
    "TabHome": "Accueil",
    "HeaderLinks": "Liens",
    "Community": "Communaut\u00e9",
    "HeaderEmbyNews": "Actualit\u00e9s",
    "LabelFriendlyServerName": "Surnom du serveur\u00a0:",
    "LabelFriendlyServerNameHelp": "Ce nom sera utilis\u00e9 pour identifier le serveur. Sinon le nom d'ordinateur sera utilis\u00e9.",
    "LabelPreferredDisplayLanguage": "Langue d'affichage pr\u00e9f\u00e9r\u00e9e :",
    "LabelPreferredDisplayLanguageHelp": "La traduction d'Emby est un projet en cours.",
    "LabelReadHowYouCanContribute": "Voir comment vous pouvez contribuer.",
    "ButtonSubmit": "Soumettre",
    "ButtonCreate": "Cr\u00e9er",
    "LabelCustomCss": "CSS personnalis\u00e9e :",
    "LabelCustomCssHelp": "Appliquez votre propre feuille de styles CSS personnalis\u00e9e \u00e0 l'interface web.",
    "LabelLocalHttpServerPortNumber": "Num\u00e9ro de port http local :",
    "LabelLocalHttpServerPortNumberHelp": "Le port TCP que le serveur http d'Emby doit utiliser.",
    "LabelPublicHttpPort": "Num\u00e9ro de port http public :",
    "LabelPublicHttpPortHelp": "Le num\u00e9ro de port public \u00e0 mapper sur le port http local.",
    "LabelPublicHttpsPort": "Num\u00e9ro de port https public :",
    "LabelPublicHttpsPortHelp": "Le num\u00e9ro de port public \u00e0 mapper sur le port https local.",
    "RequireHttps": "Exiger HTTPS pour les connexions externes",
    "RequireHttpsHelp": "Activez cette option pour que les connections en HTTP soit redirig\u00e9es en HTTPS.",
    "LabelHttpsPort": "Num\u00e9ro de port https local :",
    "LabelHttpsPortHelp": "Le port TCP que le serveur https d'Emby doit utiliser.",
    "LabelEnableAutomaticPortMap": "Autoriser la connexion automatique de port",
    "LabelEnableAutomaticPortMapHelp": "Essayer de connecter automatiquement le port public au port local via UPnP. Cela peut ne pas fonctionner avec certains mod\u00e8les de routeurs.",
    "LabelExternalDDNS": "Domaine ext\u00e9rieur\u00a0:",
    "LabelExternalDDNSHelp": "Si vous avez un DNS dynamique saisissez-le ici. Les applications Emby vont l'utiliser pour les connexions distantes. Ce champ est obligatoire lorsqu'il est utilis\u00e9 avec un certificat SSL personnalis\u00e9. Exemple\u00a0: mondomaine.com.",
    "LabelMinResumePercentage": "Pourcentage minimum pour reprendre\u00a0:",
    "LabelMaxResumePercentage": "Pourcentage maximum pour reprendre\u00a0:",
    "LabelMinResumeDuration": "Temps de reprise minimum (secondes)\u00a0:",
    "LabelMinResumePercentageHelp": "Les m\u00e9dias seront consid\u00e9r\u00e9s comme non lus si arr\u00eat\u00e9s avant ce temps",
    "LabelMaxResumePercentageHelp": "Les m\u00e9dias sont consid\u00e9r\u00e9s comme lus si arr\u00eat\u00e9s apr\u00e8s ce temps",
    "LabelMinResumeDurationHelp": "La lecture de m\u00e9dias plus courts que cette dur\u00e9e ne pourra pas \u00eatre reprise.",
    "HeaderName": "Nom",
    "HeaderDate": "Date",
    "HeaderSource": "Source",
    "HeaderStatus": "Status",
    "HeaderDestination": "Destination",
    "Subscriptions": "Abonnement",
    "HeaderProgram": "Programme",
    "HeaderClients": "Clients",
    "LabelCompleted": "Termin\u00e9 avec succ\u00e8s",
    "LabelFailed": "\u00c9chou\u00e9",
    "LabelSkipped": "Saut\u00e9",
    "LabelSeries": "S\u00e9rie :",
    "LabelEndingEpisodeNumber": "Num\u00e9ro du dernier \u00e9pisode :",
    "LabelEndingEpisodeNumberHelp": "N\u00e9cessaire uniquement pour les fichiers multi-\u00e9pisodes",
    "HeaderSupportTheTeam": "Soutenez l'\u00e9quipe d'Emby",
    "HeaderSupportTheTeamHelp": "Aidez \u00e0 garantir la continuit\u00e9 du d\u00e9veloppement de ce projet en achetant Emby Premiere. Une partie du revenu sera revers\u00e9e aux autres outils gratuits dont nous d\u00e9pendons.",
    "DonationNextStep": "Une fois termin\u00e9, revenez sur cette page et saisissez votre cl\u00e9 Emby Premiere, que vous aurez re\u00e7ue par courriel.",
    "LabelSeasonFolderPattern": "Mod\u00e8le de dossier de saison\u00a0:",
    "LabelSeasonZeroFolderName": "Nom de dossier pour les saisons z\u00e9ro\u00a0:",
    "HeaderResult": "R\u00e9sultat",
    "LabelTransferMethod": "M\u00e9thode de transfert",
    "HeaderLatestNews": "Derni\u00e8res Actualit\u00e9s",
    "HeaderRunningTasks": "T\u00e2ches en cours d'ex\u00e9cution",
    "HeaderActiveDevices": "Appareils actifs",
    "HeaderPendingInstallations": "Installations en suspens",
    "ButtonRestartNow": "Red\u00e9marrer maintenant",
    "ButtonShutdown": "\u00c9teindre le serveur Emby",
    "ButtonUpdateNow": "Mettre \u00e0 jour",
    "TabHosting": "H\u00e9bergement",
    "PleaseUpdateManually": "Merci d'\u00e9teindre le serveur et d'installer la derni\u00e8re version.",
    "NewServerVersionAvailable": "Une nouvelle version du serveur Emby est disponible !",
    "ServerUpToDate": "Le serveur Emby est \u00e0 jour",
    "LabelComponentsUpdated": "Les composants suivants ont \u00e9t\u00e9 install\u00e9s ou mis \u00e0 jour :",
    "MessagePleaseRestartServerToFinishUpdating": "Merci de red\u00e9marrer le serveur pour appliquer les mises \u00e0 jour.",
    "LabelDownMixAudioScale": "Booster l'audio lors du downmix\u00a0:",
    "LabelDownMixAudioScaleHelp": "Augmente le volume de l'audio quand on diminue le nombre de canaux. Mettre \u00e0 1 pour pr\u00e9server la valeur originale du volume.",
    "LabelCurrentEmailAddress": "Adresse courriel actuelle",
    "LabelCurrentEmailAddressHelp": "L'adresse courriel actuelle \u00e0 laquelle votre nouvelle cl\u00e9 a \u00e9t\u00e9 envoy\u00e9e.",
    "HeaderForgotKey": "Cl\u00e9 oubli\u00e9e",
    "LabelSupporterEmailAddress": "L'adresse courriel avec laquelle la cl\u00e9 a \u00e9t\u00e9 achet\u00e9e.",
    "ButtonRetrieveKey": "Obtenir la cl\u00e9",
    "LabelSupporterKey": "Cl\u00e9 Emby Premi\u00e8re (collez depuis le courriel) :",
    "LabelSupporterKeyHelp": "Entrez votre cl\u00e9 Emby Premiere pour commencer \u00e0 profiter d'avantages suppl\u00e9mentaires.",
    "MessageInvalidKey": "Cl\u00e9 Emby Premiere introuvable ou incorrecte.",
    "ErrorMessageInvalidKey": "Pour pouvoir souscrire au contenu Premium, vous devez \u00e9galement poss\u00e9der un abonnement Emby Premiere.",
    "HeaderRequireManualLogin": "Exiger l'entr\u00e9e manuelle du nom d'utilisateur pour\u00a0:",
    "HeaderRequireManualLoginHelp": "Si l'option est d\u00e9sactiv\u00e9e, les applications Emby pourront afficher la s\u00e9lection du compte utilisateur de mani\u00e8re graphique sur l'\u00e9cran de connexion.",
    "OptionOtherApps": "Autres applications",
    "OptionMobileApps": "Applications mobiles",
    "LabelNotificationEnabled": "Activer cette notification",
    "LabelMonitorUsers": "Surveiller les activit\u00e9s de\u00a0:",
    "LabelSendNotificationToUsers": "Envoyer la notification \u00e0\u00a0:",
    "LabelUseNotificationServices": "Utiliser les services suivants\u00a0:",
    "CategoryUser": "Utilisateur",
    "CategorySystem": "Syst\u00e8me",
    "CategoryApplication": "Application",
    "CategoryPlugin": "Extension",
    "LabelAvailableTokens": "Jetons disponibles\u00a0:",
    "AdditionalNotificationServices": "Explorez le {0}catalogue d\u2019extensions{1} Emby pour installer des services de notification suppl\u00e9mentaires.",
    "OptionAllUsers": "Tous les utilisateurs",
    "OptionAdminUsers": "Administrateurs",
    "OptionCustomUsers": "Personnalis\u00e9",
    "ButtonArrowUp": "Haut",
    "ButtonArrowDown": "Bas",
    "ButtonArrowLeft": "Gauche",
    "ButtonArrowRight": "Droite",
    "ButtonBack": "Retour arri\u00e8re",
    "ButtonInfo": "Informations",
    "ButtonHome": "Accueil",
    "ButtonSearch": "Recherche",
    "ButtonSettings": "Param\u00e8tres",
    "Audio": "Audio",
    "PlayOnAnotherDevice": "Lire sur un autre appareil",
    "TabControls": "Commandes",
    "ButtonSubtitles": "Sous-titres",
    "ButtonPreviousTrack": "Piste pr\u00e9c\u00e9dente",
    "ButtonNextTrack": "Piste suivante",
    "ButtonStop": "Arr\u00eat",
    "ButtonPause": "Pause",
    "ButtonNext": "Suivant",
    "ButtonPrevious": "Pr\u00e9c\u00e9dent",
    "LabelMaxBitrate": "D\u00e9bit maximum\u00a0:",
    "LabelMaxBitrateHelp": "Sp\u00e9cifiez un d\u00e9bit maximum dans les environnements avec bande passante limit\u00e9e ou si l'appareil impose sa propre limite.",
    "LabelMusicStaticBitrate": "D\u00e9bit de synchronisation de la musique\u00a0:",
    "LabelMusicStaticBitrateHelp": "Sp\u00e9cifiez un d\u00e9bit maximum de synchronisation de la musique",
    "LabelDeviceDescription": "Description de l'appareil",
    "HeaderDownloadSubtitlesFor": "T\u00e9l\u00e9charger les sous-titres pour :",
    "LabelSkipIfGraphicalSubsPresent": "Sauter si la vid\u00e9o contient d\u00e9j\u00e0 des sous-titres.",
    "LabelSkipIfGraphicalSubsPresentHelp": "Conserver les versions textes des sous-titres permettra une diffusion plus efficace et diminuera la probabilit\u00e9 d'un transcodage de la vid\u00e9o.",
    "TabSubtitles": "Sous-titres",
    "HeaderDownloadLanguages": "T\u00e9l\u00e9chargement des langues\u00a0:",
    "LabelSkipIfAudioTrackPresent": "Sauter si la piste audio correspond \u00e0 la langue de t\u00e9l\u00e9chargement",
    "LabelSkipIfAudioTrackPresentHelp": "D\u00e9cocher cette option va s'assurer que toutes les vid\u00e9os ont des sous-titres, quelle que soit la langue de la piste audio.",
    "SendMessage": "Envoyer un message",
    "HeaderSendMessage": "Envoyer un message",
    "ButtonSend": "Envoyer",
    "ViewPlaybackInfo": "Voir les informations de lecture",
    "LabelMessageText": "Texte du message\u00a0:",
    "LabelMessageTitle": "Titre du message\u00a0:",
    "MessageNoAvailablePlugins": "Aucune extension disponible.",
    "LabelDisplayPluginsFor": "Afficher les plugins pour :",
    "PluginTabAppClassic": "Emby pour Windows Media Center",
    "HeaderTypeText": "Entrer texte",
    "LabelTypeText": "Texte",
    "TabDisplay": "Affichage",
    "TabLanguages": "Langues",
    "OptionAuto": "Automatique",
    "OptionYes": "Oui",
    "OptionNo": "Non",
    "OptionResumablemedia": "Reprendre",
    "OptionLatestMedia": "Derniers M\u00e9dias",
    "OptionNone": "Aucun",
    "HeaderLiveTv": "TV en direct",
    "HeaderSettings": "Param\u00e8tres",
    "OptionDefaultSort": "Par d\u00e9faut",
    "ButtonEditOtherUserPreferences": "Modifier ce profil utilisateur, son avatar et ses pr\u00e9f\u00e9rences personnelles.",
    "ViewTypeMovies": "Films",
    "ViewTypeTvShows": "TV",
    "ViewTypeGames": "Jeux",
    "ViewTypeMusic": "Musiques",
    "ViewTypeMusicSongs": "Chansons",
    "ViewTypeMusicFavorites": "Favoris",
    "ViewTypeMusicFavoriteAlbums": "Albums favoris",
    "ViewTypeMusicFavoriteArtists": "Artistes Favoris",
    "ViewTypeMusicFavoriteSongs": "Chansons favorites",
    "OptionLibraryFolders": "R\u00e9pertoires de m\u00e9dias",
    "TitleRemoteControl": "Contr\u00f4le \u00e0 distance",
    "TabBranding": "Slogan",
    "HeaderBrandingHelp": "Personnalisez l'apparence d'Emby pour satisfaire les besoins de votre groupe ou organisation.",
    "LabelLoginDisclaimer": "Avertissement de connexion",
    "LabelLoginDisclaimerHelp": "Le slogan sera affich\u00e9 en bas de la page de connexion.",
    "TabDashboard": "Tableau de bord",
    "TitleServer": "Serveur",
    "LabelCache": "Cache :",
    "LabelLogs": "Journaux :",
    "LabelMetadata": "M\u00e9tadonn\u00e9es :",
    "HeaderTranscodingTemporaryFiles": "Fichiers temporaires de transcodage",
    "HeaderBranding": "Slogan",
    "HeaderApiKeys": "Cl\u00e9s API",
    "HeaderApiKeysHelp": "Les applications externes ont besoin d'une cl\u00e9 d'API pour communiquer avec le serveur Emby. Les cl\u00e9s sont distribu\u00e9es lors d'une connexion avec un compte Emby, ou bien en accordant manuellement une cl\u00e9 \u00e0 une application.",
    "HeaderApiKey": "Cl\u00e9 API",
    "HeaderApp": "Application",
    "HeaderDevice": "P\u00e9riph\u00e9rique",
    "HeaderUser": "Utilisateur",
    "HeaderDateIssued": "Date de publication",
    "TabView": "Vue",
    "TabFilter": "Filtre",
    "ButtonView": "Vue",
    "LabelView": "Vue :",
    "TabUsers": "Utilisateurs",
    "HeaderFeatures": "Fonctionnalit\u00e9s",
    "HeaderAdvanced": "Avanc\u00e9",
    "HeaderScheduledTasks": "T\u00e2ches planifi\u00e9es",
    "HeaderResumeSettings": "Param\u00e8tres de reprise",
    "TitleUsers": "Utilisateurs",
    "ButtonClose": "Fermer",
    "LabelAllLanguages": "Toutes les langues",
    "OptionAll": "Tous",
    "LabelImage": "Image :",
    "HeaderImages": "Images",
    "HeaderBackdrops": "Arri\u00e8re-plans",
    "LabelJpgPngOnly": "JPG\/PNG seulement",
    "OptionSeason0": "Saison 0",
    "HeaderFetcherSettings": "Param\u00e8tres du r\u00e9cup\u00e9rateur",
    "HeaderActivity": "Activit\u00e9",
    "PluginInstalledWithName": "{0} a \u00e9t\u00e9 install\u00e9",
    "PluginUpdatedWithName": "{0} a \u00e9t\u00e9 mis \u00e0 jour",
    "PluginUninstalledWithName": "{0} a \u00e9t\u00e9 d\u00e9sinstall\u00e9",
    "LabelIpAddressValue": "Adresse IP: {0}",
    "HeaderEmbyServer": "Serveur Emby",
    "MessageServerConfigurationUpdated": "La configuration du serveur a \u00e9t\u00e9 mise \u00e0 jour.",
    "MessageNamedServerConfigurationUpdatedWithValue": "La configuration de la section {0} du serveur a \u00e9t\u00e9 mise \u00e0 jour.",
    "MessageApplicationUpdated": "Le serveur Emby a \u00e9t\u00e9 mis \u00e0 jour",
    "ProviderValue": "Fournisseur : {0}",
    "HeaderRecentActivity": "Activit\u00e9 r\u00e9cente",
    "HeaderPeople": "Personnes",
    "OptionComposers": "Compositeurs",
    "OptionOthers": "Autres",
    "ViewTypeFolders": "Dossiers",
    "OptionDisplayFolderView": "Afficher une vue de dossiers pour montrer les dossiers multim\u00e9dia en int\u00e9gralit\u00e9.",
    "OptionDisplayFolderViewHelp": "Les applications Emby vont afficher une cat\u00e9gorie Dossiers \u00e0 c\u00f4t\u00e9 de votre m\u00e9diath\u00e8que. C'est utile si vous souhaitez avoir une vue compl\u00e8te des dossiers.",
    "ViewTypeLiveTvRecordingGroups": "Enregistrements",
    "ViewTypeLiveTvChannels": "Cha\u00eenes",
    "HeaderPassword": "Mot de passe",
    "HeaderViewOrder": "Ordre des vues",
    "HeaderPersonInfo": "Informations de personne",
    "HeaderConfirmDeletion": "Confirmer la suppression",
    "LabelAlbumArtist": "Artiste de l'album\u00a0:",
    "LabelAirDate": "Jours de diffusion\u00a0:",
    "LabelAirTime:": "Heure de diffusion\u00a0:",
    "LabelDisplaySpecialsWithinSeasons": "Afficher les \u00e9pisodes sp\u00e9ciaux avec leur saison de diffusion",
    "ButtonPurchase": "Acheter",
    "HeaderPhotoInfo": "Informations de la photo",
    "HeaderInstall": "Installer",
    "LabelSelectVersionToInstall": "S\u00e9lectionner la version \u00e0 installer :",
    "LinkLearnMoreAboutSubscription": "Apprenez-en davantage sur Emby Premiere",
    "MessagePluginRequiresSubscription": "Cette extension n\u00e9cessitera un abonnement Emby Premiere au-del\u00e0 de la p\u00e9riode d'essai gratuite de 14 jours.",
    "MessagePremiumPluginRequiresMembership": "Cette extension n\u00e9cessitera un abonnement Emby Premiere au-del\u00e0 de la p\u00e9riode d'essai gratuite de 14 jours.",
    "HeaderDeveloperInfo": "Informations du d\u00e9veloppeur",
    "HeaderRevisionHistory": "Historique des r\u00e9visions",
    "ButtonViewWebsite": "Voir le site",
    "OptionSaveMetadataAsHidden": "Enregistrer les m\u00e9tadonn\u00e9es et les images en tant que fichier cach\u00e9s",
    "LabelConnectGuestUserName": "Leur adresse courriel ou nom d'utilisateur Emby Connect :",
    "LabelConnectUserName": "(Facultatif) Nom d'utilisateur Emby Connect ou adresse courriel :",
    "LabelConnectUserNameHelp": "(Optionnel) Connectez cet utilisateur local \u00e0 un compte Emby Connect pour activer l'acc\u00e8s facile depuis n'importe quelle application Emby sans avoir \u00e0 conna\u00eetre l'adresse IP du serveur.",
    "ButtonLearnMoreAboutEmbyConnect": "Plus d'infos sur Emby Connect",
    "LabelDateAddedBehavior": "Choix de la date d'ajout pour le nouveau contenu\u00a0:",
    "OptionDateAddedImportTime": "Utiliser la date d'ajout dans la m\u00e9diath\u00e8que",
    "OptionDateAddedFileTime": "Utiliser la date de cr\u00e9ation du fichier",
    "LabelDateAddedBehaviorHelp": "Si une m\u00e9tadonn\u00e9e est pr\u00e9sente, elle sera toujours utilis\u00e9e avant ces options.",
    "TitleDevices": "Appareils",
    "TabCameraUpload": "Transfert depuis l'appareil photo",
    "TabDevices": "Appareils",
    "HeaderLibrarySettings": "Param\u00e8tres de m\u00e9diath\u00e8que",
    "HeaderThumbnailImages": "Vignettes",
    "HeaderSubtitleDownloads": "T\u00e9l\u00e9chargements des sous-titres",
    "HeaderCameraUploadHelp": "Les applications Emby peuvent automatiquement transf\u00e9rer les photos prises depuis vos appareils mobiles vers votre serveur Emby.",
    "LabelCameraUploadPath": "Chemin de transfert depuis l'appareil photo :",
    "LabelCameraUploadPathHelp": "Choisissez un dossier de transfert personnalis\u00e9. Il remplacera les param\u00e8tres par d\u00e9faut de la section Transfert depuis l'appareil photo. Sinon, le dossier par d\u00e9faut sera utilis\u00e9. Si vous utilisez un dossier personnalis\u00e9, vous devrez l'ajouter comme m\u00e9diath\u00e8que dans la configuration de la m\u00e9diath\u00e8que Emby.",
    "DefaultCameraUploadPathHelp": "Choisissez un dossier personnalis\u00e9. Sinon le dossier par d\u00e9faut sera utilis\u00e9. Si vous utilisez un dossier personnalis\u00e9, vous devrez l'ajouter comme m\u00e9diath\u00e8que dans la configuration de la m\u00e9diath\u00e8que Emby.",
    "LabelCreateCameraUploadSubfolder": "Cr\u00e9er un sous-dossier pour chaque appareil",
    "LabelCreateCameraUploadSubfolderHelp": "Des dossiers sp\u00e9cifiques peuvent \u00eatres affect\u00e9s aux appareils en cliquant sur le bouton correspondant dans la page Appareils.",
    "LabelCustomDeviceDisplayName": "Nom d'affichage\u00a0:",
    "LabelCustomDeviceDisplayNameHelp": "Entrez un nom d'affichage personnalis\u00e9 ou laissez vide pour utiliser le nom rapport\u00e9 par l'appareil.",
    "HeaderInviteUser": "Inviter un utilisateur",
    "LabelConnectGuestUserNameHelp": "Ceci est le nom d'utilisateur ou l'adresse courriel que votre ami utilise pour se connecter au site web Emby.",
    "HeaderInviteUserHelp": "Le partage de m\u00e9dia avec vos amis n'a jamais \u00e9t\u00e9 aussi facile avec Emby Connect.",
    "ButtonSendInvitation": "Envoyez un invitation",
    "HeaderGuests": "Invit\u00e9s",
    "HeaderPendingInvitations": "Invitations en attente",
    "TabParentalControl": "Contr\u00f4le Parental",
    "HeaderAccessSchedule": "Programme d'Acc\u00e8s",
    "HeaderAccessScheduleHelp": "Cr\u00e9ez un programme d'acc\u00e8s pour limiter l'acc\u00e8s \u00e0 certaines heures.",
    "LabelAccessDay": "Jour de la semaine :",
    "LabelAccessStart": "Heure de d\u00e9but\u00a0:",
    "LabelAccessEnd": "Heure de fin\u00a0:",
    "HeaderSchedule": "Horaire",
    "OptionEveryday": "Tous les jours",
    "OptionWeekdays": "Jours de la semaine",
    "OptionWeekends": "Fin de semaine",
    "HeaderOptionalLinkEmbyAccount": "(Optionnel) Liez votre compte Emby Connect",
    "ButtonTrailer": "Bande-annonce",
    "MessageNoTrailersFound": "Aucune bande-annonce trouv\u00e9e. Installez la cha\u00eene Trailers pour am\u00e9liorer votre exp\u00e9rience, par l'ajout d'une m\u00e9diath\u00e8que de bandes-annonces disponibles sur Internet.",
    "HeaderNewUsers": "Nouveaux utilisateurs",
    "TitleNewUser": "Nouvel utilisateur",
    "ButtonConfigurePassword": "Configurer le mot de passe",
    "HeaderDashboardUserPassword": "Les mots de passe utilisateurs sont g\u00e9r\u00e9s dans les param\u00e8tres de profil personnel de chaque utilisateur.",
    "HeaderLibraryAccess": "Acc\u00e8s \u00e0 la m\u00e9diath\u00e8que",
    "HeaderChannelAccess": "Acc\u00e8s aux cha\u00eenes",
    "HeaderLatestItems": "Derniers  \u00c9l\u00e9ments",
    "LabelForgotPasswordUsernameHelp": "Saisissez votre nom d'utilisateur, si vous vous en souvenez.",
    "TitlePasswordReset": "Mot de passe r\u00e9initialis\u00e9",
    "HeaderParentalRatings": "Classifications parentales",
    "HeaderVideoTypes": "Types de vid\u00e9o",
    "HeaderYears": "Ann\u00e9es",
    "HeaderBlockItemsWithNoRating": "Bloquer les \u00e9l\u00e9ments avec des informations de classification inconnues ou n'en disposant pas\u00a0:",
    "LabelBlockContentWithTags": "Filtrer les \u00e9l\u00e9ments avec les \u00e9tiquettes :",
    "LabelTagRestrictionMode": "Mode de restriction d\u2019\u00e9tiquettes :",
    "BlockItemsWithTheseTags": "Bloquer les \u00e9l\u00e9ments avec ces \u00e9tiquettes",
    "AllowItemsWithTheseTags": "N\u2019autoriser que les \u00e9l\u00e9ments avec ces \u00e9tiquettes",
    "TabActivity": "Activit\u00e9",
    "OptionAllowSyncContent": "Autoriser la synchronisation",
    "OptionAllowContentDownloading": "Autoriser le t\u00e9l\u00e9chargement des m\u00e9dias",
    "LabelNewUserNameHelp": "Les noms d'utilisateur peuvent contenir des lettres (a-z), des chiffres (0-9), des tirets (-), des tirets bas (_), des apostrophes (') et des points (.).",
    "HeaderThisUserIsCurrentlyDisabled": "Cet utilisateur est actuellement d\u00e9sactiv\u00e9. Pour l\u2019activer, consultez l\u2019option en bas de cette page.",
    "OptionEnableTranscodingThrottle": "Activer la r\u00e9gulation",
    "OptionEnableTranscodingThrottleHelp": "La r\u00e9gulation consiste \u00e0 ajuster automatiquement la vitesse de transcodage afin de minimiser l'utilisation processeur pendant la lecture.",
    "LabelUploadSpeedLimit": "D\u00e9bit maximum de transfert (Mbps) :",
    "OptionAllowSyncTranscoding": "Autoriser le t\u00e9l\u00e9chargement des m\u00e9dias qui demande un transcodage",
    "AllowMediaConversion": "Autoriser la conversion des m\u00e9dias",
    "AllowMediaConversionHelp": "Autoriser ou refuser l'acc\u00e8s \u00e0 la fonctionnalit\u00e9 de conversion des m\u00e9dias.",
    "HeaderPlayback": "Lecture du m\u00e9dia",
    "OptionAllowAudioPlaybackTranscoding": "Permettre la lecture audio n\u00e9cessitant un transcodage",
    "OptionAllowVideoPlaybackTranscoding": "Autoriser la lecture de vid\u00e9os n\u00e9cessitant un transcodage",
    "OptionAllowVideoPlaybackRemuxing": "Autoriser la lecture de vid\u00e9os n\u00e9cessitant une conversion sans r\u00e9-encodage",
    "OptionAllowMediaPlaybackTranscodingHelp": "Limiter l\u2019acc\u00e8s au transcodage d\u00e9sactivera la s\u00e9lection de la qualit\u00e9 et peut entra\u00eener des \u00e9checs de lecture dans les applications Emby en raison de formats de m\u00e9dia non pris en charge ou de bande passante du r\u00e9seau insuffisante.",
    "TabStreaming": "Diffusion en continue",
    "LabelRemoteClientBitrateLimit": "Limite de d\u00e9bit de diffusion en continue par Internet (Mbps)\u00a0:",
    "LabelRemoteClientBitrateLimitHelp": "Une limite de d\u00e9bit optionnelle par diffusion pour les connexions hors du r\u00e9seau local. Utile pour \u00e9viter que les appareils ne demandent un d\u00e9bit sup\u00e9rieur \u00e0 ce que votre connexion internet peu fournir. Cela peut augmenter la charge du processeur de votre serveur pour transcoder les vid\u00e9os \u00e0 la vol\u00e9e \u00e0 un d\u00e9bit plus faible.",
    "LabelUserRemoteClientBitrateLimitHelp": "Cela va \u00e9craser les valeurs globales par d\u00e9faut configur\u00e9s dans les param\u00e8tres avanc\u00e9s du serveur.",
    "LabelConversionCpuCoreLimit": "Limite de c\u0153urs processeur\u00a0:",
    "LabelConversionCpuCoreLimitHelp": "Limite le nombre de c\u0153urs du processeur utilis\u00e9s pendant la conversion en arri\u00e8re-plan.",
    "OptionEnableFullSpeedConversion": "Autoriser le transcodage rapide",
    "OptionEnableFullSpeedConversionHelp": "Par d\u00e9faut, les conversions sont r\u00e9alis\u00e9es lentement pour minimiser la consommation de ressources.",
    "TabPhotos": "Photos",
    "HeaderWelcomeToEmby": "Bienvenue sur Emby",
    "EmbyIntroMessage": "Avec Emby, vous pouvez facilement diffuser vid\u00e9os, musique et photos sur vos smartphones, tablettes et autres appareils depuis votre serveur Emby.",
    "ButtonConnect": "Connexion",
    "HeaderNewServer": "Nouveau serveur",
    "ButtonReset": "R\u00e9initialiser",
    "LabelEnableFullScreen": "Activer le mode plein \u00e9cran",
    "TabHomeScreen": "\u00c9cran d'accueil",
    "HeaderDisplay": "Affichage",
    "HeaderNavigation": "Navigation",
    "OptionEnableAutomaticServerUpdates": "Activer les mises \u00e0 jour automatiques du serveur",
    "HeaderOverview": "Aper\u00e7u",
    "HeaderType": "Type",
    "HeaderTunerDevices": "Syntoniseur",
    "HeaderTVSources": "Sources TV",
    "HeaderAddTvSource": "Ajouter une source TV",
    "HeaderAddDevice": "Ajouter un appareil",
    "HeaderExternalServices": "Services externes",
    "LabelTunerIpAddress": "Adresse IP du syntoniseur :",
    "HeaderGuideProviders": "Fournisseurs de donn\u00e9es de guides TV",
    "AddGuideProviderHelp": "Ajouter une source de guide d'information TV",
    "LabelZipCode": "Code postal :",
    "GuideProviderSelectListings": "S\u00e9lectionnez les listes",
    "GuideProviderLogin": "Connexion",
    "LabelLineup": "Programmation :",
    "MessageTunerDeviceNotListed": "Votre syntoniseur n'est pas list\u00e9 ? Essayez d'installer un fournisseur de service externe pour plus d'options de TV en direct.",
    "LabelImportOnlyFavoriteChannels": "Restreindre aux cha\u00eenes ajout\u00e9es aux favoris",
    "ImportFavoriteChannelsHelp": "Activez cette option pour n'importer que les cha\u00eenes ajout\u00e9es aux favoris sur le syntoniseur.",
    "ButtonRepeat": "R\u00e9p\u00e9ter",
    "LabelEnableThisTuner": "Activer ce syntoniseur",
    "LabelEnableThisTunerHelp": "D\u00e9sactivez pour emp\u00eacher l'import de cha\u00eenes de ce tuner.",
    "HeaderImagePrimary": "Primaire",
    "HeaderImageBackdrop": "Image d'arri\u00e8re-plan",
    "HeaderImageLogo": "Logo",
    "HeaderUserPrimaryImage": "Avatar de l'utilisateur",
    "ButtonProfile": "Profil",
    "ButtonProfileHelp": "D\u00e9finir votre avatar et votre mot de passe.",
    "HeaderHomeScreenSettings": "Param\u00e8tres de l'\u00e9cran d'accueil",
    "HeaderProfile": "Profil",
    "HeaderLanguage": "Langue",
    "LabelTranscodingThreadCount": "Nombre de processus de transcodage :",
    "LabelTranscodingThreadCountHelp": "S\u00e9lectionnez le nombre maximum de processus \u00e0 utiliser pour le transcodage. La r\u00e9duction de cette valeur r\u00e9duira l'utilisation du processeur mais pourrait ne pas suffire pour maintenir une lecture fluide. Pas tout les encodeurs et d\u00e9codeurs supportent le multi-t\u00e2che, dans certains cas cet option est sans effet.",
    "OptionMax": "Maximum",
    "LabelTunerType": "Type de syntoniseur :",
    "HeaderSetupTVGuide": "Configuration du guide TV",
    "HeaderDefaultRecordingSettings": "Param\u00e8tres d'enregistrement par d\u00e9faut",
    "OptionEnableRecordingSubfolders": "Cr\u00e9er des sous-dossiers pour les cat\u00e9gories telles que sports, jeunesse, etc.",
    "HeaderSubtitles": "Sous-titres",
    "HeaderVideos": "Vid\u00e9os",
    "LabelHardwareAccelerationType": "Acc\u00e9l\u00e9ration mat\u00e9rielle\u00a0:",
    "LabelHardwareAccelerationTypeHelp": "Disponible uniquement sur les syst\u00e8mes support\u00e9s.",
    "HeaderAdmin": "Administrateur",
    "HeaderCameraUpload": "Transfert depuis l'appareil photo",
    "ButtonClear": "Effacer",
    "LabelFolder": "Dossier :",
    "HeadersFolders": "Dossiers",
    "LabelDisplayName": "Nom d'affichage :",
    "OptionDownloadImagesInAdvance": "T\u00e9l\u00e9charger les images en avance",
    "OptionDownloadImagesInAdvanceHelp": "Par d\u00e9faut, la plupart des images sont t\u00e9l\u00e9charg\u00e9es seulement lorsqu'une application Emby le demande. S\u00e9lectionnez cette option pour t\u00e9l\u00e9charger toutes les images \u00e0 l'avance, lorsqu'un nouveau m\u00e9dia est import\u00e9. Cela peut allonger significativement la dur\u00e9e d'actualisation de la m\u00e9diath\u00e8que.",
    "DeleteImage": "Supprimer l'image",
    "MessageThankYouForSupporting": "Merci de soutenir Emby.",
    "FileReadCancelled": "La lecture du fichier a \u00e9t\u00e9 annul\u00e9e.",
    "FileNotFound": "Fichier introuvable.",
    "FileReadError": "Une erreur est survenue pendant la lecture du fichier.",
    "PinCodeResetComplete": "Le code PIN a \u00e9t\u00e9 r\u00e9initialis\u00e9.",
    "PinCodeResetConfirmation": "Voulez-vous vraiment r\u00e9initialiser le code PIN ?",
    "HeaderPinCodeReset": "R\u00e9initialiser le code PIN",
    "NoPluginConfigurationMessage": "Cette extension n'a aucun param\u00e8tre \u00e0 configurer.",
    "NoPluginsInstalledMessage": "Vous n'avez aucune extensions install\u00e9e.",
    "BrowsePluginCatalogMessage": "Explorer notre catalogue des extensions pour voir ceux disponibles.",
    "HeaderNewApiKey": "Nouvelle cl\u00e9 API",
    "LabelAppName": "Nom de l'application",
    "LabelAppNameExample": "Exemple: Sickbeard, NzbDrone",
    "HeaderNewApiKeyHelp": "Permet \u00e0 une application de communiquer avec le serveur Emby.",
    "MessageKeyEmailedTo": "Cl\u00e9 envoy\u00e9e par courriel \u00e0 {0}.",
    "HeaderConfirmation": "Confirmation",
    "MessageKeyUpdated": "Merci. Votre cl\u00e9 Emby Premiere a \u00e9t\u00e9 mise \u00e0 jour.",
    "MessageKeyRemoved": "Merci. Votre cl\u00e9 Emby Premiere a \u00e9t\u00e9 supprim\u00e9e.",
    "TextEnjoyBonusFeatures": "Profitez de fonctionnalit\u00e9s bonus",
    "MessageErrorLoadingSupporterInfo": "Une erreur s'est produite lors du chargement des informations Emby Premiere. Veuillez r\u00e9essayer plus tard.",
    "HeaderConfirmRemoveUser": "Supprimer l'utilisateur",
    "ValueTimeLimitSingleHour": "Limite de temps : 1 heure",
    "ValueTimeLimitMultiHour": "Limite de temps : {0} heures",
    "General": "G\u00e9n\u00e9ral",
    "HeaderScreenSavers": "\u00c9conomiseurs d\u2019\u00e9cran",
    "Notifications": "Notifications",
    "Metadata": "M\u00e9tadonn\u00e9es",
    "Reporting": "Rapports",
    "HeaderSearch": "Recherche",
    "ValueDateCreated": "Date de cr\u00e9ation : {0}",
    "LabelArtist": "Artiste",
    "LabelMovie": "Film",
    "LabelMusicVideo": "Vid\u00e9o musicale",
    "LabelEpisode": "\u00c9pisode",
    "Series": "S\u00e9ries",
    "LabelStopping": "En cours d'arr\u00eat",
    "LabelCancelled": "Annul\u00e9",
    "ButtonDownload": "T\u00e9l\u00e9chargement",
    "HeaderDevices": "Appareils",
    "HeaderSelectCertificatePath": "S\u00e9lectionnez le chemin du certificat",
    "HeaderSupporterBenefit": "Un abonnement Emby Premiere vous offre des avantages suppl\u00e9mentaires tels que l'acc\u00e8s au DVR Emby, aux m\u00e9dias hors-ligne, aux extensions premium et plus encore. {0}En savoir plus{1}.",
    "HeaderSelectDevices": "S\u00e9lectionnez les appareils",
    "ButtonReenable": "R\u00e9activer",
    "LabelAbortedByServerShutdown": "(Annul\u00e9 par l'extinction du serveur)",
    "LabelScheduledTaskLastRan": "Derni\u00e8re ex\u00e9cution {0}, dur\u00e9e {1}.",
    "HeaderDeleteTaskTrigger": "Supprimer le d\u00e9clencheur de t\u00e2che",
    "MessageDeleteTaskTrigger": "Voulez-vous vraiment supprimer ce d\u00e9clencheur de t\u00e2che\u00a0?",
    "MessageNoPluginsInstalled": "Vous n'avez aucune extension install\u00e9e.",
    "MessageNoPluginsDueToAppStore": "Pour g\u00e9rer vos extensions, utilisez l'application web Emby.",
    "LabelVersionInstalled": "{0} install\u00e9(s)",
    "LabelNumberReviews": "{0} Critique(s)",
    "LabelFree": "Gratuit",
    "HeaderSelectAudio": "S\u00e9lectionner audio",
    "HeaderSelectSubtitles": "S\u00e9lectionner sous-titres",
    "LabelDefaultStream": "(Par d\u00e9faut)",
    "LabelForcedStream": "(Forc\u00e9)",
    "LabelDefaultForcedStream": "(Par d\u00e9faut\/Forc\u00e9)",
    "LabelUnknownLanguage": "Langue inconnue",
    "LabelEnabled": "Activ\u00e9",
    "LabelDisabled": "D\u00e9sactiv\u00e9",
    "Disabled": "D\u00e9sactiv\u00e9",
    "ButtonMoreInformation": "Plus d'informations",
    "LabelNoUnreadNotifications": "Aucune notification non lue.",
    "HeaderConfirmSeriesCancellation": "Confirmez l'annulation de la s\u00e9rie",
    "HeaderConfirmRecordingDeletion": "Confirmez la suppression de l'enregistrement",
    "OptionWeekend": "Fin de semaine",
    "OptionWeekday": "Jours de semaine",
    "LiveTvUpdateAvailable": "(Mise \u00e0 jour disponible)",
    "LabelVersionUpToDate": "\u00c0 jour\u00a0!",
    "ButtonCancelSeries": "Annuler s\u00e9ries",
    "HeaderSeriesRecordings": "Enregistrements de s\u00e9ries",
    "LabelAnytime": "N'importe quand",
    "StatusRecording": "Enregistrement",
    "StatusWatching": "Lecture en cours",
    "StatusRecordingProgram": "Enregistrement de {0}",
    "StatusWatchingProgram": "Lecture de {0}",
    "HeaderSplitMedia": "S\u00e9parer les m\u00e9dias",
    "MessageConfirmSplitMedia": "Voulez-vous vraiment diviser les sources de m\u00e9dia dans des \u00e9l\u00e9ments s\u00e9par\u00e9s ?",
    "HeaderError": "Erreur",
    "HeaderSelectServerCachePath": "S\u00e9lectionner le chemin du cache de serveur",
    "HeaderSelectTranscodingPath": "S\u00e9lectionner le chemin du dossier temporaire de transcodage",
    "HeaderSelectMetadataPath": "S\u00e9lectionner le chemin des m\u00e9tadonn\u00e9es",
    "HeaderSelectServerCachePathHelp": "Parcourir ou saisir le chemin d'acc\u00e8s \u00e0 utiliser pour les fichiers cache du serveur. Le dossier doit \u00eatre accessible en \u00e9criture.",
    "HeaderSelectTranscodingPathHelp": "Parcourir ou saisir le chemin d'acc\u00e8s \u00e0 utiliser pour les fichiers de transcodage temporaires. Le dossier doit \u00eatre accessible en \u00e9criture.",
    "HeaderSelectMetadataPathHelp": "Parcourir ou saisir le chemin d'acc\u00e8s o\u00f9 vous aimeriez stocker les m\u00e9tadonn\u00e9es. Le dossier doit \u00eatre accessible en \u00e9criture.",
    "MessageFileWillBeDeleted": "Le fichier suivant sera supprim\u00e9 :",
    "MessageSureYouWishToProceed": "\u00cates-vous s\u00fbr de vouloir continuer?",
    "MessageFollowingFileWillBeMovedFrom": "Le fichier suivant sera d\u00e9plac\u00e9 de\u00a0:",
    "MessageDestinationTo": "\u00e0 :",
    "HeaderRestart": "Red\u00e9marrer",
    "HeaderShutdown": "\u00c9teindre",
    "MessageConfirmRestart": "Voulez-vous vraiment red\u00e9marrer le serveur Emby ?",
    "MessageConfirmShutdown": "Voulez-vous vraiment \u00e9teindre le serveur Emby ?",
    "ValueItemCount": "{0} \u00e9l\u00e9ment",
    "ValueItemCountPlural": "{0} \u00e9l\u00e9ments",
    "NewVersionOfSomethingAvailable": "Une nouvelle version de {0} est disponible\u00a0!",
    "VersionXIsAvailableForDownload": "La version {0} est maintenant disponible au t\u00e9l\u00e9chargement.",
    "LabelVersionNumber": "Version {0}",
    "LabelPlayMethodTranscoding": "Transcodage",
    "LabelPlayMethodDirectStream": "Diffusion en continue",
    "LabelPlayMethodDirectPlay": "Lecture directe",
    "LabelLocalAccessUrl": "Acc\u00e8s local (LAN) : {0}",
    "LabelRemoteAccessUrl": "Acc\u00e8s \u00e0 distance (WAN)\u00a0: {0}",
    "LabelRunningOnPort": "En cours d'ex\u00e9cution sur le port http {0}.",
    "LabelRunningOnPorts": "En cours d'ex\u00e9cution sur les ports http {0} et https {1}.",
    "HeaderLatestFromChannel": "{0}, ajouts r\u00e9cents",
    "ButtonRemoteControl": "Contr\u00f4le \u00e0 distance",
    "HeaderLatestTvRecordings": "Derniers enregistrements",
    "LabelCurrentPath": "Chemin d'acc\u00e8s actuel :",
    "HeaderSelectMediaPath": "S\u00e9lectionnez le chemin du m\u00e9dia",
    "HeaderSelectPath": "S\u00e9lectionnez un chemin",
    "ButtonNetwork": "R\u00e9seau",
    "MessageDirectoryPickerInstruction": "Les chemins r\u00e9seaux peuvent \u00eatre saisis manuellement dans le cas o\u00f9 l'utilisation du bouton R\u00e9seau ne parvient pas \u00e0 localiser vos appareils. Par exemple, {0} ou {1}.",
    "MessageDirectoryPickerBSDInstruction": "Sur BSD, vous devrez peut-\u00eatre configurer le stockage de votre jail FreeNAS pour autoriser Emby \u00e0 y acc\u00e9der.",
    "MessageDirectoryPickerLinuxInstruction": "Pour Linux sur Arch Linux, CentOS, Debian, Fedora, OpenSuse ou Ubuntu, vous devez au moins autoriser l'acc\u00e8s en lecture \u00e0 vos r\u00e9pertoires de stockage pour l'utilisateur Emby .",
    "HeaderMenu": "Menu",
    "ButtonOpen": "Ouvrir",
    "ButtonShuffle": "Al\u00e9atoire",
    "HeaderAudioTracks": "Pistes audio",
    "HeaderLibraries": "M\u00e9diath\u00e8ques",
    "MessageErrorPlayingVideo": "La lecture de la vid\u00e9o a rencontr\u00e9 une erreur",
    "MessageEnsureOpenTuner": "Veuillez vous assurer qu'un syntoniseur est bien disponible.",
    "ButtonReports": "Rapports",
    "MetadataManager": "Gestionnaire de m\u00e9tadonn\u00e9es",
    "HeaderTime": "Heure",
    "LabelAddedOnDate": "Ajout\u00e9 {0}",
    "ButtonStart": "Commencer",
    "OptionBlockLiveTvChannels": "Cha\u00eenes TV en direct",
    "OptionBlockChannelContent": "Cha\u00eenes Internet",
    "ButtonRevoke": "R\u00e9voquer",
    "MessageConfirmRevokeApiKey": "Voulez-vous vraiment r\u00e9voquer cette cl\u00e9 API ? La connexion de l'application au serveur Emby sera brutalement interrompue.",
    "HeaderConfirmRevokeApiKey": "R\u00e9voquer la cl\u00e9 API",
    "ValueContainer": "Conteneur : {0}",
    "ValueAudioCodec": "Codec Audio : {0}",
    "ValueVideoCodec": "Codec Vid\u00e9o : {0}",
    "ValueCodec": "Codec : {0}",
    "ValueConditions": "Conditions : {0}",
    "LabelAll": "Tout",
    "HeaderDeleteImage": "Supprimer l'image",
    "MessageFileNotFound": "Fichier introuvable.",
    "ButtonNextPage": "Page suivante",
    "ButtonPreviousPage": "Page pr\u00e9c\u00e9dente",
    "MessagePleaseAcceptTermsOfServiceBeforeContinuing": "Veuillez accepter les conditions d'utilisation avant de poursuivre.",
    "OptionOff": "Off",
    "OptionOn": "On",
    "ButtonUninstall": "D\u00e9sinstaller",
    "HeaderLiveTV": "TV en direct",
    "MissingPrimaryImage": "Image principale manquante.",
    "MissingBackdropImage": "Image d'arri\u00e8re-plan manquante.",
    "MissingLogoImage": "Logo manquant.",
    "MissingEpisode": "\u00c9pisode manquant.",
    "OptionBackdrops": "Arri\u00e8re-plans",
    "OptionImages": "Images",
    "OptionKeywords": "Mots-cl\u00e9s",
    "OptionTags": "\u00c9tiquettes",
    "OptionStudios": "Studios",
    "OptionName": "Nom",
    "OptionOverview": "Aper\u00e7u",
    "OptionGenres": "Genres",
    "OptionPeople": "Personnes",
    "OptionBirthLocation": "Lieu de naissance",
    "HeaderChangeFolderType": "Modifier le type de contenu",
    "HeaderChangeFolderTypeHelp": "Pour modifier le type, veuillez supprimer et recr\u00e9er la m\u00e9diath\u00e8que avec le nouveau type.",
    "HeaderAlert": "Alerte",
    "MessagePleaseRestart": "Veuillez red\u00e9marrer pour finaliser les mises \u00e0 jour.",
    "ButtonHide": "Cacher",
    "MessageSettingsSaved": "Param\u00e8tres enregistr\u00e9s.",
    "TabLibrary": "M\u00e9diath\u00e8que",
    "TabLiveTV": "TV en direct",
    "TabPlugins": "Extensions",
    "TabHelp": "Aide",
    "HeaderNotifications": "Notifications",
    "HeaderSelectPlayer": "S\u00e9lectionnez le lecteur",
    "HeaderSpecials": "\u00c9pisodes sp\u00e9ciaux",
    "HeaderTrailers": "Bandes-annonces",
    "HeaderResolution": "R\u00e9solution",
    "HeaderRuntime": "Dur\u00e9e",
    "HeaderParentalRating": "Parental Rating",
    "HeaderReleaseDate": "Date de sortie ",
    "HeaderSeries": "Series:",
    "HeaderSeason": "Saison",
    "HeaderSeasonNumber": "Num\u00e9ro de saison",
    "HeaderNetwork": "R\u00e9seau",
    "HeaderYear": "Year:",
    "HeaderEmbeddedImage": "Image int\u00e9gr\u00e9e",
    "OptionHomeVideos": "Vid\u00e9os et photos personnelles",
    "OptionBooks": "Livres",
    "ButtonUp": "Haut",
    "ButtonDown": "Bas",
    "HeaderMetadataReaders": "Lecteurs de m\u00e9tadonn\u00e9es",
    "LabelMetadataReadersHelp": "Classez vos sources locales de m\u00e9tadonn\u00e9es pr\u00e9f\u00e9r\u00e9es dans l'ordre de priorit\u00e9. Le premier fichier trouv\u00e9 sera lu.",
    "HeaderSubtitleDownloaders": "Outils de t\u00e9l\u00e9chargement de sous-titres",
    "SubtitleDownloadersHelp": "Activer et ranger vos outils de t\u00e9l\u00e9chargement de sous-titres favoris par ordre de priorit\u00e9. D'autres sources de sous-titres peuvent \u00eatre t\u00e9l\u00e9charg\u00e9es.",
    "LabelMetadataDownloaders": "T\u00e9l\u00e9chargeurs de m\u00e9tadonn\u00e9es\u00a0:",
    "LabelMetadataDownloadersHelp": "Activez et classez vos sources de t\u00e9l\u00e9chargement de m\u00e9tadonn\u00e9es pr\u00e9f\u00e9r\u00e9es dans l'ordre de priorit\u00e9. Les plus basses seront utilis\u00e9es uniquement pour remplir les informations manquantes.",
    "HeaderMetadataSavers": "Enregistreurs de m\u00e9tadonn\u00e9es",
    "LabelMetadataSaversHelp": "S\u00e9lectionnez un format de fichier pour l'enregistrement des m\u00e9tadonn\u00e9es.",
    "LabelImageFetchers": "R\u00e9cup\u00e9rateurs d'image :",
    "LabelImageFetchersHelp": "Activez cette option pour classer vos r\u00e9cup\u00e9rateurs d'images par ordre de priorit\u00e9.",
    "PersonTypePerson": "Personne",
    "HeaderRemoveMediaLocation": "Supprimer l'emplacement de m\u00e9dia",
    "MessageConfirmRemoveMediaLocation": "Voulez-vous vraiment supprimer cet emplacement\u00a0?",
    "LabelNewName": "Nouveau nom :",
    "HeaderRemoveMediaFolder": "Supprimer le dossier multim\u00e9dia",
    "MessageTheFollowingLocationWillBeRemovedFromLibrary": "Ces emplacements de m\u00e9dia vont \u00eatre supprim\u00e9s de votre m\u00e9diath\u00e8que Emby :",
    "MessageAreYouSureYouWishToRemoveMediaFolder": "Voulez-vous vraiment supprimer ce dossier multim\u00e9dia\u00a0?",
    "ButtonRename": "Renommer",
    "ButtonChangeContentType": "Changer le type de contenu",
    "HeaderMediaLocations": "Emplacements de m\u00e9dia",
    "LabelContentTypeValue": "Type de contenu : {0}",
    "FolderTypeUnset": "Contenu mixte",
    "HeaderPluginInstallation": "Installation de l'extension",
    "MessageAlreadyInstalled": "Cette version est d\u00e9j\u00e0 install\u00e9e.",
    "MessageYouHaveVersionInstalled": "Actuellement , vous avez la version {0} install\u00e9e.",
    "MessageTrialExpired": "La p\u00e9riode d'essai de cette fonctionnalit\u00e9 a expir\u00e9",
    "MessageTrialWillExpireIn": "La p\u00e9riode d'essai de cette fonctionnalit\u00e9 expire dans {0} jour(s)",
    "MessageInstallPluginFromApp": "Cette extension doit-\u00eatre install\u00e9e depuis l'application dans laquelle vous voulez l'utiliser",
    "ValuePriceUSD": "Prix\u00a0: {0} (USD)",
    "MessageFeatureIncludedWithSupporter": "Vous avez acc\u00e8s \u00e0 cette fonctionnalit\u00e9, vous pourrez l'utiliser tant que vous aurez un abonnement Emby Premiere.",
    "HeaderUnrated": "Non not\u00e9",
    "HeaderUnknownDate": "Date inconnue",
    "HeaderUnknownYear": "Ann\u00e9e inconnue",
    "HeaderSelectExternalPlayer": "S\u00e9lectionner le lecteur externe",
    "HeaderExternalPlayerPlayback": "Lecture avec lecteur externe",
    "OptionWatched": "Vu",
    "OptionUnwatched": "Non vu",
    "LabelMarkAs": "Marqu\u00e9 comme :",
    "OptionInProgress": "En cours",
    "LabelResumePoint": "Point de reprise\u00a0:",
    "ValueOneTrailer": "1 bande-annonce",
    "ValueTrailerCount": "{0} bandes-annonces",
    "ValueSeriesYearToPresent": "{0} - Pr\u00e9sent",
    "ValueAwards": "R\u00e9compenses\u00a0:{0}",
    "ValuePremiered": "Premi\u00e8re le {0}",
    "ValuePremieres": "Premi\u00e8re le {0}",
    "ValueStudio": "Studio\u00a0: {0}",
    "ValueStudios": "Studios\u00a0: {0}",
    "ValueStatus": "\u00c9tat\u00a0: {0}",
    "LabelLimit": "Limite :",
    "ValueLinks": "Liens : {0}",
    "ValueArtist": "Artiste : {0}",
    "ValueArtists": "Artistes : {0}",
    "MediaInfoCameraMake": "Fabricant",
    "MediaInfoCameraModel": "Mod\u00e8le de l'appareil photo",
    "MediaInfoAltitude": "Altitude",
    "MediaInfoAperture": "Ouverture",
    "MediaInfoExposureTime": "Temps d'exposition",
    "MediaInfoFocalLength": "Longueur focale",
    "MediaInfoOrientation": "Orientation",
    "MediaInfoIsoSpeedRating": "Vitesse ISO",
    "MediaInfoLatitude": "Latitude",
    "MediaInfoLongitude": "Longitude",
    "MediaInfoShutterSpeed": "Vitesse d'obturation",
    "MediaInfoSoftware": "Logiciel",
    "TabExpert": "Expert",
    "HeaderSelectCustomIntrosPath": "Choisir le chemin des intros personnalis\u00e9es",
    "HeaderThankYou": "Merci",
    "ReleaseYearValue": "Ann\u00e9e de sortie\u00a0: {0}",
    "TabExtras": "Bonus",
    "DeviceLastUsedByUserName": "Derni\u00e8rement utilis\u00e9 par {0}",
    "HeaderSelectUploadPath": "S\u00e9lectionner le r\u00e9pertoire de chargement",
    "ErrorMessageStartHourGreaterThanEnd": "La date de fin doit \u00eatre post\u00e9rieure \u00e0 la date de d\u00e9but.",
    "ButtonLibraryAccess": "Acc\u00e8s \u00e0 la m\u00e9diath\u00e8que",
    "ButtonParentalControl": "Contr\u00f4le parental",
    "MessagePluginConfigurationRequiresLocalAccess": "Pour configurer cette extension, veuillez vous connecter directement \u00e0 votre serveur local.",
    "HeaderCancelSyncJob": "Annuler la sync.",
    "MovieLibraryHelp": "Consultez le {0}guide Emby pour nommer les films{1}.",
    "TvLibraryHelp": "Consultez le {0}guide Emby pour nommer les \u00e9missions{1}.",
    "BookLibraryHelp": "Les livres num\u00e9riques sont support\u00e9s. Consultez le {0}Guide de nommage pour livre d'Emby{1}.",
    "MessageGamePluginRequired": "N\u00e9cessite l'installation de l'extension GameBrowser",
    "MessageUnsetContentHelp": "Le contenu sera affich\u00e9 sous forme de dossiers.",
    "ButtonNewServer": "Nouveau serveur",
    "ButtonRemote": "T\u00e9l\u00e9commande",
    "HeaderUnlockApp": "D\u00e9verrouiller l'application",
    "HeaderUnlockSync": "D\u00e9verrouiller Emby Sync",
    "MessagePaymentServicesUnavailable": "Les services de paiement sont actuellement indisponibles. Merci de r\u00e9essayer ult\u00e9rieurement.",
    "HeaderLibrary": "M\u00e9diath\u00e8que",
    "HeaderMedia": "M\u00e9dia",
    "NoNewDevicesFound": "Aucun nouvel appareil d\u00e9tect\u00e9. Pour en ajouter un, fermez cette fen\u00eatre et saisissez les informations de l'appareil manuellement.",
    "ManageLibrary": "G\u00e9rer la librairie",
    "HeaderConfirm": "Confirmer",
    "MessageConfirmDeleteTunerDevice": "Voulez-vous vraiment supprimer cet appareil ?",
    "MessageConfirmDeleteGuideProvider": "Voulez-vous vraiment supprimer ce fournisseur de guide d'information ?",
    "HeaderDeleteProvider": "Supprimer le fournisseur",
    "ErrorAddingTunerDevice": "Une erreur est survenue lors de l'ajout du tuner. Assurez-vous qu'il est accessible et r\u00e9essayez.",
    "ErrorSavingTvProvider": "Une erreur est survenue lors de la sauvegarde du fournisseur TV. Assurez-vous qu'il est accessible et r\u00e9essayez.",
    "ErrorGettingTvLineups": "Une erreur est survenue pendant le t\u00e9l\u00e9chargement des programmes TV. Assurez-vous que vos informations sont correctes et r\u00e9essayez.",
    "MessageCreateAccountAt": "Cr\u00e9er un compte sur {0}",
    "ErrorPleaseSelectLineup": "Veuillez s\u00e9lectionner une programmation et r\u00e9essayer. Si aucune programmation n'est disponible, veuillez v\u00e9rifier que vos identifiant, mot de passe et code postal sont corrects.",
    "HeaderTryEmbyPremiere": "Essayer Emby Premiere",
    "OptionEnableDisplayMirroring": "Activer la duplication d'\u00e9cran",
    "ErrorValidatingSupporterInfo": "Une erreur s'est produite lors de la validation de vos informations Emby Premiere. Veuillez r\u00e9essayer plus tard.",
    "LabelLocalSyncStatusValue": "\u00c9tat : {0}",
    "OptionBackdropSlideshow": "Diaporama d'illustrations",
    "HeaderTopPlugins": "Meilleures extensions",
    "ButtonOther": "Autre",
    "ButtonMenu": "Menu",
    "ForAdditionalLiveTvOptions": "Explorez le {0}catalogue d\u2019extensions{1} Emby pour installer d'autres fournisseurs de TV en direct.",
    "AddUser": "Ajouter un utilisateur",
    "HeaderEmailAddress": "Adresse courriel",
    "NumLocationsValue": "{0} dossiers",
    "ErrorAddingListingsToSchedulesDirect": "Une erreur est survenue pendant l'ajout de la programmation avec votre compte Schedules Direct. Schedules Direct autorise uniquement un nombre limit\u00e9 de programmations par compte. Vous devez vous connecter au site Schedules Direct et supprimer d'autres programmations depuis votre compte avant de pouvoir r\u00e9essayer.",
    "PleaseAddAtLeastOneFolder": "Veuillez ajouter au moins un dossier \u00e0 cette m\u00e9diath\u00e8que en cliquant sur le bouton Ajouter.",
    "ErrorAddingMediaPathToVirtualFolder": "Une erreur est survenue pendant l'ajout du chemin des m\u00e9dias. Veuillez v\u00e9rifier que le chemin est valide et que le processus du serveur Emby peut y acc\u00e9der.",
    "ErrorAddingEmbyConnectAccount3": "Le compte Emby  est d\u00e9j\u00e0 li\u00e9 \u00e0 un utilisateur local existant. Un compte Emby ne peut \u00eatre li\u00e9 qu'\u00e0 un seul utilisateur local \u00e0 la fois.",
    "HeaderConfirmPluginInstallation": "Confirmer l'installation de l'extension",
    "PleaseConfirmPluginInstallation": "Merci de cliquer sur OK pour confirmer que vous avez lu ce qui pr\u00e9c\u00e8de et que vous souhaitez poursuivre l'installation de l'extension.",
    "MessagePluginInstallDisclaimer": "Les extensions d\u00e9velopp\u00e9es par les membres de la communaut\u00e9 Emby sont une excellente mani\u00e8re d'am\u00e9liorer votre exp\u00e9rience Emby avec de nouvelles fonctionnalit\u00e9s. Avant toute installation, veuillez prendre connaissance de l'impact qu'elles peuvent avoir sur le serveur Emby, comme l'augmentation de la dur\u00e9e d'actualisation de la m\u00e9diath\u00e8que, de nouvelles t\u00e2ches de fond, ou un syst\u00e8me moins stable.",
    "TitleHardwareAcceleration": "Acc\u00e9l\u00e9ration mat\u00e9rielle",
    "HardwareAccelerationWarning": "L'activation de l'acc\u00e9l\u00e9ration mat\u00e9rielle peut provoquer une instabilit\u00e9 dans certains environnements. Assurez-vous que votre syst\u00e8me d'exploitation et vos pilotes vid\u00e9o sont compl\u00e8tement \u00e0 jour. Si vous avez des difficult\u00e9s pour lire des vid\u00e9os apr\u00e8s l'activation, vous devrez remettre ce param\u00e8tre sur Auto.",
    "ValueExample": "Exemple\u00a0: {0}",
    "LabelFileOrUrl": "Fichier ou URL :",
    "OptionEnableForAllTuners": "Autoriser pour tous les syntoniseurs",
    "HeaderTuners": "Syntoniseurs",
    "LabelOptionalM3uUrl": "URL M3U (facultatif)\u00a0:",
    "LabelOptionalM3uUrlHelp": "Certains appareils prennent en charge une liste de cha\u00eenes M3U.",
    "TabResumeSettings": "Param\u00e8tres de reprise",
    "DrmChannelsNotImported": "Les cha\u00eenes avec DRM ne seront pas import\u00e9es.",
    "LabelAllowHWTranscoding": "Autoriser le transcodage mat\u00e9riel",
    "AllowHWTranscodingHelp": "Si l'option est activ\u00e9e, permet au tuner de transcoder les flux \u00e0 la vol\u00e9e. Cela peut aider \u00e0 r\u00e9duire le transcodage requis par le serveur Emby.",
    "MetadataSettingChangeHelp": "Les modifications des param\u00e8tres des m\u00e9tadonn\u00e9es auront une incidence sur le nouveau contenu ajout\u00e9. Pour actualiser le contenu existant, ouvrez l'\u00e9cran des d\u00e9tails et cliquez sur le bouton Actualiser, ou effectuez des actualisations en masse en utilisant le gestionnaire de m\u00e9tadonn\u00e9es.",
    "RecordingPathChangeMessage": "Modifier votre dossier d'enregistrement ne d\u00e9placera pas les enregistrements existants de l'ancien emplacement vers le nouveau. Vous devrez les d\u00e9placer manuellement si vous le souhaitez.",
    "LabelSportsCategories": "Cat\u00e9gories des sports :",
    "XmlTvSportsCategoriesHelp": "Les programmes avec ces cat\u00e9gories seront affich\u00e9s en tant que programmes sportifs. S'il y en a plusieurs, s\u00e9parez-les avec '|'.",
    "LabelNewsCategories": "Cat\u00e9gories des informations\u00a0:",
    "XmlTvNewsCategoriesHelp": "Les programmes avec ces cat\u00e9gories seront affich\u00e9s en tant que programmes d'information. S'il y en a plusieurs, s\u00e9parez-les avec '|'.",
    "LabelKidsCategories": "Cat\u00e9gories jeunesse\u00a0:",
    "XmlTvKidsCategoriesHelp": "Les programmes avec ces cat\u00e9gories seront affich\u00e9s en tant que programmes jeunesse. S'il y en a plusieurs, s\u00e9parez-les avec '|'.",
    "LabelMovieCategories": "Cat\u00e9gories de films\u00a0:",
    "XmlTvMovieCategoriesHelp": "Les programmes avec ces cat\u00e9gories seront affich\u00e9s en tant que films. S'il y en a plusieurs, s\u00e9parez-les avec '|'.",
    "XmlTvPathHelp": "Un chemin d'acc\u00e8s \u00e0 un fichier XML TV. Emby lira ce fichier et en v\u00e9rifiera p\u00e9riodiquement les mises \u00e0 jour. Vous \u00eates responsable de la cr\u00e9ation et de la mise \u00e0 jour du fichier.",
    "LabelLocalIpAddress": "Adresse IP locale",
    "LabelBindToLocalNetworkAddressHelp": "(Optionnel) Remplace l'adresse IP locale utilis\u00e9 par les applications Emby. Sans param\u00e8tre, le serveur d\u00e9tectera l\u2019adresse IP automatiquement.",
    "SettingsWarning": "La modification de ces valeurs peut provoquer des d\u00e9faillances de stabilit\u00e9 ou de connectivit\u00e9. Si vous rencontrez des probl\u00e8mes, nous vous recommandons de les remettre aux valeurs par d\u00e9faut.",
    "MapChannels": "Carte des cha\u00eenes",
    "OptionSaveMetadataAsHiddenHelp": "La modification s'appliquera aux nouvelles m\u00e9tadonn\u00e9es enregistr\u00e9es \u00e0 l'avenir. Les fichiers de m\u00e9tadonn\u00e9es existants seront mis \u00e0 jour la prochaine fois qu'ils seront enregistr\u00e9s par le serveur Emby.",
    "EnablePhotos": "Activer les photos",
    "EnablePhotosHelp": "Les photos seront d\u00e9tect\u00e9es et affich\u00e9es avec les autres fichiers multim\u00e9dia.",
    "ImportPlaylists": "Importer une liste de lecture",
    "ImportPlaylistsHelp": "Les listes de lecture de vos dossiers de m\u00e9dias peuvent \u00eatre import\u00e9es dans Emby Server",
    "LabelMaxAudioFileBitrate": "D\u00e9bit audio maximum\u00a0:",
    "LabelMaxAudioFileBitrateHelp": "Les fichiers audio avec d\u00e9bit sup\u00e9rieur seront convertis par le serveur Emby. S\u00e9lectionnez un d\u00e9bit plus \u00e9lev\u00e9 pour une meilleure qualit\u00e9, ou moins \u00e9lev\u00e9 pour conserver de l'espace de stockage local.",
    "SaveThumbnailImagesIntoMediaFolders": "Enregistrer les vignettes d'aper\u00e7u dans les dossiers des m\u00e9dias",
    "LabelGenerateVideoPreviewThumbnails": "G\u00e9n\u00e9rer les vignettes d'aper\u00e7u vid\u00e9o :",
    "LabelEnableDebugLogging": "Activer le d\u00e9bogage dans le journal d\u2019\u00e9v\u00e8nements",
    "OptionEnableExternalContentInSuggestions": "Activer le contenu externe dans les suggestions",
    "OptionEnableExternalContentInSuggestionsHelp": "Autoriser les bandes-annonces sur internet et les programmes TV en direct \u00e0 \u00eatre inclus dans le contenu sugg\u00e9r\u00e9.",
    "LabelH264EncodingPreset": "Profil d'encodage H264\u00a0:",
    "H264EncodingPresetHelp": "Choisissez une valeur plus rapide pour am\u00e9liorer la performance, ou plus lente pour am\u00e9liorer la qualit\u00e9.",
    "LabelH264Crf": "CRF d'encodage H264\u00a0:",
    "H264CrfHelp": "Le Constant Rate Factor (CRF) est l'option de qualit\u00e9 par d\u00e9faut pour l'encodeur x264. Vous pouvez mettre des valeurs entre 0 et 51, o\u00f9 la valeur la plus basse r\u00e9sulte en une meilleure qualit\u00e9 (en augmentant le taille des fichiers). De bonne valeurs se situent entre 18 et 28. La valeur par d\u00e9faut pour le x264 est de 23, vous pouvez utiliser celle-ci comme point de d\u00e9part.",
    "LabelOptionalNetworkPath": "(Optionnel) Dossier r\u00e9seau partag\u00e9\u00a0:",
    "LabelOptionalNetworkPathHelp": "Si le dossier est partag\u00e9 sur votre r\u00e9seau, donner acc\u00e8s au chemin du dossier r\u00e9seau peut autoriser les applications Emby sur d'autres appareils \u00e0 avoir acc\u00e8s \u00e0 ses fichiers directement.",
    "SynologyUpdateInstructions": "Merci de vous identifier au DSM et d'aller au Centre de paquets pour la mise \u00e0 jour.",
    "LabelMoviePrefix": "Pr\u00e9fixe de film :",
    "LabelMoviePrefixHelp": "Si un pr\u00e9fixe est appliqu\u00e9 aux titres de film, pr\u00e9cisez-le ici afin qu'Emby puisse le g\u00e9rer convenablement.",
    "HeaderRecordingPostProcessing": "Traitement des enregistrements",
    "LabelPostProcessorArguments": "Arguments en ligne de commande du post-processeur\u00a0:",
    "PostProcessorArgumentsHelp": "The following variables are supported in the command line to allow passing data to your post-processor:",
    "LabelPostProcessor": "Application post-processeur\u00a0:",
    "DvrPostProcessorPathArgument": "{path}: The full path to the new recording file",
    "ErrorAddingXmlTvFile": "Une erreur est survenue lors de l'acc\u00e8s au fichier XMLTV. Assurez-vous qu'il existe et r\u00e9essayez.",
    "OptionAutomaticallyGroupSeries": "Fusionner automatiquement les s\u00e9ries qui sont r\u00e9parties en plusieurs dossiers",
    "OptionAutomaticallyGroupSeriesHelp": "Les s\u00e9ries qui sont r\u00e9parties en plusieurs dossiers dans la m\u00e9diath\u00e8que seront automatiquement fusionn\u00e9es en une seule s\u00e9rie.",
    "WhenDidYouPurchaseApp": "Quand avez-vous achet\u00e9 cette application initialement\u00a0?",
    "PreferEmbeddedTitlesOverFileNames": "Pr\u00e9f\u00e9rer les titres int\u00e9gr\u00e9s aux m\u00e9dias aux noms des fichiers",
    "PreferEmbeddedTitlesOverFileNamesHelp": "Cela d\u00e9termine le titre affich\u00e9 par d\u00e9faut quand il n'y a pas de m\u00e9tadonn\u00e9es en ligne ou locales disponibles.",
    "HeaderLiveTvTunerSetup": "Configuration du Syntoniseur TV en direct",
    "HeaderTVSourceSetup": "Configuration de la source TV",
    "HeaderDetectMyDevices": "D\u00e9tecter mes appareils",
    "MessagePleaseWait": "Veuillez patienter. Ceci peut prendre quelques minutes.",
    "DetectingDevices": "D\u00e9tection des appareils",
    "LabelAutomaticallyRefreshInternetMetadataEvery": "Apr\u00e8s l'importation initiale, actualiser automatiquement les m\u00e9tadonn\u00e9es depuis internet\u00a0:",
    "Never": "Jamais",
    "EveryNDays": "Tous les {0} jours",
    "NDays": "{0} jours",
    "HeaderNewDevices": "Nouveaux appareils",
    "LabelCertificatePassword": "Mot de passe du certificat\u00a0:",
    "LabelCertificatePasswordHelp": "Si votre certificat n\u00e9cessite un mot de passe, veuillez le renseigner ici.",
    "LabelEnableHardwareDecodingFor": "Activer le d\u00e9codage mat\u00e9riel pour\u00a0:",
    "EnableHardwareEncoding": "Activer l'encodage mat\u00e9riel",
    "Rate": "D\u00e9bit",
    "HeaderNewLibrary": "Nouvelle m\u00e9diath\u00e8que",
    "HttpsRequiresCert": "Pour activer les connexions s\u00e9curis\u00e9es, vous devrez fournir un certificat SSL v\u00e9rifi\u00e9, comme ceux fournis par Let's Encrypt. Veuillez fournir un certificat ou d\u00e9sactiver les connexions s\u00e9curis\u00e9es.",
    "ServerRestartNeededAfterPluginInstall": "Le serveur Emby devra \u00eatre red\u00e9marr\u00e9 apr\u00e8s l'installation d'une extension.",
    "PluginInstalledMessage": "Cette extension a \u00e9t\u00e9 install\u00e9e avec succ\u00e8s. Le serveur Emby doit \u00eatre red\u00e9marr\u00e9 afin que les modifications soient prises en compte.",
    "Themes": "Th\u00e8mes",
    "MessagePremiereStatusGood": "Vous avez un abonnement Emby Premiere {0} et l'utilisation de votre appareil est bien inf\u00e9rieur \u00e0 la limite.",
    "MessagePremiereStatusClose": "Vous avez un abonnement Emby Premiere {0} mais l'utilisation de votre appareil est proche de la limite.",
    "MessagePremiereExtendedPlans": "Veuillez envisager un {0}abonnement \u00e9tendu{1}",
    "MessagePremiereStatusOver": "Vous avez un abonnement Emby Premiere {0} mais vous avez d\u00e9pass\u00e9 la limite pour votre appareil\u00a0!",
    "ListItemPremiereSub": "Abonnement {0} achet\u00e9 via {2}, expire {1}",
    "LabelClickToCancel": "Cliquez pour r\u00e9silier cet abonnement",
    "LabelCancelInfo": "Vous pouvez g\u00e9rer cet abonnement directement avec {0}",
    "LabelAlreadyCanceled": "Cet abonnement a \u00e9t\u00e9 r\u00e9sili\u00e9. La cl\u00e9 sera toujours valide jusqu'\u00e0 son expiration.",
    "HeaderCancelSub": "R\u00e9silier Emby Premiere",
    "MessageConfirmSubCancel": "NON, s'il vous pla\u00eet, ne partez pas... Vous ne pourrez plus profiter des super fonctionnalit\u00e9s d'Emby Premiere\u00a0!",
    "ButtonCancelSub": "Je le sais, r\u00e9silier quand m\u00eame",
    "ButtonDontCancelSub": "Garder Emby Premiere",
    "MessageSubCancelReqSent": "Un courriel a \u00e9t\u00e9 envoy\u00e9 au propri\u00e9taire de la cl\u00e9. Veuillez suivre les instructions contenues dans ce courriel pour valider la r\u00e9siliation de cet abonnement. Nous esp\u00e9rons vous revoir bient\u00f4t\u00a0!",
    "MessageSubCancelError": "Une erreur est survenue lors de la r\u00e9siliation. Veuillez envoyer un courriel \u00e0 {0} et nous nous en occuperons pour vous.",
    "LabelAlreadyCancelled": "Votre abonnement a \u00e9t\u00e9 r\u00e9sili\u00e9. Vous ne payerez plus rien mais vos avantages fonctionneront jusqu'\u00e0 la date ci-dessus.",
    "AllowOnTheFlySubtitleExtraction": "Autoriser l'extraction des sous-titres \u00e0 la vol\u00e9e",
    "AllowOnTheFlySubtitleExtractionHelp": "Les sous-titres int\u00e9gr\u00e9s peuvent \u00eatre extraits des vid\u00e9os et distribu\u00e9s aux applications Emby au format texte pour \u00e9viter le transcodage. Sur certains syst\u00e8mes, cela peut prendre du temps et arr\u00eater la lecture de la vid\u00e9o pendant le processus d'extraction. D\u00e9sactiver cette option pour graver les sous-titres avec un transcodage quand l'appareil ne les prend pas en charge nativement.",
    "ButtonStopRecording": "Arr\u00eater l'enregistrement",
    "EnableDebugLoggingHelp": "La journalisation du d\u00e9bogage ne devrait seulement \u00eatre activ\u00e9e au besoin \u00e0 des fins de d\u00e9pannage. L'augmentation de l'acc\u00e8s au syst\u00e8me de fichiers peut emp\u00eacher le serveur de tomber en veille sur certains environnements.",
    "LabelSimultaneousConnectionLimit": "Limite de flux simultan\u00e9e:",
    "SimultaneousConnectionLimitHelp": "Le nombre maximal de flux simultan\u00e9s autoris\u00e9s. Entrez 0 pour aucune limite.",
    "LaunchWebAppOnStartup": "Lancez l'application Web Emby dans mon navigateur lorsque le serveur Emby d\u00e9marre",
    "LaunchWebAppOnStartupHelp": "Cela ouvrira l'application Web dans votre navigateur par d\u00e9faut au d\u00e9marrage initial du serveur Emby. Cela ne se produira pas lors de l'utilisation de la fonction de red\u00e9marrage du serveur.",
    "LabelReferrerHeader": "En-t\u00eate HTTP referrer\u00a0:",
    "LabelUserAgentHeader": "En-t\u00eate HTTP user agent\u00a0:",
    "SupplyCustomValueIfNeeded": "Fournit une valeur personnalis\u00e9e de l\u2019en-t\u00eate HTTP, si n\u00e9cessaire.",
    "HeaderConfigureRemoteAccess": "Configurer l'acc\u00e8s distant",
    "LearnHowToCreateSynologyShares": "Apprenez \u00e0 partager des dossiers dans Synology.",
    "LabelAllowedRemoteAddresses": "Filtre d'adresse IP distante",
    "LabelAllowedRemoteAddressesMode": "Type de filtre des adresses IP distantes :",
    "Whitelist": "Liste blanche",
    "Blacklist": "Liste noire",
    "AllowedRemoteAddressesHelp": "Liste d'adresses IP ou d'IP\/masque de sous-r\u00e9seau s\u00e9par\u00e9es par des virgules qui seront autoris\u00e9es \u00e0 se connecter \u00e0 distance. Si la liste est vide, toutes les adresses distantes seront autoris\u00e9es.",
    "LabelLanNetworks": "R\u00e9seaux LAN :",
    "LanNetworksHelp": "Liste des adresses IP ou des entr\u00e9es IP\/masque de r\u00e9seau s\u00e9par\u00e9es par des virgules pour les r\u00e9seaux qui seront consid\u00e9r\u00e9s comme locaux lors de l'application des restrictions de bande passante. Si elle est d\u00e9finie, toutes les autres adresses IP seront consid\u00e9r\u00e9es sur le r\u00e9seau externe et seront soumises aux restrictions de bande passante externe. Si elle est vide, seul le sous-r\u00e9seau du serveur et les sous-r\u00e9seaux priv\u00e9es (10.0.0.0\/8, 192.168.0.0\/24, etc) sont consid\u00e9r\u00e9s comme se trouvant sur le r\u00e9seau local.",
    "LabelSecureConnectionsMode": "Mode de connexion s\u00e9curis\u00e9e\u00a0:",
    "PreferredNotRequired": "Pr\u00e9f\u00e9r\u00e9e, mais pas obligatoire",
    "RequiredForAllRemoteConnections": "Obligatoire pour toutes les connexions externes",
    "HandledByProxy": "G\u00e9r\u00e9e par un proxy inverse",
    "SaveSubtitlesIntoMediaFolders": "Enregistrer les sous-titres dans les dossiers des m\u00e9dias",
    "SaveSubtitlesIntoMediaFoldersHelp": "Conserver les sous-titres avec les fichiers vid\u00e9o permettra de les g\u00e9rer plus facilement.",
    "AutomaticSubtitleDownloadInstructions": "Pour g\u00e9rer le t\u00e9l\u00e9chargement des sous-titres automatis\u00e9s, cliquez sur une biblioth\u00e8que dans la configuration des biblioth\u00e8ques Emby et modifiez les param\u00e8tres de t\u00e9l\u00e9chargement des sous-titres.",
    "ProviderNeedsSetup": "Pour que cela soit t\u00e9l\u00e9charg\u00e9, vous devez configurer {0} sur la {0} page de configuration du serveur Emby.",
    "LabelEnableHardwareAcceleration": "Activer l'acc\u00e9l\u00e9ration mat\u00e9rielle si possible :",
    "HeaderPreferredHardwareDecoders": "D\u00e9codeurs mat\u00e9riel pr\u00e9f\u00e9r\u00e9s",
    "HeaderPreferredHardwareEncoders": "Encodeurs mat\u00e9riel pr\u00e9f\u00e9r\u00e9s",
    "AllowChangingImageAndPassword": "Autoriser cet utilisateur \u00e0 changer son mot de passe et son image de profil",
    "LabelTranscodeBuffer": "M\u00e9moire tampon de transcodage\u00a0:",
    "LabelTranscodePosition": "Position de transcodage\u00a0:",
    "LabelPlaybackPosition": "Position de lecture\u00a0:",
    "LabelSimultaneousStreamLimit": "Nombre de diffusions vid\u00e9o maximum\u00a0:",
    "SimultaneousStreamLimitHelp": "Limite le nombre de sessions de lecture vid\u00e9o simultan\u00e9es.",
    "LabelMusicFolderStructure": "Structure du r\u00e9pertoire de musique:",
    "LabelMusicFolderStructureHelp": "S\u00e9lectionnez la structure qui correspond \u00e0 la fa\u00e7on dont vos dossiers sont organis\u00e9s. Si vous n'\u00eates pas s\u00fbr, ou si vos dossiers ne correspondent pas exactement \u00e0 l'une des options, veuillez s\u00e9lectionner l'option par d\u00e9faut Autre.",
    "OtherOrUnstructured": "Autre ou non structur\u00e9",
    "PerfectArtistAlbumTrack": "Parfaitement organis\u00e9 en dossiers artiste\\album, avec des pistes directement dans les dossiers album.",
    "PerfectAlbumTrack": "Parfaitement organis\u00e9 en dossiers d'albums, avec des pistes directement dans les dossiers d'albums.",
    "LiveTVServiceIntegrationHelp": "Veuillez consulter notre guide sur {0} int\u00e9grer {1} dans Emby{2}.",
    "LabelMinCollectionSize": "Taille minimale d'une collection automatique : ",
    "MinCollectionSizeHelp": "Cr\u00e9ez automatiquement des collections lorsque vous avez au moins le nombre de titres s\u00e9lectionn\u00e9s dans votre biblioth\u00e8que. La modification de cette valeur n'affectera pas les collections existantes.",
    "LabelImportCollections": "Importer les informations de la collection des fournisseurs de m\u00e9tadonn\u00e9es",
    "LabelImportCollectionsHelp": "Lorsqu'elle est activ\u00e9e, cette option importera les informations de collection \u00e0 partir de vos t\u00e9l\u00e9chargeurs de m\u00e9tadonn\u00e9es activ\u00e9s. Cela peut entra\u00eener la cr\u00e9ation automatique de collections ind\u00e9sirables. La d\u00e9sactivation emp\u00eachera la cr\u00e9ation automatique de futures collections, mais ne supprimera pas celles existantes",
    "LabelAllowAdultMetadata": "Autoriser les m\u00e9tadonn\u00e9es pour adultes",
    "LabelAllowAdultMetadataHelp": "Autoriser les titres pour adultes correspondants lors de la recherche de m\u00e9tadonn\u00e9es Internet.",
    "HeaderVideoPreviewThumbnails": "Miniatures d'aper\u00e7u vid\u00e9o",
    "LabelEnableHDRToneMapping": "Activer le mappage de ton HDR :",
    "EnableHDRToneMappingHelp": "Le mappage de tons garantira une conversion des couleurs correcte lors du transcodage du contenu HDR, qui autrement appara\u00eetra fortement att\u00e9nu\u00e9 et d\u00e9satur\u00e9. Des composants de pilote suppl\u00e9mentaires peuvent \u00eatre n\u00e9cessaires pour prendre en charge l'acc\u00e9l\u00e9ration mat\u00e9rielle avec cette fonctionnalit\u00e9 activ\u00e9e. Veuillez consulter notre guide de configuration de l'acc\u00e9l\u00e9ration mat\u00e9rielle pour plus de d\u00e9tails.",
    "WithHardwareAcceleratedTranscoding": "Oui, uniquement avec acc\u00e9l\u00e9ration mat\u00e9rielle",
    "TranscodingStillInitializing": "Les services de transcodage du serveur Emby sont toujours en train de d\u00e9marrer. Cet \u00e9cran s'actualisera automatiquement lorsque les services de transcodage seront pr\u00eats.",
    "WithSoftwareTranscoding": "Oui, avec transcodage logiciel forc\u00e9",
    "WithEitherHardwareOrSoftwareTranscoding": "Oui, avec transcodage mat\u00e9riel ou logiciel",
    "ToneMappingInHardwareDescription": "Le mappage de tons sera effectu\u00e9 avec une acc\u00e9l\u00e9ration mat\u00e9rielle lorsqu'il est activ\u00e9 et pris en charge par le mat\u00e9riel, et ignor\u00e9 dans tous les autres cas.",
    "ToneMappingInSoftwareDescription": "Le mappage de tons sera effectu\u00e9 dans le logiciel par le CPU. Ceci est beaucoup plus lent que le mappage de tonalit\u00e9 acc\u00e9l\u00e9r\u00e9 par le mat\u00e9riel et n\u00e9cessitera une machine serveur tr\u00e8s puissante.",
    "ToneMappingInBothDescription": "Le mappage de tons sera effectu\u00e9 avec une acc\u00e9l\u00e9ration mat\u00e9rielle lorsqu'il est activ\u00e9 et pris en charge par le mat\u00e9riel, et reviendra au logiciel dans tous les autres cas. Le mappage de tons dans le logiciel est beaucoup plus lent que le mappage de tons acc\u00e9l\u00e9r\u00e9 par le mat\u00e9riel et n\u00e9cessitera une machine serveur tr\u00e8s puissante.",
    "AutoMapped": "Assignation automatique",
    "ManuallyMapped": "Assignation manuelle",
    "NotMappedToGuideData": "N'est pas assign\u00e9 aux informations du guide",
    "MappedToValue": "Assign\u00e9 \u00e0 {0}",
    "LabelAutomaticallyWakeServerForRecordings": "R\u00e9veiller automatiquement le serveur pour enregistrer",
    "LabelAutomaticallyWakeServerForRecordingsHelp": "Les \u00e9v\u00e9nements de r\u00e9veil seront programm\u00e9s avec le syst\u00e8me d'exploitation du serveur. La d\u00e9sactivation de cette option emp\u00eachera les futurs \u00e9v\u00e9nements de r\u00e9veil d'\u00eatre programm\u00e9s mais ne supprimera pas les \u00e9v\u00e9nements pr\u00e9c\u00e9demment programm\u00e9s.",
    "Database": "Base de donn\u00e9es",
    "LabelOptimizeDatabaseOnShutdown": "Essayer d'optimiser la base de donn\u00e9es \u00e0 l'arr\u00eat du serveur",
    "LabelOptimizeDatabaseOnShutdownHelp": "L'op\u00e9ration d'optimisation de la base de donn\u00e9es est g\u00e9n\u00e9ralement une op\u00e9ration sans impact, mais elle ex\u00e9cutera occasionnellement une analyse s'il semble que cela sera utile au planificateur de requ\u00eates. Cela peut entra\u00eener un temps d'arr\u00eat plus long du serveur Emby.",
    "LabelDatabaseCacheSize": "Taille du cache de base de donn\u00e9es (MB)",
    "LabelDatabaseCacheSizeHelp": "D\u00e9finit la quantit\u00e9 de donn\u00e9es que la base de donn\u00e9es conservera en m\u00e9moire \u00e0 la fois, par fichier de base de donn\u00e9es. Une valeur plus \u00e9lev\u00e9e peut aider \u00e0 am\u00e9liorer les performances du serveur Emby. N\u00e9cessite un red\u00e9marrage du serveur pour prendre effet.",
    "LabelDatabaseAnalysisLimit": "Analyse limite du nombre de lignes",
    "LabelDatabaseAnalysisLimitHelp": "Lorsque la base de donn\u00e9es est optimis\u00e9e, il s'agit du nombre approximatif de lignes examin\u00e9es dans chaque index par la commande ANALYZE. Une valeur plus \u00e9lev\u00e9e augmentera l'efficacit\u00e9 de l'optimisation de la base de donn\u00e9es, mais peut entra\u00eener un temps d'arr\u00eat plus long du serveur Emby.",
    "LabelVacuumDb": "Nettoyer la base de donn\u00e9es au prochain red\u00e9marrage du serveur Emby",
    "LabelVacuumDbHelp": "La commande de nettoyage reconstruit le fichier de base de donn\u00e9es, en le reconditionnant dans un espace disque minimal. Dans certains cas, cela peut am\u00e9liorer les performances du serveur Emby. Veuillez noter que votre serveur Emby ne sera pas utilisable pendant la dur\u00e9e de l'op\u00e9ration de nettoyage, et qu'il n'y aura aucun moyen de surveiller la progression de cette op\u00e9ration. Veuillez \u00e9viter de forcer la fermeture du processus Emby pendant cette p\u00e9riode, car cela pourrait entra\u00eener une corruption de la base de donn\u00e9es. Il s'agit d'une op\u00e9ration unique et cette option redeviendra d\u00e9coch\u00e9e au prochain d\u00e9marrage du serveur.",
    "AdvancedOptionsWarning": "Ce sont des options avanc\u00e9es qui devraient normalement rester par d\u00e9faut, sauf si vous avez besoin de les changer.",
    "HeaderRecentlyActiveDevices": "Appareils r\u00e9cemment actifs",
    "YesUntilServerRestart": "Oui, jusqu'au prochain red\u00e9marrage du serveur",
    "YesUntilLogRotate": "Oui, jusqu'\u00e0 la prochaine rotation des fichiers de log",
    "LabelSubtitleDownloadMaxAge": "Ne pas tenter de t\u00e9l\u00e9charger les sous-titres pour les vid\u00e9os plus anciennes que :",
    "SubtitleDownloadMaxAgeHelp": "Bas\u00e9 sur la date ajout\u00e9e aux m\u00e9tadonn\u00e9es",
    "NoAgeLimit": "Pas de limite d'\u00e2ge",
    "AnonymizeLogContents": "Rendre le journal anonyme"
}