{
    "LabelFinish": "Zavr\u0161i",
    "LabelYoureDone": "Zavr\u0161eno!",
    "ThisWizardWillGuideYou": "Ovaj \u010darobnjak \u0107e vas voditi kroz proces pode\u0161avanja. Za po\u010detak odaberite jezik.",
    "HeaderCreateYourFirstUser": "Create Your First User",
    "ButtonQuickStartGuide": "Quick Start vodi\u010d",
    "MoreUsersCanBeAddedLater": "Novi korisnici mogu biti dodani naknadno preko kontrolne plo\u010de.",
    "UserProfilesIntro": "Emby ima ugra\u0111enu podr\u0161ku za korisni\u010dke profile \u0161to omogu\u0107uje svakom korisniku da ima svoje vlastite postavke prikaza, statusa pogledanog i roditeljski nadzor. ",
    "WizardCompleted": "To je sve \u0161to nam treba za sada. Emby je po\u010deo prikupljati podatke o va\u0161oj medijskoj knji\u017enici. Provjerite neke od na\u0161ih aplikacija, a zatim kliknite na <b>Zavr\u0161i<\/b> za prikaz <b>Serverske kontrolne plo\u010de<\/b>.",
    "HeaderTermsOfService": "Emby Uvjeti kori\u0161tenja",
    "MessagePleaseAcceptTermsOfService": "Molimo prihvatite uvjete kori\u0161tenja i pravila o privatnosti prije nego \u0161to nastavite.",
    "OptionIAcceptTermsOfService": "Prihva\u0107am uvjete kori\u0161tenja",
    "HeaderGuideDataSetup": "Guide Data Setup",
    "LabelGuideSource": "Guide source:",
    "SeeOurHwaGuide": "See our {0}hardware acceleration setup guide{1}.",
    "HeaderEmbyServerReleaseNotes": "Emby Server Release Notes",
    "AllowSubtitleDownloading": "Allow subtitle downloading",
    "AllowSubtitleManagement": "Allow deletion of existing subtitle files",
    "NewUserNameHelp": "This is how the user will appear on your server.",
    "ChapterMarkers": "Chapter markers",
    "LabelThumbnailImagesInterval": "Thumbnail images interval:",
    "ThumbnailImagesIntervalHelp": "More frequent thumbnails will result in a better experience, but will require  more disk space and time to create the images.",
    "LabelAuthProvider": "Authentication provider:",
    "AuthProviderHelp": "Administrators always use the default Emby provider to ensure you're never locked out.",
    "HeaderNewUser": "New User",
    "ChangeServerDisplayName": "Change Server Display Name",
    "GetServerInfo": "Get Server Info",
    "LabelPinCode": "PIN:",
    "ShowAdvancedSettings": "Show advanced settings",
    "ChangingMetadataImageSettingsNewContent": "Changes to metadata or artwork downloading settings will only apply to new content added to your library. To apply the changes to existing titles, you'll need to refresh their metadata manually.",
    "AllowRemoteAccess": "Allow remote connections to this Emby Server.",
    "AllowRemoteAccessHelp": "If unchecked, all remote connections will be blocked.",
    "Alerts": "Alerts",
    "LabelTrackTitleDisplay": "Embedded track title display:",
    "GenerateUserFriendlyTrackTitles": "Generate user friendly titles using track information",
    "PreferOriginalTrackTitles": "Prefer embedded titles",
    "TrackTitleDisplayHelp": "Choose the display title of embedded audio and subtitle tracks. Preferring embedded is not recommended unless you are manually curating embedded track information.",
    "EnableTranscodingThrottle": "Enable throttling",
    "EnableTranscodingThrottleHelp": "Emby will dynamically adjust transcoding speed based in order to reduce CPU utilization.",
    "HeaderTypeMetadataDownloaders": "{0} Metadata Downloaders",
    "HeaderTypeImageFetchers": "{0} Image Fetchers",
    "HeaderImageOptions": "Image Options",
    "OptionBeta": "Beta",
    "HeaderTaskTriggers": "Okida\u010di zadataka",
    "Paths": "Paths",
    "CategorySync": "Sink.",
    "RegisterWithPayPal": "Registracija sa PayPal-om",
    "LabelSyncTempPath": "Privremena putanja datoteka:",
    "LabelSyncTempPathHelp": "Odredite prilago\u0111eni sinkronizacijski radni direktorij. Pretvoren medij stvorene tijekom postupka sinkronizacije biti \u0107e pohranjen ovdje.",
    "LabelCustomCertificatePath": "Custom ssl certificate path:",
    "LabelCustomCertificatePathHelp": "Path to a PKCS #12 file containing a certificate and private key to enable TLS support on a custom domain.",
    "HeaderSetupLibrary": "Postavite va\u0161e medijske biblioteke",
    "LabelTimeLimitHours": "Rok (sati):",
    "HeaderPreferredMetadataLanguage": "\u017deljeni jezik meta-podataka",
    "LabelSaveLocalMetadata": "Snimi ilustracije i metadata u medijske mape",
    "LabelSaveLocalMetadataHelp": "Snimljene ilustracije i metadata u medijskim mapama \u0107e biti postavljene na lokaciju gdje \u0107e se mo\u0107i jednostavno mjenjati.",
    "TabPassword": "Lozinka",
    "TabLibraryAccess": "Pristup biblioteci",
    "TabAccess": "Pristup",
    "TabProfile": "Profil",
    "TabMetadata": "Meta-podaci",
    "HeaderDeviceAccess": "Pristup ure\u0111aja",
    "OptionEnableAccessFromAllDevices": "Omogu\u0107i pristup svim ure\u0111ajima",
    "OptionEnableAccessToAllChannels": "Omogu\u0107i pristup svim kanalima",
    "OptionEnableAccessToAllLibraries": "Omogu\u0107i pristup svim bibliotekama",
    "DeviceAccessHelp": "To se odnosi samo na ure\u0111aje koji se mogu jedinstveno identificirati i ne\u0107e sprije\u010diti pristup preglednika. Filtriranje pristupa korisni\u010dkim ure\u0111ajima sprije\u010diti \u0107e ih u kori\u0161tenju novih ure\u0111aja sve dok nisu ovdje odobreni.",
    "LabelDisplayMissingEpisodesWithinSeasons": "Prika\u017ei epizode koje nedostaju unutar sezone",
    "LabelDisplayMissingEpisodesWithinSeasonsHelp": "This must also be enabled for TV libraries in Emby Server setup.",
    "ImportMissingEpisodesHelp": "If enabled, information about missing episodes will be imported into your Emby database and displayed within seasons and series. This may cause significantly longer library scans.",
    "MessageEnablingOptionLongerScans": "Enabling this option may result in significantly longer library scans.",
    "TabSecurity": "Sigurnost",
    "ButtonSave": "Snimi",
    "LabelUrl": "Url:",
    "HeaderCreatePassword": "Kreiraj lozinku",
    "LabelMaxParentalRating": "Najve\u0107a dopu\u0161tena roditeljska ocjena:",
    "MaxParentalRatingHelp": "Sadr\u017eaj sa vi\u0161om ocjenom \u0107e biti skriven od ovog korisnika.",
    "LibraryAccessHelp": "Odaberite medijske mape za djeljenje sa ovim korisnikom. Administratori \u0107e mo\u0107i mjenjati sve mape preko Metadata menad\u017eera.",
    "ChannelAccessHelp": "Odaberite kanale za dijeljenje sa ovim korisnikom. Administratori \u0107e mo\u0107i mijenjati sve kanale koriste\u0107i metadata menad\u017eer.",
    "LabelSelectUsers": "Odaberite korisnika:",
    "ImageUploadAspectRatioHelp": "1:1 Omjer, preporu\u010damo. Samo JPG\/PNG.",
    "AlreadyPaidHelp1": "Ako ste ve\u0107 platili instalaciju starije verzije Media Browser-a za Android, ne morate ponovno platiti kako bi se aktivirali ove aplikacije. Kliknite U redu da nam po\u0161aljete e-mail na {0}, a mi \u0107emo ga aktivirati.",
    "AlreadyPaidHelp2": "Ima\u0161 Emby Premijeru? Otka\u017eite ovaj dijalog, postavite Emby Premijeru u svojoj nadzornoj plo\u010di Emby Server-a pod Pomo\u0107 -> Emby Premijera i biti \u0107e automatski otklju\u010dana.",
    "TabMyPlugins": "Moji dodaci",
    "TabCatalog": "Katalog",
    "HeaderAutomaticUpdates": "Automatske nadogradnje",
    "Standard": "Standard",
    "TabAdvanced": "Napredno",
    "TabGeneral": "Op\u0107e",
    "TitleSupport": "Podr\u0161ka",
    "TabAbout": "O ovome...",
    "TabSupporterKey": "Klju\u010d Emby Premijere",
    "TabBecomeSupporter": "Nabavite Emby Premijeru",
    "TabEmbyPremiere": "Emby Premijera",
    "OptionHideUserLocal": "Hide this user from login screens on the local network",
    "OptionHideUserRemote": "Hide this user from login screens when connected remotely",
    "OptionHideUserFromLoginHelp": "Korisno za privatne ili skrivene administratorske ra\u010dune. Korisnik \u0107e se morati prijaviti ru\u010dno unosom svojeg korisni\u010dkog imena i lozinke.",
    "HideFromUnusedDevices": "Hide this user from login screens on devices they've never signed into",
    "OptionDisableUser": "Onemogu\u0107i ovog korisnika",
    "OptionDisableUserHelp": "Ako je onemogu\u0107en server ne\u0107e dopustiti nikakve veze od ovog korisnika. Postoje\u0107e veze \u0107e odmah biti prekinute.",
    "ButtonHelp": "Pomo\u0107",
    "OptionAllowUserToManageServer": "Dopusti ovom korisniku da upravlja serverom",
    "HeaderFeatureAccess": "Pristup opcijama",
    "OptionAllowMediaPlayback": "Dopusti reprodukciju medija",
    "OptionAllowBrowsingLiveTv": "Dopusti pristup TV u\u017eivo",
    "AllLibraries": "All libraries",
    "HeaderAllowMediaDeletionFrom": "Allow Media Deletion From",
    "AllowDeletionFromAll": "Allow media deletion from all libraries",
    "OptionAllowManageLiveTv": "Dopusti upravljanje snimanja TV u\u017eivo",
    "OptionAllowRemoteControlOthers": "Dopusti daljinsko upravljanje drugih korisnika",
    "OptionAllowRemoteSharedDevices": "Dopusti daljinsko upravljanje dijeljenih ure\u0111aja",
    "OptionAllowRemoteSharedDevicesHelp": "DLNA ure\u0111aji smatraju se dijeljeni sve dok ih korisnik ne zapo\u010dne kontrolirati.",
    "OptionAllowLinkSharing": "Dopusti dijeljenja na dru\u0161tvenim mre\u017eama",
    "OptionAllowLinkSharingHelp": "Samo web stranice koje sadr\u017ee informacije medija su podijeljene. Medijske datoteke nikada nisu podijeljene javno. Dijeljenja su vremenski ograni\u010dena i iste\u0107i \u0107e nakon {0} dana.",
    "OptionMissingTmdbId": "Nedostaje Tmdb Id",
    "OptionIsHD": "HD",
    "OptionIsSD": "SD",
    "ButtonSelect": "Odaberi",
    "HeaderCredits": "Zasluge",
    "PleaseSupportOtherProduces": "Molimo podr\u017eite i druge proizvode koje koristimo:",
    "VersionNumber": "Verzija {0}",
    "TabPaths": "Putanja",
    "Cache": "Cache",
    "TabServer": "Server",
    "OptionRelease": "Slu\u017ebeno izdanje",
    "LabelAllowServerAutoRestart": "Dopusti serveru da se automatski resetira kako bi proveo nadogradnje",
    "LabelAllowServerAutoRestartHelp": "Server \u0107e se resetirati dok je u statusu mirovanja, odnosno kada nema aktivnih korisnika.",
    "LabelRunServerAtStartup": "Pokreni server pri pokretanju ra\u010dunala",
    "LabelRunServerAtStartupHelp": "This will start the Emby tray icon on Windows startup. If you've set up a Windows service then leave this unchecked and configure the service to run at startup.",
    "ButtonSelectDirectory": "Odaberi mapu",
    "LabelCachePath": "Putanja predmemorije:",
    "DefaultMetadataLangaugeDescription": "These are your defaults and can be customized on a per-library basis.",
    "LabelCachePathHelp": "Odredite prilago\u0111enu lokaciju za predmemorijske datoteke servera, kao \u0161to su slike. Ostavite prazno za kori\u0161tenje zadanog poslu\u017eitelja.",
    "LabelRecordingPath": "Zadana putanja za snimanje:",
    "LabelMovieRecordingPath": "Putanja za snimanje filmova (neobavezno):",
    "LabelSeriesRecordingPath": "Putanja za snimanje serija (neobavezno):",
    "LabelRecordingPathHelp": "Odredite zadano mjesto za spremanje snimaka. Ako se ostavi prazno, koristit \u0107e se mapa poslu\u017eitelja programskih podaka.",
    "LabelMetadataPath": "Put meta-podataka:",
    "LabelMetadataPathHelp": "Odredite prilago\u0111enu lokaciju za preuzete ilustracije i meta-podatke.",
    "LabelTranscodingTempPath": "Privremena putanja konvertiranja:",
    "LabelTranscodingTempPathHelp": "Ova mapa sadr\u017ei radne datoteke koje koristi konverter. Navedite prilago\u0111enu putanju ili ostavite prazno za kori\u0161tenje zadanog unutar mape podataka poslu\u017eitelja.",
    "TabBasics": "Osnove",
    "TabTV": "TV",
    "TabGames": "Igre",
    "TabMusic": "Glazba",
    "TabOthers": "Ostalo",
    "OptionMovies": "Filmovi",
    "OptionEpisodes": "Epizode",
    "OptionOtherVideos": "Ostali video",
    "GenerateVideoPreviewThumbnailsHelp": "Video preview thumbnails provide live updates while seeking in supported apps. Thumbnail generation may take a long time, cause high CPU usage, and consume additional disk space.",
    "AsAScheduledTask": "as a scheduled task",
    "AsAScheduledTaskAndMediaAdded": "as a scheduled task and when media is added",
    "TabGuide": "Vodi\u010d",
    "TabChannels": "Kanali",
    "TabCollections": "Kolekcije",
    "HeaderChannels": "Kanali",
    "TabRecordings": "Snimke",
    "TabSeries": "Serije",
    "TabFavorites": "Omiljeni",
    "TabMyLibrary": "Moja biblioteka",
    "TabSettings": "Postavke",
    "ButtonRefreshGuideData": "Osvje\u017ei TV vodi\u010d",
    "ButtonRefresh": "Osvije\u017ei",
    "OptionPriority": "Prioritet",
    "OptionRecordOnAllChannels": "Snimanje na svim kanalima",
    "OptionRecordAnytime": "Snimanje bilo kada",
    "OptionRecordOnlyNewEpisodes": "Snimi samo nove epizode",
    "HeaderDays": "Dani",
    "ButtonEdit": "Izmjeni",
    "ButtonRecord": "Snimi",
    "ButtonDelete": "Izbri\u0161i",
    "ButtonRemove": "Ukloni",
    "OptionRecordSeries": "Snimi serije",
    "HeaderDetails": "Detalji",
    "TitleLiveTV": "TV",
    "LabelNumberOfGuideDays": "Broj dana TV vodi\u010da za preuzet:",
    "LabelNumberOfGuideDaysHelp": "Preuzimanje vi\u0161e dana TV vodi\u010da, omogu\u0107iti \u0107e vam zakazivanje snimanja dalje u budu\u0107nost , ali \u0107e i preuzimanje du\u017ee trajati. Automaski - odabir \u0107e se prilagoditi broju kanala.",
    "OptionAutomatic": "Automatski",
    "HeaderServices": "Servisi",
    "LabelCustomizeOptionsPerMediaType": "Prilagodba za vrstu medija:",
    "OptionDownloadThumbImage": "Sli\u010dica",
    "OptionDownloadMenuImage": "Meni",
    "OptionDownloadLogoImage": "Logo",
    "OptionDownloadBoxImage": "Kutija",
    "OptionDownloadDiscImage": "Disk",
    "OptionDownloadBannerImage": "Zaglavlje",
    "OptionDownloadBackImage": "Druga str.",
    "OptionDownloadArtImage": "Grafike",
    "OptionDownloadPrimaryImage": "Primarno",
    "HeaderFetchImages": "Dohvati slike:",
    "TabOther": "Ostalo",
    "LabelMaxBackdropsPerItem": "Maksimalni broj pozadina po stavci:",
    "LabelMaxScreenshotsPerItem": "Maksimalni broj isje\u010daka po stavci:",
    "LabelMinBackdropDownloadWidth": "Minimalna \u0161irina pozadine za preuzimanje:",
    "LabelMinScreenshotDownloadWidth": "Minimalna \u0161irina isje\u010dka za preuzimanje:",
    "ButtonAddScheduledTaskTrigger": "Dodaj okida\u010d",
    "HeaderAddScheduledTaskTrigger": "Dodaj okida\u010d",
    "ButtonAdd": "Dodaj",
    "LabelTriggerType": "Tip pokreta\u010da:",
    "OptionDaily": "Dnevno",
    "OptionWeekly": "Tjedno",
    "OptionOnInterval": "U intervalu",
    "OptionOnAppStartup": "Kada se aplikacija pokrene",
    "OptionAfterSystemEvent": "Nakon doga\u0111aja u sistemu",
    "LabelDay": "Dan:",
    "LabelTime": "Vrijeme:",
    "LabelEvent": "Doga\u0111aj:",
    "OptionWakeFromSleep": "Pokreni iz stanja mirovanja",
    "LabelEveryXMinutes": "Svaki:",
    "HeaderTvTuners": "TV ure\u0111aji",
    "TabFolders": "Mapa",
    "LabelSpecialSeasonsDisplayName": "Special season display name:",
    "LabelEnableRealtimeMonitor": "Omogu\u0107i nadgledanje u realnom vremenu",
    "LabelEnableRealtimeMonitorHelp": "Promjene \u0107e biti procesuirane odmah, nad podr\u017eanim datotekama sistema.",
    "HeaderMediaFolders": "Medijska mapa",
    "HeaderThemeVideos": "Tema Videa",
    "HeaderThemeSongs": "Pjesme tema",
    "HeaderSpecialFeatures": "Specijalne zna\u010dajke",
    "ButtonSplitVersionsApart": "Razdvoji verzije",
    "ButtonPlayTrailer": "Kratki video",
    "LabelMissing": "Nedostaje",
    "OptionSpecialEpisode": "Specijal",
    "OptionMissingEpisode": "Epizode koje nedostaju",
    "OptionUnairedEpisode": "Ne emitirane epizode",
    "OptionEpisodeSortName": "Slo\u017ei epizode po",
    "OptionTvdbRating": "Ocjeni Tvdb",
    "HeaderAddTitles": "Dodaj naslove",
    "TabHome": "Po\u010detna",
    "HeaderLinks": "Poveznice",
    "Community": "Community",
    "HeaderEmbyNews": "Emby News",
    "LabelFriendlyServerName": "Prijateljsko ime servera:",
    "LabelFriendlyServerNameHelp": "Ovo ime \u0107e se koristiti za identifikaciju servera. Ako ostavite prazno, ime ra\u010dunala \u0107e se koristi kao identifikator.",
    "LabelPreferredDisplayLanguage": "\u017deljeni jezik za prikaz:",
    "LabelPreferredDisplayLanguageHelp": "Preva\u0111anje Emby-a je projekt u tijeku.",
    "LabelReadHowYouCanContribute": "Nau\u010dite kako mo\u017eete pridonijeti.",
    "ButtonSubmit": "Podnesi",
    "ButtonCreate": "Kreiraj",
    "LabelCustomCss": "Prilago\u0111en css:",
    "LabelCustomCssHelp": "Primijenite svoj vlastiti prilago\u0111eni css na web su\u010delje.",
    "LabelLocalHttpServerPortNumber": "Lokalni broj http porta:",
    "LabelLocalHttpServerPortNumberHelp": "Broj TCP porta na koji se treba vezati Emby-jev HTTP poslu\u017eitelj.",
    "LabelPublicHttpPort": "Javni broj http porta:",
    "LabelPublicHttpPortHelp": "Broj javnog broja porta koji treba biti mapiran na lokalni http port.",
    "LabelPublicHttpsPort": "Javni broj https porta:",
    "LabelPublicHttpsPortHelp": "Broj javnog broja porta koji treba biti mapiran na lokalni https port.",
    "RequireHttps": "Require https for external connections",
    "RequireHttpsHelp": "If enabled, connections over http will be redirected to https.",
    "LabelHttpsPort": "Lokalni broj https porta:",
    "LabelHttpsPortHelp": "Broj TCP porta na koji se Emby https server treba vezati.",
    "LabelEnableAutomaticPortMap": "Omogu\u0107i automatsko mapiranje porta",
    "LabelEnableAutomaticPortMapHelp": "Poku\u0161aj automatski mapirati javni port za lokalni port preko UPnP. Mo\u017eda ne\u0107e raditi s nekim modelima router-a.",
    "LabelExternalDDNS": "Vanjska domena:",
    "LabelExternalDDNSHelp": "If you have a dynamic DNS or domain name, enter it here, without protocol or port. Emby apps will use it when connecting remotely. This field is required when used with a custom ssl certificate. Example: mydomain.com.",
    "LabelMinResumePercentage": "Minimalni postotak za nastavak:",
    "LabelMaxResumePercentage": "Maksimalni postotak za nastavak:",
    "LabelMinResumeDuration": "Minimalno trajanje za nastavak (sekunda):",
    "LabelMinResumePercentageHelp": "Naslovi \u0107e biti ozna\u010deni kao ne reproducirani ako se zaustave prije ovog vremena",
    "LabelMaxResumePercentageHelp": "Naslovi \u0107e biti ozna\u010deni kao pogledani ako budu zaustavljeni nakon ovog vremena",
    "LabelMinResumeDurationHelp": "Naslovi kra\u0107i od ovog ne\u0107e imati mogu\u0107nost nastavka",
    "HeaderName": "Ime",
    "HeaderDate": "Datum",
    "HeaderSource": "Izvor",
    "HeaderStatus": "Status",
    "HeaderDestination": "Cilj",
    "Subscriptions": "Subscriptions",
    "HeaderProgram": "Program",
    "HeaderClients": "Kljenti",
    "LabelCompleted": "Zavr\u0161eno",
    "LabelFailed": "Neuspje\u0161no",
    "LabelSkipped": "Presko\u010deno",
    "LabelSeries": "Serije:",
    "LabelEndingEpisodeNumber": "Broj kraja epizode:",
    "LabelEndingEpisodeNumberHelp": "Potrebno samo za datoteke sa vi\u0161e epizoda",
    "HeaderSupportTheTeam": "Podr\u017eite Emby tim",
    "HeaderSupportTheTeamHelp": "Osigurajte kontinuirani razvoj ovog projekta kupnjom Emby premijere. Dio svih prihoda bit \u0107e dan drugim besplatnim alatima na koje se oslanjamo.",
    "DonationNextStep": "Nakon zavr\u0161etka, vratite se i unesite klju\u010d Emby Premijere, koji \u0107ete dobiti putem e-maila.",
    "LabelSeasonFolderPattern": "Obrazac naziva mape - sezone:",
    "LabelSeasonZeroFolderName": "Obrazac naziva mape - Nulte sezone:",
    "HeaderResult": "Rezultat",
    "LabelTransferMethod": "Na\u010din prijenosa",
    "HeaderLatestNews": "Zadnje vijesti",
    "HeaderRunningTasks": "Zadatci koji se izvode",
    "HeaderActiveDevices": "Aktivni ure\u0111aji",
    "HeaderPendingInstallations": "Instalacije u toku",
    "ButtonRestartNow": "Ponovo pokreni sad",
    "ButtonShutdown": "Ugasi",
    "ButtonUpdateNow": "A\u017euriraj sad",
    "TabHosting": "Poslu\u017eivanje",
    "PleaseUpdateManually": "Please shutdown Emby Server and install the latest version.",
    "NewServerVersionAvailable": "Nova verzija Emby servera je dostupna!",
    "ServerUpToDate": "Emby server je a\u017euran",
    "LabelComponentsUpdated": "Sljede\u0107e komponente su instalirane ili a\u017eurirane.",
    "MessagePleaseRestartServerToFinishUpdating": "Molimo ponovo pokrenite server kako bi se zavr\u0161ila a\u017euriranja.",
    "LabelDownMixAudioScale": "Poja\u010daj zvuk kada radi\u0161 downmix:",
    "LabelDownMixAudioScaleHelp": "Poja\u010daj zvuk kada radi\u0161 downmix. Postavi na 1 ako \u017eeli\u0161 zadr\u017eati orginalnu ja\u010dinu zvuka.",
    "LabelCurrentEmailAddress": "Trenutna e-mail adresa",
    "LabelCurrentEmailAddressHelp": "Trenutna e-mail adresa na koju je poslan novi klju\u010d.",
    "HeaderForgotKey": "Zaboravili ste klju\u010d",
    "LabelSupporterEmailAddress": "E-mail adresa koja je kori\u0161tena za nabavku klju\u010da",
    "ButtonRetrieveKey": "Dohvati klju\u010d",
    "LabelSupporterKey": "Emby Premijera klju\u010d (zalijepi iz e-mail):",
    "LabelSupporterKeyHelp": "Unesite svoj klju\u010d Emby Premijere da po\u010dnete u\u017eivati u dodatnim pogodnostima koje je zajednica razvijala za Emby.",
    "MessageInvalidKey": "Klju\u010d Emby Premijere nedostaje ili je pogre\u0161an.",
    "ErrorMessageInvalidKey": "Kako bi premium sadr\u017eaj bio registriran, morate imati aktivnu pretplatu Emby Premijere.",
    "HeaderRequireManualLogin": "Zahtjevaj ru\u010dni unos korisni\u010dkog imena za:",
    "HeaderRequireManualLoginHelp": "Kada je onemogu\u0107eno,  Emby aplikacije mogu otvoriti prozor za prijavu sa vizualnim odabirom korisnika.",
    "OptionOtherApps": "Druge aplikacije",
    "OptionMobileApps": "Mobilne aplikacije",
    "LabelNotificationEnabled": "Omogu\u0107i ovu obavijest",
    "LabelMonitorUsers": "Obrazac nadzora aktivnosti:",
    "LabelSendNotificationToUsers": "Po\u0161aljite obavijesti na:",
    "LabelUseNotificationServices": "Koristite sljede\u0107e servise:",
    "CategoryUser": "Korisnik",
    "CategorySystem": "Sistem",
    "CategoryApplication": "Aplikacija",
    "CategoryPlugin": "Dodatak",
    "LabelAvailableTokens": "Dostupne varijable:",
    "AdditionalNotificationServices": "Pretra\u017eite katalog dodataka kako bi instalirali dodatne servise za obavijesti.",
    "OptionAllUsers": "Svi korisnici",
    "OptionAdminUsers": "Administratori",
    "OptionCustomUsers": "Prilago\u0111eno",
    "ButtonArrowUp": "Gore",
    "ButtonArrowDown": "Dolje",
    "ButtonArrowLeft": "Ljevo",
    "ButtonArrowRight": "Desno",
    "ButtonBack": "Nazad",
    "ButtonInfo": "Info",
    "ButtonHome": "Po\u010detna",
    "ButtonSearch": "Tra\u017ei",
    "ButtonSettings": "Postavke",
    "Audio": "Audio",
    "PlayOnAnotherDevice": "Play on another device",
    "TabControls": "Kontrole",
    "ButtonSubtitles": "Titlovi",
    "ButtonPreviousTrack": "Prethodna pjesma",
    "ButtonNextTrack": "Sljede\u0107a pjesma",
    "ButtonStop": "Stop",
    "ButtonPause": "Pauza",
    "ButtonNext": "Sljede\u0107i",
    "ButtonPrevious": "Prethodni",
    "LabelMaxBitrate": "Najve\u0107a brzina prijenosa:",
    "LabelMaxBitrateHelp": "Odredite maksimalnu brzinu prijenosa u okru\u017eenju ograni\u010dene propusnosti ili ako ure\u0111aj name\u0107e svoju granicu.",
    "LabelMusicStaticBitrate": "Brzina prijenosa sinkronizacije glazbe:",
    "LabelMusicStaticBitrateHelp": "Odredite maksimalnu brzinu prijenosa prilikom sinkronizacije glazbe",
    "LabelDeviceDescription": "Opis ure\u0111aja",
    "HeaderDownloadSubtitlesFor": "Preuzmi titlove prijevoda za:",
    "LabelSkipIfGraphicalSubsPresent": "Presko\u010di ako video ve\u0107 sadr\u017ei ugra\u0111ene titlove prijevoda",
    "LabelSkipIfGraphicalSubsPresentHelp": "Zadr\u017eavanjem tekstualne verzije titlova prijevoda rezultirati \u0107e u\u010dinkovitijoj isporuci i smanjiti vjerojatnost video konvertiranja.",
    "TabSubtitles": "Titlovi",
    "HeaderDownloadLanguages": "Download Languages",
    "LabelSkipIfAudioTrackPresent": "Presko\u010di ako zadani audio zapis odgovara jeziku preuzimanja",
    "LabelSkipIfAudioTrackPresentHelp": "Poni\u0161tite ovo da bi osigurali da svi videi imaju titlove, bez obzira na audio jezik.",
    "SendMessage": "Send message",
    "HeaderSendMessage": "Po\u0161alji poruku",
    "ButtonSend": "Po\u0161alji",
    "ViewPlaybackInfo": "View playback info",
    "LabelMessageText": "Tekst poruke:",
    "LabelMessageTitle": "Naslov poruke:",
    "MessageNoAvailablePlugins": "Nema odgovaraju\u0107ih dodataka.",
    "LabelDisplayPluginsFor": "Prika\u017ei dodatak za:",
    "PluginTabAppClassic": "Emby for Windows Media Center",
    "HeaderTypeText": "Unesite tekst",
    "LabelTypeText": "Tekst",
    "TabDisplay": "Prikaz",
    "TabLanguages": "Jezici",
    "OptionAuto": "Automatski",
    "OptionYes": "Da",
    "OptionNo": "Ne",
    "OptionResumablemedia": "Nastavi",
    "OptionLatestMedia": "Najnoviji mediji",
    "OptionNone": "Ni\u0161ta",
    "HeaderLiveTv": "TV u\u017eivo",
    "HeaderSettings": "Postavke",
    "OptionDefaultSort": "Zadano",
    "ButtonEditOtherUserPreferences": "Uredite ovaj korisni\u010dki profil, slike i osobne postavke.",
    "ViewTypeMovies": "Movies",
    "ViewTypeTvShows": "TV",
    "ViewTypeGames": "Games",
    "ViewTypeMusic": "Music",
    "ViewTypeMusicSongs": "Pjesme",
    "ViewTypeMusicFavorites": "Omiljeni",
    "ViewTypeMusicFavoriteAlbums": "Omiljeni albumi",
    "ViewTypeMusicFavoriteArtists": "Omiljeni izvo\u0111a\u010di",
    "ViewTypeMusicFavoriteSongs": "Omiljene pjesme",
    "OptionLibraryFolders": "Mape medija",
    "TitleRemoteControl": "Daljinsko upravljanje",
    "TabBranding": "Brendiranje",
    "HeaderBrandingHelp": "Prilagodite izgled Emby da odgovara potrebama va\u0161e grupe ili organizacije.",
    "LabelLoginDisclaimer": "Prijava odricanja:",
    "LabelLoginDisclaimerHelp": "Prikazano \u0107e biti na dnu stranice za prijavu.",
    "TabDashboard": "Nadzorna plo\u010da",
    "TitleServer": "Server",
    "LabelCache": "Predmemorija:",
    "LabelLogs": "Dnevnici:",
    "LabelMetadata": "Meta-podaci:",
    "HeaderTranscodingTemporaryFiles": "Transcoding Temporary Files",
    "HeaderBranding": "Brendiranje",
    "HeaderApiKeys": "API klju\u010devi",
    "HeaderApiKeysHelp": "Vanjske aplikacije moraju imati API klju\u010d kako bi komunicirale s Emby Serverom. Klju\u010devi se izdaju prijavom s Emby ra\u010dunom ili ru\u010dnim odobravanjem zahtjeva klju\u010da.",
    "HeaderApiKey": "API klju\u010d",
    "HeaderApp": "Aplikacija",
    "HeaderDevice": "Ure\u0111aj",
    "HeaderUser": "Korisnik",
    "HeaderDateIssued": "Datum izdavanja",
    "TabView": "Pogled",
    "TabFilter": "Filter",
    "ButtonView": "Pogled",
    "LabelView": "Pogled:",
    "TabUsers": "Korisnici",
    "HeaderFeatures": "Mogu\u0107nosti",
    "HeaderAdvanced": "Napredno",
    "HeaderScheduledTasks": "Scheduled Tasks",
    "HeaderResumeSettings": "Postavke nastavka",
    "TitleUsers": "Korisnici",
    "ButtonClose": "Zatvori",
    "LabelAllLanguages": "Svi jezici",
    "OptionAll": "Sve",
    "LabelImage": "Slika:",
    "HeaderImages": "Slike",
    "HeaderBackdrops": "Pozadine",
    "LabelJpgPngOnly": "Samo JPG\/PNG",
    "OptionSeason0": "Sezona 0",
    "HeaderFetcherSettings": "Fetcher Settings",
    "HeaderActivity": "Aktivnosti",
    "PluginInstalledWithName": "{0} je instalirano",
    "PluginUpdatedWithName": "{0} je a\u017eurirano",
    "PluginUninstalledWithName": "{0} je deinstalirano",
    "LabelIpAddressValue": "Ip adresa: {0}",
    "HeaderEmbyServer": "Emby Server",
    "MessageServerConfigurationUpdated": "Postavke servera su a\u017eurirane",
    "MessageNamedServerConfigurationUpdatedWithValue": "Odjeljak postavka servera {0} je a\u017euriran",
    "MessageApplicationUpdated": "Emby Server je a\u017euriran",
    "ProviderValue": "Provider: {0}",
    "HeaderRecentActivity": "Nedavne aktivnosti",
    "HeaderPeople": "People",
    "OptionComposers": "Skladatelji",
    "OptionOthers": "Ostali",
    "ViewTypeFolders": "Folders",
    "OptionDisplayFolderView": "Prikaz pogleda mape za prikaz obi\u010dne medijske mape",
    "OptionDisplayFolderViewHelp": "Ako je omogu\u0107eno, Emby aplikacija \u0107e prikazati kategoriju mape uz va\u0161u medijsku biblioteku. To je korisno ako \u017eelite imati obi\u010dan pogled mapa.",
    "ViewTypeLiveTvRecordingGroups": "Recordings",
    "ViewTypeLiveTvChannels": "Channels",
    "HeaderPassword": "Lozinka",
    "HeaderViewOrder": "Poredak pogleda",
    "HeaderPersonInfo": "Informacije osobe",
    "HeaderConfirmDeletion": "Potvrdite brisanje",
    "LabelAlbumArtist": "Izvo\u0111a\u010d albuma:",
    "LabelAirDate": "Dani emitiranja:",
    "LabelAirTime:": "Vrijeme emitiranja:",
    "LabelDisplaySpecialsWithinSeasons": "Prikaz specijalnih dodataka unutar sezona u kojima su emitirani",
    "ButtonPurchase": "Kupiti",
    "HeaderPhotoInfo": "Info slike",
    "HeaderInstall": "Instaliraj",
    "LabelSelectVersionToInstall": "Odaberi verziju za instalaciju:",
    "LinkLearnMoreAboutSubscription": "Nau\u010dite o Emby Premijeri",
    "MessagePluginRequiresSubscription": "Ovaj dodatak zahtijeva aktivnu pretplatu Emby Premijere nakon 14 dana probnog razdoblja.",
    "MessagePremiumPluginRequiresMembership": "Ovaj dodatak zahtijeva aktivnu pretplatu Emby Premijere za kupnju nakon 14 dana probnog razdoblja.",
    "HeaderDeveloperInfo": "Razvojne informacije",
    "HeaderRevisionHistory": "Povijest revizije",
    "ButtonViewWebsite": "Posjeti web stranice",
    "OptionSaveMetadataAsHidden": "Spremite meta-podatke i slike kao skrivene datoteke",
    "LabelConnectGuestUserName": "Njihovo Emby korisni\u010dko ime ili e-mail adresa:",
    "LabelConnectUserName": "Emby korisni\u010dko ime ili e-mail adresa:",
    "LabelConnectUserNameHelp": "Spojite ovog lokalnog korisnika sa online Emby ra\u010dunom kako bi se omogu\u0107ila jednostavna prijava pristupa s bilo koje Emby aplikacije bez poznavanja IP adrese poslu\u017eitelja.",
    "ButtonLearnMoreAboutEmbyConnect": "Nau\u010dite vi\u0161e o \"Emby Connect\"",
    "LabelDateAddedBehavior": "Pona\u0161anje datuma dodanog za novi sadr\u017eaj:",
    "OptionDateAddedImportTime": "Koristi skenirano datumom u biblioteku",
    "OptionDateAddedFileTime": "Koristi datum stvaranja datoteke",
    "LabelDateAddedBehaviorHelp": "Ako je prisutna vrijednost meta-podataka uvijek \u0107e se koristiti prije bilo kojih od ovih opcija.",
    "TitleDevices": "Ure\u0111aji",
    "TabCameraUpload": "Prenesene slike kamere",
    "TabDevices": "Ure\u0111aji",
    "HeaderLibrarySettings": "Library Settings",
    "HeaderThumbnailImages": "Thumbnail Images",
    "HeaderSubtitleDownloads": "Subtitle Downloads",
    "HeaderCameraUploadHelp": "Emby apps can automatically upload photos taken from your mobile devices into Emby Server.",
    "LabelCameraUploadPath": "Putanja slika kamere za preuzimanje:",
    "LabelCameraUploadPathHelp": "Select a custom upload path. This will override any default settings set in the Camera Upload section. If left blank, a default folder will be used. If using a custom path it will also need to be added as a library in Emby library setup.",
    "DefaultCameraUploadPathHelp": "Select a custom upload path. If left blank, a default folder will be used. If using a custom path it will also need to be added as a library in Emby library setup.",
    "LabelCreateCameraUploadSubfolder": "Izradi podmape za svaki ure\u0111aj",
    "LabelCreateCameraUploadSubfolderHelp": "Posebne mape mogu biti dodijeljene na ure\u0111aj tako da kliknete na njega sa stranice ure\u0111aji.",
    "LabelCustomDeviceDisplayName": "Prikaz naziva:",
    "LabelCustomDeviceDisplayNameHelp": "Navedite naziv prilago\u0111enog prikaza ili ostaviti prazno za kori\u0161tenje naziva koji je izvijestio ure\u0111aj.",
    "HeaderInviteUser": "Pozovi korisnika",
    "LabelConnectGuestUserNameHelp": "Korisni\u010dko ime koje va\u0161 prijatelj upotrebljava da se prijavi na Emby web stranicu ili njihove e-mail adrese.",
    "HeaderInviteUserHelp": "Dijeljenje medija sa prijateljima je lak\u0161e nego ikad prije sa \"Emby Connect\".",
    "ButtonSendInvitation": "Po\u0161alji poziv",
    "HeaderGuests": "Gosti",
    "HeaderPendingInvitations": "Nerije\u0161eni pozivi",
    "TabParentalControl": "Roditeljska kontrola",
    "HeaderAccessSchedule": "Raspored pristupa",
    "HeaderAccessScheduleHelp": "Napravite raspored pristupa da bi ograni\u010dili pristup odre\u0111enim satima.",
    "LabelAccessDay": "Dan u tjednu:",
    "LabelAccessStart": "Po\u010detak:",
    "LabelAccessEnd": "Zavr\u0161etak:",
    "HeaderSchedule": "Raspored",
    "OptionEveryday": "Svaki dan",
    "OptionWeekdays": "Radni dani",
    "OptionWeekends": "Vikendi",
    "HeaderOptionalLinkEmbyAccount": "Opcija: Pove\u017eite svoj Emby ra\u010dun",
    "ButtonTrailer": "Kratki video",
    "MessageNoTrailersFound": "Nisu prona\u0111eni kratki videi. Postavite kanal kratkih filmova kako biste pobolj\u0161ali svoj filmski do\u017eivljaj dodavanjem kratkih filmova sa internet biblioteke.",
    "HeaderNewUsers": "Novi korisnici",
    "TitleNewUser": "Novi korisnik",
    "ButtonConfigurePassword": "Podesi lozinku",
    "HeaderDashboardUserPassword": "Korisni\u010dke lozinke upravljaju se u okviru osobnih postavki profila pojedinih korisnika.",
    "HeaderLibraryAccess": "Pristup biblioteci",
    "HeaderChannelAccess": "Pristup kanalima",
    "HeaderLatestItems": "Najnovije stavke",
    "LabelForgotPasswordUsernameHelp": "Unesite korisni\u010dko ime, ako se sje\u0107ate.",
    "TitlePasswordReset": "Poni\u0161tenje lozinke",
    "HeaderParentalRatings": "Parental Ratings",
    "HeaderVideoTypes": "Tip videa",
    "HeaderYears": "Godine",
    "HeaderBlockItemsWithNoRating": "Block items with no or unrecognized rating information:",
    "LabelBlockContentWithTags": "Restrict Items With Tags",
    "LabelTagRestrictionMode": "Tag restriction mode:",
    "BlockItemsWithTheseTags": "Block items with these tags",
    "AllowItemsWithTheseTags": "Allow only items with these tags",
    "TabActivity": "Aktivnost",
    "OptionAllowSyncContent": "Dozvoli sink.",
    "OptionAllowContentDownloading": "Dopusti preuzimanje medija",
    "LabelNewUserNameHelp": "Korisni\u010dka imena mogu sadr\u017eavati slova (a-z), brojeve (0-9), crtice (-), donje crtice (_), apostrofe (') i to\u010dke (.)",
    "HeaderThisUserIsCurrentlyDisabled": "Ovaj je korisnik trenutno onemogu\u0107en",
    "OptionEnableTranscodingThrottle": "Omogu\u0107i proporcionalnost",
    "OptionEnableTranscodingThrottleHelp": "Proporcionalnost \u0107e automatski podesiti brzinu konvertiranja kako bi se umanjilo kori\u0161tenje serverskog CPU-a tijekom reprodukcije.",
    "LabelUploadSpeedLimit": "Ograni\u010denje brzine prijenosa (Mbps):",
    "OptionAllowSyncTranscoding": "Allow media downloading that requires transcoding",
    "AllowMediaConversion": "Allow media conversion",
    "AllowMediaConversionHelp": "Grant or deny access to the convert media feature.",
    "HeaderPlayback": "Reprodukcija medija",
    "OptionAllowAudioPlaybackTranscoding": "Dopusti audio reprodukciju koja zahtijeva konvertiranje",
    "OptionAllowVideoPlaybackTranscoding": "Dopusti video reprodukciju koja zahtijeva konvertiranje",
    "OptionAllowVideoPlaybackRemuxing": "Dopusti video reprodukciju koja zahtijeva konvertiranje bez ponovnog kodiranja",
    "OptionAllowMediaPlaybackTranscodingHelp": "Restricting access to transcoding will disable quality selection and may cause playback failures in Emby apps due to unsupported media formats or insufficient network bandwidth.",
    "TabStreaming": "Strujanje",
    "LabelRemoteClientBitrateLimit": "Granica brzine strujanja prijenosa preko Interneta (Mbps):",
    "LabelRemoteClientBitrateLimitHelp": "An optional per-stream bitrate limit for all out of network devices. This is useful to prevent devices from requesting a higher bitrate than your internet connection can handle. This may result in increased CPU load on your server in order to transcode videos on the fly to a lower bitrate.",
    "LabelUserRemoteClientBitrateLimitHelp": "This will override the default global value set in advanced server settings.",
    "LabelConversionCpuCoreLimit": "Ograni\u010denje CPU jezgra:",
    "LabelConversionCpuCoreLimitHelp": "Ograni\u010dite broj procesorskih jezgra koje \u0107e se koristiti tijekom sinkronizacije pretvorbe.",
    "OptionEnableFullSpeedConversion": "Omogu\u0107i potpunu pretvorbu brzine",
    "OptionEnableFullSpeedConversionHelp": "Prema zadanim postavkama, sinkronizacija pretvorbe se obavlja pri niskim brzinama kako bi se smanjila potro\u0161nja resursa.",
    "TabPhotos": "Fotografije",
    "HeaderWelcomeToEmby": "Dobrodo\u0161li u Emby",
    "EmbyIntroMessage": "Uz Emby mo\u017eete jednostavno gledati video, glazbu i fotografije na pametnim telefonima, tabletima i drugim ure\u0111ajima iz svog Emby Servera.",
    "ButtonConnect": "Spoji",
    "HeaderNewServer": "Novi Server",
    "ButtonReset": "Resetiraj",
    "LabelEnableFullScreen": "Omogu\u0107i na\u010din punog zaslona",
    "TabHomeScreen": "Po\u010detni zaslon",
    "HeaderDisplay": "Prikaz",
    "HeaderNavigation": "Navigacija",
    "OptionEnableAutomaticServerUpdates": "Omogu\u0107i automatska a\u017euriranja servera",
    "HeaderOverview": "Overview",
    "HeaderType": "Type",
    "HeaderTunerDevices": "TV\/Radio ure\u0111aji",
    "HeaderTVSources": "TV Sources",
    "HeaderAddDevice": "Dodaj ure\u0111aj",
    "HeaderExternalServices": "Vanjski servisi",
    "LabelTunerIpAddress": "IP adresa TV\/Radio ure\u0111aja:",
    "HeaderGuideProviders": "Pru\u017eatelji vodi\u010da",
    "AddGuideProviderHelp": "Dodaj izvor za informacije TV vodi\u010da",
    "LabelZipCode": "Po\u0161tanski broj:",
    "GuideProviderSelectListings": "Odaberi ispis",
    "GuideProviderLogin": "Prijava",
    "LabelLineup": "Svrastavanje:",
    "MessageTunerDeviceNotListed": "Dali va\u0161 prijamnik nije na popisu? Poku\u0161ajte instalirati vanjskog pru\u017eatelja usluga za vi\u0161e TV u\u017eivo opcija.",
    "LabelImportOnlyFavoriteChannels": "Ograni\u010di na kanale ozna\u010dene kao omiljeni",
    "ImportFavoriteChannelsHelp": "Ako je omogu\u0107eno, samo kanali koji su ozna\u010deni kao omiljeni na ure\u0111aju TV\/radio pretra\u017eiva\u010da \u0107e se uvesti.",
    "ButtonRepeat": "Ponovi",
    "LabelEnableThisTuner": "Omogu\u0107i ovaj TV\/radio pretra\u017eiva\u010d",
    "LabelEnableThisTunerHelp": "Odzna\u010dite da sprije\u010dite uvoz kanala iz tog TV\/radio pretra\u017eiva\u010da.",
    "HeaderImagePrimary": "Primary",
    "HeaderImageBackdrop": "Backdrop",
    "HeaderImageLogo": "Logo",
    "HeaderUserPrimaryImage": "User Image",
    "ButtonProfile": "Profil",
    "ButtonProfileHelp": "Postavite sliku profila i lozinku.",
    "HeaderHomeScreenSettings": "Postavke po\u010detne stranice",
    "HeaderProfile": "Profil",
    "HeaderLanguage": "Jezik",
    "LabelTranscodingThreadCount": "Broj niti konvertiranja:",
    "LabelTranscodingThreadCountHelp": "Odaberite maksimalan broj niti koje \u0107e se koristiti kada se konvertira. Manji broj niti \u0107e smanjiti upotrebu procesora, ali mogu\u0107e da ne\u0107e konvertirati dovoljno brzo za glatke reprodukcije.",
    "OptionMax": "Maksimalno",
    "LabelTunerType": "Vrsta pretra\u017eiva\u010da:",
    "HeaderSetupTVGuide": "Podesi TV vodi\u010d",
    "HeaderDefaultRecordingSettings": "Default Recording Settings",
    "OptionEnableRecordingSubfolders": "Stvaranje pod-mape za kategorije kao \u0161to su sport, djeca, itd.",
    "HeaderSubtitles": "Titlovi",
    "HeaderVideos": "Videi",
    "LabelHardwareAccelerationType": "Hardversko ubrzanje:",
    "LabelHardwareAccelerationTypeHelp": "Dostupno samo na podr\u017eanim sustavima.",
    "HeaderAdmin": "Admin",
    "HeaderCameraUpload": "Slike kamere",
    "ButtonClear": "O\u010disti",
    "LabelFolder": "Mapa:",
    "HeadersFolders": "Mape",
    "LabelDisplayName": "Prikaz naziva:",
    "OptionDownloadImagesInAdvance": "Preuzmi slike unaprijed",
    "OptionDownloadImagesInAdvanceHelp": "By default, most images are only downloaded when requested by an Emby app. Enable this option to download all images in advance, as new media is imported. This may cause significantly longer library scans.",
    "DeleteImage": "Izbri\u0161i sliku",
    "MessageThankYouForSupporting": "Hvala vam na podr\u0161ci Emby-a.",
    "FileReadCancelled": "U\u010ditavanje datoteke je prekinuto.",
    "FileNotFound": "Datoteka nije prona\u0111ena.",
    "FileReadError": "Prilikom u\u010ditavanja datoteke desila se gre\u0161ka",
    "PinCodeResetComplete": "PIN je resetiran.",
    "PinCodeResetConfirmation": "Da li ste sigurni da \u017eelite resetirati PIN?",
    "HeaderPinCodeReset": "Poni\u0161ti PIN",
    "NoPluginConfigurationMessage": "Ovaj dodatak nema postavke za podesiti.",
    "NoPluginsInstalledMessage": "Nemate instaliranih dodataka.",
    "BrowsePluginCatalogMessage": "Pregledajte dostupne dodatke u na\u0161em katalogu.",
    "HeaderNewApiKey": "Novi API klju\u010d",
    "LabelAppName": "Ime aplikacije",
    "LabelAppNameExample": "Primjer: Sickbeard, NzbDrone",
    "HeaderNewApiKeyHelp": "Odobri dozvolu aplikacije za komunikaciju s Emby Serverom.",
    "MessageKeyEmailedTo": "Klju\u010d je poslan na {0}.",
    "HeaderConfirmation": "Potvrda",
    "MessageKeyUpdated": "Hvala Vam. Va\u0161 klju\u010d Emby Premijere je a\u017euriran.",
    "MessageKeyRemoved": "Hvala Vam. Va\u0161 klju\u010d Emby Premijere je uklonjen.",
    "TextEnjoyBonusFeatures": "U\u017eivajte u bonus zna\u010dajkama",
    "MessageErrorLoadingSupporterInfo": "Do\u0161lo je do pogre\u0161ke prilikom u\u010ditavanja informacije Emby Premijere. Molimo poku\u0161ajte ponovo kasnije.",
    "HeaderConfirmRemoveUser": "Ukloni korisnika",
    "ValueTimeLimitSingleHour": "Vremensko ograni\u010denje: 1 sat",
    "ValueTimeLimitMultiHour": "Vremensko ograni\u010denje: {0} sati",
    "General": "General",
    "HeaderScreenSavers": "Screen Savers",
    "Notifications": "Notifications",
    "Metadata": "Metadata",
    "Reporting": "Reporting",
    "HeaderSearch": "Tra\u017ei",
    "ValueDateCreated": "Datum izrade: {0}",
    "LabelArtist": "Izvo\u0111a\u010d",
    "LabelMovie": "Film",
    "LabelMusicVideo": "Glazbeni video",
    "LabelEpisode": "Epizoda",
    "Series": "Serija",
    "LabelStopping": "Zaustavljanje",
    "LabelCancelled": "Otkazan",
    "ButtonDownload": "Preuzimanje",
    "HeaderDevices": "Ure\u0111aji",
    "HeaderSelectCertificatePath": "Odaberi put certifikata:",
    "HeaderSupporterBenefit": "An active Emby Premiere subscription provides additional benefits such as access to Emby DVR, offline media, premium plugins, and more. {0}Learn more{1}.",
    "HeaderSelectDevices": "Odaberi ure\u0111aje",
    "ButtonReenable": "Ponovno omogu\u0107iti",
    "LabelAbortedByServerShutdown": "(Prekinuto od strane isklju\u010divanja servera)",
    "LabelScheduledTaskLastRan": "Posljednji puta pokrenuto {0}, uzimaju\u0107i {1}.",
    "HeaderDeleteTaskTrigger": "Brisanje okida\u010da zadataka",
    "MessageDeleteTaskTrigger": "Jeste li sigurni da \u017eelite izbrisati ovaj okida\u010d zadatka?",
    "MessageNoPluginsInstalled": "Nemate instaliranih dodataka.",
    "MessageNoPluginsDueToAppStore": "Za upravljanje dodatcima, molimo koristite Emby web-aplikaciju.",
    "LabelVersionInstalled": "{0} instaliran",
    "LabelNumberReviews": "{0} recenzije",
    "LabelFree": "Slobodno",
    "HeaderSelectAudio": "Odaberi audio",
    "HeaderSelectSubtitles": "Odaberi titlove prijevoda",
    "LabelDefaultStream": "(Zadano)",
    "LabelForcedStream": "(Prisilno)",
    "LabelDefaultForcedStream": "(Zadano\/Prisilno)",
    "LabelUnknownLanguage": "Nepoznati jezik",
    "LabelEnabled": "Omogu\u0107eno",
    "LabelDisabled": "Onesposobljeno",
    "Disabled": "Disabled",
    "ButtonMoreInformation": "Vi\u0161e informacija",
    "LabelNoUnreadNotifications": "Nema nepro\u010ditanih obavijesti.",
    "HeaderConfirmSeriesCancellation": "Potvrdi otkazivanje serije",
    "HeaderConfirmRecordingDeletion": "Potvrdite brisanje snimanja",
    "OptionWeekend": "Vikendi",
    "OptionWeekday": "Radni dani",
    "LiveTvUpdateAvailable": "(Dostupno a\u017euriranje)",
    "LabelVersionUpToDate": "(Aktualan)",
    "ButtonCancelSeries": "Odustani od serije",
    "HeaderSeriesRecordings": "Snimke serija",
    "LabelAnytime": "Bilo kada",
    "StatusRecording": "Snimanje",
    "StatusWatching": "Gledanje",
    "StatusRecordingProgram": "Snimanje {0}",
    "StatusWatchingProgram": "Gledanje {0}",
    "HeaderSplitMedia": "Razdvoji medije",
    "MessageConfirmSplitMedia": "Jeste li sigurni da \u017eelite podijeliti izvore medija u zasebne stavke?",
    "HeaderError": "Gre\u0161ka",
    "HeaderSelectServerCachePath": "Odaberite putanju predmemorije servera",
    "HeaderSelectTranscodingPath": "Odaberite privremenu putanju konvertiranja",
    "HeaderSelectMetadataPath": "Odaberite putanju meta-podataka:",
    "HeaderSelectServerCachePathHelp": "Pregledajte ili unesite putanju za kori\u0161tenje predmemorijskih datoteka. U mapu se mora mo\u0107i pisati.",
    "HeaderSelectTranscodingPathHelp": "Pregledajte ili unesite putanju za kori\u0161tenje konvertiranja privremenih datoteka. U mapu se mora mo\u0107i pisati.",
    "HeaderSelectMetadataPathHelp": "Pregledajte ili unesite putanju za pohranu meta-podataka. U mapu se mora mo\u0107i pisati.",
    "MessageFileWillBeDeleted": "Sljede\u0107a datoteka \u0107e biti izbrisana:",
    "MessageSureYouWishToProceed": "Jeste li sigurni da \u017eelite nastaviti?",
    "MessageFollowingFileWillBeMovedFrom": "Sljede\u0107a datoteka \u0107e biti premje\u0161tena iz:",
    "MessageDestinationTo": "na:",
    "HeaderRestart": "Ponovo pokreni",
    "HeaderShutdown": "Ugasi",
    "MessageConfirmRestart": "Dali ste sigurni da \u017eelite ponovo pokrenuti Emby Server?",
    "MessageConfirmShutdown": "Dali ste sigurni da \u017eelite ugasiti Emby Server?",
    "ValueItemCount": "{0} stavka",
    "ValueItemCountPlural": "{0} stavaka",
    "NewVersionOfSomethingAvailable": "Nova verzija {0} je dostupna",
    "VersionXIsAvailableForDownload": "Verzija {0} je dostupna za preuzimanje.",
    "LabelVersionNumber": "Verzija {0}",
    "LabelPlayMethodTranscoding": "Konvertiranje",
    "LabelPlayMethodDirectStream": "Direktno strujanje",
    "LabelPlayMethodDirectPlay": "Direktno izvo\u0111enje",
    "LabelLocalAccessUrl": "In-Home (LAN) access: {0}",
    "LabelRemoteAccessUrl": "Remote (WAN) access: {0}",
    "LabelRunningOnPort": "Izvodi se na http port-u {0}.",
    "LabelRunningOnPorts": "Izvodi se na http port-u {0} i na https port-u {1}.",
    "HeaderLatestFromChannel": "Zadnje od {0}",
    "ButtonRemoteControl": "Daljinsko upravljanje",
    "HeaderLatestTvRecordings": "Zadnje snimke",
    "LabelCurrentPath": "Trenutna putanja:",
    "HeaderSelectMediaPath": "Odaberi putanju medija",
    "HeaderSelectPath": "Odaberi putanju",
    "ButtonNetwork": "Mre\u017ea",
    "MessageDirectoryPickerInstruction": "Mre\u017ene putanje mogu se unijeti ru\u010dno u slu\u010daju da gumb Mre\u017ee ne uspije locirati va\u0161e ure\u0111aje. Na primjer, {0} ili {1}.",
    "MessageDirectoryPickerBSDInstruction": "Za BSD mo\u017eda \u0107ete morati podesiti pohranu unutar va\u0161ega FreeNAS kako bi se omogu\u0107ilo Emby-u pristup.",
    "MessageDirectoryPickerLinuxInstruction": "Za Linux na Arch Linux, CentOS, Debian, Fedora, OpenSuse ili Ubuntu morate dati korisniku Emby sistema barem pristup \u010ditanja va\u0161im lokacijama za skladi\u0161tenje.",
    "HeaderMenu": "Izbornik",
    "ButtonOpen": "Otvori",
    "ButtonShuffle": "Mije\u0161aj",
    "HeaderAudioTracks": "Audio pjesme",
    "HeaderLibraries": "Biblioteke",
    "MessageErrorPlayingVideo": "Do\u0161lo je do pogre\u0161ke reproduciranja videa.",
    "MessageEnsureOpenTuner": "Provjerite postoji li otvoren TV\/radio pretra\u017eiva\u010d na raspolaganju.",
    "ButtonReports": "Izvje\u0161taji",
    "MetadataManager": "Upravitelj meta-podacima",
    "HeaderTime": "Vrijeme",
    "LabelAddedOnDate": "Dodano {0}",
    "ButtonStart": "Po\u010detak",
    "OptionBlockLiveTvChannels": "TV kanali u\u017eivo",
    "OptionBlockChannelContent": "Sadr\u017eaj Internet kanala",
    "ButtonRevoke": "Opozvati",
    "MessageConfirmRevokeApiKey": "Jeste li sigurni da \u017eelite poni\u0161titi ovaj API klju\u010d? Veza aplikacije s Emby Server-om \u0107e se naglo prekinuti.",
    "HeaderConfirmRevokeApiKey": "Opozovi Api klju\u010d",
    "ValueContainer": "Spremnik: {0}",
    "ValueAudioCodec": "Audio koder: {0}",
    "ValueVideoCodec": "Video koder: {0}",
    "ValueCodec": "Koder: {0}",
    "ValueConditions": "Uvjeti: {0}",
    "LabelAll": "Sve",
    "HeaderDeleteImage": "Izbri\u0161i sliku",
    "MessageFileNotFound": "Datoteka nije prona\u0111ena.",
    "ButtonNextPage": "Sljede\u0107a stranica",
    "ButtonPreviousPage": "Prethodna stranica",
    "MessagePleaseAcceptTermsOfServiceBeforeContinuing": "Molimo prihvatite uvjete kori\u0161tenja prije nego \u0161to nastavite.",
    "OptionOff": "Off",
    "OptionOn": "On",
    "ButtonUninstall": "Ukloni",
    "HeaderLiveTV": "TV u\u017eivo",
    "MissingPrimaryImage": "Nedostaje glavna slika.",
    "MissingBackdropImage": "Nedostaje pozadinska slika.",
    "MissingLogoImage": "Nedostaje slika logo-a.",
    "MissingEpisode": "Nedostaje epizoda",
    "OptionBackdrops": "Pozadine",
    "OptionImages": "Slike",
    "OptionKeywords": "Klju\u010dne rije\u010di",
    "OptionTags": "Oznake",
    "OptionStudios": "Studija",
    "OptionName": "Ime",
    "OptionOverview": "Pregled",
    "OptionGenres": "\u017danrovi",
    "OptionPeople": "Ljudi",
    "OptionBirthLocation": "Lokacije ro\u0111enja",
    "HeaderChangeFolderType": "Promijeni tip sadr\u017eaja",
    "HeaderChangeFolderTypeHelp": "Za promjenu tipa, uklonite i ponovno izgraditi biblioteku s novim tipom.",
    "HeaderAlert": "Uzbuna",
    "MessagePleaseRestart": "Molimo ponovo pokrenite kako bi se zavr\u0161ila a\u017euriranja.",
    "ButtonHide": "Sakrij",
    "MessageSettingsSaved": "Postavke snimljene",
    "TabLibrary": "Biblioteka",
    "TabLiveTV": "TV u\u017eivo",
    "TabPlugins": "Dodaci",
    "TabHelp": "Pomo\u0107",
    "HeaderNotifications": "Obavijesti",
    "HeaderSelectPlayer": "Odaberi pokreta\u010d",
    "HeaderSpecials": "Specials",
    "HeaderTrailers": "Kratki filmovi",
    "HeaderResolution": "Resolution",
    "HeaderRuntime": "Runtime",
    "HeaderParentalRating": "Parental Rating",
    "HeaderReleaseDate": "Release date",
    "HeaderSeries": "Series:",
    "HeaderSeason": "Season",
    "HeaderSeasonNumber": "Season number",
    "HeaderNetwork": "Network",
    "HeaderYear": "Year:",
    "HeaderEmbeddedImage": "Embedded image",
    "OptionHomeVideos": "Ku\u0107ni videi i slike",
    "OptionBooks": "Knjige",
    "ButtonUp": "Gore",
    "ButtonDown": "Dolje",
    "HeaderMetadataReaders": "Metadata Readers",
    "LabelMetadataReadersHelp": "Poredajte \u017eeljene lokalne izvore meta-podataka po redu prioriteta. Prva na\u0111ena datoteka biti \u0107e \u010ditana.",
    "HeaderSubtitleDownloaders": "Subtitle Downloaders",
    "SubtitleDownloadersHelp": "Enable and rank your preferred subtitle downloaders in order of priority. More subtitle providers can be installed using the Emby plugin catalog.",
    "LabelMetadataDownloaders": "Preuzima\u010di meta-podataka:",
    "LabelMetadataDownloadersHelp": "Omogu\u0107ite i poredajte \u017eeljene preuzimatelje meta-podataka po redu prioriteta. Manjeg prioriteta preuzimatelji koristit \u0107e se samo za ispunjavanje nedostaju\u0107ih informacija.",
    "HeaderMetadataSavers": "Metadata Savers",
    "LabelMetadataSaversHelp": "Odaberite formate datoteka za spremanje meta-podataka.",
    "LabelImageFetchers": "Dohvata\u010di slika:",
    "LabelImageFetchersHelp": "Omogu\u0107ite i poredajte \u017eeljene dohvata\u010de slika po redu prioriteta.",
    "PersonTypePerson": "Osoba",
    "HeaderRemoveMediaLocation": "Ukloni lokacije medija",
    "MessageConfirmRemoveMediaLocation": "Jeste li sigurni da \u017eelite ukloniti ovu lokaciju?",
    "LabelNewName": "Novo ime:",
    "HeaderRemoveMediaFolder": "Ukloni mape medija",
    "MessageTheFollowingLocationWillBeRemovedFromLibrary": "Sljede\u0107e lokacije medija biti \u0107e uklonjene iz va\u0161e Emby biblioteke:",
    "MessageAreYouSureYouWishToRemoveMediaFolder": "Jeste li sigurni da \u017eelite ukloniti ovu medijsku mapu?",
    "ButtonRename": "Preimenuj",
    "ButtonChangeContentType": "Promijeni tip sadr\u017eaja",
    "HeaderMediaLocations": "Lokacije medija",
    "LabelContentTypeValue": "Tip sadr\u017eaja: {0}",
    "FolderTypeUnset": "Isklju\u010di (mije\u0161ani sadr\u017eaj)",
    "HeaderPluginInstallation": "Instalacija dodataka",
    "MessageAlreadyInstalled": "Ova verzija je ve\u0107 instalirana.",
    "MessageYouHaveVersionInstalled": "Trenutno imate instaliranu {0} verziju.",
    "MessageTrialExpired": "Probno razdoblje za ovu zna\u010dajku je isteklo",
    "MessageTrialWillExpireIn": "Probno razdoblje za ovu zna\u010dajku isti\u010de za {0} dan(a)",
    "MessageInstallPluginFromApp": "Ovaj dodatak mora biti instaliran unutar aplikacije u kojoj ga namjeravate koristiti.",
    "ValuePriceUSD": "Cijena: {0} (USD)",
    "MessageFeatureIncludedWithSupporter": "Prijavljeni ste za ovu zna\u010dajku koju \u0107ete mo\u0107i nastaviti koristiti s aktivnom pretplatom Emby Premijere.",
    "HeaderUnrated": "Neocijenjeno",
    "HeaderUnknownDate": "Nepoznati datum",
    "HeaderUnknownYear": "Nepoznata godina",
    "HeaderSelectExternalPlayer": "Odaberi vanjski pokreta\u010d",
    "HeaderExternalPlayerPlayback": "Reprodukcija na vanjski pokreta\u010d",
    "OptionWatched": "Pogledano",
    "OptionUnwatched": "Nepogledano",
    "LabelMarkAs": "Ozna\u010di kao:",
    "OptionInProgress": "U toku",
    "LabelResumePoint": "To\u010dka nastavka:",
    "ValueOneTrailer": "1 kratki video",
    "ValueTrailerCount": "{0} kratki filmovi",
    "ValueSeriesYearToPresent": "{0} - sada",
    "ValueAwards": "Nagrade: {0}",
    "ValuePremiered": "Predstavljen {0}",
    "ValuePremieres": "Premijere {0}",
    "ValueStudio": "Studio: {0}",
    "ValueStudios": "Studia: {0}",
    "ValueStatus": "Status: {0}",
    "LabelLimit": "Ograni\u010denje:",
    "ValueLinks": "Poveznice: {0}",
    "ValueArtist": "Umjetnik: {0}",
    "ValueArtists": "Umjetnici: {0}",
    "MediaInfoCameraMake": "Proizvo\u0111a\u010d kamere",
    "MediaInfoCameraModel": "Model kamere",
    "MediaInfoAltitude": "Visina",
    "MediaInfoAperture": "Otvor",
    "MediaInfoExposureTime": "Vrijeme ekspozicije",
    "MediaInfoFocalLength": "\u017dari\u0161na duljina",
    "MediaInfoOrientation": "Orijentacija",
    "MediaInfoIsoSpeedRating": "ISO vrijednost",
    "MediaInfoLatitude": "\u0160irina",
    "MediaInfoLongitude": "Du\u017eina",
    "MediaInfoShutterSpeed": "Brzina okida\u010da",
    "MediaInfoSoftware": "Softver",
    "TabExpert": "Stru\u010dnjak",
    "HeaderSelectCustomIntrosPath": "Odaberi prilago\u0111eni put predfilmova:",
    "HeaderThankYou": "Hvala",
    "ReleaseYearValue": "Godina izdanja: {0}",
    "TabExtras": "Dodaci",
    "DeviceLastUsedByUserName": "Zadnje koristio {0}",
    "HeaderSelectUploadPath": "Odaberi putanju prijenosa",
    "ErrorMessageStartHourGreaterThanEnd": "Vrijeme zavr\u0161etka mora biti ve\u0107e od po\u010detka.",
    "ButtonLibraryAccess": "Pristup biblioteci",
    "ButtonParentalControl": "Roditeljska kontrola",
    "MessagePluginConfigurationRequiresLocalAccess": "Za pode\u0161avanje ovog dodatka prijavite se izravno na lokalni server.",
    "HeaderCancelSyncJob": "Odustani od sink.",
    "MovieLibraryHelp": "Review the {0}Emby movie naming guide{1}.",
    "TvLibraryHelp": "Review the {0}Emby TV naming guide{1}.",
    "BookLibraryHelp": "Text books are supported. Review the {0}Emby Book naming guide{1}.",
    "MessageGamePluginRequired": "Zahtijeva instalaciju GameBrowser dodatka",
    "MessageUnsetContentHelp": "Sadr\u017eaj \u0107e biti prikazan kao obi\u010dne mape. Za najbolje rezultate upotrijebite upravitelj meta-podataka za postavljanje vrste sadr\u017eaja pod-mapa.",
    "ButtonNewServer": "Novi Server",
    "ButtonRemote": "Daljinski",
    "HeaderUnlockApp": "Otklju\u010daj aplikaciju",
    "HeaderUnlockSync": "Otklju\u010daj Emby Sinkronizaciju",
    "MessagePaymentServicesUnavailable": "usluge pla\u0107anja su trenutno nedostupne. Molimo poku\u0161ajte ponovo kasnije.",
    "HeaderLibrary": "Biblioteka",
    "HeaderMedia": "Medij",
    "NoNewDevicesFound": "No new devices found. To add a new tuner, close this dialog and enter the device information manually.",
    "ManageLibrary": "Manage library",
    "HeaderConfirm": "Potvrdi",
    "MessageConfirmDeleteTunerDevice": "Da li ste sigurni da \u017eelite izbrisati ovaj ure\u0111aj?",
    "MessageConfirmDeleteGuideProvider": "Da li ste sigurni da \u017eelite izbrisati ovog pru\u017eatelja vodi\u010da?",
    "HeaderDeleteProvider": "Izbri\u0161i pru\u017eatelja",
    "ErrorAddingTunerDevice": "Do\u0161lo je do pogre\u0161ke prilikom dodavanja ure\u0111aja TV\/radio pretra\u017eiva\u010da. Provjerite da je dostupan i poku\u0161ajte ponovno.",
    "ErrorSavingTvProvider": "Do\u0161lo je do pogre\u0161ke prilikom snimanja TV pru\u017eatelja. Provjerite da je dostupan i poku\u0161ajte ponovno.",
    "ErrorGettingTvLineups": "Do\u0161lo je do pogre\u0161ke prilikom preuzimanja tv postave. Provjerite dali su va\u0161e informacije to\u010dne i poku\u0161ajte ponovno.",
    "MessageCreateAccountAt": "Otvori ra\u010dun kod {0}",
    "ErrorPleaseSelectLineup": "Odaberite postavu i poku\u0161ajte ponovno. Ako niti jedna postava nije dostupna provjerite dali su korisni\u010dko ime, lozinka i po\u0161tanski broj to\u010dni.",
    "HeaderTryEmbyPremiere": "Probajte Emby Premijeru",
    "OptionEnableDisplayMirroring": "Omogu\u0107i prikaz zrcaljenja",
    "ErrorValidatingSupporterInfo": "Do\u0161lo je do pogre\u0161ke prilikom provjere informacije Emby Premijere. Molimo poku\u0161ajte ponovo kasnije.",
    "LabelLocalSyncStatusValue": "Status: {0}",
    "OptionBackdropSlideshow": "Slajdovi pozadina",
    "HeaderTopPlugins": "Najbolji dodaci",
    "ButtonOther": "Ostalo",
    "ButtonMenu": "Izbornik",
    "ForAdditionalLiveTvOptions": "Browse the Emby {0}plugin catalog{1} to install additional Live TV providers.",
    "AddUser": "Dodaj korisnika",
    "HeaderEmailAddress": "E-mail adresa",
    "NumLocationsValue": "{0} mape",
    "ErrorAddingListingsToSchedulesDirect": "Do\u0161lo je do pogre\u0161ke prilikom dodavanja postava va\u0161im zakazanim direktnim ra\u010dunima. Raspored dopu\u0161ta samo ograni\u010den broj postava po ra\u010dunu. Mo\u017eda \u0107ete morati se prijavite u zakazanim \"Direct\" web stranicama i ukloniti unose drugih s ra\u010duna prije nastavka.",
    "PleaseAddAtLeastOneFolder": "Dodajte barem jednu mapu u ovu biblioteku klikom na gumb Dodaj.",
    "ErrorAddingMediaPathToVirtualFolder": "Do\u0161lo je do pogre\u0161ke prilikom dodavanja putanje medija. Provjerite dali je putanja valjana i da proces Emby Server-a ima pristup tom mjestu.",
    "ErrorAddingEmbyConnectAccount3": "Emby ra\u010dun ve\u0107 je povezan s postoje\u0107im lokalnim korisnikom. Emby ra\u010dun mo\u017ee se povezati samo s jednim lokalnim korisnikom u isto vrijeme.",
    "HeaderConfirmPluginInstallation": "Potvrdi instalaciju dodatka",
    "PleaseConfirmPluginInstallation": "Molimo kliknite U redu da biste potvrdili da ste pro\u010ditali gore navedeno i \u017eelite nastaviti s instalacijom dodataka.",
    "MessagePluginInstallDisclaimer": "Dodaci izgra\u0111eni od strane \u010dlanova Emby zajednice su sjajan na\u010din kako bi unaprijedili Va\u0161e iskustvo Emby s dodatnim zna\u010dajkama i prednostima. Prije instaliranja budite svjesni u\u010dinaka koje mogu imati na va\u0161 Emby Server, kao \u0161to je du\u017ee skeniranje biblioteke, dodatna pozadinska obrada, a smanjena stabilnost sustava.",
    "TitleHardwareAcceleration": "Hardversko ubrzanje",
    "HardwareAccelerationWarning": "Omogu\u0107avanje hardverskog ubrzanja mo\u017ee uzrokovati nestabilnostima u nekim sredinama. Pobrinite se da Va\u0161 operativni sustav i video drajveri su u potpunosti a\u017eurni. Ako imate pote\u0161ko\u0107a s reprodukcijom videa nakon omogu\u0107avanja ovoga, morat \u0107ete promijeniti postavku natrag na Automatski.",
    "ValueExample": "Primjer: {0}",
    "LabelFileOrUrl": "Datoteka ili url:",
    "OptionEnableForAllTuners": "Omogu\u0107i za sve TV\/Radio ure\u0111aje",
    "HeaderTuners": "TV ure\u0111aji",
    "LabelOptionalM3uUrl": "M3U url (neobavezno):",
    "LabelOptionalM3uUrlHelp": "Neki ure\u0111aji podr\u017eavaju popis M3U kanala.",
    "TabResumeSettings": "Postavke nastavka",
    "DrmChannelsNotImported": "Kanali s DRM se ne\u0107e uvesti.",
    "LabelAllowHWTranscoding": "Dopusti hardversko konvertiranje",
    "AllowHWTranscodingHelp": "Ako je omogu\u0107eno, omogu\u0107ite TV\/radio ure\u0111aju da konvertira strujanja u letu. Ovo mo\u017ee pomo\u0107i smanjiti konvertiranje koje zahtijeva Emby Server.",
    "MetadataSettingChangeHelp": "Promjena postavki meta-podataka utjecati \u0107e da novi sadr\u017eaji koji se dodaju idu naprijed. Za osvje\u017eavanje postoje\u0107ih sadr\u017eaja otvorite zaslon pojedinosti i kliknite gumb za osvje\u017eavanje ili obavite skupno osvje\u017eavanje pomo\u0107u upravitelja meta-podataka.",
    "RecordingPathChangeMessage": "Promjena mape za snimanje ne\u0107e migrirati postoje\u0107e snimke iz stare lokacije na novu. Morat \u0107ete ih pomicati ru\u010dno, ako to \u017eelite.",
    "LabelSportsCategories": "Sportske kategorije:",
    "XmlTvSportsCategoriesHelp": "Programi s tim kategorijama \u0107e biti prikazani kao sportski programi. Odvojite vi\u0161e s '|'.",
    "LabelNewsCategories": "Kategorije vijesti:",
    "XmlTvNewsCategoriesHelp": "Programi s tim kategorijama \u0107e biti prikazani kao programi vijesti. Odvojite vi\u0161e s '|'.",
    "LabelKidsCategories": "Dje\u010dje kategorije:",
    "XmlTvKidsCategoriesHelp": "Programi s tim kategorijama \u0107e biti prikazani kao dje\u010dji programi. Odvojite vi\u0161e s '|'.",
    "LabelMovieCategories": "Filmske kategorije:",
    "XmlTvMovieCategoriesHelp": "Programi s tim kategorijama \u0107e biti prikazani kao filmski programi. Odvojite vi\u0161e s '|'.",
    "XmlTvPathHelp": "Putanja do xml tv datoteke. Emby \u0107e pro\u010ditati ovu datoteku i povremeno provjeravati a\u017euriranja. Vi ste odgovorni za stvaranje i a\u017euriranje datoteke.",
    "LabelLocalIpAddress": "Local IP address:",
    "LabelBindToLocalNetworkAddressHelp": "Neobvezno. Nadja\u010daj lokalnu IP adresu da se ve\u017ee na http server. Ako se ostavi prazno, server \u0107e se vezati na svim dostupnim adresama. Mijenjanje ove vrijednosti zahtijeva ponovno pokretanje Emby Server-a.",
    "SettingsWarning": "Mijenjanje ove vrijednosti mo\u017ee uzrokovati nestabilnost ili kvarove na povezivanju. Ako nai\u0111ete na bilo kakve probleme, preporu\u010damo da ih promijenite natrag na zadane.",
    "MapChannels": "Mapiraj kanale",
    "OptionSaveMetadataAsHiddenHelp": "Promjena ovoga \u0107e se primjenjivati na nove meta-podatke spremljene unaprijed. Postoje\u0107e datoteke meta-podataka \u0107e se a\u017eurirati sljede\u0107i puta kada ih spremi Emby Server.",
    "EnablePhotos": "Omogu\u0107i slike",
    "EnablePhotosHelp": "Slike \u0107e biti otkrite i prikazivane zajedno s drugim medijskim datotekama.",
    "LabelMaxAudioFileBitrate": "Najve\u0107a brzina prijenosa audio datoteka:",
    "LabelMaxAudioFileBitrateHelp": "Audio datoteke s vi\u0161om brzinom prijenosa \u0107e se konvertirati putem Emby Server-a. Odaberite vi\u0161u vrijednost za bolju kvalitetu ili ni\u017eu za o\u010duvanje lokalnog prostora za pohranu.",
    "SaveThumbnailImagesIntoMediaFolders": "Save video preview thumbnails into media folders",
    "LabelGenerateVideoPreviewThumbnails": "Generate video preview thumbnails:",
    "LabelEnableDebugLogging": "Omogu\u0107i logiranje gre\u0161aka",
    "OptionEnableExternalContentInSuggestions": "Omogu\u0107i vanjske sadr\u017eaje u prijedlozima",
    "OptionEnableExternalContentInSuggestionsHelp": "Dopusti internet kratkim filmovima i TV programima u\u017eivo da budu uklju\u010deni u preporu\u010denom sadr\u017eaju.",
    "LabelH264EncodingPreset": "H264 unaprijed kodiranje:",
    "H264EncodingPresetHelp": "Odaberite br\u017eu vrijednost za pobolj\u0161anje performansi ili sporiju za pobolj\u0161anje kvalitete.",
    "LabelH264Crf": "H264 kodiranje CRF:",
    "H264CrfHelp": "Konstante brzine faktora (CRF) je postavka zadane kvalitete za x264 enkodera. Mo\u017eete postaviti vrijednosti izme\u0111u 0 i 51, gdje \u0107e ni\u017ee vrijednosti rezultirati boljom kvalitetom (na ra\u010dun ve\u0107e veli\u010dine datoteka). Razumne vrijednosti su izme\u0111u 18 i 28. Zadana za x264 je 23, tako da to mo\u017eete koristiti kao po\u010detnu to\u010dku.",
    "LabelOptionalNetworkPath": "(Nije obavezno) Zajedni\u010dka mapa mre\u017ee:",
    "LabelOptionalNetworkPathHelp": "Ako se ova mapa dijeli na mre\u017ei, opskrba zajedni\u010dke mre\u017ene mre\u017ee mo\u017ee dopustiti Emby aplikacijama na drugim ure\u0111ajima izravni pristup multimedijskim datotekama.",
    "SynologyUpdateInstructions": "Molimo, prijavite se u DSM i oti\u0111ite na centar paketa za a\u017euriranje.",
    "LabelMoviePrefix": "Movie prefix:",
    "LabelMoviePrefixHelp": "If a prefix is applied to movie titles, enter it here so that Emby can handle it properly.",
    "HeaderRecordingPostProcessing": "Recording Post Processing",
    "LabelPostProcessorArguments": "Post-processor command line arguments:",
    "LabelPostProcessorArgumentsHelp": "Use {path} as the path to the recording file.",
    "LabelPostProcessor": "Post-processing application:",
    "ErrorAddingXmlTvFile": "There was an error accessing the XmlTV file. Please ensure the file exists and try again.",
    "OptionAutomaticallyGroupSeries": "Automatically merge series that are spread across multiple folders",
    "OptionAutomaticallyGroupSeriesHelp": "If enabled, series that are spread across multiple folders within this library will be automatically merged into a single series.",
    "WhenDidYouPurchaseApp": "When did you originally purchase this app?",
    "PreferEmbeddedTitlesOverFileNames": "Prefer embedded titles over filenames",
    "PreferEmbeddedTitlesOverFileNamesHelp": "This determines the default display title when no internet metadata or local metadata is available.",
    "HeaderLiveTvTunerSetup": "Live TV Tuner Setup",
    "HeaderTVSourceSetup": "TV Source Setup",
    "HeaderDetectMyDevices": "Detect My Devices",
    "MessagePleaseWait": "Please wait. This may take a minute.",
    "DetectingDevices": "Detecting devices",
    "LabelAutomaticallyRefreshInternetMetadataEvery": "After the initial import, automatically refresh metadata from the internet:",
    "Never": "Never",
    "EveryNDays": "Every {0} days",
    "HeaderNewDevices": "New Devices",
    "LabelCertificatePassword": "Certificate password:",
    "LabelCertificatePasswordHelp": "If your certificate requires a password, please enter it here.",
    "LabelEnableHardwareDecodingFor": "Enable hardware decoding for:",
    "EnableHardwareEncoding": "Enable hardware encoding",
    "Rate": "Rate",
    "HeaderNewLibrary": "New Library",
    "HttpsRequiresCert": "To enable secure connections, you will need to supply a trusted SSL certificate, such as Lets Encrypt. Please either supply a certificate, or disable secure connections.",
    "ServerRestartNeededAfterPluginInstall": "Emby Server will need to be restarted after installing a plugin.",
    "PluginInstalledMessage": "The plugin has been successfully installed. Emby Server will need to be restarted for changes to take effect.",
    "Themes": "Themes",
    "MessagePremiereStatusGood": "You have a {0} Emby Premiere plan and your device usage is well within your limit.",
    "MessagePremiereStatusClose": "You have a {0} Emby Premiere plan, but your device usage is close to the limit.",
    "MessagePremiereExtendedPlans": "Consider an {0}extended device plan{1}",
    "MessagePremiereStatusOver": "You have a {0} Emby Premiere plan, but you are over your device limit!",
    "ListItemPremiereSub": "{0} subscription purchased via {2} expires {1}",
    "LabelClickToCancel": "Click to cancel this subscription",
    "LabelCancelInfo": "You can manage this subscription directly with {0}",
    "LabelAlreadyCanceled": "This subscription has been canceled. Key will remain valid until expiration.",
    "HeaderCancelSub": "Cancel Emby Premiere",
    "MessageConfirmSubCancel": "NO, Please don't go... You will miss out on all the great features of Emby Premiere!",
    "ButtonCancelSub": "I know, cancel it anyway",
    "ButtonDontCancelSub": "Keep Emby Premiere",
    "MessageSubCancelReqSent": "An email has been sent to the owner of the key. Please follow the instructions in that email to complete the cancellation of this subscription. We hope to see you back soon!",
    "MessageSubCancelError": "Something went wrong trying to cancel.  Please send an email to {0} and we'll get you squared away.",
    "LabelAlreadyCancelled": "This subscription has been cancelled. You will not be charged again but the features will work until the date above.",
    "AllowOnTheFlySubtitleExtraction": "Allow subtitle extraction on the fly",
    "AllowOnTheFlySubtitleExtractionHelp": "Embedded subtitles can be extracted from videos and delivered to Emby apps in plain text in order to help prevent video transcoding. On some systems this can take a long time and cause video playback to stall during the extraction process. Disable this to have embedded subtitles burned in with video transcoding when they are not natively supported by the client device.",
    "ButtonStopRecording": "Stop Recording",
    "EnableDebugLoggingHelp": "Debug logging should only be enabled as needed for troubleshooting purposes. The increased file system access may prevent the server machine from being able to sleep in some environments.",
    "LabelSimultaneousConnectionLimit": "Simultaneous stream limit:",
    "SimultaneousConnectionLimitHelp": "The maximum number of allowed simultaneous streams. Enter 0 for no limit.",
    "LaunchWebAppOnStartup": "Launch the Emby web app in my web browser when Emby Server starts",
    "LaunchWebAppOnStartupHelp": "This will open the web app in your default web browser when Emby Server initially starts. This will not occur when using the restart server function.",
    "LabelReferrerHeader": "Referrer http header:",
    "LabelUserAgentHeader": "User agent http header:",
    "SupplyCustomValueIfNeeded": "Supply a custom http header value, if necessary.",
    "HeaderConfigureRemoteAccess": "Configure Remote Access",
    "LearnHowToCreateSynologyShares": "Learn how to share folders in Synology.",
    "LabelAllowedRemoteAddresses": "Remote IP address filter:",
    "LabelAllowedRemoteAddressesMode": "Remote IP address filter mode:",
    "Whitelist": "Whitelist",
    "Blacklist": "Blacklist",
    "AllowedRemoteAddressesHelp": "Comma separated list of IP addresses or IP\/netmask entries for networks that will be allowed to connect remotely. If left blank, all remote addresses will be allowed.",
    "LabelLanNetworks": "LAN networks:",
    "LanNetworksHelp": "Comma separated list of IP addresses or IP\/netmask entries for networks that will be considered on local network when enforcing bandwidth restrictions. If set, all other IP addresses will be considered to be on the external network and will be subject to the external bandwidth restrictions. If left blank, only the server's subnet and common private IP subnets (10.0.0.0\/8, 192.168.0.0\/24, etc.) are considered to be on the local network.",
    "LabelSecureConnectionsMode": "Secure connection mode:",
    "PreferredNotRequired": "Preferred, but not required",
    "RequiredForAllRemoteConnections": "Required for all remote connections",
    "HandledByProxy": "Handled by reverse proxy",
    "SaveSubtitlesIntoMediaFolders": "Save subtitles into media folders",
    "SaveSubtitlesIntoMediaFoldersHelp": "Storing subtitles next to video files will allow them to be more easily managed.",
    "AutomaticSubtitleDownloadInstructions": "To manage automatic subtitle downloading, click on a library in Emby library setup, and edit the subtitle downloading settings for that library.",
    "OpenSubtitleInstructions": "You'll need to configure Open Subtitles account information on the Open Subtitles configuration screen in the Emby Server dashboard.",
    "LabelEnableHardwareAcceleration": "Enable hardware acceleration when available:",
    "HeaderPreferredHardwareDecoders": "Preferred Hardware Decoders",
    "HeaderPreferredHardwareEncoders": "Preferred Hardware Encoders",
    "AllowChangingImageAndPassword": "Allow this user to change their password and profile image",
    "LabelTranscodeBuffer": "Transcode buffer:",
    "LabelTranscodePosition": "Transcode position:",
    "LabelPlaybackPosition": "Playback position:",
    "LabelSimultaneousStreamLimit": "Max simultaneous video streams:",
    "SimultaneousStreamLimitHelp": "Limit the number of concurrent video playback sessions.",
    "LabelMusicFolderStructure": "Music folder structure:",
    "LabelMusicFolderStructureHelp": "This provides a hint to the library scanner about the way your folders are organized. If you're unsure, or if your folders don't exactly match one of the options, then please select the default option of Other.",
    "OtherOrUnstructured": "Other or unstructured",
    "PerfectArtistAlbumTrack": "Perfectly organized into artist\\album folders, with tracks directly in the album folders.",
    "PerfectAlbumTrack": "Perfectly organized into album folders, with tracks directly in the album folders.",
    "LiveTVServiceIntegrationHelp": "Please see our guide on {0}integrating {1} into Emby{2}.",
    "LabelMinCollectionSize": "Minimum automatic collection size:",
    "MinCollectionSizeHelp": "Automatically create collections when you have at least the selected number of titles in your library. Changing this value will not affect existing collections.",
    "LabelImportCollections": "Import collection information from metadata downloaders",
    "LabelImportCollectionsHelp": "When enabled, this will import collection information from your enabled metadata downloaders. This may cause unwanted collections to be automatically created. Disabling will prevent future collections from being automatically created, but will not delete existing ones.",
    "LabelAllowAdultMetadata": "Allow adult metadata",
    "LabelAllowAdultMetadataHelp": "Allow matching adult titles when searching for internet metadata.",
    "HeaderVideoPreviewThumbnails": "Video Preview Thumbnails",
    "LabelEnableHDRToneMapping": "Enable HDR tone mapping:",
    "EnableHDRToneMappingHelp": "Tone mapping will ensure correct color conversion when transcoding HDR content, which will otherwise appear highly dimmed and desaturated. Additional driver components may be needed to support hardware acceleration with this feature enabled. Please see our hardware acceleration setup guide for details.",
    "WithHardwareAcceleratedTranscoding": "Yes, only with hardware acceleration",
    "TranscodingStillInitializing": "Emby Server transcoding services are still busy starting up. This screen will automatically refresh when transcoding services are ready.",
    "WithSoftwareTranscoding": "Yes, with forced software transcoding",
    "WithEitherHardwareOrSoftwareTranscoding": "Yes, with either hardware or software transcoding",
    "ToneMappingInHardwareDescription": "Tone mapping will be performed with hardware acceleration when it is enabled and supported by the hardware, and skipped in all other cases.",
    "ToneMappingInSoftwareDescription": "Tone mapping will be performed in software by the CPU. This is much slower than hardware accelerated tone mapping and will require a very powerful server machine.",
    "ToneMappingInBothDescription": "Tone mapping will be performed with hardware acceleration when it is enabled and supported by the hardware, and will fallback to software in all other cases. Tone mapping in software is much slower than hardware accelerated tone mapping and will require a very powerful server machine.",
    "AutoMapped": "Automatically mapped",
    "ManuallyMapped": "Manually mapped",
    "NotMappedToGuideData": "Not mapped to guide data",
    "MappedToValue": "Mapped to {0}",
    "LabelAutomaticallyWakeServerForRecordings": "Automatically wake the server machine to perform recordings",
    "LabelAutomaticallyWakeServerForRecordingsHelp": "Wake events will be scheduled with the server operating system. Disabling this option will prevent future wake events from being scheduled but will not remove any previously scheduled events.",
    "Database": "Database",
    "LabelOptimizeDatabaseOnShutdown": "Attempt to optimize the database on server shutdowns",
    "LabelOptimizeDatabaseOnShutdownHelp": "The database optimize operation is usually a no-op but it will occasionally run an analysis if it seems like doing so will be useful to the query planner. This may cause Emby Server to take longer to shutdown.",
    "LabelDatabaseCacheSize": "Database cache size (MB)",
    "LabelDatabaseCacheSizeHelp": "Sets the amount of data that the database will hold in memory at once, per database file. A larger value may help improve Emby Server performance. Requires a server restart to take effect.",
    "LabelDatabaseAnalysisLimit": "Analysis row limit",
    "LabelDatabaseAnalysisLimitHelp": "When the database is optimized, this is the approximate number of rows examined in each index by the ANALYZE command. A larger value will increase the effectiveness of the database optimization, but may cause Emby Server to take longer to shutdown.",
    "LabelVacuumDb": "Vacuum the database on the next Emby Server startup",
    "LabelVacuumDbHelp": "The vacuum command rebuilds the database file, repacking it into a minimal amount of disk space. In some cases this may improve Emby Server performance. Please note that your Emby Server will not be usable during the time of the vacuum operation, nor will there be any way to monitor the progress of the vacuum. Please avoid force closing the Emby Server process during this time as it may lead to database corruption. This is a one-time operation and this option will revert to unchecked on the next server startup.",
    "AdvancedOptionsWarning": "These are advanced options and should generally be left at defaults unless you have a reason to change them."
}