{
    "LabelYoureDone": "Kamu Sudah Selesai!",
    "ThisWizardWillGuideYou": "Panduan ini akan memandu kamu melakukan proses penyiapan. Untuk mulai, silakan pilih bahasa yang kamu gunakan.",
    "HeaderCreateYourFirstUser": "Buat Akun Pertama Kamu",
    "ButtonQuickStartGuide": "Panduan Penyiapan Singkat",
    "MoreUsersCanBeAddedLater": "Pengguna lain dapat ditambahkan nanti di pengaturan Emby Server.",
    "UserProfilesIntro": "Emby menyertakan dukungan bawaan untuk profil pengguna, yang memungkinkan setiap pengguna memiliki pengaturan tampilan, kondisi pemutaran, dan kontrol orang tua mereka sendiri.",
    "WizardCompleted": "Itu saja yang diperlukan saat ini. Emby telah memindai pustaka media kamu. Lihat beberapa aplikasi kami, lalu klik <b>Selesai<\/b> untuk melihat <b>Dashboard Server<\/b>.",
    "MessagePleaseAcceptTermsOfService": "Harap setujui ketentuan layanan dan kebijakan privasi sebelum melanjutkan.",
    "OptionIAcceptTermsOfService": "Saya menyetujui ketentuan layanan",
    "SeeOurHwaGuide": "Lihat {0}panduan pengaturan akselerasi perangkat keras{1} kami.",
    "HeaderEmbyServerReleaseNotes": "Catatan Rilis Server Emby",
    "AllowSubtitleDownloading": "Izinkan pengunduhan subtitle",
    "AllowSubtitleManagement": "Izinkan penghapusan berkas subtitle yang ada",
    "NewUserNameHelp": "Beginilah tampilan pengguna di server kamu.",
    "ChapterMarkers": "Penanda chapter\/bab",
    "LabelThumbnailImagesInterval": "Interval gambar thumbnail",
    "ThumbnailImagesIntervalHelp": "Thumbnail yang lebih sering akan menghasilkan pengalaman yang lebih baik, tetapi akan membutuhkan lebih banyak ruang penyimpanan dan waktu untuk membuat gambar.",
    "LabelAuthProvider": "Penyedia autentikasi",
    "AuthProviderHelp": "Administrator selalu menggunakan penyedia bawaan Emby untuk memastikan kamu tidak pernah terkunci.",
    "HeaderNewUser": "Pengguna Baru",
    "ChangeServerDisplayName": "Ubah Nama Tampilan Server",
    "ShowAdvancedSettings": "Perlihatkan pengaturan lanjutan",
    "ChangingMetadataImageSettingsNewContent": "Perubahan pada metadata atau pengaturan pengunduhan karya seni hanya akan berlaku untuk konten baru yang ditambahkan ke pustaka kamu. Untuk menerapkan perubahan pada judul yang telah ada, kamu perlu memuat ulang metadatanya secara manual.",
    "AllowRemoteAccess": "Izinkan koneksi jarak jauh ke Emby Server ini.",
    "AllowRemoteAccessHelp": "Jika tidak dicentang, seluruh koneksi jarak jauh akan diblokir.",
    "Alerts": "Peringatan",
    "LabelTrackTitleDisplay": "Tampilan judul lagu yang disematkan",
    "GenerateUserFriendlyTrackTitles": "Hasilkan judul yang ramah pengguna menggunakan informasi trek",
    "PreferOriginalTrackTitles": "Utamakan judul yang disematkan",
    "TrackTitleDisplayHelp": "Pilih tampilan untuk judul trek audio dan subtitle yang disematkan. Mengutamakan judul yang disematkan tidak disarankan kecuali kamu melakukan kurasi informasi trek yang disematkan secara manual.",
    "EnableTranscodingThrottle": "Aktifkan pelambatan",
    "EnableTranscodingThrottleHelp": "Emby akan secara dinamis menyesuaikan kecepatan transcoding untuk mengurangi penggunaan CPU.",
    "HeaderTypeMetadataDownloaders": "{0} Pengunduh Metadata",
    "HeaderTypeImageFetchers": "{0} Pemeroleh Gambar",
    "HeaderImageOptions": "Opsi Gambar",
    "OptionBeta": "Beta",
    "RegisterWithPayPal": "Daftar dengan PayPal",
    "LabelSyncTempPath": "Path file sementara:",
    "LabelSyncTempPathHelp": "Tentukan folder kerja (working folder) kustom. Selama proses konversi, media yang akan dikonversi akan disimpan di sini.",
    "LabelCustomCertificatePath": "Path khusus sertifikat ssl:",
    "LabelCustomCertificatePathHelp": "Path untuk berkas PKCS #12 yang berisi sertifikat dan kunci pribadi untuk mengaktifkan dukungan TLS pada domain khusus.",
    "HeaderSetupLibrary": "Atur Pustaka Media",
    "LabelTimeLimitHours": "Batas waktu (jam):",
    "HeaderPreferredMetadataLanguage": "Bahasa Metadata Utama",
    "LabelSaveLocalMetadata": "Simpan karya seni ke dalam folder media",
    "LabelSaveLocalMetadataHelp": "Menyimpan karya seni ke dalam folder media akan menempatkannya di tempat yang mudah disimpan dan diedit.",
    "TabAccess": "Akses",
    "HeaderDeviceAccess": "Akses Perangkat",
    "OptionEnableAccessFromAllDevices": "Aktifkan akses dari semua perangkat",
    "OptionEnableAccessToAllChannels": "Aktifkan akses ke semua saluran",
    "OptionEnableAccessToAllLibraries": "Aktifkan akses ke semua pustaka",
    "DeviceAccessHelp": "Menyarig akses perangkat pengguna akan mencegah mereka menggunakan perangkat baru sebelum disetujui di sini.",
    "LabelDisplayMissingEpisodesWithinSeasons": "Tampilkan episode yang belum ada pada musim",
    "LabelDisplayMissingEpisodesWithinSeasonsHelp": "Ini juga harus diaktifkan untuk pustaka serial TV di Pengaturan Emby Server.",
    "ImportMissingEpisodesHelp": "Jika diaktifkan, informasi tentang episode yang belum tersedia akan diimpor ke database Emby kamu dan akan ditampilkan dalam musim dan serial tersebut. Ini dapat menyebabkan pemindaian pustaka yang jauh lebih lama.",
    "MessageEnablingOptionLongerScans": "Mengaktifkan opsi ini dapat menghasilkan pemindaian pustaka yang jauh lebih lama.",
    "LabelMaxParentalRating": "Peringkat orang tua maksimum yang diizinkan",
    "MaxParentalRatingHelp": "Konten dengan peringkat yang lebih tinggi akan disembunyikan dari pengguna ini.",
    "LibraryAccessHelp": "Pilih folder media untuk dibagikan dengan pengguna ini. Administrator akan dapat mengedit semua folder menggunakan pengelola metadata.",
    "ChannelAccessHelp": "Pilih saluran yang akan dibagikan dengan pengguna ini. Administrator akan dapat mengedit semua saluran menggunakan pengelola metadata.",
    "ImageUploadAspectRatioHelp": "Rasio Aspek 1:1 Direkomendasikan. Hanya JPG\/PNG.",
    "AlreadyPaidHelp1": "Jika kamu sudah membayar untuk menginstal versi lama Media Browser untuk Android, kamu tidak perlu membayar lagi untuk mengaktifkan aplikasi ini. Klik OK untuk mengirim email kepada kami di {0} dan kami akan mengaktifkannya untukmu.",
    "AlreadyPaidHelp2": "Punya Emby Premiere? Batalkan saja dialog ini, atur Emby Premiere di Dashboard Emby Server kamu pada Bantuan -> Emby Premiere, dan ia akan terbuka secara otomatis.",
    "TabMyPlugins": "Plugin Saya",
    "TabCatalog": "Katalog",
    "HeaderAutomaticUpdates": "Pembaruan Otomatis",
    "Standard": "Standar",
    "TabSupporterKey": "Kunci Emby Premiere",
    "OptionHideUserLocal": "Sembunyikan pengguna ini dari layar masuk di jaringan lokal",
    "OptionHideUserRemote": "Sembunyikan pengguna ini dari layar masuk saat terhubung dari jarak jauh",
    "OptionHideUserFromLoginHelp": "Berguna untuk akun administrator pribadi atau tersembunyi. Pengguna harus masuk secara manual dengan memasukkan nama pengguna dan kata sandi.",
    "HideFromUnusedDevices": "Sembunyikan pengguna ini dari layar masuk di perangkat yang belum pernah mereka masuki",
    "OptionDisableUser": "Nonaktifkan pengguna ini",
    "OptionDisableUserHelp": "Jika dinonaktifkan, server tidak akan mengizinkan koneksi apa pun dari pengguna ini. Koneksi yang ada akan dihentikan secara tiba-tiba.",
    "OptionAllowUserToManageServer": "Izinkan pengguna ini untuk mengelola server",
    "HeaderFeatureAccess": "Akses Fitur",
    "OptionAllowMediaPlayback": "Izinkan pemutaran media",
    "AllLibraries": "Semua pustaka",
    "HeaderAllowMediaDeletionFrom": "Izinkan Penghapusan Media Dari",
    "LiveTVRecordingManagement": "Pengelolaan Rekaman Siaran TV",
    "OptionAllowRemoteControlOthers": "Izinkan kendali jarak jauh pengguna lain",
    "OptionAllowRemoteSharedDevices": "Izinkan kendali jarak jauh perangkat bersama",
    "OptionAllowRemoteSharedDevicesHelp": "Perangkat DLNA dianggap dibagikan sampai pengguna mulai mengendalikannya.",
    "OptionAllowLinkSharing": "Izinkan berbagi media sosial",
    "OptionAllowLinkSharingHelp": "Hanya halaman web yang berisi informasi media yang dibagikan. File media tidak pernah dibagikan secara publik. Pembagian dibatasi waktu dan akan kedaluwarsa setelah {0} hari.",
    "OptionRelease": "Rilis Resmi",
    "LabelAllowServerAutoRestartPlugin": "Izinkan server untuk memulai ulang secara otomatis untuk menerapkan pembaruan plugin",
    "LabelAllowServerAutoRestartServerOrPlugin": "Izinkan server untuk memulai ulang secara otomatis untuk menerapkan pembaruan server atau plugin",
    "LabelAllowServerAutoRestartHelp": "Server hanya akan memulai ulang selama tidak digunakan, ketika tidak ada pengguna yang aktif.",
    "LabelRunServerAtStartup": "Jalankan server saat startup",
    "LabelRunServerAtStartupHelp": "Ini akan memulai tray ikon Emby pada startup Windows. Jika kamu telah menyiapkan layanan Windows, biarkan ini tidak dicentang dan konfigurasikan layanan untuk dijalankan saat startup.",
    "ButtonSelectDirectory": "Pilih Direktori",
    "LabelCachePath": "Path cache:",
    "DefaultMetadataLangaugeDescription": "Ini adalah pengaturan bawaan kamu dan dapat disesuaikan per pustaka.",
    "LabelCachePathHelp": "Tentukan lokasi khusus untuk file cache server, seperti gambar. Biarkan kosong untuk menggunakan pengaturan bawaan server.",
    "LabelDefaultRecordingFolder": "Default recording folder",
    "LabelMovieRecordingFolder": "Movie recording folder",
    "LabelSeriesRecordingFolder": "Series recording folder",
    "SeriesRecordingFolderHelp": "(Optional). Select a library so save series recordings into. This must be a library you've created in Emby library setup with the content type set to TV shows or mixed content.",
    "HeaderProgramData": "Data Program",
    "RecordingFolderHelp": "Select the default libary to save recordings into. This must be a library you've created in Emby library setup with the content type set to mixed content.",
    "MovieRecordingFolderHelp": "(Optional). Select a library so save movie recordings into. This must be a library you've created in Emby library setup with the content type set to movies or mixed content.",
    "LabelMetadataPath": "Path metadata:",
    "LabelMetadataPathHelp": "Tentukan lokasi untuk karya seni dan metadata yang diunduh, atau kosongkan ini untuk menggunakan lokasi bawaan. Jika ini diubah, kamu harus memindahkan isi dari lokasi yang lama ke lokasi baru secara manual. Jika kamu pernah mengubah konten folder metadata secara manual, kamu harus menjalankan {0}tugas terjadwal pemindaian metadata folder{1}.",
    "LabelTranscodingTempPath": "Path sementara transcoding:",
    "LabelTranscodingTempPathHelp": "Folder ini berisi file yang digunakan oleh transcoder. Tentukan path khusus, atau biarkan kosong untuk menggunakan folder data server bawaan.",
    "GenerateVideoPreviewThumbnailsHelp": "Thumbnail pratinjau video menunjukkan gambar cuplikan video selagi men-seek video. Penghasilan thumbnail dapat memakan waktu yang cukup lama, menambah beban kerja CPU, dan membutuhkan ruang penyimpanan tambahan.",
    "AsAScheduledTask": "sebagai tugas terjadwal",
    "AsAScheduledTaskAndMediaAdded": "sebagai tugas terjadwal dan ketika media ditambahkan",
    "ButtonRefreshGuideData": "Perbarui Data Panduan",
    "LabelNumberOfGuideDays": "Jumlah hari data panduan yang diunduh:",
    "LabelNumberOfGuideDaysHelp": "Mengunduh lebih banyak hari memungkinkan kamu menjadwalkan lebih awal dan melihat lebih banyak acara, namun juga memakan waktu lebih lama untuk diunduh. Otomatis akan menyesuaikan berdasarkan jumlah saluran. Harap ingat bahwa berapa pun hari yang kamu pilih, harus ada data-nya pada sumber panduannya. Beberapa sumber data panduan hanya menyediakan jadwal 24 jam. Emby Guide Data menyediakan hingga 14 hari.",
    "HeaderFetchImages": "Fetch Images",
    "LabelMaxBackdropsPerItem": "Jumlah maksimum gambar latar per item:",
    "LabelMaxScreenshotsPerItem": "Jumlah maksimum gambar tangkapan layar per item",
    "LabelMinBackdropDownloadWidth": "Lebar minimum gambar latar yang diunduh",
    "LabelMinScreenshotDownloadWidth": "Lebar minimum gambar tangkapan layar yang diunduh",
    "ButtonAddScheduledTaskTrigger": "Tambah Pemicu",
    "ButtonAdd": "Tambah",
    "LabelTriggerType": "Jenis Pemicu",
    "OptionOnInterval": "Interval",
    "OnServerStartup": "On server startup",
    "OptionAfterSystemEvent": "After a system event",
    "LabelDay": "Hari",
    "LabelTime": "Waktu",
    "LabelEvent": "Event",
    "OptionWakeFromSleep": "Wake from sleep",
    "Every": "Every",
    "LabelEnableRealtimeMonitor": "Aktifkan pengawasan folder waktu nyata",
    "LabelEnableRealtimeMonitorHelp": "Perubahan pada berkas akan segera diproses, pada filesystem yang mendukung.",
    "Community": "Komunitas",
    "HeaderEmbyNews": "Berita Emby",
    "LabelFriendlyServerName": "Nama server",
    "LabelFriendlyServerNameHelp": "Nama ini digunakan untuk mengenali server. Jika dikosongkan, nama komputer akan digunakan.",
    "LabelPreferredDisplayLanguage": "Bahasa tampilan utama",
    "LabelPreferredDisplayLanguageHelp": "Menerjemahkan Emby adalah proyek terus-menerus.",
    "LabelReadHowYouCanContribute": "Cari tahu cara kamu dapat berkontribusi.",
    "LabelCustomCss": "CSS khusus",
    "LabelCustomCssHelp": "Terapkan css khusus ke antarmuka web.",
    "LabelLocalHttpServerPortNumber": "Port lokal http",
    "LabelLocalHttpServerPortNumberHelp": "The tcp port number that Emby's http server should bind to.",
    "LabelPublicHttpPort": "Port http publik",
    "LabelPublicHttpPortHelp": "The public port number that should be mapped to the local http port.",
    "LabelPublicHttpsPort": "Port https publik",
    "LabelPublicHttpsPortHelp": "The public port number that should be mapped to the local https port.",
    "RequireHttps": "Perlukan https untuk koneksi eksternal",
    "RequireHttpsHelp": "Jika diaktifkan, koneksi http akan diarahkan ke https.",
    "LabelHttpsPort": "Port https lokal",
    "LabelHttpsPortHelp": "The tcp port number that Emby's https server should bind to.",
    "LabelEnableAutomaticPortMap": "Enable automatic port mapping",
    "LabelEnableAutomaticPortMapHelp": "Attempt to automatically map the public port to the local port via UPnP. This may not work with some router models.",
    "LabelExternalDDNS": "Domain eksternal",
    "LabelExternalDDNSHelp": "Jika kamu memiliki DNS dinamis atau nama domain, masukkan di sini tanpa protokol atau port. Aplikasi-aplikasi Emby akan menggunakannya ketika menghubungkan dari jarak jauh. Ini harus diisi apabila digunakan dengan sertifikat ssl khusus. Contoh: example.com.",
    "LabelMinResumePercentage": "Persentase minimum untuk meneruskan",
    "LabelMaxResumePercentage": "Persentase maksimum untuk meneruskan",
    "LabelMinResumeDuration": "Durasi minimum penerusan (detik)",
    "LabelMinResumePercentageHelp": "Media akan dianggap belum ditonton apabila berhenti menonton sebelum waktu ini",
    "LabelMaxResumePercentageHelp": "Media akan dianggap selesai ditonton apabila berhenti menonton setelah waktu ini",
    "LabelMinResumeDurationHelp": "Media yang lebih singkat dari ini tidak akan mendukung penerusan",
    "HeaderStatus": "Status",
    "Subscriptions": "Langganan",
    "LabelEndingEpisodeNumber": "Ending episode number",
    "LabelEndingEpisodeNumberHelp": "Hanya dibutuhkan untuk berkas multi episode",
    "HeaderSupportTheTeam": "Dukung Tim Emby",
    "HeaderSupportTheTeamHelp": "Bantu meneruskan pengembangan berkelanjutan proyek ini dengan membeli Emby Premiere. Sejumlah pemasukan kami akan kami kontribusikan ke alat-alat gratis yang kami gunakan.",
    "DonationNextStep": "Setelah selesai, silakan kembali dan masukkan kunci Emby Premiere-mu yang kamu peroleh melalui email.",
    "HeaderRunningTasks": "Tugas yang Sedang Berjalan",
    "ButtonUpdateNow": "Perbarui Sekarang",
    "PleaseUpdateManually": "Harap nonaktifkan Emby Server dan pasang versi terkini.",
    "ServerUpToDate": "Emby Server sudah pada versi mutakhir",
    "MessagePleaseRestartServerToFinishUpdating": "Harap mulai ulang server untuk menyelesaikan penerapan pembaruan.",
    "LabelDownMixAudioScale": "Audio boost when downmixing",
    "LabelDownMixAudioScaleHelp": "Boost audio when downmixing. Set to 1 to preserve original volume value.",
    "HeaderForgotKey": "Lupa Kunci",
    "LabelSupporterEmailAddress": "Alamat email yang digunakan untuk membeli kunci.",
    "ButtonRetrieveKey": "Terima Kunci",
    "LabelSupporterKey": "Kunci Emby Premiere (tempel dari email)",
    "LabelSupporterKeyHelp": "Masukkan kunci Emby Premiere-mu untuk menikmati fitur tambahan.",
    "MessageInvalidKey": "Kunci Emby Premiere kosong atau tidak sah.",
    "ErrorMessageInvalidKey": "In order for any premium content to be registered, you must also have an active Emby Premiere subscription.",
    "LabelSkipIfGraphicalSubsPresent": "Skip if the video already contains embedded subtitles matching the download language",
    "LabelSkipIfGraphicalSubsPresentHelp": "Keeping text versions of subtitles will result in more efficient delivery and decrease the likelihood of video transcoding.",
    "HeaderDownloadLanguages": "Bahasa Pengunduhan",
    "LabelSkipIfAudioTrackPresent": "Skip if the default audio track matches the download language",
    "LabelSkipIfAudioTrackPresentHelp": "Uncheck this to ensure all videos have subtitles, regardless of audio language.",
    "SendMessage": "Kirim pesan",
    "HeaderSendMessage": "Kirim Pesan",
    "ButtonSend": "Kirim",
    "LabelMessageText": "Teks pesan",
    "LabelMessageTitle": "Judul pesan",
    "ButtonEditOtherUserPreferences": "Atur profil, gambar, dan preferensi pribadi pengguna ini.",
    "LabelLoginDisclaimer": "Login disclaimer",
    "LabelLoginDisclaimerHelp": "This will be displayed at the bottom of the login page.",
    "HeaderTranscodingTemporaryFiles": "Transcoding Temporary Files",
    "HeaderApiKeys": "Api Keys",
    "HeaderApiKeysHelp": "External applications are required to have an Api key in order to communicate with Emby Server. Keys are issued by logging in with an Emby account, or by manually granting the application a key.",
    "HeaderApiKey": "Api Key",
    "HeaderScheduledTasks": "Scheduled Tasks",
    "HeaderResumeSettings": "Resume Settings",
    "HeaderFetcherSettings": "Fetcher Settings",
    "HeaderActivity": "Activity",
    "ButtonPurchase": "Beli",
    "HeaderInstall": "Install",
    "LabelSelectVersionToInstall": "Select version to install",
    "LinkLearnMoreAboutSubscription": "Learn about Emby Premiere",
    "MessagePluginRequiresSubscription": "This plugin will require an active Emby Premiere subscription after the 14 day free trial.",
    "MessagePremiumPluginRequiresMembership": "This plugin will require an active Emby Premiere subscription in order to purchase after the 14 day free trial.",
    "HeaderDeveloperInfo": "Developer Info",
    "HeaderRevisionHistory": "Revision History",
    "ButtonViewWebsite": "View website",
    "OptionSaveMetadataAsHidden": "Save metadata and images as hidden files",
    "LabelConnectEmail": "(Optional) Emby Connect email address",
    "LabelConnectEmailHelp": "Optionally link this local user to an existing Emby Connect account to enable easy sign-in access from any Emby app without having to know the server IP address.",
    "ButtonLearnMoreAboutEmbyConnect": "Learn more about Emby Connect",
    "LabelDateAddedBehavior": "Date added behavior for new content",
    "OptionDateAddedImportTime": "Use date scanned into the library",
    "OptionDateAddedFileTime": "Use file creation date",
    "LabelDateAddedBehaviorHelp": "If a metadata value is present it will always be used before either of these options.",
    "HeaderLibrarySettings": "Library Settings",
    "HeaderSubtitleDownloads": "Subtitle Downloads",
    "HeaderCameraUploadHelp": "Emby apps can automatically upload photos taken from your mobile devices into Emby Server.",
    "LabelCameraUploadPath": "Camera upload path",
    "LabelCameraUploadPathHelp": "Select a custom upload path. This will override any default settings set in the Camera Upload section. If left blank, a default folder will be used. If using a custom path it will also need to be added as a library in Emby library setup.",
    "DefaultCameraUploadPathHelp": "Select a custom upload path. If left blank, a default folder will be used. If using a custom path it will also need to be added as a library in Emby library setup.",
    "LabelCreateCameraUploadSubfolder": "Create a subfolder for each device",
    "LabelCreateCameraUploadSubfolderHelp": "Specific folders can be assigned to a device by clicking on it from the Devices page.",
    "LabelCustomDeviceDisplayNameHelp": "Supply a custom display name or leave empty to use the name reported by the device.",
    "TabParentalControl": "Parental Control",
    "HeaderAccessSchedule": "Access Schedule",
    "HeaderAccessScheduleHelp": "Create an access schedule to limit access to certain hours.",
    "HeaderLibraryAccess": "Library Access",
    "HeaderChannelAccess": "Channel Access",
    "LabelForgotPasswordUsernameHelp": "Enter your username, if you remember it.",
    "TitlePasswordReset": "Password Reset",
    "HeaderBlockItemsWithNoRating": "Block items with no or unrecognized rating information",
    "LabelBlockContentWithTags": "Restrict Items With Tags",
    "LabelTagRestrictionMode": "Tag restriction mode",
    "BlockItemsWithTheseTags": "Block items with these tags",
    "AllowItemsWithTheseTags": "Allow only items with these tags",
    "OptionAllowContentDownloading": "Allow media downloading",
    "LabelNewUserNameHelp": "Usernames can contain letters (a-z), numbers (0-9), dashes (-), underscores (_), apostrophes ('), and periods (.)",
    "HeaderThisUserIsCurrentlyDisabled": "This user is currently disabled. To enable this user, please see the option at the bottom of this page.",
    "OptionAllowSyncTranscoding": "Allow media downloading that requires transcoding",
    "AllowMediaConversion": "Allow media conversion",
    "AllowMediaConversionHelp": "Grant or deny access to the convert media feature.",
    "OptionAllowAudioPlaybackTranscoding": "Allow audio transcoding, if necessary, during media playback",
    "OptionAllowVideoPlaybackTranscoding": "Allow video transcoding, if necessary, during media playback",
    "OptionAllowVideoPlaybackRemuxing": "Allow changing of container formats, if necessary, during media playback",
    "OptionAllowMediaPlaybackTranscodingHelp": "Restricting access to transcoding will disable quality selection and may cause playback failures in Emby apps due to unsupported media formats or insufficient network bandwidth.",
    "LabelRemoteClientBitrateLimit": "Internet streaming bitrate limit (Mbps)",
    "LabelRemoteClientBitrateLimitHelp": "An optional per-stream bitrate limit for all out of network devices. This is useful to prevent devices from requesting a higher bitrate than your internet connection can handle. This may result in increased CPU load on your server in order to transcode videos on the fly to a lower bitrate.",
    "LabelUserRemoteClientBitrateLimitHelp": "This will override the default global value set in advanced server settings.",
    "OptionEnableFullSpeedConversion": "Enable full speed conversion",
    "OptionEnableFullSpeedConversionHelp": "By default, conversions are performed at a low speed to minimize resource consumption.",
    "OptionEnableAutomaticServerUpdates": "Enable automatic server updates",
    "HeaderTVSources": "TV Sources",
    "HeaderAddTvSource": "Add TV Source",
    "LabelTunerIpAddress": "Tuner IP Address",
    "HeaderGuideProviders": "Guide Data Sources",
    "HeaderAddGuideSource": "Add Guide Data Source",
    "LabelZipCode": "Zip Code",
    "LabelLineup": "Lineup",
    "LabelImportOnlyFavoriteChannels": "Restrict to channels marked as favorite",
    "ImportFavoriteChannelsHelp": "If enabled, only channels that are marked as favorite on the tuner device will be imported.",
    "HeaderDefaultRecordingSettings": "Default Recording Settings",
    "LabelDisplayName": "Display name",
    "OptionDownloadImagesInAdvance": "Download images in advance",
    "OptionDownloadImagesInAdvanceHelp": "By default, most images are not downloaded from the internet until they are displayed by an Emby app. Enable this option to download all images in advance, as new media is imported. This may cause significantly longer library scans.",
    "MessageThankYouForSupporting": "Thank you for supporting Emby.",
    "FileReadCancelled": "The file read has been canceled.",
    "FileNotFound": "File not found.",
    "FileReadError": "An error occurred while reading the file.",
    "NoPluginConfigurationMessage": "This plugin has no settings to configure.",
    "HeaderNewApiKey": "Kode Api Baru",
    "HeaderNewApiKeyHelp": "Grant an application permission to communicate with Emby Server.",
    "MessageKeyEmailedTo": "Key emailed to {0}.",
    "HeaderConfirmation": "Confirmation",
    "MessageKeyUpdated": "Thank you. Your Emby Premiere key has been updated.",
    "MessageKeyRemoved": "Thank you. Your Emby Premiere key has been removed.",
    "TextEnjoyBonusFeatures": "Enjoy Bonus Features",
    "MessageErrorLoadingSupporterInfo": "There was an error loading Emby Premiere information. Please try again later.",
    "ValueTimeLimitSingleHour": "Time limit: 1 hour",
    "ValueTimeLimitMultiHour": "Time limit: {0} hours",
    "General": "General",
    "HeaderScreenSavers": "Screen Savers",
    "Reporting": "Reporting",
    "LabelStopping": "Stopping",
    "HeaderSelectCertificatePath": "Select Certificate Path",
    "HeaderSupporterBenefit": "An active Emby Premiere subscription provides additional benefits such as access to Emby DVR, offline media, premium plugins, and more. {0}Learn more{1}.",
    "LabelAbortedByServerShutdown": "(Aborted by server shutdown)",
    "LabelScheduledTaskLastRan": "Last ran {0}, taking {1}.",
    "HeaderDeleteTaskTrigger": "Delete Task Trigger",
    "MessageDeleteTaskTrigger": "Are you sure you wish to delete this task trigger?",
    "MessageNoPluginsDueToAppStore": "Untuk mengatur semua plugin, silahkan gunakan aplikasi web Emby.",
    "LabelVersionInstalled": "{0} installed",
    "HeaderSelectServerCachePath": "Select Server Cache Path",
    "HeaderSelectTranscodingPath": "Select Transcoding Temporary Path",
    "HeaderSelectMetadataPath": "Select Metadata Path",
    "HeaderSelectServerCachePathHelp": "Browse or enter the path to use for server cache files. The folder must be writeable.",
    "HeaderSelectTranscodingPathHelp": "Browse or enter the path to use for transcoding temporary files. The folder must be writeable.",
    "HeaderSelectMetadataPathHelp": "Browse or enter the path you'd like to store metadata within. The folder must be writeable.",
    "MessageConfirmRestart": "Are you sure you wish to restart Emby Server?",
    "MessageConfirmShutdown": "Are you sure you wish to shutdown Emby Server?",
    "LabelLocalAccessUrl": "In-Home (LAN) access: {0}",
    "LabelRemoteAccessUrl": "Remote (WAN) access: {0}",
    "LabelRunningOnPort": "Running on http port {0}",
    "LabelRunningOnPorts": "Running on http port {0}, and https port {1}",
    "LabelCurrentPath": "Current path",
    "HeaderSelectMediaPath": "Select Media Path",
    "HeaderSelectPath": "Select Path",
    "MessageDirectoryPickerInstruction": "Network paths can be entered manually in the event the Network button fails to locate your devices. For example, {0} or {1}.",
    "MessageDirectoryPickerBSDInstruction": "For BSD, you may need to configure storage within your FreeNAS Jail in order to allow Emby to access it.",
    "MessageDirectoryPickerLinuxInstruction": "For Linux on Arch Linux, CentOS, Debian, Fedora, OpenSuse, or Ubuntu, you must grant the Emby system user at least read access to your storage locations.",
    "MetadataManager": "Metadata Manager",
    "OptionBlockLiveTvChannels": "Live TV Channels",
    "OptionBlockChannelContent": "Internet Channel Content",
    "ButtonRevoke": "Revoke",
    "MessageConfirmRevokeApiKey": "Are you sure you wish to revoke this api key? The application's connection to Emby Server will be abruptly terminated.",
    "HeaderConfirmRevokeApiKey": "Revoke Api Key",
    "MessagePleaseAcceptTermsOfServiceBeforeContinuing": "Please accept the terms of service before continuing.",
    "HeaderChangeFolderType": "Change Content Type",
    "HeaderChangeFolderTypeHelp": "To change the type, please remove and rebuild the library with the new type.",
    "HeaderAlert": "Alert",
    "MessagePleaseRestart": "Please restart to finish updating.",
    "OptionHomeVideos": "Home videos & photos",
    "OptionBooks": "Books",
    "HeaderMetadataReaders": "Metadata Readers",
    "LabelMetadataReadersHelp": "Enable and rank your preferred local metadata sources in order of priority.",
    "HeaderSubtitleDownloaders": "Subtitle Downloaders",
    "SubtitleDownloadersHelp": "Enable and rank your preferred subtitle downloaders in order of priority. More subtitle providers can be installed using the Emby plugin catalog.",
    "LabelMetadataDownloaders": "Metadata downloaders",
    "LabelMetadataDownloadersHelp": "Enable and rank your preferred metadata downloaders in order of priority. Lower priority downloaders will only be used to fill in missing information.",
    "HeaderMetadataSavers": "Metadata Savers",
    "LabelMetadataSaversHelp": "Choose the file formats to save your metadata to.",
    "LabelImageFetchers": "Image fetchers",
    "LabelImageFetchersHelp": "Enable and rank your preferred image fetchers in order of priority.",
    "PersonTypePerson": "Person",
    "HeaderRemoveMediaLocation": "Remove Media Location",
    "MessageConfirmRemoveMediaLocation": "Are you sure you wish to remove this location?",
    "LabelNewName": "New name",
    "HeaderRemoveLibrary": "Remove Library",
    "MessageAreYouSureYouWishToRemoveLibrary": "Are you sure you wish to remove the {0} library from your Emby Server? Your media files will not be affected.",
    "ButtonRename": "Rename",
    "HeaderPluginInstallation": "Plugin Installation",
    "MessageTrialExpired": "The trial period for this feature has expired",
    "MessageTrialWillExpireIn": "The trial period for this feature will expire in {0} day(s)",
    "ValuePriceUSD": "Price: {0} (USD)",
    "MessageFeatureIncludedWithSupporter": "You are registered for this feature, and will be able to continue using it with an active Emby Premiere subscription.",
    "HeaderSelectExternalPlayer": "Select External Player",
    "HeaderExternalPlayerPlayback": "External Player Playback",
    "HeaderThankYou": "Thank You",
    "HeaderSelectUploadPath": "Select Upload Path",
    "ErrorMessageStartHourGreaterThanEnd": "End time must be greater than the start time.",
    "MessagePluginConfigurationRequiresLocalAccess": "To configure this plugin please sign in to your local server directly.",
    "MovieLibraryHelp": "Review the {0}Emby movie naming guide{1}.",
    "TvLibraryHelp": "Review the {0}Emby TV naming guide{1}.",
    "BookLibraryHelp": "Text books are supported. Review the {0}Emby Book naming guide{1}.",
    "MessageGamePluginRequired": "Requires installation of the GameBrowser plugin",
    "HeaderUnlockApp": "Unlock App",
    "MessagePaymentServicesUnavailable": "Payment services are currently unavailable. Please try again later.",
    "NoNewDevicesFound": "No new devices found. To add a new tuner, close this dialog and enter the device information manually.",
    "MessageConfirmDeleteTunerDevice": "Are you sure you wish to delete this device?",
    "MessageConfirmDeleteGuideProvider": "Are you sure you wish to delete this guide provider?",
    "HeaderDeleteProvider": "Delete Provider",
    "ErrorAddingTunerDevice": "There was an error adding the tuner device. Please ensure it is accessible and try again.",
    "ErrorSavingTvProvider": "There was an error saving the TV provider. Please ensure it is accessible and try again.",
    "ErrorGettingTvLineups": "There was an error downloading tv lineups. Please ensure your information is correct and try again.",
    "MessageCreateAccountAt": "Create an account at {0}",
    "ErrorPleaseSelectLineup": "Please select a lineup and try again. If no lineups are available, then please check that your username, password, and postal code is correct.",
    "ErrorValidatingSupporterInfo": "There was an error validating your Emby Premiere information. Please try again later.",
    "LabelLocalSyncStatusValue": "Status: {0}",
    "HeaderTopPlugins": "Top Plugins",
    "ForAdditionalLiveTvOptions": "Browse the Emby {0}plugin catalog{1} to install additional Live TV providers.",
    "AddUser": "Add User",
    "HeaderEmailAddress": "E-Mail Address",
    "NumLocationsValue": "{0} folders",
    "PleaseAddAtLeastOneFolder": "Please add at least one folder to this library by clicking the Add button.",
    "ErrorAddingMediaPathToVirtualFolder": "There was an error adding the media path. Please ensure the path is valid and the Emby Server process has access to that location.",
    "ErrorAddingEmbyConnectAccount3": "The Emby account is already linked to an existing local user. An Emby account can only be linked to one local user at a time.",
    "HeaderConfirmPluginInstallation": "Confirm Plugin Installation",
    "PleaseConfirmPluginInstallation": "Please click OK to confirm you've read the above and wish to proceed with the plugin installation.",
    "MessagePluginInstallDisclaimer": "Plugins built by Emby community members are a great way to enhance your Emby experience with additional features and benefits. Before installing, please be aware of the effects they may have on your Emby Server, such as longer library scans, additional background processing, and decreased system stability.",
    "HardwareAccelerationWarning": "Enabling hardware acceleration may cause instability in some environments. Ensure that your operating system and video drivers are fully up to date. If you have difficulty playing video after enabling this, you'll need to change the setting back to Auto.",
    "ValueExample": "Example: {0}",
    "LabelFileOrUrl": "File or url",
    "OptionEnableForAllTuners": "Enable for all tuner devices",
    "HeaderTuners": "Tuners",
    "DrmChannelsNotImported": "Channels with DRM will not be imported.",
    "LabelAllowHWTranscoding": "Allow hardware transcoding",
    "AllowHWTranscodingHelp": "If enabled, allow the tuner to transcode streams on the fly. This may help reduce transcoding required by Emby Server.",
    "MetadataSettingChangeHelp": "Changing metadata settings will affect new content that is added going forward. To refresh existing content, open the detail screen and click the refresh button, or perform bulk refreshes using the metadata manager.",
    "RecordingPathChangeMessage": "Changing your recording folder will not migrate existing recordings from the old location to the new. You'll need to move them manually if desired.",
    "LabelLocalIpAddress": "Local IP address",
    "LabelBindToLocalNetworkAddressHelp": "Optional. Override the local IP address that Emby Server will present to Emby apps. If left blank, the server will automatically detect the local IP address.",
    "SettingsWarning": "Changing these values may cause instability or connectivity failures. If you experience any problems, we recommend changing them back to default.",
    "OptionSaveMetadataAsHiddenHelp": "Changing this will apply to new metadata saved going forward. Existing metadata files will be updated the next time they are saved by Emby Server.",
    "EnablePhotos": "Enable photos",
    "EnablePhotosHelp": "Photos will be detected and displayed alongside other media files.",
    "ImportPlaylists": "Import playlist files",
    "ImportPlaylistsHelp": "Playlists found in your media directories can be imported into Emby Server.",
    "SaveThumbnailImagesIntoMediaFolders": "Save video preview thumbnails into media folders",
    "LabelGenerateVideoPreviewThumbnails": "Memproses pembuatan pratinjau video",
    "LabelEnableDebugLogging": "Enable debug logging",
    "OptionEnableExternalContentInSuggestions": "Enable external content in suggestions",
    "OptionEnableExternalContentInSuggestionsHelp": "Allow internet trailers and live tv programs to be included within suggested content.",
    "LabelOptionalNetworkPath": "(Optional) Shared network folder",
    "LabelOptionalNetworkPathHelp": "If this folder is shared on your network, supplying the network share path can allow Emby apps on other devices to access media files directly.",
    "SynologyUpdateInstructions": "Please login to DSM and go to Package Center to update.",
    "HeaderRecordingPostProcessing": "Recording Post Processing",
    "LabelPostProcessorArguments": "Post-processor command line arguments",
    "PostProcessorArgumentsHelp": "The following variables are supported in the command line to allow passing data to your post-processor",
    "LabelPostProcessor": "Post-processing application",
    "DvrPostProcessorPathArgument": "{path}: The full path to the new recording file",
    "OptionAutomaticallyGroupSeries": "Automatically merge series that are spread across multiple folders",
    "OptionAutomaticallyGroupSeriesHelp": "If enabled, series that are spread across multiple folders within this library will be automatically merged into a single series.",
    "WhenDidYouPurchaseApp": "When did you originally purchase this app?",
    "PreferEmbeddedTitlesOverFileNames": "Prefer embedded titles over filenames",
    "PreferEmbeddedTitlesOverFileNamesHelp": "This determines the default display title when no internet metadata or local metadata is available.",
    "FriendlyNameForReferenceHelp": "A friendly name used for display, for your own reference.",
    "HeaderLiveTvTunerSetup": "Live TV Tuner Setup",
    "HeaderTVSourceSetup": "TV Source Setup",
    "HeaderDetectMyDevices": "Detect Devices",
    "MessagePleaseWait": "Please wait. This may take a minute.",
    "DetectingDevices": "Detecting devices",
    "LabelAutomaticallyRefreshInternetMetadataEvery": "After the initial import, automatically refresh metadata from the internet",
    "LabelPlaceholderMetadataRefreshInternetMetadataEvery": "Automatically refresh metadata for episodes with placeholder titles such as TBA",
    "EveryNDays": "Every {0} days",
    "NDays": "{0} days",
    "LabelCertificatePassword": "Certificate password",
    "LabelCertificatePasswordHelp": "If your certificate requires a password, please enter it here.",
    "HeaderNewLibrary": "New Library",
    "HttpsRequiresCert": "To enable secure connections, you will need to supply a trusted SSL certificate, such as Lets Encrypt. Please either supply a certificate, or disable secure connections.",
    "ServerRestartNeededAfterPluginInstall": "Emby Server will need to be restarted after installing a plugin.",
    "PluginInstalledMessage": "The plugin has been successfully installed. Emby Server will need to be restarted for changes to take effect.",
    "MessagePremiereStatusGood": "You have a {0} Emby Premiere plan and your device usage is well within your limit.",
    "MessagePremiereStatusClose": "You have a {0} Emby Premiere plan, but your device usage is close to the limit.",
    "MessagePremiereExtendedPlans": "Consider an {0}extended device plan{1}",
    "MessagePremiereStatusOver": "You have a {0} Emby Premiere plan, but you are over your device limit!",
    "ListItemPremiereSub": "{0} subscription purchased via {2} expires {1}",
    "LabelClickToCancel": "Click to cancel this subscription",
    "LabelCancelInfo": "You can manage this subscription directly with {0}",
    "LabelAlreadyCanceled": "This subscription has been canceled. Key will remain valid until expiration.",
    "HeaderCancelSub": "Cancel Emby Premiere",
    "MessageConfirmSubCancel": "NO, Please don't go... You will miss out on all the great features of Emby Premiere!",
    "ButtonCancelSub": "I know, cancel it anyway",
    "ButtonDontCancelSub": "Keep Emby Premiere",
    "MessageSubCancelReqSent": "An email has been sent to the owner of the key. Please follow the instructions in that email to complete the cancellation of this subscription. We hope to see you back soon!",
    "MessageSubCancelError": "Something went wrong trying to cancel. Please send an email to {0} and we'll get you squared away.",
    "LabelAlreadyCancelled": "This subscription has been cancelled. You will not be charged again but the features will work until the date above.",
    "AllowOnTheFlySubtitleExtraction": "Allow subtitle extraction on the fly",
    "AllowOnTheFlySubtitleExtractionHelp": "Embedded subtitles can be extracted from videos and delivered to Emby apps in plain text in order to help prevent video transcoding. On some systems this can take a long time and cause video playback to stall during the extraction process. Disable this to have embedded subtitles burned in with video transcoding when they are not natively supported by the client device.",
    "EnableDebugLoggingHelp": "Debug logging should only be enabled as needed for troubleshooting purposes. The increased file system access may prevent the server machine from being able to sleep in some environments.",
    "LabelSimultaneousConnectionLimit": "Simultaneous stream limit",
    "SimultaneousConnectionLimitHelp": "The maximum number of allowed simultaneous streams. Enter 0 for no limit.",
    "LaunchWebAppOnStartup": "Launch the Emby web app in my web browser when Emby Server starts",
    "LaunchWebAppOnStartupHelp": "This will open the web app in your default web browser when Emby Server initially starts. This will not occur when using the restart server function.",
    "LabelReferrerHeader": "Referrer http header",
    "LabelUserAgentHeader": "User agent http header",
    "SupplyCustomValueIfNeeded": "Supply a custom http header value, if necessary.",
    "HeaderConfigureRemoteAccess": "Configure Remote Access",
    "LearnHowToCreateSynologyShares": "Learn how to share folders in Synology.",
    "LabelAllowedRemoteAddresses": "Remote IP address filter",
    "LabelAllowedRemoteAddressesMode": "Remote IP address filter mode",
    "Whitelist": "Whitelist",
    "Blacklist": "Blacklist",
    "AllowedRemoteAddressesHelp": "Comma separated list of IP addresses or IP\/netmask entries for networks that will be allowed to connect remotely. If left blank, all remote addresses will be allowed.",
    "LabelLanNetworks": "LAN networks",
    "LanNetworksHelp": "Comma separated list of IP addresses or IP\/netmask entries for networks that will be considered on local network when enforcing bandwidth restrictions. If set, all other IP addresses will be considered to be on the external network and will be subject to the external bandwidth restrictions. If left blank, only the server's subnet and common private IP subnets (10.0.0.0\/8, 192.168.0.0\/24, etc.) are considered to be on the local network.",
    "LabelSecureConnectionsMode": "Secure connection mode",
    "PreferredNotRequired": "Preferred, but not required",
    "RequiredForAllRemoteConnections": "Required for all remote connections",
    "HandledByProxy": "Handled by reverse proxy",
    "SaveSubtitlesIntoMediaFolders": "Save downloaded subtitles into media folders",
    "SaveSubtitlesIntoMediaFoldersHelp": "Storing subtitles next to video files will allow them to be more easily managed.",
    "AutomaticSubtitleDownloadInstructions": "To manage automatic subtitle downloading, click on a library in Emby library setup, and edit the subtitle downloading settings for that library.",
    "ProviderNeedsSetupWithUrl": "{0} requires additional setup on the {1} settings screen{2} in Emby Server.",
    "LabelEnableHardwareAcceleration": "Enable hardware acceleration when available",
    "HeaderPreferredHardwareDecoders": "Preferred Hardware Decoders",
    "HeaderPreferredHardwareEncoders": "Preferred Hardware Encoders",
    "AllowChangingImageAndPassword": "Allow this user to change their password and profile image",
    "LabelSimultaneousStreamLimit": "Max simultaneous video streams",
    "SimultaneousStreamLimitHelp": "Limit the number of concurrent video playback sessions.",
    "LabelMusicFolderStructure": "Music folder structure",
    "LabelMusicFolderStructureHelp": "This provides a hint to the library scanner about the way your folders are organized. If you're unsure, or if your folders don't exactly match one of the options, then please select the default option of Other.",
    "OtherOrUnstructured": "Other or unstructured",
    "PerfectArtistAlbumTrack": "Perfectly organized into artist\\album folders, with tracks directly in the album folders.",
    "PerfectAlbumTrack": "Perfectly organized into album folders, with tracks directly in the album folders.",
    "LabelMinCollectionSize": "Minimum automatic collection size",
    "PerfectAuthorAudioBookTrack": "Perfectly organized into author\\book folders, with tracks directly in the book folders.",
    "PerfectAudioBookTrack": "Perfectly organized into book folders, with tracks directly in the book folders.",
    "MinCollectionSizeHelp": "Automatically create collections when you have at least the selected number of titles in your library. Changing this value will not affect existing collections.",
    "LabelImportCollections": "Import collection information from metadata downloaders",
    "LabelImportCollectionsHelp": "When enabled, this will import collection information from your enabled metadata downloaders. This may cause unwanted collections to be automatically created. Disabling will prevent future collections from being automatically created, but will not delete existing ones.",
    "LabelAllowAdultMetadata": "Allow adult metadata",
    "LabelAllowAdultMetadataHelp": "Allow matching adult titles when searching for internet metadata.",
    "HeaderVideoPreviewThumbnails": "Video Preview Thumbnails",
    "LabelEnableHDRToneMapping": "Enable HDR tone mapping",
    "EnableHDRToneMappingHelp": "Tone mapping will ensure correct color conversion when transcoding HDR content, which will otherwise appear highly dimmed and desaturated. Additional driver components may be needed to support hardware acceleration with this feature enabled. Please see our hardware acceleration setup guide for details.",
    "WithHardwareAcceleratedTranscoding": "Yes, only with hardware acceleration",
    "TranscodingStillInitializing": "Emby Server transcoding services are still busy starting up. This screen will automatically refresh when transcoding services are ready.",
    "WithEitherHardwareOrSoftwareTranscoding": "Yes, with either hardware or software transcoding",
    "ToneMappingInHardwareDescription": "Tone mapping will be performed with hardware acceleration when it is enabled and supported by the hardware, and skipped in all other cases.",
    "ToneMappingInSoftwareDescription": "Tone mapping will be performed in software by the CPU. This is much slower than hardware accelerated tone mapping and will require a very powerful server machine.",
    "ToneMappingInBothDescription": "Tone mapping will be performed with hardware acceleration when it is enabled and supported by the hardware, and will fallback to software in all other cases. Tone mapping in software is much slower than hardware accelerated tone mapping and will require a very powerful server machine.",
    "AutoMapped": "Automatically mapped",
    "ManuallyMapped": "Manually mapped",
    "NotMappedToGuideData": "Not mapped to guide data",
    "MappedToValue": "Mapped to {0}",
    "LabelAutomaticallyWakeServerForRecordings": "Automatically wake the server machine to perform recordings",
    "LabelAutomaticallyWakeServerForRecordingsHelp": "Wake events will be scheduled with the server operating system. Disabling this option will prevent future wake events from being scheduled but will not remove any previously scheduled events.",
    "Database": "Database",
    "LabelOptimizeDatabaseOnShutdown": "Attempt to optimize the database on server shutdowns",
    "LabelOptimizeDatabaseOnShutdownHelp": "The database optimize operation is usually a no-op but it will occasionally run an analysis if it seems like doing so will be useful to the query planner. This may cause Emby Server to take longer to shutdown.",
    "LabelDatabaseCacheSize": "Database cache size (MB)",
    "LabelDatabaseCacheSizeHelp": "Sets the amount of data that the database will hold in memory at once, per database file. A larger value may help improve Emby Server performance. Requires a server restart to take effect.",
    "LabelDatabaseAnalysisLimit": "Analysis row limit",
    "LabelDatabaseAnalysisLimitHelp": "When the database is optimized, this is the approximate number of rows examined in each index by the ANALYZE command. A larger value will increase the effectiveness of the database optimization, but may cause Emby Server to take longer to shutdown.",
    "LabelVacuumDb": "Vacuum the database on the next Emby Server startup",
    "LabelVacuumDbHelp": "Vacuuming rebuilds the database file, repacking it into a minimal amount of disk space. In some cases this may improve Emby Server performance. Please note that your Emby Server will not be usable during the time of the vacuum operation, nor will there be any way to monitor the progress of the vacuum. Please avoid force closing the Emby Server process during this time as it may lead to database corruption. This is a one-time operation and this option will revert to unchecked on the next server startup.",
    "AdvancedOptionsWarning": "These are advanced options and should generally be left at defaults unless you have a reason to change them.",
    "HeaderRecentlyActiveDevices": "Recently Active Devices",
    "YesUntilServerRestart": "Yes, until the next server restart",
    "YesUntilLogRotate": "Yes, until the next log file rotation",
    "LabelSubtitleDownloadMaxAge": "Stop trying to automatically download subtitles for videos older than",
    "SubtitleDownloadMaxAgeHelp": "This is based on the date added metadata value.",
    "NoAgeLimit": "No age limit",
    "AnonymizeLogContents": "Anonymize log contents",
    "Markers": "Markers",
    "LabelGenerateIntroVideoMarkers": "Generate intro video markers",
    "GenerateIntroVideoMarkersHelp": "Detects show intros and displays the 'Skip Intro' button in Emby apps. Intro detection may take a long time and cause high CPU or disk usage.",
    "LabelCopyFromUser": "Copy settings from user",
    "CopyFromUserHelp": "Optional. Speed up new user creation by copying information from an existing user.",
    "UserPolicy": "User Policy (library and feature access, parental controls, etc.)",
    "UserConfiguration": "User Configuration (preferred audio and subtitle languages, library order, etc.)",
    "HeaderCopyOptions": "Copy Options",
    "LabelMultiRestrictionMode": "Multiple restriction mode",
    "MultiRestrictionModeAll": "Allow content matching both the rating and tag restrictions",
    "MultiRestrictionModeAny": "Allow content matching either the rating or tag restrictions",
    "AllowMappingByChannelNumber": "Allow mapping to guide data using channel numbers",
    "AllowMappingByChannelNumberHelp": "This can be used as a fallback to match tuner channels with guide data whenever a match can't be found based on the channel name. This may lead to inaccurate matching if channel numbers from the tuner are not correct.",
    "LabelPreferredSourceForChannelLogos": "Prefer channel logos from the guide data over the tuner when both have them available",
    "LabelPreferredSourceForChannelNumbers": "Prefer channel numbers from the guide data over the tuner when both have them available",
    "HeaderSoftwareEncoders": "Software Encoders",
    "LabelProxyHeaderMode": "Read proxy headers to determine client IP addresses",
    "ProxyHeadersRemoteOnly": "Only when they contain remote network addresses",
    "ProxyHeaderModeHelp": "Determines if request headers such as {0} and {1} should be used to determine the IP address of connecting devices.",
    "AllowCameraUpload": "Allow camera upload",
    "AllowCameraUploadHelp": "If allowed, and if enabled in Emby mobile apps, users can automatically upload photos and videos taken from their camera to this Emby Server",
    "CameraUploadMustBeGranted": "You must also be granted access to camera upload by your server administrator.",
    "EnableReadingAndWritingPeopleMetadata": "Enable reading and writing of person metadata files",
    "EnableReadingAndWritingPeopleMetadataHelp": "Requires the Nfo Metadata plugin to be installed. This will allow saving your people edits to nfo metadata files but will result in longer library scans.",
    "LabelIgnoreSampleFiles": "Ignore files containing the word sample in the filename if their size is less than (MB)",
    "PreferredChannelImageSource": "Preferred channel image source",
    "PreferredChannelImageSourceHelp": "Select a preferred channel image when both the tuner and guide data have images available.",
    "CacheImagesInServerData": "Keep a cached copy of images in the server's metadata folder",
    "CacheImagesInServerDataHelp": "If your media and images are stored on another machine, keeping a cached copy of images in the server metadata folder will reduce network access and may improve performance. The cost of creating this cache is that library scans will be slower and the server metadata folder will consume significantly more disk space.",
    "AllowSharingPersonalContent": "Allow sharing personal content such as playlists with other users on this server",
    "AllowSharingPersonalContentHelp": "If granted, this user will be able to share their playlists with other users. Playlist items will still be restricted based on user library access and parental controls.",
    "LiveBufferSizeHours": "Live stream buffer size limit (hours)",
    "LiveBufferSizeHoursHelp": "A longer buffer will provide a greater ability to seek forwards and backwards during a live stream, but will consume more disk space."
}