{
    "LabelPlaceholderMetadataRefreshInternetMetadataEvery": "Automatically refresh metadata for episodes with placeholder titles such as TBA:",
    "LabelYoureDone": "Kamu sudah selesai!",
    "ThisWizardWillGuideYou": "Panduan ini akan memandu Anda melalui proses setup. Untuk memulai, silahkan pilih bahasa yang Anda gunakan.",
    "HeaderCreateYourFirstUser": "Buat Akun Pertama",
    "ButtonQuickStartGuide": "Panduan Memulai Cepat",
    "MoreUsersCanBeAddedLater": "pengguna dapat ditambahkan nanti dalam Pengaturan Emby Server.",
    "UserProfilesIntro": "Emby menyertakan dukungan bawaan untuk profil pengguna, yang memungkinkan setiap pengguna memiliki pengaturan tampilan, kondisi pemutaran, dan kontrol orang tua mereka sendiri.",
    "WizardCompleted": "Hanya itu yang kami butuhkan untuk saat ini. Emby mulai mengumpulkan informasi tentang perpustakaan media Anda. Lihat beberapa aplikasi kami, lalu klik <b> Selesai <\/b> untuk melihat <b> Dasbor Server <\/b>.",
    "HeaderTermsOfService": "Persyaratan Layanan Emby",
    "MessagePleaseAcceptTermsOfService": "Harap setujui persyaratan layanan dan kebijakan privasi sebelum melanjutkan.",
    "OptionIAcceptTermsOfService": "Saya menerima persyaratan layanan.",
    "HeaderGuideDataSetup": "Pengaturan Panduan Data",
    "LabelGuideSource": "Sumber Panduan",
    "SeeOurHwaGuide": "Lihat {0}Panduan Pengaturan  akselerasi perangkat keras{1}.",
    "HeaderEmbyServerReleaseNotes": "Catatan Rilis Server Emby",
    "AllowSubtitleDownloading": "Izinkan unduhan Subtitle\/terjemahan",
    "AllowSubtitleManagement": "Izinkan menghapus subtitle\/terjemahan yang ada",
    "NewUserNameHelp": "Beginilah tampilan pengguna di server Anda.",
    "ChapterMarkers": "Penanda chapter\/bab",
    "LabelThumbnailImagesInterval": "interval gambar",
    "ThumbnailImagesIntervalHelp": "Thumbnail yang lebih sering akan menghasilkan pengalaman yang lebih baik, tetapi akan membutuhkan lebih banyak ruang disk dan waktu untuk membuat gambar.",
    "LabelAuthProvider": "Penyedia otentifikasi:",
    "AuthProviderHelp": "Administrator selalu menggunakan penyedia pengaturan utama Emby untuk memastikan Anda tidak pernah terkunci.",
    "HeaderNewUser": "Pengguna Baru",
    "ChangeServerDisplayName": "Ubah Nama Tampilan Server",
    "ShowAdvancedSettings": "Perlihatkan Pengaturan tambahan",
    "ChangingMetadataImageSettingsNewContent": "Perubahan pada metadata atau setelan pengunduhan karya seni hanya akan berlaku untuk konten baru yang ditambahkan ke perpustakaan Anda. Untuk menerapkan perubahan pada judul yang ada, Anda perlu menyegarkan metadatanya secara manual.",
    "AllowRemoteAccess": "Izinkan koneksi jarak jauh ke Server Emby ini.",
    "AllowRemoteAccessHelp": "Jika tidak dicentang, semua koneksi jarak jauh akan diblokir.",
    "Alerts": "Peringatan",
    "LabelTrackTitleDisplay": "Tampilan judul lagu yang disematkan:",
    "GenerateUserFriendlyTrackTitles": "Hasilkan judul yang ramah pengguna menggunakan informasi trek",
    "PreferOriginalTrackTitles": "Memilih judul yang disematkan",
    "TrackTitleDisplayHelp": "Pilih judul tampilan trek audio dan subtitle yang disematkan. Lebih memilih Judul yang disematkan tidak disarankan kecuali Anda secara manual melakukan kurasi informasi trek Judul yang disematkan.",
    "EnableTranscodingThrottle": "Aktifkan pelambatan",
    "EnableTranscodingThrottleHelp": "Emby dinamis akan menyesuaikan kecepatan transcoding berbasis untuk mengurangi penggunaan CPU.",
    "HeaderTypeMetadataDownloaders": "{0} Pengunduh Metadata",
    "HeaderTypeImageFetchers": "{0} Pengambil Gambar",
    "HeaderImageOptions": "Opsi Gambar",
    "OptionBeta": "Beta",
    "HeaderTaskTriggers": "Pemicu Tugas",
    "Paths": "Jalur",
    "RegisterWithPayPal": "Daftar dengan PayPal",
    "LabelSyncTempPath": "Jalur file sementara:",
    "LabelSyncTempPathHelp": "Tentukan folder kerja kustom. Media yang dikonversi yang dibuat selama proses konversi akan disimpan di sini.",
    "LabelCustomCertificatePath": "Kustom jalur sertifikat ssl:",
    "LabelCustomCertificatePathHelp": "Jalur ke file PKCS # 12 yang berisi sertifikat dan kunci pribadi untuk mengaktifkan dukungan TLS di domain khusus.",
    "HeaderSetupLibrary": "Pengaturan Media Perpustakaan",
    "LabelTimeLimitHours": "Batas waktu (jam):",
    "HeaderPreferredMetadataLanguage": "Bahasa Metadata Pilihan",
    "LabelSaveLocalMetadata": "Simpan karya seni ke dalam folder media",
    "LabelSaveLocalMetadataHelp": "Menyimpan karya seni ke dalam folder media akan menempatkannya di tempat yang mudah disimpan dan diedit.",
    "TabPassword": "Kata sandi",
    "TabLibraryAccess": "Akses Perpustakaan",
    "TabAccess": "Akses",
    "HeaderDeviceAccess": "Akses Perangkat",
    "OptionEnableAccessFromAllDevices": "Aktifkan akses dari semua perangkat",
    "OptionEnableAccessToAllChannels": "Aktifkan akses ke semua channel",
    "OptionEnableAccessToAllLibraries": "Aktifkan akses ke semua pustaka",
    "DeviceAccessHelp": "Memfilter akses perangkat pengguna akan mencegah mereka menggunakan perangkat baru hingga disetujui di sini.",
    "LabelDisplayMissingEpisodesWithinSeasons": "Tampilkan musim episode yang hilang",
    "LabelDisplayMissingEpisodesWithinSeasonsHelp": "Ini juga harus diaktifkan untuk perpustakaan TV di Pengaturan Emby Server.",
    "ImportMissingEpisodesHelp": "Jika diaktifkan, informasi tentang episode yang hilang akan diimpor ke database Emby Anda dan ditampilkan dalam musim dan serial. Ini dapat menyebabkan pemindaian perpustakaan yang jauh lebih lama.",
    "MessageEnablingOptionLongerScans": "Mengaktifkan opsi ini dapat menghasilkan pemindaian perpustakaan yang jauh lebih lama.",
    "HeaderCreatePassword": "Buat Sandi",
    "LabelMaxParentalRating": "Peringkat orang tua maksimum yang diizinkan",
    "MaxParentalRatingHelp": "Konten dengan peringkat yang lebih tinggi akan disembunyikan dari pengguna ini.",
    "LibraryAccessHelp": "Pilih folder media untuk dibagikan dengan pengguna ini. Administrator akan dapat mengedit semua folder menggunakan pengelola metadata.",
    "ChannelAccessHelp": "Pilih saluran yang akan dibagikan dengan pengguna ini. Administrator akan dapat mengedit semua saluran menggunakan pengelola metadata.",
    "LabelSelectUsers": "Pilih pengguna:",
    "ImageUploadAspectRatioHelp": "Rasio Aspek 1:1 Direkomendasikan. JPG\/PNG saja.",
    "AlreadyPaidHelp1": "Jika Anda sudah membayar untuk menginstal versi lama Media Browser untuk Android, Anda tidak perlu membayar lagi untuk mengaktifkan aplikasi ini. Klik Oke untuk mengirim email kepada kami di {0} dan kami akan mengaktifkannya untuk Anda.",
    "AlreadyPaidHelp2": "Punya Emby Premiere?  Batalkan saja dialog ini, atur Emby Premiere di Dasbor Server Emby Anda di bawah Bantuan -> Emby Premiere, dan itu akan dibuka secara otomatis.",
    "TabMyPlugins": "Plugin Saya",
    "TabCatalog": "Katalog",
    "HeaderAutomaticUpdates": "Pembaruan Otomatis",
    "Standard": "Standar",
    "TabSupporterKey": "Kunci Premiere Emby",
    "TabBecomeSupporter": "Dapatkan Emby Premiere",
    "TabEmbyPremiere": "Emby Premiere",
    "OptionHideUserLocal": "Sembunyikan pengguna ini dari layar masuk di jaringan lokal",
    "OptionHideUserRemote": "Sembunyikan pengguna ini dari layar masuk saat terhubung dari jarak jauh",
    "OptionHideUserFromLoginHelp": "Berguna untuk akun administrator pribadi atau tersembunyi. Pengguna harus masuk secara manual dengan memasukkan nama pengguna dan kata sandi.",
    "HideFromUnusedDevices": "Sembunyikan pengguna ini dari layar masuk di perangkat yang belum pernah mereka masuki",
    "OptionDisableUser": "Nonaktifkan pengguna ini",
    "OptionDisableUserHelp": "Jika dinonaktifkan, server tidak akan mengizinkan koneksi apa pun dari pengguna ini. Koneksi yang ada akan dihentikan secara tiba-tiba.",
    "OptionAllowUserToManageServer": "Izinkan pengguna ini untuk mengelola server",
    "HeaderFeatureAccess": "Akses Fitur",
    "OptionAllowMediaPlayback": "Izinkan pemutaran media",
    "AllLibraries": "Semua perpustakaan",
    "HeaderAllowMediaDeletionFrom": "Izinkan Penghapusan Media Dari",
    "AllowDeletionFromAll": "Izinkan penghapusan media dari semua perpustakaan",
    "LiveTVRecordingManagement": "Live TV Recording Management",
    "OptionAllowRemoteControlOthers": "Izinkan kendali jarak jauh dari pengguna lain",
    "OptionAllowRemoteSharedDevices": "Izinkan kendali jarak jauh perangkat bersama",
    "OptionAllowRemoteSharedDevicesHelp": "Perangkat DLNA dianggap dibagikan sampai pengguna mulai mengontrolnya.",
    "OptionAllowLinkSharing": "Izinkan berbagi media sosial",
    "OptionAllowLinkSharingHelp": "Hanya halaman web yang berisi informasi media yang dibagikan. File media tidak pernah dibagikan secara publik. Pembagian dibatasi waktu dan akan kedaluwarsa setelah {0} hari.",
    "Cache": "Cache",
    "OptionRelease": "Rilis Resmi",
    "LabelAllowServerAutoRestartPlugin": "Allow the server to restart automatically to apply plugin updates",
    "LabelAllowServerAutoRestartServerOrPlugin": "Allow the server to restart automatically to apply server or plugin updates",
    "LabelAllowServerAutoRestartHelp": "Server hanya akan memulai ulang selama periode idle, ketika tidak ada pengguna yang aktif.",
    "LabelRunServerAtStartup": "Jalankan server saat startup",
    "LabelRunServerAtStartupHelp": "Ini akan memulai tray ikon Emby pada startup Windows. Jika Anda telah menyiapkan layanan Windows, biarkan ini tidak dicentang dan konfigurasikan layanan untuk dijalankan saat startup.",
    "ButtonSelectDirectory": "Pilih Direktori",
    "LabelCachePath": "Jalur cache:",
    "DefaultMetadataLangaugeDescription": "Ini adalah bawaanAnda dan dapat disesuaikan berdasarkan per-perpustakaan.",
    "LabelCachePathHelp": "Tentukan lokasi khusus untuk file cache server, seperti gambar. Biarkan kosong untuk menggunakan default server.",
    "LabelRecordingPath": "Jalur perekaman default:",
    "LabelMovieRecordingPath": "Jalur perekaman film (opsional):",
    "LabelSeriesRecordingPath": "Jalur perekaman seri (opsional):",
    "HeaderProgramData": "Program Data",
    "LabelRecordingPathHelp": "Tentukan lokasi default untuk menyimpan rekaman. Jika dibiarkan kosong, folder program data server akan digunakan.",
    "LabelMetadataPath": "Jalur metadata:",
    "LabelMetadataPathHelp": "Tentukan lokasi untuk karya seni dan metadata yang diunduh, atau kosongkan ini untuk kembali ke default. Jika mengubah ini, Anda harus memigrasikan konten secara manual dari lokasi lama ke lokasi baru. Jika Anda pernah mengubah konten folder metadata secara manual, Anda harus menjalankan {0}tugas terjadwal folder metadata pemindaian{1}.",
    "LabelTranscodingTempPath": "Transcoding jalur sementara:",
    "LabelTranscodingTempPathHelp": "Folder ini berisi file kerja yang digunakan oleh transcoder. Tentukan jalur khusus, atau biarkan kosong untuk menggunakan default dalam folder server data.",
    "GenerateVideoPreviewThumbnailsHelp": "Pratinjau video menunjukkan gambar cuplikan video pada posisi tertentu Proses ini bisa memakan waktu relatif panjang, menambah beban kerja CPU, dan membutuhkan tempat penyimpanan yang cukup pada harddisk.",
    "AsAScheduledTask": "atur tugas terjadwal",
    "AsAScheduledTaskAndMediaAdded": "Atur tugas terjadwal dan saat media ditambahkan",
    "ButtonRefreshGuideData": "Refresh Guide Data",
    "LabelNumberOfGuideDays": "Number of days of guide data to download:",
    "LabelNumberOfGuideDaysHelp": "Downloading more days worth of guide data provides the ability to schedule out further in advance and view more listings, but it will also take longer to download. Auto will choose based on the number of channels. Please note that regardless of how many days you choose, the data must exist in the source guide data in order for it to be downloaded. Some guide data sources only provide 24 hours. Emby Guide Data supports up to 14 days.",
    "HeaderFetchImages": "Fetch Images:",
    "LabelMaxBackdropsPerItem": "Maximum number of backdrops per item:",
    "LabelMaxScreenshotsPerItem": "Maximum number of screenshots per item:",
    "LabelMinBackdropDownloadWidth": "Minimum backdrop download width:",
    "LabelMinScreenshotDownloadWidth": "Minimum screenshot download width:",
    "ButtonAddScheduledTaskTrigger": "Add Trigger",
    "HeaderAddScheduledTaskTrigger": "Add Trigger",
    "ButtonAdd": "Add",
    "LabelTriggerType": "Trigger Type:",
    "OptionDaily": "Daily",
    "OptionWeekly": "Weekly",
    "OptionOnInterval": "On an interval",
    "OptionOnAppStartup": "On application startup",
    "OptionAfterSystemEvent": "After a system event",
    "LabelDay": "Day:",
    "LabelTime": "Time:",
    "LabelEvent": "Event:",
    "OptionWakeFromSleep": "Wake from sleep",
    "LabelEveryXMinutes": "Every:",
    "LabelSpecialSeasonsDisplayName": "Special season display name:",
    "LabelEnableRealtimeMonitor": "Enable real time monitoring",
    "LabelEnableRealtimeMonitorHelp": "Changes to files will be processed immediately, on supported file systems.",
    "Community": "Community",
    "HeaderEmbyNews": "Emby News",
    "LabelFriendlyServerName": "Friendly server name:",
    "LabelFriendlyServerNameHelp": "This name will be used to identify this server. If left blank, the computer name will be used.",
    "LabelPreferredDisplayLanguage": "Preferred display language:",
    "LabelPreferredDisplayLanguageHelp": "Translating Emby is an ongoing project.",
    "LabelReadHowYouCanContribute": "Learn how you can contribute.",
    "LabelCustomCss": "Custom css:",
    "LabelCustomCssHelp": "Apply your own custom css to the web interface.",
    "LabelLocalHttpServerPortNumber": "Local http port number:",
    "LabelLocalHttpServerPortNumberHelp": "The tcp port number that Emby's http server should bind to.",
    "LabelPublicHttpPort": "Public http port number:",
    "LabelPublicHttpPortHelp": "The public port number that should be mapped to the local http port.",
    "LabelPublicHttpsPort": "Public https port number:",
    "LabelPublicHttpsPortHelp": "The public port number that should be mapped to the local https port.",
    "RequireHttps": "Require https for external connections",
    "RequireHttpsHelp": "If enabled, connections over http will be redirected to https.",
    "LabelHttpsPort": "Local https port number:",
    "LabelHttpsPortHelp": "The tcp port number that Emby's https server should bind to.",
    "LabelEnableAutomaticPortMap": "Enable automatic port mapping",
    "LabelEnableAutomaticPortMapHelp": "Attempt to automatically map the public port to the local port via UPnP. This may not work with some router models.",
    "LabelExternalDDNS": "External domain:",
    "LabelExternalDDNSHelp": "If you have a dynamic DNS or domain name, enter it here, without protocol or port. Emby apps will use it when connecting remotely. This field is required when used with a custom ssl certificate. Example: mydomain.com.",
    "LabelMinResumePercentage": "Min resume percentage:",
    "LabelMaxResumePercentage": "Max resume percentage:",
    "LabelMinResumeDuration": "Min resume duration (seconds):",
    "LabelMinResumePercentageHelp": "Titles are assumed unplayed if stopped before this time",
    "LabelMaxResumePercentageHelp": "Titles are assumed fully played if stopped after this time",
    "LabelMinResumeDurationHelp": "Titles shorter than this will not be resumable",
    "HeaderStatus": "Status",
    "Subscriptions": "Subscriptions",
    "HeaderProgram": "Program",
    "HeaderClients": "Clients",
    "LabelCompleted": "Completed",
    "LabelFailed": "Failed",
    "LabelSkipped": "Skipped",
    "LabelSeries": "Series:",
    "LabelEndingEpisodeNumber": "Ending episode number:",
    "LabelEndingEpisodeNumberHelp": "Only required for multi-episode files",
    "HeaderSupportTheTeam": "Support the Emby Team",
    "HeaderSupportTheTeamHelp": "Help ensure the continued development of this project by purchasing Emby Premiere. A portion of all income will be contributed to other free tools we depend on.",
    "DonationNextStep": "Once complete, please return and enter your Emby Premiere key, which you will receive by email.",
    "LabelSeasonFolderPattern": "Season folder pattern:",
    "LabelSeasonZeroFolderName": "Season zero folder name:",
    "HeaderResult": "Result",
    "LabelTransferMethod": "Transfer method",
    "HeaderLatestNews": "Latest News",
    "HeaderRunningTasks": "Running Tasks",
    "HeaderActiveDevices": "Active Devices",
    "HeaderPendingInstallations": "Pending Installations",
    "ButtonRestartNow": "Restart Now",
    "ButtonShutdown": "Shutdown Emby Server",
    "ButtonUpdateNow": "Update Now",
    "TabHosting": "Hosting",
    "PleaseUpdateManually": "Please shutdown Emby Server and install the latest version.",
    "ServerUpToDate": "Emby Server is up to date",
    "LabelComponentsUpdated": "The following components have been installed or updated:",
    "MessagePleaseRestartServerToFinishUpdating": "Please restart the server to finish applying updates.",
    "LabelDownMixAudioScale": "Audio boost when downmixing:",
    "LabelDownMixAudioScaleHelp": "Boost audio when downmixing. Set to 1 to preserve original volume value.",
    "LabelCurrentEmailAddress": "Current email address",
    "LabelCurrentEmailAddressHelp": "The current email address to which your new key was sent.",
    "HeaderForgotKey": "Forgot Key",
    "LabelSupporterEmailAddress": "The email address that was used to purchase the key.",
    "ButtonRetrieveKey": "Retrieve Key",
    "LabelSupporterKey": "Emby Premiere key (paste from email):",
    "LabelSupporterKeyHelp": "Enter your Emby Premiere key to start enjoying additional benefits.",
    "MessageInvalidKey": "Emby Premiere key is missing or invalid.",
    "ErrorMessageInvalidKey": "In order for any premium content to be registered, you must also have an active Emby Premiere subscription.",
    "HeaderRequireManualLogin": "Require manual username entry for:",
    "HeaderRequireManualLoginHelp": "When disabled, Emby apps may present a login screen with a visual selection of users.",
    "OptionOtherApps": "Other apps",
    "OptionMobileApps": "Mobile apps",
    "SendTestNotification": "Send Test Notification",
    "NotificationSent": "Notification sent",
    "DeleteNotificationConfirmation": "Are you sure you wish to delete this notification?",
    "DeleteNotification": "Delete Notification",
    "AddNotification": "Add Notification",
    "EditNotification": "Edit Notification",
    "LimitUserEventsTo": "Limit user events to:",
    "LimitLibraryEventsTo": "Limit library events to:",
    "LabelSendNotificationToUsers": "Send the notification to:",
    "LabelMaxBitrate": "Max bitrate:",
    "LabelMaxBitrateHelp": "Specify a max bitrate in bandwidth constrained environments, or if the device imposes it's own limit.",
    "LabelMusicStaticBitrate": "Music sync bitrate:",
    "LabelMusicStaticBitrateHelp": "Specify a max bitrate when syncing music",
    "LabelDeviceDescription": "Device description",
    "HeaderDownloadSubtitlesFor": "Download subtitles for:",
    "LabelSkipIfGraphicalSubsPresent": "Skip if the video already contains embedded subtitles",
    "LabelSkipIfGraphicalSubsPresentHelp": "Keeping text versions of subtitles will result in more efficient delivery and decrease the likelihood of video transcoding.",
    "HeaderDownloadLanguages": "Download Languages",
    "LabelSkipIfAudioTrackPresent": "Skip if the default audio track matches the download language",
    "LabelSkipIfAudioTrackPresentHelp": "Uncheck this to ensure all videos have subtitles, regardless of audio language.",
    "SendMessage": "Send message",
    "HeaderSendMessage": "Send Message",
    "ButtonSend": "Send",
    "ViewPlaybackInfo": "View playback info",
    "LabelMessageText": "Message text:",
    "LabelMessageTitle": "Message title:",
    "MessageNoAvailablePlugins": "No available plugins.",
    "HeaderTypeText": "Enter Text",
    "LabelTypeText": "Text",
    "OptionAuto": "Auto",
    "ButtonEditOtherUserPreferences": "Edit this user's profile, image and personal preferences.",
    "ViewTypeMovies": "Movies",
    "ViewTypeTvShows": "TV",
    "ViewTypeGames": "Games",
    "ViewTypeMusic": "Music",
    "ViewTypeMusicSongs": "Songs",
    "ViewTypeMusicFavorites": "Favorites",
    "ViewTypeMusicFavoriteAlbums": "Favorite Albums",
    "ViewTypeMusicFavoriteArtists": "Favorite Artists",
    "ViewTypeMusicFavoriteSongs": "Favorite Songs",
    "OptionLibraryFolders": "Media folders",
    "TitleRemoteControl": "Remote Control",
    "TabBranding": "Branding",
    "HeaderBrandingHelp": "Customize the appearance of Emby to fit the needs of your group or organization.",
    "LabelLoginDisclaimer": "Login disclaimer:",
    "LabelLoginDisclaimerHelp": "This will be displayed at the bottom of the login page.",
    "LabelMetadata": "Metadata:",
    "HeaderTranscodingTemporaryFiles": "Transcoding Temporary Files",
    "HeaderBranding": "Branding",
    "HeaderApiKeys": "Api Keys",
    "HeaderApiKeysHelp": "External applications are required to have an Api key in order to communicate with Emby Server. Keys are issued by logging in with an Emby account, or by manually granting the application a key.",
    "HeaderApiKey": "Api Key",
    "HeaderApp": "App",
    "HeaderDevice": "Device",
    "HeaderUser": "User",
    "TabView": "View",
    "ButtonView": "View",
    "TabUsers": "Users",
    "HeaderFeatures": "Features",
    "HeaderAdvanced": "Advanced",
    "HeaderScheduledTasks": "Scheduled Tasks",
    "HeaderResumeSettings": "Resume Settings",
    "HeaderFetcherSettings": "Fetcher Settings",
    "HeaderActivity": "Activity",
    "MessageServerConfigurationUpdated": "Server configuration has been updated",
    "MessageNamedServerConfigurationUpdatedWithValue": "Server configuration section {0} has been updated",
    "ProviderValue": "Provider: {0}",
    "LabelAirTime:": "Air time:",
    "ButtonPurchase": "Purchase",
    "HeaderInstall": "Install",
    "LabelSelectVersionToInstall": "Select version to install:",
    "LinkLearnMoreAboutSubscription": "Learn about Emby Premiere",
    "MessagePluginRequiresSubscription": "This plugin will require an active Emby Premiere subscription after the 14 day free trial.",
    "MessagePremiumPluginRequiresMembership": "This plugin will require an active Emby Premiere subscription in order to purchase after the 14 day free trial.",
    "HeaderDeveloperInfo": "Developer Info",
    "HeaderRevisionHistory": "Revision History",
    "ButtonViewWebsite": "View website",
    "OptionSaveMetadataAsHidden": "Save metadata and images as hidden files",
    "LabelConnectEmail": "(Optional) Emby Connect email address:",
    "LabelConnectEmailHelp": "Optionally link this local user to an existing Emby Connect account to enable easy sign-in access from any Emby app without having to know the server IP address.",
    "ButtonLearnMoreAboutEmbyConnect": "Learn more about Emby Connect",
    "LabelDateAddedBehavior": "Date added behavior for new content:",
    "OptionDateAddedImportTime": "Use date scanned into the library",
    "OptionDateAddedFileTime": "Use file creation date",
    "LabelDateAddedBehaviorHelp": "If a metadata value is present it will always be used before either of these options.",
    "HeaderLibrarySettings": "Library Settings",
    "HeaderSubtitleDownloads": "Subtitle Downloads",
    "HeaderCameraUploadHelp": "Emby apps can automatically upload photos taken from your mobile devices into Emby Server.",
    "LabelCameraUploadPath": "Camera upload path:",
    "LabelCameraUploadPathHelp": "Select a custom upload path. This will override any default settings set in the Camera Upload section. If left blank, a default folder will be used. If using a custom path it will also need to be added as a library in Emby library setup.",
    "DefaultCameraUploadPathHelp": "Select a custom upload path. If left blank, a default folder will be used. If using a custom path it will also need to be added as a library in Emby library setup.",
    "LabelCreateCameraUploadSubfolder": "Create a subfolder for each device",
    "LabelCreateCameraUploadSubfolderHelp": "Specific folders can be assigned to a device by clicking on it from the Devices page.",
    "LabelCustomDeviceDisplayNameHelp": "Supply a custom display name or leave empty to use the name reported by the device.",
    "TabParentalControl": "Parental Control",
    "HeaderAccessSchedule": "Access Schedule",
    "HeaderAccessScheduleHelp": "Create an access schedule to limit access to certain hours.",
    "LabelAccessDay": "Day of week:",
    "LabelAccessStart": "Start time:",
    "LabelAccessEnd": "End time:",
    "HeaderSchedule": "Schedule",
    "HeaderLibraryAccess": "Library Access",
    "HeaderChannelAccess": "Channel Access",
    "LabelForgotPasswordUsernameHelp": "Enter your username, if you remember it.",
    "TitlePasswordReset": "Password Reset",
    "HeaderBlockItemsWithNoRating": "Block items with no or unrecognized rating information:",
    "LabelBlockContentWithTags": "Restrict Items With Tags",
    "LabelTagRestrictionMode": "Tag restriction mode:",
    "BlockItemsWithTheseTags": "Block items with these tags",
    "AllowItemsWithTheseTags": "Allow only items with these tags",
    "OptionAllowContentDownloading": "Allow media downloading",
    "LabelNewUserNameHelp": "Usernames can contain letters (a-z), numbers (0-9), dashes (-), underscores (_), apostrophes ('), and periods (.)",
    "HeaderThisUserIsCurrentlyDisabled": "This user is currently disabled. To enable this user, please see the option at the bottom of this page.",
    "OptionEnableTranscodingThrottle": "Enable throttling",
    "OptionEnableTranscodingThrottleHelp": "Throttling will automatically adjust transcoding speed in order to minimize server cpu utilization during playback.",
    "OptionAllowSyncTranscoding": "Allow media downloading that requires transcoding",
    "AllowMediaConversion": "Allow media conversion",
    "AllowMediaConversionHelp": "Grant or deny access to the convert media feature.",
    "OptionAllowAudioPlaybackTranscoding": "Allow audio transcoding, if necessary, during media playback",
    "OptionAllowVideoPlaybackTranscoding": "Allow video transcoding, if necessary, during media playback",
    "OptionAllowVideoPlaybackRemuxing": "Allow changing of container formats, if necessary, during media playback",
    "OptionAllowMediaPlaybackTranscodingHelp": "Restricting access to transcoding will disable quality selection and may cause playback failures in Emby apps due to unsupported media formats or insufficient network bandwidth.",
    "LabelRemoteClientBitrateLimit": "Internet streaming bitrate limit (Mbps):",
    "LabelRemoteClientBitrateLimitHelp": "An optional per-stream bitrate limit for all out of network devices. This is useful to prevent devices from requesting a higher bitrate than your internet connection can handle. This may result in increased CPU load on your server in order to transcode videos on the fly to a lower bitrate.",
    "LabelUserRemoteClientBitrateLimitHelp": "This will override the default global value set in advanced server settings.",
    "LabelConversionCpuCoreLimit": "CPU core limit:",
    "LabelConversionCpuCoreLimitHelp": "Limit the number of CPU cores that will be used during background conversion.",
    "OptionEnableFullSpeedConversion": "Enable full speed conversion",
    "OptionEnableFullSpeedConversionHelp": "By default, conversions are performed at a low speed to minimize resource consumption.",
    "OptionEnableAutomaticServerUpdates": "Enable automatic server updates",
    "HeaderType": "Type",
    "HeaderTunerDevices": "Tuner Devices",
    "HeaderTVSources": "TV Sources",
    "HeaderAddTvSource": "Add TV Source",
    "HeaderAddDevice": "Add Device",
    "HeaderExternalServices": "External Services",
    "LabelTunerIpAddress": "Tuner IP Address:",
    "HeaderGuideProviders": "Guide Data Sources",
    "HeaderAddGuideSource": "Add Guide Data Source",
    "AddGuideProviderHelp": "Add a source for TV Guide information",
    "LabelZipCode": "Zip Code:",
    "GuideProviderSelectListings": "Select Listings",
    "GuideProviderLogin": "Login",
    "LabelLineup": "Lineup:",
    "MessageTunerDeviceNotListed": "Is your tuner device not listed? Try installing an external service provider for more Live TV options.",
    "LabelImportOnlyFavoriteChannels": "Restrict to channels marked as favorite",
    "ImportFavoriteChannelsHelp": "If enabled, only channels that are marked as favorite on the tuner device will be imported.",
    "LabelEnableThisTuner": "Enable this tuner",
    "LabelEnableThisTunerHelp": "Uncheck to prevent importing channels from this tuner.",
    "LabelTranscodingThreadCount": "Transcoding thread count:",
    "LabelTranscodingThreadCountHelp": "Select the maximum number of threads to use when transcoding. Reducing the thread count will lower cpu usage but may not convert fast enough for a smooth playback experience. Not all encoders and decoders support multi-threading, so this may have an effect in some cases but not others.",
    "OptionMax": "Max",
    "HeaderDefaultRecordingSettings": "Default Recording Settings",
    "LabelHardwareAccelerationType": "Hardware acceleration:",
    "LabelHardwareAccelerationTypeHelp": "Available on supported systems only.",
    "LabelFolder": "Folder:",
    "LabelDisplayName": "Display name:",
    "OptionDownloadImagesInAdvance": "Download images in advance",
    "OptionDownloadImagesInAdvanceHelp": "By default, most images are only downloaded when requested by an Emby app. Enable this option to download all images in advance, as new media is imported. This may cause significantly longer library scans.",
    "MessageThankYouForSupporting": "Thank you for supporting Emby.",
    "FileReadCancelled": "The file read has been canceled.",
    "FileNotFound": "File not found.",
    "FileReadError": "An error occurred while reading the file.",
    "PinCodeResetComplete": "The pin code has been reset.",
    "PinCodeResetConfirmation": "Are you sure you wish to reset the pin code?",
    "HeaderPinCodeReset": "Reset Pin Code",
    "NoPluginConfigurationMessage": "This plugin has no settings to configure.",
    "HeaderNewApiKey": "Kode Api Baru",
    "LabelAppName": "App name",
    "LabelAppNameExample": "Example: Sickbeard, NzbDrone",
    "HeaderNewApiKeyHelp": "Grant an application permission to communicate with Emby Server.",
    "MessageKeyEmailedTo": "Key emailed to {0}.",
    "HeaderConfirmation": "Confirmation",
    "MessageKeyUpdated": "Thank you. Your Emby Premiere key has been updated.",
    "MessageKeyRemoved": "Thank you. Your Emby Premiere key has been removed.",
    "TextEnjoyBonusFeatures": "Enjoy Bonus Features",
    "MessageErrorLoadingSupporterInfo": "There was an error loading Emby Premiere information. Please try again later.",
    "ValueTimeLimitSingleHour": "Time limit: 1 hour",
    "ValueTimeLimitMultiHour": "Time limit: {0} hours",
    "General": "General",
    "HeaderScreenSavers": "Screen Savers",
    "Reporting": "Reporting",
    "LabelStopping": "Stopping",
    "LabelCancelled": "Cancelled",
    "HeaderSelectCertificatePath": "Select Certificate Path",
    "HeaderSupporterBenefit": "An active Emby Premiere subscription provides additional benefits such as access to Emby DVR, offline media, premium plugins, and more. {0}Learn more{1}.",
    "LabelAbortedByServerShutdown": "(Aborted by server shutdown)",
    "LabelScheduledTaskLastRan": "Last ran {0}, taking {1}.",
    "HeaderDeleteTaskTrigger": "Delete Task Trigger",
    "MessageDeleteTaskTrigger": "Are you sure you wish to delete this task trigger?",
    "MessageNoPluginsDueToAppStore": "Untuk mengatur semua plugin, silahkan gunakan aplikasi web Emby.",
    "LabelVersionInstalled": "{0} installed",
    "HeaderSelectServerCachePath": "Select Server Cache Path",
    "HeaderSelectTranscodingPath": "Select Transcoding Temporary Path",
    "HeaderSelectMetadataPath": "Select Metadata Path",
    "HeaderSelectServerCachePathHelp": "Browse or enter the path to use for server cache files. The folder must be writeable.",
    "HeaderSelectTranscodingPathHelp": "Browse or enter the path to use for transcoding temporary files. The folder must be writeable.",
    "HeaderSelectMetadataPathHelp": "Browse or enter the path you'd like to store metadata within. The folder must be writeable.",
    "MessageFileWillBeDeleted": "The following file will be deleted:",
    "MessageSureYouWishToProceed": "Are you sure you wish to proceed?",
    "MessageFollowingFileWillBeMovedFrom": "The following file will be moved from:",
    "MessageDestinationTo": "to:",
    "MessageConfirmRestart": "Are you sure you wish to restart Emby Server?",
    "MessageConfirmShutdown": "Are you sure you wish to shutdown Emby Server?",
    "LabelLocalAccessUrl": "In-Home (LAN) access: {0}",
    "LabelRemoteAccessUrl": "Remote (WAN) access: {0}",
    "LabelRunningOnPort": "Running on http port {0}",
    "LabelRunningOnPorts": "Running on http port {0}, and https port {1}",
    "LabelCurrentPath": "Current path:",
    "HeaderSelectMediaPath": "Select Media Path",
    "HeaderSelectPath": "Select Path",
    "MessageDirectoryPickerInstruction": "Network paths can be entered manually in the event the Network button fails to locate your devices. For example, {0} or {1}.",
    "MessageDirectoryPickerBSDInstruction": "For BSD, you may need to configure storage within your FreeNAS Jail in order to allow Emby to access it.",
    "MessageDirectoryPickerLinuxInstruction": "For Linux on Arch Linux, CentOS, Debian, Fedora, OpenSuse, or Ubuntu, you must grant the Emby system user at least read access to your storage locations.",
    "MetadataManager": "Metadata Manager",
    "OptionBlockLiveTvChannels": "Live TV Channels",
    "OptionBlockChannelContent": "Internet Channel Content",
    "ButtonRevoke": "Revoke",
    "MessageConfirmRevokeApiKey": "Are you sure you wish to revoke this api key? The application's connection to Emby Server will be abruptly terminated.",
    "HeaderConfirmRevokeApiKey": "Revoke Api Key",
    "MessagePleaseAcceptTermsOfServiceBeforeContinuing": "Please accept the terms of service before continuing.",
    "HeaderChangeFolderType": "Change Content Type",
    "HeaderChangeFolderTypeHelp": "To change the type, please remove and rebuild the library with the new type.",
    "HeaderAlert": "Alert",
    "MessagePleaseRestart": "Please restart to finish updating.",
    "MessageSettingsSaved": "Settings saved.",
    "OptionHomeVideos": "Home videos & photos",
    "OptionBooks": "Books",
    "HeaderMetadataReaders": "Metadata Readers",
    "LabelMetadataReadersHelp": "Rank your preferred local metadata sources in order of priority. The first file found will be read.",
    "HeaderSubtitleDownloaders": "Subtitle Downloaders",
    "SubtitleDownloadersHelp": "Enable and rank your preferred subtitle downloaders in order of priority. More subtitle providers can be installed using the Emby plugin catalog.",
    "LabelMetadataDownloaders": "Metadata downloaders:",
    "LabelMetadataDownloadersHelp": "Enable and rank your preferred metadata downloaders in order of priority. Lower priority downloaders will only be used to fill in missing information.",
    "HeaderMetadataSavers": "Metadata Savers",
    "LabelMetadataSaversHelp": "Choose the file formats to save your metadata to.",
    "LabelImageFetchers": "Image fetchers:",
    "LabelImageFetchersHelp": "Enable and rank your preferred image fetchers in order of priority.",
    "PersonTypePerson": "Person",
    "HeaderRemoveMediaLocation": "Remove Media Location",
    "MessageConfirmRemoveMediaLocation": "Are you sure you wish to remove this location?",
    "LabelNewName": "New name:",
    "HeaderRemoveLibrary": "Remove Library",
    "MessageAreYouSureYouWishToRemoveLibrary": "Are you sure you wish to remove the \"{0}\" library from your Emby Server? Your media files will not be affected.",
    "ButtonRename": "Rename",
    "HeaderPluginInstallation": "Plugin Installation",
    "MessageTrialExpired": "The trial period for this feature has expired",
    "MessageTrialWillExpireIn": "The trial period for this feature will expire in {0} day(s)",
    "ValuePriceUSD": "Price: {0} (USD)",
    "MessageFeatureIncludedWithSupporter": "You are registered for this feature, and will be able to continue using it with an active Emby Premiere subscription.",
    "HeaderSelectExternalPlayer": "Select External Player",
    "HeaderExternalPlayerPlayback": "External Player Playback",
    "HeaderSelectCustomIntrosPath": "Select Custom Intros Path",
    "HeaderThankYou": "Thank You",
    "DeviceLastUsedByUserName": "Last used by {0}",
    "HeaderSelectUploadPath": "Select Upload Path",
    "ErrorMessageStartHourGreaterThanEnd": "End time must be greater than the start time.",
    "MessagePluginConfigurationRequiresLocalAccess": "To configure this plugin please sign in to your local server directly.",
    "MovieLibraryHelp": "Review the {0}Emby movie naming guide{1}.",
    "TvLibraryHelp": "Review the {0}Emby TV naming guide{1}.",
    "BookLibraryHelp": "Text books are supported. Review the {0}Emby Book naming guide{1}.",
    "MessageGamePluginRequired": "Requires installation of the GameBrowser plugin",
    "HeaderUnlockApp": "Unlock App",
    "MessagePaymentServicesUnavailable": "Payment services are currently unavailable. Please try again later.",
    "NoNewDevicesFound": "No new devices found. To add a new tuner, close this dialog and enter the device information manually.",
    "MessageConfirmDeleteTunerDevice": "Are you sure you wish to delete this device?",
    "MessageConfirmDeleteGuideProvider": "Are you sure you wish to delete this guide provider?",
    "HeaderDeleteProvider": "Delete Provider",
    "ErrorAddingTunerDevice": "There was an error adding the tuner device. Please ensure it is accessible and try again.",
    "ErrorSavingTvProvider": "There was an error saving the TV provider. Please ensure it is accessible and try again.",
    "ErrorGettingTvLineups": "There was an error downloading tv lineups. Please ensure your information is correct and try again.",
    "MessageCreateAccountAt": "Create an account at {0}",
    "ErrorPleaseSelectLineup": "Please select a lineup and try again. If no lineups are available, then please check that your username, password, and postal code is correct.",
    "HeaderTryEmbyPremiere": "Try Emby Premiere",
    "ErrorValidatingSupporterInfo": "There was an error validating your Emby Premiere information. Please try again later.",
    "LabelLocalSyncStatusValue": "Status: {0}",
    "HeaderTopPlugins": "Top Plugins",
    "ForAdditionalLiveTvOptions": "Browse the Emby {0}plugin catalog{1} to install additional Live TV providers.",
    "AddUser": "Add User",
    "HeaderEmailAddress": "E-Mail Address",
    "NumLocationsValue": "{0} folders",
    "PleaseAddAtLeastOneFolder": "Please add at least one folder to this library by clicking the Add button.",
    "ErrorAddingMediaPathToVirtualFolder": "There was an error adding the media path. Please ensure the path is valid and the Emby Server process has access to that location.",
    "ErrorAddingEmbyConnectAccount3": "The Emby account is already linked to an existing local user. An Emby account can only be linked to one local user at a time.",
    "HeaderConfirmPluginInstallation": "Confirm Plugin Installation",
    "PleaseConfirmPluginInstallation": "Please click OK to confirm you've read the above and wish to proceed with the plugin installation.",
    "MessagePluginInstallDisclaimer": "Plugins built by Emby community members are a great way to enhance your Emby experience with additional features and benefits. Before installing, please be aware of the effects they may have on your Emby Server, such as longer library scans, additional background processing, and decreased system stability.",
    "TitleHardwareAcceleration": "Hardware Acceleration",
    "HardwareAccelerationWarning": "Enabling hardware acceleration may cause instability in some environments. Ensure that your operating system and video drivers are fully up to date. If you have difficulty playing video after enabling this, you'll need to change the setting back to Auto.",
    "ValueExample": "Example: {0}",
    "LabelFileOrUrl": "File or url:",
    "OptionEnableForAllTuners": "Enable for all tuner devices",
    "HeaderTuners": "Tuners",
    "LabelOptionalM3uUrl": "M3U url (optional):",
    "LabelOptionalM3uUrlHelp": "Some devices support an M3U channel listing.",
    "DrmChannelsNotImported": "Channels with DRM will not be imported.",
    "LabelAllowHWTranscoding": "Allow hardware transcoding",
    "AllowHWTranscodingHelp": "If enabled, allow the tuner to transcode streams on the fly. This may help reduce transcoding required by Emby Server.",
    "MetadataSettingChangeHelp": "Changing metadata settings will affect new content that is added going forward. To refresh existing content, open the detail screen and click the refresh button, or perform bulk refreshes using the metadata manager.",
    "RecordingPathChangeMessage": "Changing your recording folder will not migrate existing recordings from the old location to the new. You'll need to move them manually if desired.",
    "LabelLocalIpAddress": "Local IP address:",
    "LabelBindToLocalNetworkAddressHelp": "Optional. Override the local IP address that Emby Server will present to Emby apps. If left blank, the server will automatically detect the local IP address.",
    "SettingsWarning": "Changing these values may cause instability or connectivity failures. If you experience any problems, we recommend changing them back to default.",
    "MapChannels": "Map Channels",
    "OptionSaveMetadataAsHiddenHelp": "Changing this will apply to new metadata saved going forward. Existing metadata files will be updated the next time they are saved by Emby Server.",
    "EnablePhotos": "Enable photos",
    "EnablePhotosHelp": "Photos will be detected and displayed alongside other media files.",
    "ImportPlaylists": "Import playlist files",
    "ImportPlaylistsHelp": "Playlists found in your media directories can be imported into Emby Server.",
    "SaveThumbnailImagesIntoMediaFolders": "Save video preview thumbnails into media folders",
    "LabelGenerateVideoPreviewThumbnails": "Memproses pembuatan pratinjau video:",
    "LabelEnableDebugLogging": "Enable debug logging",
    "OptionEnableExternalContentInSuggestions": "Enable external content in suggestions",
    "OptionEnableExternalContentInSuggestionsHelp": "Allow internet trailers and live tv programs to be included within suggested content.",
    "LabelH264EncodingPreset": "H264 encoding preset:",
    "H264EncodingPresetHelp": "Choose a faster value to improve performance, or a slower value to improve quality.",
    "LabelH264Crf": "H264 encoding CRF:",
    "H264CrfHelp": "The Constant Rate Factor (CRF) is the default quality setting for the x264 encoder. You can set the values between 0 and 51, where lower values would result in better quality (at the expense of higher file sizes). Sane values are between 18 and 28. The default for x264 is 23, so you can use this as a starting point.",
    "LabelOptionalNetworkPath": "(Optional) Shared network folder:",
    "LabelOptionalNetworkPathHelp": "If this folder is shared on your network, supplying the network share path can allow Emby apps on other devices to access media files directly.",
    "SynologyUpdateInstructions": "Please login to DSM and go to Package Center to update.",
    "HeaderRecordingPostProcessing": "Recording Post Processing",
    "LabelPostProcessorArguments": "Post-processor command line arguments:",
    "PostProcessorArgumentsHelp": "The following variables are supported in the command line to allow passing data to your post-processor:",
    "LabelPostProcessor": "Post-processing application:",
    "DvrPostProcessorPathArgument": "{path}: The full path to the new recording file",
    "OptionAutomaticallyGroupSeries": "Automatically merge series that are spread across multiple folders",
    "OptionAutomaticallyGroupSeriesHelp": "If enabled, series that are spread across multiple folders within this library will be automatically merged into a single series.",
    "WhenDidYouPurchaseApp": "When did you originally purchase this app?",
    "PreferEmbeddedTitlesOverFileNames": "Prefer embedded titles over filenames",
    "PreferEmbeddedTitlesOverFileNamesHelp": "This determines the default display title when no internet metadata or local metadata is available.",
    "FriendlyNameForReferenceHelp": "A friendly name used for display, for your own reference.",
    "HeaderLiveTvTunerSetup": "Live TV Tuner Setup",
    "HeaderTVSourceSetup": "TV Source Setup",
    "HeaderDetectMyDevices": "Detect Devices",
    "MessagePleaseWait": "Please wait. This may take a minute.",
    "DetectingDevices": "Detecting devices",
    "LabelAutomaticallyRefreshInternetMetadataEvery": "After the initial import, automatically refresh metadata from the internet:",
    "EveryNDays": "Every {0} days",
    "NDays": "{0} days",
    "HeaderNewDevices": "New Devices",
    "LabelCertificatePassword": "Certificate password:",
    "LabelCertificatePasswordHelp": "If your certificate requires a password, please enter it here.",
    "HeaderNewLibrary": "New Library",
    "HttpsRequiresCert": "To enable secure connections, you will need to supply a trusted SSL certificate, such as Lets Encrypt. Please either supply a certificate, or disable secure connections.",
    "ServerRestartNeededAfterPluginInstall": "Emby Server will need to be restarted after installing a plugin.",
    "PluginInstalledMessage": "The plugin has been successfully installed. Emby Server will need to be restarted for changes to take effect.",
    "Themes": "Themes",
    "MessagePremiereStatusGood": "You have a {0} Emby Premiere plan and your device usage is well within your limit.",
    "MessagePremiereStatusClose": "You have a {0} Emby Premiere plan, but your device usage is close to the limit.",
    "MessagePremiereExtendedPlans": "Consider an {0}extended device plan{1}",
    "MessagePremiereStatusOver": "You have a {0} Emby Premiere plan, but you are over your device limit!",
    "ListItemPremiereSub": "{0} subscription purchased via {2} expires {1}",
    "LabelClickToCancel": "Click to cancel this subscription",
    "LabelCancelInfo": "You can manage this subscription directly with {0}",
    "LabelAlreadyCanceled": "This subscription has been canceled. Key will remain valid until expiration.",
    "HeaderCancelSub": "Cancel Emby Premiere",
    "MessageConfirmSubCancel": "NO, Please don't go... You will miss out on all the great features of Emby Premiere!",
    "ButtonCancelSub": "I know, cancel it anyway",
    "ButtonDontCancelSub": "Keep Emby Premiere",
    "MessageSubCancelReqSent": "An email has been sent to the owner of the key. Please follow the instructions in that email to complete the cancellation of this subscription. We hope to see you back soon!",
    "MessageSubCancelError": "Something went wrong trying to cancel. Please send an email to {0} and we'll get you squared away.",
    "LabelAlreadyCancelled": "This subscription has been cancelled. You will not be charged again but the features will work until the date above.",
    "AllowOnTheFlySubtitleExtraction": "Allow subtitle extraction on the fly",
    "AllowOnTheFlySubtitleExtractionHelp": "Embedded subtitles can be extracted from videos and delivered to Emby apps in plain text in order to help prevent video transcoding. On some systems this can take a long time and cause video playback to stall during the extraction process. Disable this to have embedded subtitles burned in with video transcoding when they are not natively supported by the client device.",
    "EnableDebugLoggingHelp": "Debug logging should only be enabled as needed for troubleshooting purposes. The increased file system access may prevent the server machine from being able to sleep in some environments.",
    "LabelSimultaneousConnectionLimit": "Simultaneous stream limit:",
    "SimultaneousConnectionLimitHelp": "The maximum number of allowed simultaneous streams. Enter 0 for no limit.",
    "LaunchWebAppOnStartup": "Launch the Emby web app in my web browser when Emby Server starts",
    "LaunchWebAppOnStartupHelp": "This will open the web app in your default web browser when Emby Server initially starts. This will not occur when using the restart server function.",
    "LabelReferrerHeader": "Referrer http header:",
    "LabelUserAgentHeader": "User agent http header:",
    "SupplyCustomValueIfNeeded": "Supply a custom http header value, if necessary.",
    "HeaderConfigureRemoteAccess": "Configure Remote Access",
    "LearnHowToCreateSynologyShares": "Learn how to share folders in Synology.",
    "LabelAllowedRemoteAddresses": "Remote IP address filter:",
    "LabelAllowedRemoteAddressesMode": "Remote IP address filter mode:",
    "Whitelist": "Whitelist",
    "Blacklist": "Blacklist",
    "AllowedRemoteAddressesHelp": "Comma separated list of IP addresses or IP\/netmask entries for networks that will be allowed to connect remotely. If left blank, all remote addresses will be allowed.",
    "LabelLanNetworks": "LAN networks:",
    "LanNetworksHelp": "Comma separated list of IP addresses or IP\/netmask entries for networks that will be considered on local network when enforcing bandwidth restrictions. If set, all other IP addresses will be considered to be on the external network and will be subject to the external bandwidth restrictions. If left blank, only the server's subnet and common private IP subnets (10.0.0.0\/8, 192.168.0.0\/24, etc.) are considered to be on the local network.",
    "LabelSecureConnectionsMode": "Secure connection mode:",
    "PreferredNotRequired": "Preferred, but not required",
    "RequiredForAllRemoteConnections": "Required for all remote connections",
    "HandledByProxy": "Handled by reverse proxy",
    "SaveSubtitlesIntoMediaFolders": "Save downloaded subtitles into media folders",
    "SaveSubtitlesIntoMediaFoldersHelp": "Storing subtitles next to video files will allow them to be more easily managed.",
    "AutomaticSubtitleDownloadInstructions": "To manage automatic subtitle downloading, click on a library in Emby library setup, and edit the subtitle downloading settings for that library.",
    "ProviderNeedsSetupWithUrl": "{0} requires additional setup on the {1} settings screen{2} in Emby Server.",
    "LabelEnableHardwareAcceleration": "Enable hardware acceleration when available:",
    "HeaderPreferredHardwareDecoders": "Preferred Hardware Decoders",
    "HeaderPreferredHardwareEncoders": "Preferred Hardware Encoders",
    "AllowChangingImageAndPassword": "Allow this user to change their password and profile image",
    "LabelSimultaneousStreamLimit": "Max simultaneous video streams:",
    "SimultaneousStreamLimitHelp": "Limit the number of concurrent video playback sessions.",
    "LabelMusicFolderStructure": "Music folder structure:",
    "LabelMusicFolderStructureHelp": "This provides a hint to the library scanner about the way your folders are organized. If you're unsure, or if your folders don't exactly match one of the options, then please select the default option of Other.",
    "OtherOrUnstructured": "Other or unstructured",
    "PerfectArtistAlbumTrack": "Perfectly organized into artist\\album folders, with tracks directly in the album folders.",
    "PerfectAlbumTrack": "Perfectly organized into album folders, with tracks directly in the album folders.",
    "LabelMinCollectionSize": "Minimum automatic collection size:",
    "MinCollectionSizeHelp": "Automatically create collections when you have at least the selected number of titles in your library. Changing this value will not affect existing collections.",
    "LabelImportCollections": "Import collection information from metadata downloaders",
    "LabelImportCollectionsHelp": "When enabled, this will import collection information from your enabled metadata downloaders. This may cause unwanted collections to be automatically created. Disabling will prevent future collections from being automatically created, but will not delete existing ones.",
    "LabelAllowAdultMetadata": "Allow adult metadata",
    "LabelAllowAdultMetadataHelp": "Allow matching adult titles when searching for internet metadata.",
    "HeaderVideoPreviewThumbnails": "Video Preview Thumbnails",
    "LabelEnableHDRToneMapping": "Enable HDR tone mapping:",
    "EnableHDRToneMappingHelp": "Tone mapping will ensure correct color conversion when transcoding HDR content, which will otherwise appear highly dimmed and desaturated. Additional driver components may be needed to support hardware acceleration with this feature enabled. Please see our hardware acceleration setup guide for details.",
    "WithHardwareAcceleratedTranscoding": "Yes, only with hardware acceleration",
    "TranscodingStillInitializing": "Emby Server transcoding services are still busy starting up. This screen will automatically refresh when transcoding services are ready.",
    "WithEitherHardwareOrSoftwareTranscoding": "Yes, with either hardware or software transcoding",
    "ToneMappingInHardwareDescription": "Tone mapping will be performed with hardware acceleration when it is enabled and supported by the hardware, and skipped in all other cases.",
    "ToneMappingInSoftwareDescription": "Tone mapping will be performed in software by the CPU. This is much slower than hardware accelerated tone mapping and will require a very powerful server machine.",
    "ToneMappingInBothDescription": "Tone mapping will be performed with hardware acceleration when it is enabled and supported by the hardware, and will fallback to software in all other cases. Tone mapping in software is much slower than hardware accelerated tone mapping and will require a very powerful server machine.",
    "AutoMapped": "Automatically mapped",
    "ManuallyMapped": "Manually mapped",
    "NotMappedToGuideData": "Not mapped to guide data",
    "MappedToValue": "Mapped to {0}",
    "LabelAutomaticallyWakeServerForRecordings": "Automatically wake the server machine to perform recordings",
    "LabelAutomaticallyWakeServerForRecordingsHelp": "Wake events will be scheduled with the server operating system. Disabling this option will prevent future wake events from being scheduled but will not remove any previously scheduled events.",
    "Database": "Database",
    "LabelOptimizeDatabaseOnShutdown": "Attempt to optimize the database on server shutdowns",
    "LabelOptimizeDatabaseOnShutdownHelp": "The database optimize operation is usually a no-op but it will occasionally run an analysis if it seems like doing so will be useful to the query planner. This may cause Emby Server to take longer to shutdown.",
    "LabelDatabaseCacheSize": "Database cache size (MB)",
    "LabelDatabaseCacheSizeHelp": "Sets the amount of data that the database will hold in memory at once, per database file. A larger value may help improve Emby Server performance. Requires a server restart to take effect.",
    "LabelDatabaseAnalysisLimit": "Analysis row limit",
    "LabelDatabaseAnalysisLimitHelp": "When the database is optimized, this is the approximate number of rows examined in each index by the ANALYZE command. A larger value will increase the effectiveness of the database optimization, but may cause Emby Server to take longer to shutdown.",
    "LabelVacuumDb": "Vacuum the database on the next Emby Server startup",
    "LabelVacuumDbHelp": "Vacuuming rebuilds the database file, repacking it into a minimal amount of disk space. In some cases this may improve Emby Server performance. Please note that your Emby Server will not be usable during the time of the vacuum operation, nor will there be any way to monitor the progress of the vacuum. Please avoid force closing the Emby Server process during this time as it may lead to database corruption. This is a one-time operation and this option will revert to unchecked on the next server startup.",
    "AdvancedOptionsWarning": "These are advanced options and should generally be left at defaults unless you have a reason to change them.",
    "HeaderRecentlyActiveDevices": "Recently Active Devices",
    "YesUntilServerRestart": "Yes, until the next server restart",
    "YesUntilLogRotate": "Yes, until the next log file rotation",
    "LabelSubtitleDownloadMaxAge": "Stop trying to automatically download subtitles for videos older than:",
    "SubtitleDownloadMaxAgeHelp": "This is based on the date added metadata value.",
    "NoAgeLimit": "No age limit",
    "AnonymizeLogContents": "Anonymize log contents",
    "Markers": "Markers",
    "LabelGenerateIntroVideoMarkers": "Generate intro video markers:",
    "GenerateIntroVideoMarkersHelp": "Detects show intros and displays the 'Skip Intro' button in Emby apps. Intro detection may take a long time and cause high CPU or disk usage.",
    "LabelCopyFromUser": "Copy settings from user:",
    "CopyFromUserHelp": "Optional. Speed up new user creation by copying information from an existing user.",
    "UserPolicy": "User Policy (library and feature access, parental controls, etc.)",
    "UserConfiguration": "User Configuration (preferred audio and subtitle languages, library order, etc.)",
    "HeaderCopyOptions": "Copy Options",
    "LabelMultiRestrictionMode": "Multiple restriction mode:",
    "MultiRestrictionModeAll": "Allow content matching both the rating and tag restrictions",
    "MultiRestrictionModeAny": "Allow content matching either the rating or tag restrictions",
    "AllowMappingByChannelNumber": "Allow mapping to guide data using channel numbers",
    "AllowMappingByChannelNumberHelp": "This can be used as a fallback to match tuner channels with guide data whenever a match can't be found based on the channel name. This may lead to inaccurate matching if channel numbers from the tuner are not correct.",
    "LabelPreferredSourceForChannelLogos": "Prefer channel logos from the guide data over the tuner when both have them available",
    "LabelPreferredSourceForChannelNumbers": "Prefer channel numbers from the guide data over the tuner when both have them available",
    "HeaderSoftwareEncoders": "Software Encoders"
}