{
    "LabelYoureDone": "Baigta!",
    "ThisWizardWillGuideYou": "\u0160is pagalbininkas pad\u0117s jums paruo\u0161ti Emby. Prad\u017eiai pasirinkite pageidaujam\u0105 kalb\u0105.",
    "HeaderCreateYourFirstUser": "Sukurkite pirm\u0105 vartotoj\u0105",
    "ButtonQuickStartGuide": "Greitos prad\u017eios gidas",
    "MoreUsersCanBeAddedLater": "V\u0117liau gal\u0117site prid\u0117ti daugiau vartotoj\u0173 Emby serverio nustatymuose.",
    "UserProfilesIntro": "Emby palaiko vartotoj\u0173 profilius, leid\u017eian\u010dius kiekvienam vartotojui nustatyti savo rodymo nustatymus, \u017ei\u016br\u0117jimo statistik\u0105 ir t\u0117v\u0173 kontrol\u0119.",
    "WizardCompleted": "Tai viskas, ko mums dabar reikia. Emby prad\u0117jo rinkti informacij\u0105 apie J\u016bs\u0173 bibliotek\u0105. I\u0161bandyk kitas m\u016bs\u0173 programas, tada spausk <b>Baigti<\/b> ir gal\u0117si pa\u017ei\u016br\u0117ti <b>Pagrindin\u012f serverio nustatym\u0173 lang\u0105<\/b>.",
    "MessagePleaseAcceptTermsOfService": "Prie\u0161 t\u0119siant pra\u0161ome per\u017ei\u016br\u0117ti naudojimo s\u0105lygas ir privatumo politik\u0105.",
    "OptionIAcceptTermsOfService": "Sutinku su naudojimo s\u0105lygomis",
    "HeaderGuideDataSetup": "Guide Data Setup",
    "SeeOurHwaGuide": "See our {0}hardware acceleration setup guide{1}.",
    "HeaderEmbyServerReleaseNotes": "Emby serverio atnaujinimo pastabos",
    "AllowSubtitleDownloading": "Leisti subtitr\u0173 atsiuntim\u0105",
    "AllowSubtitleManagement": "Leisti i\u0161trinti esamus subtitr\u0173 failus",
    "NewUserNameHelp": "Taip bus atvaizduojamas vartotojas j\u016bs\u0173 serveryje.",
    "ChapterMarkers": "Skyriaus \u017eymekliai",
    "LabelThumbnailImagesInterval": "Thumbnail images interval",
    "ThumbnailImagesIntervalHelp": "More frequent thumbnails will result in a better experience, but will require  more disk space and time to create the images.",
    "LabelAuthProvider": "Autentikacijos tiek\u0117jas:",
    "AuthProviderHelp": "Administrators always use the default Emby provider to ensure you're never locked out.",
    "HeaderNewUser": "Naujas vartotojas",
    "ChangeServerDisplayName": "Pakeisti serverio pavadinima",
    "ShowAdvancedSettings": "Rodyti sud\u0117tingesnius nustatymus",
    "ChangingMetadataImageSettingsNewContent": "Changes to metadata or artwork downloading settings will only apply to new content added to your library. To apply the changes to existing titles, you'll need to refresh their metadata manually.",
    "AllowRemoteAccess": "Leisti nuotolin\u012f prisijungim\u0105 prie \u0161io Emby serverio.",
    "AllowRemoteAccessHelp": "If unchecked, all remote connections will be blocked.",
    "Alerts": "Prane\u0161imai",
    "LabelTrackTitleDisplay": "Embedded track title display",
    "GenerateUserFriendlyTrackTitles": "Generate user friendly titles using track information",
    "PreferOriginalTrackTitles": "Prefer embedded titles",
    "TrackTitleDisplayHelp": "Choose the display title of embedded audio and subtitle tracks. Preferring embedded is not recommended unless you are manually curating embedded track information.",
    "EnableTranscodingThrottle": "Enable throttling",
    "EnableTranscodingThrottleHelp": "Emby will dynamically adjust transcoding speed based in order to reduce CPU utilization.",
    "HeaderTypeMetadataDownloaders": "{0} Metaduomen\u0173 atsiunt\u0117jai",
    "HeaderTypeImageFetchers": "{0} Image Fetchers",
    "HeaderImageOptions": "Nuotrauk\u0173 nustatymai",
    "OptionBeta": "Beta",
    "RegisterWithPayPal": "Registruotis su PayPal",
    "LabelSyncTempPath": "Laikin\u0173 fail\u0173 kelias:",
    "LabelSyncTempPathHelp": "Nurodykite sinchronizavimo darbin\u012f aplank\u0105. Jame bus laikoma konvertuojama medija, sukurta sinchronizavimo proceso metu.",
    "LabelCustomCertificatePath": "Custom ssl certificate path",
    "LabelCustomCertificatePathHelp": "Path to a PKCS #12 file containing a certificate and private key to enable TLS support on a custom domain.",
    "HeaderSetupLibrary": "Tvarkyti medijos bibliotek\u0105",
    "LabelTimeLimitHours": "Laiko limitas (val.):",
    "HeaderPreferredMetadataLanguage": "Pageidaujama metaduomen\u0173 kalba",
    "LabelSaveLocalMetadata": "I\u0161saugoti iliustracijas ir metaduomenis \u012f medijos aplankus.",
    "LabelSaveLocalMetadataHelp": "Saugoti iliustracijas ir metaduomenis tiesiai \u012f medijos aplankus, ir taip juos bus lengviau redaguoti.",
    "TabAccess": "Prieiga",
    "HeaderDeviceAccess": "\u012erenginio prieiga",
    "OptionEnableAccessFromAllDevices": "Leisti prieig\u0105 i\u0161 vis\u0173 \u012frengini\u0173",
    "OptionEnableAccessToAllChannels": "Leisti prieig\u0105 prie vis\u0173 kanal\u0173",
    "OptionEnableAccessToAllLibraries": "Leisti prieig\u0105 prie vis\u0173 bibliotekos",
    "DeviceAccessHelp": "Tai taikoma tik \u012frenginiams, kurie gali b\u016bti identifikuojami, ir neu\u017edraus prieigos per nar\u0161ykl\u0119. Vartotojo \u012frenginio prieigos filtravimas neleis jiems naudotis naujais \u012frenginiais kol jie nepatvirtinti \u010dia.",
    "LabelDisplayMissingEpisodesWithinSeasons": "Rodyti sezonuose tr\u016bkstamas serijas",
    "LabelDisplayMissingEpisodesWithinSeasonsHelp": "This must also be enabled for TV libraries in Emby Server setup.",
    "ImportMissingEpisodesHelp": "If enabled, information about missing episodes will be imported into your Emby database and displayed within seasons and series. This may cause significantly longer library scans.",
    "MessageEnablingOptionLongerScans": "Enabling this option may result in significantly longer library scans.",
    "LabelMaxParentalRating": "Did\u017eiausias leistinas t\u0117v\u0173 reitingas:",
    "MaxParentalRatingHelp": "Auk\u0161tesnio reitingo turinys bus slepiamas nuo \u0161io vartotojo.",
    "LibraryAccessHelp": "Pasirinkite medijos aplankus, kuriuos norite dalintis su \u0161iuo vartotoju. Administratoriai gal\u0117s redaguoti visus aplankus per metaduomen\u0173 valdym\u0105.",
    "ChannelAccessHelp": "Pasirinkite kanalus, kuriuos norite dalintis su \u0161iuo vartotoju. Administratoriai gal\u0117s redaguoti visus kanalus per metaduomen\u0173 valdym\u0105.",
    "ImageUploadAspectRatioHelp": "Rekomenduojamas 1:1 santykis. Tik JPG\/PNG.",
    "AlreadyPaidHelp1": "If you already paid to install an older version of Media Browser for Android, you don't need to pay again in order to activate this app. Click OK to send us an email at {0} and we'll get it activated for you.",
    "AlreadyPaidHelp2": "Got Emby Premiere? Just cancel this dialog, setup Emby Premiere in your Emby Server Dashboard under Help -> Emby Premiere, and it will be unlocked automatically.",
    "TabMyPlugins": "Mano priedai",
    "TabCatalog": "Katalogas",
    "HeaderAutomaticUpdates": "Automatiniai atnaujinimai",
    "Standard": "Standartinis",
    "TabSupporterKey": "Emby Premiere Raktas",
    "OptionHideUserLocal": "Hide this user from login screens on the local network",
    "OptionHideUserRemote": "Hide this user from login screens when connected remotely",
    "OptionHideUserFromLoginHelp": "Naudinga priva\u010dioms ar slaptoms administratori\u0173 paskyroms. Vartotojui reik\u0117s rankiniu b\u016bdu \u012fvesti vartotoj\u0105 vard\u0105 ir slapta\u017eod\u012f.",
    "HideFromUnusedDevices": "Hide this user from login screens on devices they've never signed into",
    "OptionDisableUser": "I\u0161jungti \u0161\u012f vartotoj\u0105",
    "OptionDisableUserHelp": "I\u0161jungus serveris neleis prisijungti \u0161iam vartotojui. Esamas ry\u0161ys bus nutrauktas.",
    "OptionAllowUserToManageServer": "Leisti \u0161iam vartotojui valdyti server\u012f",
    "HeaderFeatureAccess": "Prieiga prie funkcij\u0173",
    "OptionAllowMediaPlayback": "Leisti medijos atk\u016brim\u0105",
    "AllLibraries": "Visos bibliotekos",
    "HeaderAllowMediaDeletionFrom": "Allow Media Deletion From",
    "LiveTVRecordingManagement": "Live TV Recording Management",
    "OptionAllowRemoteControlOthers": "Leisti nuotoliniu b\u016bdu kontroliuoti kitus vartotojus",
    "OptionAllowRemoteSharedDevices": "Leisti nuotoliniu b\u016bdu valdyti bendrus \u012frenginius",
    "OptionAllowRemoteSharedDevicesHelp": "Dlna \u012frenginiai yra laikomi bendrais kol vartotojas nepradeda j\u0173 kontroliuoti.",
    "OptionAllowLinkSharing": "Leisti dalintis socialin\u0117se aplinkose",
    "OptionAllowLinkSharingHelp": "Dalinamasi tik tinklapiais su medijos informacija. Medijos failai niekada nevie\u0161inami. Pasidalinimai yra ribojami laike ir pasens po {0} dien\u0173.",
    "OptionRelease": "Oficialus i\u0161leidimas",
    "LabelAllowServerAutoRestartPlugin": "Allow the server to restart automatically to apply plugin updates",
    "LabelAllowServerAutoRestartServerOrPlugin": "Allow the server to restart automatically to apply server or plugin updates",
    "LabelAllowServerAutoRestartHelp": "Serveris persikraus tik nieko neveikimo metu, kai nebus aktyvus nei vienas vartotojas.",
    "LabelRunServerAtStartup": "Paleisti server\u012f paleid\u017eiant kompiuter\u012f",
    "LabelRunServerAtStartupHelp": "This will start the Emby tray icon on Windows startup. If you've set up a Windows service then leave this unchecked and configure the service to run at startup.",
    "ButtonSelectDirectory": "Rinktis direktorij\u0105",
    "LabelCachePath": "Kelias \u012f atmintin\u0119:",
    "DefaultMetadataLangaugeDescription": "These are your defaults and can be customized on a per-library basis.",
    "LabelCachePathHelp": "Nurodykite viet\u0105 serverio atmintinei failams, pvz. paveikslams. Palikite tu\u0161\u010di\u0105 kad b\u016bt\u0173 naudojama \u012fprasta vieta.",
    "LabelDefaultRecordingFolder": "Default recording folder",
    "LabelMovieRecordingFolder": "Movie recording folder",
    "LabelSeriesRecordingFolder": "Series recording folder",
    "LabelRecordingFolderOverrideHelp": "If left unspecified, the default recording folder will be used.",
    "HeaderProgramData": "Program Data",
    "RecordingFolderHelp": "Select the default libary folder to save recordings into. If left unspecified, a library will be created within the server's data folder.",
    "LabelMetadataPath": "Metaduomen\u0173 kelias:",
    "LabelMetadataPathHelp": "Nurodykite savo viet\u0105 atsisi\u0173stiems paveikslams ir metaduomenims.",
    "LabelTranscodingTempPath": "Transkodavimo laikinas kelias:",
    "LabelTranscodingTempPathHelp": "\u0160iame aplanke bus darbiniai transkoderio failai. Nurodykite savo viet\u0105, arba palikite tu\u0161\u010di\u0105, kad b\u016bt\u0173 naudojamas serverio duomen\u0173 aplankas.",
    "GenerateVideoPreviewThumbnailsHelp": "Video preview thumbnails provide live updates while seeking in supported apps. Thumbnail generation may take a long time, cause high CPU usage, and consume additional disk space.",
    "AsAScheduledTask": "as a scheduled task",
    "AsAScheduledTaskAndMediaAdded": "as a scheduled task and when media is added",
    "ButtonRefreshGuideData": "Atnaujinti gido duomenis",
    "LabelNumberOfGuideDays": "Kiek dien\u0173 gido duomen\u0173 atsisi\u0173sti:",
    "LabelNumberOfGuideDaysHelp": "Atsiuntus daugiau gido duomen\u0173 dien\u0173 bus galima toliau numatyti tvarkara\u0161t\u012f, ta\u010diau tai u\u017etruks ilgiau. Auto parinks dien\u0173 skai\u010di\u0173 pagal kanal\u0173 kiek\u012f.",
    "HeaderFetchImages": "Gauti nuotraukas:",
    "LabelMaxBackdropsPerItem": "Maksimalus fon\u0173 kiekis elementui:",
    "LabelMaxScreenshotsPerItem": "Maksimalus ekrano nuotrauk\u0173 kiekis elementui:",
    "LabelMinBackdropDownloadWidth": "Minimalus fono atsiuntimo plotis:",
    "LabelMinScreenshotDownloadWidth": "Minimalus ekrano nuotraukos siuntimo plotis:",
    "ButtonAddScheduledTaskTrigger": "Prid\u0117ti jungikl\u012f",
    "ButtonAdd": "Prid\u0117ti",
    "LabelTriggerType": "Jungiklio tipas:",
    "OptionDaily": "Kasdienis",
    "OptionWeekly": "Savaitinis",
    "OptionOnInterval": "Pasikartojantis",
    "OptionOnAppStartup": "Paleidus program\u0105",
    "OptionAfterSystemEvent": "Po sisteminio \u012fvykio",
    "LabelDay": "Diena:",
    "LabelTime": "Laikas:",
    "LabelEvent": "\u012evykis:",
    "OptionWakeFromSleep": "\u017dadinti i\u0161 miego",
    "LabelEveryXMinutes": "Kas:",
    "LabelEnableRealtimeMonitor": "\u012ejungti steb\u0117jim\u0105 realiu laiku",
    "LabelEnableRealtimeMonitorHelp": "Poky\u010diai bus apdoroti i\u0161 karto (palaikomose fail\u0173 sistemose).",
    "Community": "Bendruomen\u0117",
    "HeaderEmbyNews": "Emby Naujienos",
    "LabelFriendlyServerName": "Draugi\u0161kas serverio pavadinimas:",
    "LabelFriendlyServerNameHelp": "\u0160is pavadinimas bus naudojamas serverio identifikavimui. Palikus tu\u0161\u010di\u0105 bus naudojamas kompiuterio pavadinimas.",
    "LabelPreferredDisplayLanguage": "Pageidaujama rodymo kalba:",
    "LabelPreferredDisplayLanguageHelp": "Emby vertimas yra besit\u0119siantis projektas.",
    "LabelReadHowYouCanContribute": "Su\u017einokite, kaip galite prisid\u0117ti.",
    "LabelCustomCss": "Kitoks CSS:",
    "LabelCustomCssHelp": "Pritaikykite tinklapio i\u0161vaizdai savo CSS.",
    "LabelLocalHttpServerPortNumber": "Vietinis HTTP porto numeris:",
    "LabelLocalHttpServerPortNumberHelp": "TCP porto numeris, kur\u012f tur\u0117t\u0173 naudoti Emby HTTP serveris.",
    "LabelPublicHttpPort": "Vie\u0161as HTTP porto numeris:",
    "LabelPublicHttpPortHelp": "Vie\u0161as porto numeris, kur\u012f reikt\u0173 susieti su vietiniu HTTP portu.",
    "LabelPublicHttpsPort": "Vie\u0161as HTTPS porto numeris:",
    "LabelPublicHttpsPortHelp": "Vie\u0161as porto numeris, kur\u012f reikt\u0173 susieti su vietiniu HTTPS portu.",
    "RequireHttps": "Require https for external connections",
    "RequireHttpsHelp": "If enabled, connections over http will be redirected to https.",
    "LabelHttpsPort": "Vietinis HTTPS porto numeris:",
    "LabelHttpsPortHelp": "TCP porto numeris, kur\u012f tur\u0117t\u0173 naudoti Emby HTTPS serveris.",
    "LabelEnableAutomaticPortMap": "\u012ejungti automatin\u012f port\u0173 i\u0161d\u0117stym\u0105",
    "LabelEnableAutomaticPortMapHelp": "Pabandyti automati\u0161kai susieti vie\u0161us portus su vietiniais portais per UPnP. Tai gali neveikti su kai kuriais mar\u0161rutizatoriais.",
    "LabelExternalDDNS": "I\u0161orinis domenas:",
    "LabelExternalDDNSHelp": "If you have a dynamic DNS or domain name, enter it here, without protocol or port. Emby apps will use it when connecting remotely. This field is required when used with a custom ssl certificate. Example: mydomain.com.",
    "LabelMinResumePercentage": "Ma\u017eiausias prat\u0119simo procentas:",
    "LabelMaxResumePercentage": "Did\u017eiausias prat\u0119simo procentas:",
    "LabelMinResumeDuration": "Ma\u017eiausia prat\u0119simo trukm\u0117 (sek.):",
    "LabelMinResumePercentageHelp": "Failai laikomi ne\u017ei\u016br\u0117tais jei sustabdoma iki \u0161io laiko",
    "LabelMaxResumePercentageHelp": "Gailai laikomi per\u017ei\u016br\u0117ti, jei sustabdoma v\u0117liau \u0161io laiko",
    "LabelMinResumeDurationHelp": "Trumpesni\u0173 fail\u0173 prat\u0119sti nebus \u012fmanoma",
    "HeaderStatus": "B\u016bkl\u0117",
    "Subscriptions": "Subscriptions",
    "LabelEndingEpisodeNumber": "Paskutin\u0117s serijos numeris:",
    "LabelEndingEpisodeNumberHelp": "Reikalinga tik keli\u0173 serij\u0173 failams",
    "HeaderSupportTheTeam": "Paremkite Emby Komand\u0105",
    "HeaderSupportTheTeamHelp": "Pad\u0117kite u\u017etikrinti tolesn\u012f \u0161io projekto tobulinim\u0105 nupirkdami Emby Premiere. Dalis vis\u0173 pajam\u0173 bus panaudota kitiems nemokamiems \u012frankiams, nuo kuri\u0173 priklausome.",
    "DonationNextStep": "Pabaigus gr\u012f\u017ekite ir \u012fveskite savo Emby Premiere rakt\u0105, kur\u012f gausite pa\u0161tu.",
    "HeaderRunningTasks": "Veikian\u010dios u\u017eduotys",
    "ButtonUpdateNow": "Update Now",
    "PleaseUpdateManually": "Please shutdown Emby Server and install the latest version.",
    "ServerUpToDate": "Emby Server is up to date",
    "MessagePleaseRestartServerToFinishUpdating": "Please restart the server to finish applying updates.",
    "LabelDownMixAudioScale": "Audio boost when downmixing",
    "LabelDownMixAudioScaleHelp": "Boost audio when downmixing. Set to 1 to preserve original volume value.",
    "HeaderForgotKey": "Pamir\u0161au rakt\u0105",
    "LabelSupporterEmailAddress": "The email address that was used to purchase the key.",
    "ButtonRetrieveKey": "Retrieve Key",
    "LabelSupporterKey": "Emby Premiere key (paste from email)",
    "LabelSupporterKeyHelp": "Enter your Emby Premiere key to start enjoying additional benefits.",
    "MessageInvalidKey": "Emby Premiere key is missing or invalid.",
    "ErrorMessageInvalidKey": "In order for any premium content to be registered, you must also have an active Emby Premiere subscription.",
    "LabelSkipIfGraphicalSubsPresent": "Skip if the video already contains embedded subtitles",
    "LabelSkipIfGraphicalSubsPresentHelp": "Keeping text versions of subtitles will result in more efficient delivery and decrease the likelihood of video transcoding.",
    "HeaderDownloadLanguages": "Download Languages",
    "LabelSkipIfAudioTrackPresent": "Skip if the default audio track matches the download language",
    "LabelSkipIfAudioTrackPresentHelp": "Uncheck this to ensure all videos have subtitles, regardless of audio language.",
    "SendMessage": "Send message",
    "HeaderSendMessage": "Send Message",
    "ButtonSend": "Send",
    "LabelMessageText": "Message text",
    "LabelMessageTitle": "Message title",
    "ButtonEditOtherUserPreferences": "Edit this user's profile, image and personal preferences.",
    "LabelLoginDisclaimer": "Login disclaimer",
    "LabelLoginDisclaimerHelp": "This will be displayed at the bottom of the login page.",
    "HeaderTranscodingTemporaryFiles": "Transcoding Temporary Files",
    "HeaderApiKeys": "Api Keys",
    "HeaderApiKeysHelp": "External applications are required to have an Api key in order to communicate with Emby Server. Keys are issued by logging in with an Emby account, or by manually granting the application a key.",
    "HeaderApiKey": "Api Key",
    "HeaderScheduledTasks": "Scheduled Tasks",
    "HeaderResumeSettings": "Resume Settings",
    "HeaderFetcherSettings": "Fetcher Settings",
    "HeaderActivity": "Activity",
    "ButtonPurchase": "Purchase",
    "HeaderInstall": "Install",
    "LabelSelectVersionToInstall": "Select version to install",
    "LinkLearnMoreAboutSubscription": "Learn about Emby Premiere",
    "MessagePluginRequiresSubscription": "This plugin will require an active Emby Premiere subscription after the 14 day free trial.",
    "MessagePremiumPluginRequiresMembership": "This plugin will require an active Emby Premiere subscription in order to purchase after the 14 day free trial.",
    "HeaderDeveloperInfo": "Developer Info",
    "HeaderRevisionHistory": "Revision History",
    "ButtonViewWebsite": "View website",
    "OptionSaveMetadataAsHidden": "Save metadata and images as hidden files",
    "LabelConnectEmail": "(Optional) Emby Connect email address",
    "LabelConnectEmailHelp": "Optionally link this local user to an existing Emby Connect account to enable easy sign-in access from any Emby app without having to know the server IP address.",
    "ButtonLearnMoreAboutEmbyConnect": "Learn more about Emby Connect",
    "LabelDateAddedBehavior": "Date added behavior for new content",
    "OptionDateAddedImportTime": "Use date scanned into the library",
    "OptionDateAddedFileTime": "Use file creation date",
    "LabelDateAddedBehaviorHelp": "If a metadata value is present it will always be used before either of these options.",
    "HeaderLibrarySettings": "Library Settings",
    "HeaderSubtitleDownloads": "Subtitle Downloads",
    "HeaderCameraUploadHelp": "Emby apps can automatically upload photos taken from your mobile devices into Emby Server.",
    "LabelCameraUploadPath": "Camera upload path",
    "LabelCameraUploadPathHelp": "Select a custom upload path. This will override any default settings set in the Camera Upload section. If left blank, a default folder will be used. If using a custom path it will also need to be added as a library in Emby library setup.",
    "DefaultCameraUploadPathHelp": "Select a custom upload path. If left blank, a default folder will be used. If using a custom path it will also need to be added as a library in Emby library setup.",
    "LabelCreateCameraUploadSubfolder": "Create a subfolder for each device",
    "LabelCreateCameraUploadSubfolderHelp": "Specific folders can be assigned to a device by clicking on it from the Devices page.",
    "LabelCustomDeviceDisplayNameHelp": "Supply a custom display name or leave empty to use the name reported by the device.",
    "TabParentalControl": "Parental Control",
    "HeaderAccessSchedule": "Access Schedule",
    "HeaderAccessScheduleHelp": "Create an access schedule to limit access to certain hours.",
    "HeaderLibraryAccess": "Library Access",
    "HeaderChannelAccess": "Channel Access",
    "LabelForgotPasswordUsernameHelp": "Enter your username, if you remember it.",
    "TitlePasswordReset": "Password Reset",
    "HeaderBlockItemsWithNoRating": "Block items with no or unrecognized rating information",
    "LabelBlockContentWithTags": "Restrict Items With Tags",
    "LabelTagRestrictionMode": "Tag restriction mode",
    "BlockItemsWithTheseTags": "Block items with these tags",
    "AllowItemsWithTheseTags": "Allow only items with these tags",
    "OptionAllowContentDownloading": "Allow media downloading",
    "LabelNewUserNameHelp": "Usernames can contain letters (a-z), numbers (0-9), dashes (-), underscores (_), apostrophes ('), and periods (.)",
    "HeaderThisUserIsCurrentlyDisabled": "This user is currently disabled. To enable this user, please see the option at the bottom of this page.",
    "OptionAllowSyncTranscoding": "Allow media downloading that requires transcoding",
    "AllowMediaConversion": "Allow media conversion",
    "AllowMediaConversionHelp": "Grant or deny access to the convert media feature.",
    "OptionAllowAudioPlaybackTranscoding": "Allow audio transcoding, if necessary, during media playback",
    "OptionAllowVideoPlaybackTranscoding": "Allow video transcoding, if necessary, during media playback",
    "OptionAllowVideoPlaybackRemuxing": "Allow changing of container formats, if necessary, during media playback",
    "OptionAllowMediaPlaybackTranscodingHelp": "Restricting access to transcoding will disable quality selection and may cause playback failures in Emby apps due to unsupported media formats or insufficient network bandwidth.",
    "LabelRemoteClientBitrateLimit": "Internet streaming bitrate limit (Mbps)",
    "LabelRemoteClientBitrateLimitHelp": "An optional per-stream bitrate limit for all out of network devices. This is useful to prevent devices from requesting a higher bitrate than your internet connection can handle. This may result in increased CPU load on your server in order to transcode videos on the fly to a lower bitrate.",
    "LabelUserRemoteClientBitrateLimitHelp": "This will override the default global value set in advanced server settings.",
    "OptionEnableFullSpeedConversion": "Enable full speed conversion",
    "OptionEnableFullSpeedConversionHelp": "By default, conversions are performed at a low speed to minimize resource consumption.",
    "OptionEnableAutomaticServerUpdates": "Enable automatic server updates",
    "HeaderTVSources": "TV Sources",
    "HeaderAddTvSource": "Add TV Source",
    "LabelTunerIpAddress": "Tuner IP Address",
    "HeaderGuideProviders": "Guide Data Sources",
    "HeaderAddGuideSource": "Add Guide Data Source",
    "LabelZipCode": "Zip Code",
    "LabelLineup": "Lineup",
    "LabelImportOnlyFavoriteChannels": "Restrict to channels marked as favorite",
    "ImportFavoriteChannelsHelp": "If enabled, only channels that are marked as favorite on the tuner device will be imported.",
    "HeaderDefaultRecordingSettings": "Default Recording Settings",
    "LabelDisplayName": "Display name",
    "OptionDownloadImagesInAdvance": "Download images in advance",
    "OptionDownloadImagesInAdvanceHelp": "By default, most images are not downloaded from the internet until they are displayed by an Emby app. Enable this option to download all images in advance, as new media is imported. This may cause significantly longer library scans.",
    "MessageThankYouForSupporting": "Thank you for supporting Emby.",
    "FileReadCancelled": "The file read has been canceled.",
    "FileNotFound": "File not found.",
    "FileReadError": "An error occurred while reading the file.",
    "NoPluginConfigurationMessage": "This plugin has no settings to configure.",
    "HeaderNewApiKey": "New Api Key",
    "HeaderNewApiKeyHelp": "Grant an application permission to communicate with Emby Server.",
    "MessageKeyEmailedTo": "Key emailed to {0}.",
    "HeaderConfirmation": "Confirmation",
    "MessageKeyUpdated": "Thank you. Your Emby Premiere key has been updated.",
    "MessageKeyRemoved": "Thank you. Your Emby Premiere key has been removed.",
    "TextEnjoyBonusFeatures": "Enjoy Bonus Features",
    "MessageErrorLoadingSupporterInfo": "There was an error loading Emby Premiere information. Please try again later.",
    "ValueTimeLimitSingleHour": "Time limit: 1 hour",
    "ValueTimeLimitMultiHour": "Time limit: {0} hours",
    "General": "General",
    "HeaderScreenSavers": "Screen Savers",
    "Reporting": "Reporting",
    "LabelStopping": "Stopping",
    "HeaderSelectCertificatePath": "Select Certificate Path",
    "HeaderSupporterBenefit": "An active Emby Premiere subscription provides additional benefits such as access to Emby DVR, offline media, premium plugins, and more. {0}Learn more{1}.",
    "LabelAbortedByServerShutdown": "(Aborted by server shutdown)",
    "LabelScheduledTaskLastRan": "Last ran {0}, taking {1}.",
    "HeaderDeleteTaskTrigger": "Delete Task Trigger",
    "MessageDeleteTaskTrigger": "Are you sure you wish to delete this task trigger?",
    "MessageNoPluginsDueToAppStore": "To manage plugins, please use the Emby web app.",
    "LabelVersionInstalled": "{0} installed",
    "HeaderSelectServerCachePath": "Select Server Cache Path",
    "HeaderSelectTranscodingPath": "Select Transcoding Temporary Path",
    "HeaderSelectMetadataPath": "Select Metadata Path",
    "HeaderSelectServerCachePathHelp": "Browse or enter the path to use for server cache files. The folder must be writeable.",
    "HeaderSelectTranscodingPathHelp": "Browse or enter the path to use for transcoding temporary files. The folder must be writeable.",
    "HeaderSelectMetadataPathHelp": "Browse or enter the path you'd like to store metadata within. The folder must be writeable.",
    "MessageConfirmRestart": "Are you sure you wish to restart Emby Server?",
    "MessageConfirmShutdown": "Are you sure you wish to shutdown Emby Server?",
    "LabelLocalAccessUrl": "In-Home (LAN) access: {0}",
    "LabelRemoteAccessUrl": "Remote (WAN) access: {0}",
    "LabelRunningOnPort": "Running on http port {0}",
    "LabelRunningOnPorts": "Running on http port {0}, and https port {1}",
    "LabelCurrentPath": "Current path",
    "HeaderSelectMediaPath": "Select Media Path",
    "HeaderSelectPath": "Select Path",
    "MessageDirectoryPickerInstruction": "Network paths can be entered manually in the event the Network button fails to locate your devices. For example, {0} or {1}.",
    "MessageDirectoryPickerBSDInstruction": "For BSD, you may need to configure storage within your FreeNAS Jail in order to allow Emby to access it.",
    "MessageDirectoryPickerLinuxInstruction": "For Linux on Arch Linux, CentOS, Debian, Fedora, OpenSuse, or Ubuntu, you must grant the Emby system user at least read access to your storage locations.",
    "MetadataManager": "Metadata Manager",
    "OptionBlockLiveTvChannels": "Live TV Channels",
    "OptionBlockChannelContent": "Internet Channel Content",
    "ButtonRevoke": "Revoke",
    "MessageConfirmRevokeApiKey": "Are you sure you wish to revoke this api key? The application's connection to Emby Server will be abruptly terminated.",
    "HeaderConfirmRevokeApiKey": "Revoke Api Key",
    "MessagePleaseAcceptTermsOfServiceBeforeContinuing": "Please accept the terms of service before continuing.",
    "HeaderChangeFolderType": "Change Content Type",
    "HeaderChangeFolderTypeHelp": "To change the type, please remove and rebuild the library with the new type.",
    "HeaderAlert": "Alert",
    "MessagePleaseRestart": "Please restart to finish updating.",
    "OptionHomeVideos": "Home videos & photos",
    "OptionBooks": "Books",
    "HeaderMetadataReaders": "Metadata Readers",
    "LabelMetadataReadersHelp": "Rank your preferred local metadata sources in order of priority. The first file found will be read.",
    "HeaderSubtitleDownloaders": "Subtitle Downloaders",
    "SubtitleDownloadersHelp": "Enable and rank your preferred subtitle downloaders in order of priority. More subtitle providers can be installed using the Emby plugin catalog.",
    "LabelMetadataDownloaders": "Metadata downloaders",
    "LabelMetadataDownloadersHelp": "Enable and rank your preferred metadata downloaders in order of priority. Lower priority downloaders will only be used to fill in missing information.",
    "HeaderMetadataSavers": "Metadata Savers",
    "LabelMetadataSaversHelp": "Choose the file formats to save your metadata to.",
    "LabelImageFetchers": "Image fetchers",
    "LabelImageFetchersHelp": "Enable and rank your preferred image fetchers in order of priority.",
    "PersonTypePerson": "Person",
    "HeaderRemoveMediaLocation": "Remove Media Location",
    "MessageConfirmRemoveMediaLocation": "Are you sure you wish to remove this location?",
    "LabelNewName": "New name",
    "HeaderRemoveLibrary": "Remove Library",
    "MessageAreYouSureYouWishToRemoveLibrary": "Are you sure you wish to remove the {0} library from your Emby Server? Your media files will not be affected.",
    "ButtonRename": "Rename",
    "HeaderPluginInstallation": "Plugin Installation",
    "MessageTrialExpired": "The trial period for this feature has expired",
    "MessageTrialWillExpireIn": "The trial period for this feature will expire in {0} day(s)",
    "ValuePriceUSD": "Kaina: {0} (USD)",
    "MessageFeatureIncludedWithSupporter": "You are registered for this feature, and will be able to continue using it with an active Emby Premiere subscription.",
    "HeaderSelectExternalPlayer": "Select External Player",
    "HeaderExternalPlayerPlayback": "External Player Playback",
    "HeaderThankYou": "Thank You",
    "HeaderSelectUploadPath": "Select Upload Path",
    "ErrorMessageStartHourGreaterThanEnd": "End time must be greater than the start time.",
    "MessagePluginConfigurationRequiresLocalAccess": "To configure this plugin please sign in to your local server directly.",
    "MovieLibraryHelp": "Review the {0}Emby movie naming guide{1}.",
    "TvLibraryHelp": "Review the {0}Emby TV naming guide{1}.",
    "BookLibraryHelp": "Text books are supported. Review the {0}Emby Book naming guide{1}.",
    "MessageGamePluginRequired": "Requires installation of the GameBrowser plugin",
    "HeaderUnlockApp": "Unlock App",
    "MessagePaymentServicesUnavailable": "Payment services are currently unavailable. Please try again later.",
    "NoNewDevicesFound": "No new devices found. To add a new tuner, close this dialog and enter the device information manually.",
    "MessageConfirmDeleteTunerDevice": "Are you sure you wish to delete this device?",
    "MessageConfirmDeleteGuideProvider": "Are you sure you wish to delete this guide provider?",
    "HeaderDeleteProvider": "Delete Provider",
    "ErrorAddingTunerDevice": "There was an error adding the tuner device. Please ensure it is accessible and try again.",
    "ErrorSavingTvProvider": "There was an error saving the TV provider. Please ensure it is accessible and try again.",
    "ErrorGettingTvLineups": "There was an error downloading tv lineups. Please ensure your information is correct and try again.",
    "MessageCreateAccountAt": "Create an account at {0}",
    "ErrorPleaseSelectLineup": "Please select a lineup and try again. If no lineups are available, then please check that your username, password, and postal code is correct.",
    "HeaderTryEmbyPremiere": "Try Emby Premiere",
    "ErrorValidatingSupporterInfo": "There was an error validating your Emby Premiere information. Please try again later.",
    "LabelLocalSyncStatusValue": "Status: {0}",
    "HeaderTopPlugins": "Top Plugins",
    "ForAdditionalLiveTvOptions": "Browse the Emby {0}plugin catalog{1} to install additional Live TV providers.",
    "AddUser": "Add User",
    "HeaderEmailAddress": "E-Mail Address",
    "NumLocationsValue": "{0} folders",
    "PleaseAddAtLeastOneFolder": "Please add at least one folder to this library by clicking the Add button.",
    "ErrorAddingMediaPathToVirtualFolder": "There was an error adding the media path. Please ensure the path is valid and the Emby Server process has access to that location.",
    "ErrorAddingEmbyConnectAccount3": "The Emby account is already linked to an existing local user. An Emby account can only be linked to one local user at a time.",
    "HeaderConfirmPluginInstallation": "Confirm Plugin Installation",
    "PleaseConfirmPluginInstallation": "Please click OK to confirm you've read the above and wish to proceed with the plugin installation.",
    "MessagePluginInstallDisclaimer": "Plugins built by Emby community members are a great way to enhance your Emby experience with additional features and benefits. Before installing, please be aware of the effects they may have on your Emby Server, such as longer library scans, additional background processing, and decreased system stability.",
    "HardwareAccelerationWarning": "Enabling hardware acceleration may cause instability in some environments. Ensure that your operating system and video drivers are fully up to date. If you have difficulty playing video after enabling this, you'll need to change the setting back to Auto.",
    "ValueExample": "Example: {0}",
    "LabelFileOrUrl": "File or url",
    "OptionEnableForAllTuners": "Enable for all tuner devices",
    "HeaderTuners": "Tuners",
    "DrmChannelsNotImported": "Channels with DRM will not be imported.",
    "LabelAllowHWTranscoding": "Allow hardware transcoding",
    "AllowHWTranscodingHelp": "If enabled, allow the tuner to transcode streams on the fly. This may help reduce transcoding required by Emby Server.",
    "MetadataSettingChangeHelp": "Changing metadata settings will affect new content that is added going forward. To refresh existing content, open the detail screen and click the refresh button, or perform bulk refreshes using the metadata manager.",
    "RecordingPathChangeMessage": "Changing your recording folder will not migrate existing recordings from the old location to the new. You'll need to move them manually if desired.",
    "LabelLocalIpAddress": "Lokalus IP adresas",
    "LabelBindToLocalNetworkAddressHelp": "Optional. Override the local IP address that Emby Server will present to Emby apps. If left blank, the server will automatically detect the local IP address.",
    "SettingsWarning": "Changing these values may cause instability or connectivity failures. If you experience any problems, we recommend changing them back to default.",
    "OptionSaveMetadataAsHiddenHelp": "Changing this will apply to new metadata saved going forward. Existing metadata files will be updated the next time they are saved by Emby Server.",
    "EnablePhotos": "Enable photos",
    "EnablePhotosHelp": "Photos will be detected and displayed alongside other media files.",
    "ImportPlaylists": "Import playlist files",
    "ImportPlaylistsHelp": "Playlists found in your media directories can be imported into Emby Server.",
    "SaveThumbnailImagesIntoMediaFolders": "Save video preview thumbnails into media folders",
    "LabelGenerateVideoPreviewThumbnails": "Generate video preview thumbnails",
    "LabelEnableDebugLogging": "Enable debug logging",
    "OptionEnableExternalContentInSuggestions": "Enable external content in suggestions",
    "OptionEnableExternalContentInSuggestionsHelp": "Allow internet trailers and live tv programs to be included within suggested content.",
    "LabelOptionalNetworkPath": "(Optional) Shared network folder",
    "LabelOptionalNetworkPathHelp": "If this folder is shared on your network, supplying the network share path can allow Emby apps on other devices to access media files directly.",
    "SynologyUpdateInstructions": "\u012esijunkite \u012f DSM ir eikite \u012f Paket\u0173 centr\u0105 atnaujinimui.",
    "HeaderRecordingPostProcessing": "Recording Post Processing",
    "LabelPostProcessorArguments": "Post-processor command line arguments",
    "PostProcessorArgumentsHelp": "The following variables are supported in the command line to allow passing data to your post-processor",
    "LabelPostProcessor": "Post-processing application",
    "DvrPostProcessorPathArgument": "{path}: The full path to the new recording file",
    "OptionAutomaticallyGroupSeries": "Automatically merge series that are spread across multiple folders",
    "OptionAutomaticallyGroupSeriesHelp": "If enabled, series that are spread across multiple folders within this library will be automatically merged into a single series.",
    "WhenDidYouPurchaseApp": "When did you originally purchase this app?",
    "PreferEmbeddedTitlesOverFileNames": "Prefer embedded titles over filenames",
    "PreferEmbeddedTitlesOverFileNamesHelp": "This determines the default display title when no internet metadata or local metadata is available.",
    "FriendlyNameForReferenceHelp": "A friendly name used for display, for your own reference.",
    "HeaderLiveTvTunerSetup": "Live TV Tuner Setup",
    "HeaderTVSourceSetup": "TV Source Setup",
    "HeaderDetectMyDevices": "Detect Devices",
    "MessagePleaseWait": "Please wait. This may take a minute.",
    "DetectingDevices": "Detecting devices",
    "LabelAutomaticallyRefreshInternetMetadataEvery": "After the initial import, automatically refresh metadata from the internet",
    "LabelPlaceholderMetadataRefreshInternetMetadataEvery": "Automatically refresh metadata for episodes with placeholder titles such as TBA",
    "EveryNDays": "Every {0} days",
    "NDays": "{0} days",
    "LabelCertificatePassword": "Certificate password",
    "LabelCertificatePasswordHelp": "If your certificate requires a password, please enter it here.",
    "HeaderNewLibrary": "New Library",
    "HttpsRequiresCert": "To enable secure connections, you will need to supply a trusted SSL certificate, such as Lets Encrypt. Please either supply a certificate, or disable secure connections.",
    "ServerRestartNeededAfterPluginInstall": "Emby Server will need to be restarted after installing a plugin.",
    "PluginInstalledMessage": "The plugin has been successfully installed. Emby Server will need to be restarted for changes to take effect.",
    "MessagePremiereStatusGood": "You have a {0} Emby Premiere plan and your device usage is well within your limit.",
    "MessagePremiereStatusClose": "You have a {0} Emby Premiere plan, but your device usage is close to the limit.",
    "MessagePremiereExtendedPlans": "Consider an {0}extended device plan{1}",
    "MessagePremiereStatusOver": "You have a {0} Emby Premiere plan, but you are over your device limit!",
    "ListItemPremiereSub": "{0} subscription purchased via {2} expires {1}",
    "LabelClickToCancel": "Click to cancel this subscription",
    "LabelCancelInfo": "You can manage this subscription directly with {0}",
    "LabelAlreadyCanceled": "This subscription has been canceled. Key will remain valid until expiration.",
    "HeaderCancelSub": "Cancel Emby Premiere",
    "MessageConfirmSubCancel": "NO, Please don't go... You will miss out on all the great features of Emby Premiere!",
    "ButtonCancelSub": "I know, cancel it anyway",
    "ButtonDontCancelSub": "Keep Emby Premiere",
    "MessageSubCancelReqSent": "An email has been sent to the owner of the key. Please follow the instructions in that email to complete the cancellation of this subscription. We hope to see you back soon!",
    "MessageSubCancelError": "Something went wrong trying to cancel. Please send an email to {0} and we'll get you squared away.",
    "LabelAlreadyCancelled": "This subscription has been cancelled. You will not be charged again but the features will work until the date above.",
    "AllowOnTheFlySubtitleExtraction": "Allow subtitle extraction on the fly",
    "AllowOnTheFlySubtitleExtractionHelp": "Embedded subtitles can be extracted from videos and delivered to Emby apps in plain text in order to help prevent video transcoding. On some systems this can take a long time and cause video playback to stall during the extraction process. Disable this to have embedded subtitles burned in with video transcoding when they are not natively supported by the client device.",
    "EnableDebugLoggingHelp": "Debug logging should only be enabled as needed for troubleshooting purposes. The increased file system access may prevent the server machine from being able to sleep in some environments.",
    "LabelSimultaneousConnectionLimit": "Simultaneous stream limit",
    "SimultaneousConnectionLimitHelp": "The maximum number of allowed simultaneous streams. Enter 0 for no limit.",
    "LaunchWebAppOnStartup": "Launch the Emby web app in my web browser when Emby Server starts",
    "LaunchWebAppOnStartupHelp": "This will open the web app in your default web browser when Emby Server initially starts. This will not occur when using the restart server function.",
    "LabelReferrerHeader": "Referrer http header",
    "LabelUserAgentHeader": "User agent http header",
    "SupplyCustomValueIfNeeded": "Supply a custom http header value, if necessary.",
    "HeaderConfigureRemoteAccess": "Configure Remote Access",
    "LearnHowToCreateSynologyShares": "Learn how to share folders in Synology.",
    "LabelAllowedRemoteAddresses": "Remote IP address filter",
    "LabelAllowedRemoteAddressesMode": "Remote IP address filter mode",
    "Whitelist": "Whitelist",
    "Blacklist": "Blacklist",
    "AllowedRemoteAddressesHelp": "Comma separated list of IP addresses or IP\/netmask entries for networks that will be allowed to connect remotely. If left blank, all remote addresses will be allowed.",
    "LabelLanNetworks": "LAN networks",
    "LanNetworksHelp": "Comma separated list of IP addresses or IP\/netmask entries for networks that will be considered on local network when enforcing bandwidth restrictions. If set, all other IP addresses will be considered to be on the external network and will be subject to the external bandwidth restrictions. If left blank, only the server's subnet and common private IP subnets (10.0.0.0\/8, 192.168.0.0\/24, etc.) are considered to be on the local network.",
    "LabelSecureConnectionsMode": "Secure connection mode",
    "PreferredNotRequired": "Preferred, but not required",
    "RequiredForAllRemoteConnections": "Required for all remote connections",
    "HandledByProxy": "Handled by reverse proxy",
    "SaveSubtitlesIntoMediaFolders": "Save downloaded subtitles into media folders",
    "SaveSubtitlesIntoMediaFoldersHelp": "Storing subtitles next to video files will allow them to be more easily managed.",
    "AutomaticSubtitleDownloadInstructions": "To manage automatic subtitle downloading, click on a library in Emby library setup, and edit the subtitle downloading settings for that library.",
    "ProviderNeedsSetupWithUrl": "{0} requires additional setup on the {1} settings screen{2} in Emby Server.",
    "LabelEnableHardwareAcceleration": "Enable hardware acceleration when available",
    "HeaderPreferredHardwareDecoders": "Preferred Hardware Decoders",
    "HeaderPreferredHardwareEncoders": "Preferred Hardware Encoders",
    "AllowChangingImageAndPassword": "Allow this user to change their password and profile image",
    "LabelSimultaneousStreamLimit": "Max simultaneous video streams",
    "SimultaneousStreamLimitHelp": "Limit the number of concurrent video playback sessions.",
    "LabelMusicFolderStructure": "Music folder structure",
    "LabelMusicFolderStructureHelp": "This provides a hint to the library scanner about the way your folders are organized. If you're unsure, or if your folders don't exactly match one of the options, then please select the default option of Other.",
    "OtherOrUnstructured": "Other or unstructured",
    "PerfectArtistAlbumTrack": "Perfectly organized into artist\\album folders, with tracks directly in the album folders.",
    "PerfectAlbumTrack": "Perfectly organized into album folders, with tracks directly in the album folders.",
    "LabelMinCollectionSize": "Minimum automatic collection size",
    "PerfectAuthorAudioBookTrack": "Perfectly organized into author\\book folders, with tracks directly in the book folders.",
    "PerfectAudioBookTrack": "Perfectly organized into book folders, with tracks directly in the book folders.",
    "MinCollectionSizeHelp": "Automatically create collections when you have at least the selected number of titles in your library. Changing this value will not affect existing collections.",
    "LabelImportCollections": "Import collection information from metadata downloaders",
    "LabelImportCollectionsHelp": "When enabled, this will import collection information from your enabled metadata downloaders. This may cause unwanted collections to be automatically created. Disabling will prevent future collections from being automatically created, but will not delete existing ones.",
    "LabelAllowAdultMetadata": "Allow adult metadata",
    "LabelAllowAdultMetadataHelp": "Allow matching adult titles when searching for internet metadata.",
    "HeaderVideoPreviewThumbnails": "Video Preview Thumbnails",
    "LabelEnableHDRToneMapping": "Enable HDR tone mapping",
    "EnableHDRToneMappingHelp": "Tone mapping will ensure correct color conversion when transcoding HDR content, which will otherwise appear highly dimmed and desaturated. Additional driver components may be needed to support hardware acceleration with this feature enabled. Please see our hardware acceleration setup guide for details.",
    "WithHardwareAcceleratedTranscoding": "Yes, only with hardware acceleration",
    "TranscodingStillInitializing": "Emby Server transcoding services are still busy starting up. This screen will automatically refresh when transcoding services are ready.",
    "WithEitherHardwareOrSoftwareTranscoding": "Yes, with either hardware or software transcoding",
    "ToneMappingInHardwareDescription": "Tone mapping will be performed with hardware acceleration when it is enabled and supported by the hardware, and skipped in all other cases.",
    "ToneMappingInSoftwareDescription": "Tone mapping will be performed in software by the CPU. This is much slower than hardware accelerated tone mapping and will require a very powerful server machine.",
    "ToneMappingInBothDescription": "Tone mapping will be performed with hardware acceleration when it is enabled and supported by the hardware, and will fallback to software in all other cases. Tone mapping in software is much slower than hardware accelerated tone mapping and will require a very powerful server machine.",
    "AutoMapped": "Automatically mapped",
    "ManuallyMapped": "Manually mapped",
    "NotMappedToGuideData": "Not mapped to guide data",
    "MappedToValue": "Mapped to {0}",
    "LabelAutomaticallyWakeServerForRecordings": "Automatically wake the server machine to perform recordings",
    "LabelAutomaticallyWakeServerForRecordingsHelp": "Wake events will be scheduled with the server operating system. Disabling this option will prevent future wake events from being scheduled but will not remove any previously scheduled events.",
    "Database": "Database",
    "LabelOptimizeDatabaseOnShutdown": "Attempt to optimize the database on server shutdowns",
    "LabelOptimizeDatabaseOnShutdownHelp": "The database optimize operation is usually a no-op but it will occasionally run an analysis if it seems like doing so will be useful to the query planner. This may cause Emby Server to take longer to shutdown.",
    "LabelDatabaseCacheSize": "Database cache size (MB)",
    "LabelDatabaseCacheSizeHelp": "Sets the amount of data that the database will hold in memory at once, per database file. A larger value may help improve Emby Server performance. Requires a server restart to take effect.",
    "LabelDatabaseAnalysisLimit": "Analysis row limit",
    "LabelDatabaseAnalysisLimitHelp": "When the database is optimized, this is the approximate number of rows examined in each index by the ANALYZE command. A larger value will increase the effectiveness of the database optimization, but may cause Emby Server to take longer to shutdown.",
    "LabelVacuumDb": "Vacuum the database on the next Emby Server startup",
    "LabelVacuumDbHelp": "Vacuuming rebuilds the database file, repacking it into a minimal amount of disk space. In some cases this may improve Emby Server performance. Please note that your Emby Server will not be usable during the time of the vacuum operation, nor will there be any way to monitor the progress of the vacuum. Please avoid force closing the Emby Server process during this time as it may lead to database corruption. This is a one-time operation and this option will revert to unchecked on the next server startup.",
    "AdvancedOptionsWarning": "These are advanced options and should generally be left at defaults unless you have a reason to change them.",
    "HeaderRecentlyActiveDevices": "Recently Active Devices",
    "YesUntilServerRestart": "Yes, until the next server restart",
    "YesUntilLogRotate": "Yes, until the next log file rotation",
    "LabelSubtitleDownloadMaxAge": "Stop trying to automatically download subtitles for videos older than",
    "SubtitleDownloadMaxAgeHelp": "This is based on the date added metadata value.",
    "NoAgeLimit": "No age limit",
    "AnonymizeLogContents": "Anonymize log contents",
    "Markers": "Markers",
    "LabelGenerateIntroVideoMarkers": "Generate intro video markers",
    "GenerateIntroVideoMarkersHelp": "Detects show intros and displays the 'Skip Intro' button in Emby apps. Intro detection may take a long time and cause high CPU or disk usage.",
    "LabelCopyFromUser": "Copy settings from user",
    "CopyFromUserHelp": "Optional. Speed up new user creation by copying information from an existing user.",
    "UserPolicy": "User Policy (library and feature access, parental controls, etc.)",
    "UserConfiguration": "User Configuration (preferred audio and subtitle languages, library order, etc.)",
    "HeaderCopyOptions": "Copy Options",
    "LabelMultiRestrictionMode": "Multiple restriction mode",
    "MultiRestrictionModeAll": "Allow content matching both the rating and tag restrictions",
    "MultiRestrictionModeAny": "Allow content matching either the rating or tag restrictions",
    "AllowMappingByChannelNumber": "Allow mapping to guide data using channel numbers",
    "AllowMappingByChannelNumberHelp": "This can be used as a fallback to match tuner channels with guide data whenever a match can't be found based on the channel name. This may lead to inaccurate matching if channel numbers from the tuner are not correct.",
    "LabelPreferredSourceForChannelLogos": "Prefer channel logos from the guide data over the tuner when both have them available",
    "LabelPreferredSourceForChannelNumbers": "Prefer channel numbers from the guide data over the tuner when both have them available",
    "HeaderSoftwareEncoders": "Software Encoders",
    "LabelProxyHeaderMode": "Read proxy headers to determine client IP addresses",
    "ProxyHeadersRemoteOnly": "Only when they contain remote network addresses",
    "ProxyHeaderModeHelp": "Determines if request headers such as {0} and {1} should be used to determine the IP address of connecting devices.",
    "AllowCameraUpload": "Allow camera upload",
    "AllowCameraUploadHelp": "If allowed, and if enabled in Emby mobile apps, users can automatically upload photos and videos taken from their camera to this Emby Server",
    "CameraUploadMustBeGranted": "You must also be granted access to camera upload by your server administrator.",
    "EnableReadingAndWritingPeopleMetadata": "Enable reading and writing of person metadata files",
    "EnableReadingAndWritingPeopleMetadataHelp": "Requires the Nfo Metadata plugin to be installed. This will allow saving your people edits to nfo metadata files but will result in longer library scans.",
    "LabelIgnoreSampleFiles": "Ignore files containing the word sample in the filename if their size is less than (MB)"
}