{
    "LabelFinish": "Voltooien",
    "LabelYoureDone": "Gereed!",
    "ThisWizardWillGuideYou": "Deze wizard helpt u door het setup-proces. Om te beginnen selecteert u eerst de gewenste taal.",
    "HeaderCreateYourFirstUser": "Maak je eerste gebruiker aan",
    "ButtonQuickStartGuide": "Snelstart gids",
    "MoreUsersCanBeAddedLater": "Meer gebruikers kunnen later via het dashboard worden toegevoegd.",
    "UserProfilesIntro": "Emby heeft ingebouwde ondersteuning voor gebruikersprofielen die het mogelijk maakt om elke gebruiker eigen scherminstellingen, afspeelinstellingen en ouderlijk toezicht te geven.",
    "WizardCompleted": "Dat is alles wat we nu nodig hebben. Emby is begonnen met het verzamelen van informatie over uw media bibliotheek. Probeer sommige van onze apps en klik dan <b>Finish<\/b> om het <b>Server Dashboard<\/b> te bekijken.",
    "HeaderTermsOfService": "Emby Gebruiksvoorwaarden",
    "MessagePleaseAcceptTermsOfService": "Accepteer de gebruiksvoorwaarden en het privacybeleid voordat u doorgaat.",
    "OptionIAcceptTermsOfService": "Ik accepteer de voorwaarden",
    "HeaderGuideDataSetup": "Gids data instellingen",
    "LabelGuideSource": "Gids bron:",
    "SeeOurHwaGuide": "Bekijk onze {0}handleiding voor het opzetten van de hardware acceleratie{1}.",
    "HeaderEmbyServerReleaseNotes": "Emby Server release informatie",
    "AllowSubtitleDownloading": "Het downloaden van ondertitels toestaan",
    "AllowSubtitleManagement": "Verwijderen van bestaande ondertitels toestaan",
    "NewUserNameHelp": "Dit is hoe de gebruiker eruit ziet op je server",
    "ChapterMarkers": "Hoofdstuk markeringen",
    "LabelThumbnailImagesInterval": "Thumbnail afbeeldingen interval:",
    "ThumbnailImagesIntervalHelp": "Veelvuldige thumbnails zorgen voor een betere ervaring, maar vereisen meer opslagruimte en tijd om de afbeeldingen te genereren.",
    "LabelAuthProvider": "Authenticatieprovider:",
    "AuthProviderHelp": "Administrators maken altijd gebruik van de standaard Emby provider om uitsluiten te voorkomen.",
    "HeaderNewUser": "Nieuwe gebruiker",
    "ChangeServerDisplayName": "Serverweergavenaam wijzigen",
    "GetServerInfo": "Serverinformatie ophalen",
    "LabelPinCode": "Pincode:",
    "ShowAdvancedSettings": "Geavanceerde instellingen weergeven",
    "ChangingMetadataImageSettingsNewContent": "Aanpassingen aan de metadata en artwork download instellingen zullen alleen van toepassing zijn op nieuwe toegevoegde content. Om de aanpassingen toe te passen op bestaande content, moet de metadata ervan handmatig vernieuwd worden.",
    "AllowRemoteAccess": "Externe verbindingen met deze Emby Server toestaan.",
    "AllowRemoteAccessHelp": "Indien niet aangevinkt worden alle externe verbindingen geblokkeerd.",
    "Alerts": "Meldingen",
    "LabelTrackTitleDisplay": "Ingesloten video-track titel weergaven:",
    "GenerateUserFriendlyTrackTitles": "Genereer gebruikers vriendelijke titels uit video-track informatie",
    "PreferOriginalTrackTitles": "Prefereer ingesloten titels",
    "TrackTitleDisplayHelp": "Kies de weergavetitel van ingesloten audio- en ondertiteltracks. De voorkeur geven aan embedded wordt niet aanbevolen, tenzij je handmatig embedded track-informatie beheert.",
    "EnableTranscodingThrottle": "Throtteling inschakelen",
    "EnableTranscodingThrottleHelp": "Emby zal automatisch de transcodeersnelheid aanpassen om CPU-gebruik te verminderen.",
    "HeaderTypeMetadataDownloaders": "{0} metadata downloaders",
    "HeaderTypeImageFetchers": "{0} Afbeelding downloaders",
    "HeaderImageOptions": "Afbeeldingsopties",
    "OptionBeta": "Beta",
    "HeaderTaskTriggers": "Taak Triggers",
    "Paths": "Paden",
    "CategorySync": "Sync",
    "RegisterWithPayPal": "Registreer met PayPal",
    "LabelSyncTempPath": "Pad voor tijdelijke bestanden:",
    "LabelSyncTempPathHelp": "Geef een afwijkende sync werk directory op. Tijdens het sync proces aangemaakte geconverteerde media zal hier opgeslagen worden.",
    "LabelCustomCertificatePath": "Aangepast SSL-certificaatpad:",
    "LabelCustomCertificatePathHelp": "Pad naar een PKCS #12 bestand met een certificaat en priv\u00e9-sleutel om TLS ondersteuning op een aangepast domein in te schakelen.",
    "HeaderSetupLibrary": "Stel uw mediabibliotheken in",
    "LabelTimeLimitHours": "Tijdslimiet (uren):",
    "HeaderPreferredMetadataLanguage": "Gewenste metadata taal",
    "LabelSaveLocalMetadata": "Afbeeldingen opslaan in de mediamappen",
    "LabelSaveLocalMetadataHelp": "Door afbeeldingen op te slaan in de mediamappen kunnen ze makkelijker worden aangepast.",
    "TabPassword": "Wachtwoord",
    "TabLibraryAccess": "Bibliotheek toegang",
    "TabAccess": "Toegang",
    "TabProfile": "Profiel",
    "TabMetadata": "Metagegevens",
    "HeaderDeviceAccess": "Apparaat Toegang",
    "OptionEnableAccessFromAllDevices": "Toegang vanaf alle apparaten toestaan",
    "OptionEnableAccessToAllChannels": "Toegang tot alle kanalen inschakelen",
    "OptionEnableAccessToAllLibraries": "Toegang tot alle bibliotheken inschakelen",
    "DeviceAccessHelp": "Dit geldt alleen voor apparaten die uniek ge\u00efdentificeerd kunnen worden en voorkomen niet toegang via een webbrowser. Filteren van apparaat toegang voor gebruikers voorkomt dat zij nieuwe apparaten gebruiken totdat deze hier zijn goedgekeurd.",
    "LabelDisplayMissingEpisodesWithinSeasons": "Toon ontbrekende afleveringen binnen een seizoen",
    "LabelDisplayMissingEpisodesWithinSeasonsHelp": "Dit moet ook worden ingeschakeld voor TV bibliotheken in Emby Server setup.",
    "ImportMissingEpisodesHelp": "Indien ingeschakeld, wordt informatie over ontbrekende afleveringen in uw Emby de database ge\u00efmporteerd en weergegeven in de seizoenen en series. Dit kan aanzienlijk langere bibliotheekscans veroorzaken.",
    "MessageEnablingOptionLongerScans": "Inschakelen van deze optie kan leiden tot langere doorlooptijd van bibliotheek scans.",
    "TabSecurity": "Beveiliging",
    "ButtonSave": "Opslaan",
    "LabelUrl": "Url:",
    "HeaderCreatePassword": "Maak wachtwoord",
    "LabelMaxParentalRating": "Maximaal toegestane kijkwijzer classificatie:",
    "MaxParentalRatingHelp": "Media met een hogere classificatie wordt niet weergegeven",
    "LibraryAccessHelp": "Selecteer de mediamappen om met deze gebruiker te delen. Beheerders kunnen alle mappen bewerken via de metadata manager.",
    "ChannelAccessHelp": "Selecteer de kanalen om te delen met deze gebruiker. Beheerders kunnen alle kanalen bewerken met de metadata manager.",
    "LabelSelectUsers": "Selecteer gebruikers:",
    "ImageUploadAspectRatioHelp": "1:1 beeldverhouding geadviseerd. Alleen JPG\/PNG.",
    "AlreadyPaidHelp1": "Als u een oudere versie van Media Browser voor Android aangeschaft hebt hoeft u niet opnieuw te betalen om deze app te activeren. Klik op OK om ons u een e-mail op {0} te sturen en wij activeren deze voor u.",
    "AlreadyPaidHelp2": "Heeft u Emby Premiere? Annuleer dan dit dialoogvenster, Activeer Emby Premiere in uw Emby Server Dashboard onder Help-> Emby Premiere en het zal automatisch worden ontgrendeld.",
    "TabMyPlugins": "Mijn Plugins",
    "TabCatalog": "Catalogus",
    "HeaderAutomaticUpdates": "Automatische updates",
    "Standard": "Standaard",
    "TabAdvanced": "Geavanceerd",
    "TabGeneral": "Algemeen",
    "TitleSupport": "Ondersteuning",
    "TabAbout": "Over",
    "TabSupporterKey": "Emby Premiere Sleutel",
    "TabBecomeSupporter": "Verkrijg Emby Premiere",
    "TabEmbyPremiere": "Emby Premiere",
    "OptionHideUserLocal": "Verberg deze gebruiker op de aanmeldschermen op het lokale netwerk",
    "OptionHideUserRemote": "Verberg deze gebruiker op de aanmeldschermen voor externe verbindingen",
    "OptionHideUserFromLoginHelp": "Handig voor piv\u00e9 of verborgen beheer accounts. De gebruiker zal handmatig m.b.v. gebruikersnaam en wachtwoord aan moeten melden.",
    "HideFromUnusedDevices": "Verberg deze gebruiker op de aanmeldschermen op toestellen waar deze nog nooit is aangemeld",
    "OptionDisableUser": "Dit account uitschakelen",
    "OptionDisableUserHelp": "Indien uitgeschakeld zal de server geen verbindingen van deze gebruiker toestaan. Bestaande verbindingen zullen abrupt worden be\u00ebindigd.",
    "ButtonHelp": "Hulp",
    "OptionAllowUserToManageServer": "Deze gebruiker kan de server beheren",
    "HeaderFeatureAccess": "Functie toegang",
    "OptionAllowMediaPlayback": "Media afspelen toestaan",
    "OptionAllowBrowsingLiveTv": "Live TV toegang toestaan",
    "AllLibraries": "Alle bibliotheken",
    "HeaderAllowMediaDeletionFrom": "Wissen van media toestaan van",
    "AllowDeletionFromAll": "Toestaan media te verwijderen uit alle bibliotheken",
    "OptionAllowManageLiveTv": "Live TV opname beheer toestaan",
    "OptionAllowRemoteControlOthers": "Op afstand besturen van andere gebruikers toestaan",
    "OptionAllowRemoteSharedDevices": "Op afstand besturen van gedeelde apparaten toestaan",
    "OptionAllowRemoteSharedDevicesHelp": "Dlna apparaten worden als gedeeld apparaat gezien totdat een gebruiker deze gaat gebruiken.",
    "OptionAllowLinkSharing": "Sta social media delen toe",
    "OptionAllowLinkSharingHelp": "Alleen webpagina's met media-informatie worden gedeeld. Media-bestanden worden nooit publiekelijk gedeeld. Gedeelde items zijn beperkt in tijd en verlopen na {0} dagen.",
    "OptionMissingTmdbId": "TMDB Id ontbreekt",
    "OptionIsHD": "HD",
    "OptionIsSD": "SD",
    "ButtonSelect": "Selecteer",
    "HeaderCredits": "Credits",
    "PleaseSupportOtherProduces": "Steun a.u.b. ook andere gratis producten die wij gebruiken:",
    "VersionNumber": "Versie {0}",
    "TabPaths": "Paden",
    "Cache": "Cache",
    "TabServer": "Server",
    "OptionRelease": "Offici\u00eble Release",
    "LabelAllowServerAutoRestart": "Automatisch herstarten van de server toestaan om updates toe te passen",
    "LabelAllowServerAutoRestartHelp": "De server zal alleen opnieuw opstarten tijdens inactieve perioden, wanneer er geen gebruikers actief zijn.",
    "LabelRunServerAtStartup": "Start server bij het aanmelden",
    "LabelRunServerAtStartupHelp": "Dit zal het Emby systeemvakicoon starten bij het opstarten van Windows. Als je een Windows service hebt opgezet, laat dit dan uitgevinkt en configureer de service om te starten bij het opstarten.",
    "ButtonSelectDirectory": "Selecteer map",
    "LabelCachePath": "Cache pad:",
    "DefaultMetadataLangaugeDescription": "Dit zijn uw standaardinstellingen en kunnen per bibliotheek worden aangepast.",
    "LabelCachePathHelp": "Geef een aangepaste lokatie voor cache bestanden zoals afbeeldingen. Laat leeg om de standaard lokatie te gebruiken.",
    "LabelRecordingPath": "Standaard opname pad:",
    "LabelMovieRecordingPath": "Filmopname pad (optioneel):",
    "LabelSeriesRecordingPath": "Serieopname pad (optioneel):",
    "LabelRecordingPathHelp": "Geef de standaard locatie op om opnamen op te slaan. Indien leeg gelaten, zal de map van de server-programma gegevens worden gebruikt.",
    "LabelMetadataPath": "Metadata pad:",
    "LabelMetadataPathHelp": "Geef een aangepaste locatie op voor gedownloade afbeeldingen en metadata.",
    "LabelTranscodingTempPath": "Tijdelijk transcodeer pad:",
    "LabelTranscodingTempPathHelp": "Deze map bevat werkbestanden die worden gebruikt door de transcoder. Geef een eigen locatie op of laat het leeg om de standaardlocatie te gebruiken.",
    "TabBasics": "Basis",
    "TabTV": "TV",
    "TabGames": "Games",
    "TabMusic": "Muziek",
    "TabOthers": "Overig",
    "OptionMovies": "Films",
    "OptionEpisodes": "Afleveringen",
    "OptionOtherVideos": "Overige Video's",
    "GenerateVideoPreviewThumbnailsHelp": "Video preview miniaturen bieden live updates tijdens het zoeken in apps die het ondersteunen. Het maken van miniaturen kan veel tijd en veel CPU gebruik vragen en kan veel schijfruimte kosten.",
    "AsAScheduledTask": "als een geplande taak",
    "AsAScheduledTaskAndMediaAdded": "als een geplande taak en als media is toegevoegd",
    "TabGuide": "Gids",
    "TabChannels": "Kanalen",
    "TabCollections": "Collecties",
    "HeaderChannels": "Kanalen",
    "TabRecordings": "Opnamen",
    "TabSeries": "Serie",
    "TabFavorites": "Favorieten",
    "TabMyLibrary": "Mijn bibliotheek",
    "TabSettings": "Instellingen",
    "ButtonRefreshGuideData": "Gidsgegevens Vernieuwen",
    "ButtonRefresh": "Vernieuwen",
    "OptionPriority": "Prioriteit",
    "OptionRecordOnAllChannels": "Op alle kanalen opnemen",
    "OptionRecordAnytime": "Op elk tijdstip opnemen",
    "OptionRecordOnlyNewEpisodes": "Alleen nieuwe afleveringen opnemen",
    "HeaderDays": "Dagen",
    "ButtonEdit": "Bewerken",
    "ButtonRecord": "Opnemen",
    "ButtonDelete": "Verwijderen",
    "ButtonRemove": "Verwijderen",
    "OptionRecordSeries": "Series Opnemen",
    "HeaderDetails": "Details",
    "TitleLiveTV": "Live TV",
    "LabelNumberOfGuideDays": "Aantal dagen van de gids om te downloaden:",
    "LabelNumberOfGuideDaysHelp": "Het downloaden van meer dagen van de gids gegevens biedt de mogelijkheid verder vooruit te plannen en een beter overzicht geven, maar het zal ook langer duren om te downloaden. Auto kiest op basis van het aantal kanalen.",
    "OptionAutomatic": "Automatisch",
    "HeaderServices": "Diensten",
    "LabelCustomizeOptionsPerMediaType": "Aanpassen voor mediatype",
    "OptionDownloadThumbImage": "Miniatuur",
    "OptionDownloadMenuImage": "Menu",
    "OptionDownloadLogoImage": "Logo",
    "OptionDownloadBoxImage": "Box",
    "OptionDownloadDiscImage": "Schijf",
    "OptionDownloadBannerImage": "Banner",
    "OptionDownloadBackImage": "Terug",
    "OptionDownloadArtImage": "Art",
    "OptionDownloadPrimaryImage": "Primair",
    "HeaderFetchImages": "Afbeeldingen ophalen:",
    "TabOther": "Overig",
    "LabelMaxBackdropsPerItem": "Maximum aantal achtergronden per item:",
    "LabelMaxScreenshotsPerItem": "Maximum aantal schermafbeeldingen per item:",
    "LabelMinBackdropDownloadWidth": "Minimale achtergrond breedte om te downloaden:",
    "LabelMinScreenshotDownloadWidth": "Minimale schermafbeeldings- breedte om te downloaden:",
    "ButtonAddScheduledTaskTrigger": "Trigger Toevoegen",
    "HeaderAddScheduledTaskTrigger": "Trigger Toevoegen",
    "ButtonAdd": "Toevoegen",
    "LabelTriggerType": "Trigger Type:",
    "OptionDaily": "Dagelijks",
    "OptionWeekly": "Wekelijks",
    "OptionOnInterval": "Op interval",
    "OptionOnAppStartup": "Op applicatie start",
    "OptionAfterSystemEvent": "Na een systeem gebeurtenis",
    "LabelDay": "Dag:",
    "LabelTime": "Tijd:",
    "LabelEvent": "Gebeurtenis:",
    "OptionWakeFromSleep": "Uit slaapstand halen",
    "LabelEveryXMinutes": "Iedere:",
    "HeaderTvTuners": "Tuners",
    "TabFolders": "Mappen",
    "LabelSpecialSeasonsDisplayName": "De weergavenaam van de speciale seizoen:",
    "LabelEnableRealtimeMonitor": "Real time monitoring inschakelen",
    "LabelEnableRealtimeMonitorHelp": "Wijzigingen aan bestanden worden op ondersteunde bestandssystemen direct verwerkt.",
    "HeaderMediaFolders": "Media Mappen",
    "HeaderThemeVideos": "Thema Video's",
    "HeaderThemeSongs": "Herkenningsmelodie",
    "HeaderSpecialFeatures": "Extra's",
    "ButtonSplitVersionsApart": "Splits Versies Apart",
    "ButtonPlayTrailer": "Trailer",
    "LabelMissing": "Ontbreekt",
    "OptionSpecialEpisode": "Specials",
    "OptionMissingEpisode": "Ontbrekende Afleveringen",
    "OptionUnairedEpisode": "Toekomstige Afleveringen",
    "OptionEpisodeSortName": "Aflevering Sorteer Naam",
    "OptionTvdbRating": "Tvdb Waardering",
    "HeaderAddTitles": "Titels toevoegen",
    "TabHome": "Start",
    "HeaderLinks": "Links",
    "Community": "Gemeenschap",
    "HeaderEmbyNews": "Emby Nieuws",
    "LabelFriendlyServerName": "Aangepaste servernaam",
    "LabelFriendlyServerNameHelp": "Deze naam wordt gebruikt om deze server te identificeren. Indien leeg gelaten, zal de naam van de computer worden gebruikt.",
    "LabelPreferredDisplayLanguage": "Voorkeurs weergavetaal:",
    "LabelPreferredDisplayLanguageHelp": "Vertaling van Emby is een voortdurend project.",
    "LabelReadHowYouCanContribute": "Lees meer over hoe u kunt bijdragen.",
    "ButtonSubmit": "Uitvoeren",
    "ButtonCreate": "Cre\u00ebren",
    "LabelCustomCss": "Aangepaste css:",
    "LabelCustomCssHelp": "Uw eigen aangepaste css voor de web-interface toepassen.",
    "LabelLocalHttpServerPortNumber": "Lokale http poort nummer:",
    "LabelLocalHttpServerPortNumberHelp": "Het tcp poort nummer waar Emby's http server aan moet verbinden.",
    "LabelPublicHttpPort": "Publieke http poort nummer:",
    "LabelPublicHttpPortHelp": "Het publieke poortnummer dat moet worden toegewezen aan de lokale http poort.",
    "LabelPublicHttpsPort": "Publieke https poort nummer:",
    "LabelPublicHttpsPortHelp": "Het publieke poortnummer dat moet worden toegewezen aan de lokale https poort.",
    "RequireHttps": "Vereisen https voor externe aansluitingen",
    "RequireHttpsHelp": "Indien ingeschakeld, zal verbindingen via http wordt doorgestuurd naar https.",
    "LabelHttpsPort": "Lokale https poort nummer:",
    "LabelHttpsPortHelp": "Het tcp poort nummer waar Emby's http server aan moet verbinden.",
    "LabelEnableAutomaticPortMap": "Schakel automatisch poort vertalen in",
    "LabelEnableAutomaticPortMapHelp": "Probeer om de publieke poort automatisch te vertalen naar de lokale poort via UPnP. Dit werkt niet op alle routers.",
    "LabelExternalDDNS": "Extern domein:",
    "LabelExternalDDNSHelp": "Als u gebruik maakt van een dynamische DNS of een domeinnaam, voer deze dan hier in. Emby apps zullen deze gebruiken om op afstand te verbinden. Dit veld is verplicht bij het gebruik van een aangepast SSL-certificaat. Voorbeeld: mijndomein.com.",
    "LabelMinResumePercentage": "Percentage (min.):",
    "LabelMaxResumePercentage": "Percentage (max.):",
    "LabelMinResumeDuration": "Minimale duur (seconden):",
    "LabelMinResumePercentageHelp": "Titels worden als niet afgespeeld beschouwd indien gestopt voor deze tijd",
    "LabelMaxResumePercentageHelp": "Titels worden ingesteld als volledig afgespeeld indien gestopt na deze tijd",
    "LabelMinResumeDurationHelp": "Titels korter dan dit zullen niet hervatbaar zijn",
    "HeaderName": "Naam",
    "HeaderDate": "Datum",
    "HeaderSource": "Bron",
    "HeaderStatus": "Status",
    "HeaderDestination": "Doel",
    "Subscriptions": "Abonnementen",
    "HeaderProgram": "Programma",
    "HeaderClients": "Clients",
    "LabelCompleted": "Compleet",
    "LabelFailed": "Mislukt",
    "LabelSkipped": "Overgeslagen",
    "LabelSeries": "Series:",
    "LabelEndingEpisodeNumber": "Laatste aflevering nummer:",
    "LabelEndingEpisodeNumberHelp": "Alleen vereist voor bestanden met meerdere afleveringen",
    "HeaderSupportTheTeam": "Ondersteun het Emby Team",
    "HeaderSupportTheTeamHelp": "Door Emby Premiere aan te schaffen draagt u bij aan de verdere ontwikkeling van dit project. Een deel van alle donaties zal worden bijgedragen aan de andere gratis tools waarvan we afhankelijk zijn.",
    "DonationNextStep": "Eenmaal voltooid, gaat u terug en voert u uw Emby Premiere sleutel in, die u via e-mail zult ontvangen.",
    "LabelSeasonFolderPattern": "Mapnaam voor Seizoenen:",
    "LabelSeasonZeroFolderName": "Mapnaam voor Specials:",
    "HeaderResult": "Resulteert in:",
    "LabelTransferMethod": "Verplaats methode",
    "HeaderLatestNews": "Nieuws",
    "HeaderRunningTasks": "Actieve taken",
    "HeaderActiveDevices": "Actieve apparaten",
    "HeaderPendingInstallations": "In afwachting van installaties",
    "ButtonRestartNow": "Nu opnieuw opstarten",
    "ButtonShutdown": "Emby Server Afsluiten",
    "ButtonUpdateNow": "Nu bijwerken",
    "TabHosting": "Hosting",
    "PleaseUpdateManually": "Sluit a.u.b. de Emby Server af en installeer de nieuwste versie.",
    "NewServerVersionAvailable": "Er is een nieuwe versie van Emby Server beschikbaar!",
    "ServerUpToDate": "Emby Server is up-to-date",
    "LabelComponentsUpdated": "De volgende onderdelen zijn ge\u00efnstalleerd of bijgewerkt:",
    "MessagePleaseRestartServerToFinishUpdating": "Herstart de server om de updates af te ronden en te activeren.",
    "LabelDownMixAudioScale": "Geluidsversterking verbeteren als er gemixt wordt:",
    "LabelDownMixAudioScaleHelp": "Geluid versterken als er gemixt wordt. Zet op 1 om oorspronkelijke volume te behouden.",
    "LabelCurrentEmailAddress": "Huidige e-mailadres",
    "LabelCurrentEmailAddressHelp": "De huidige e-mailadres waar uw nieuwe sleutel naar is verzonden.",
    "HeaderForgotKey": "Sleutel vergeten",
    "LabelSupporterEmailAddress": "Het e-mailadres dat is gebruikt om de sleutel te kopen.",
    "ButtonRetrieveKey": "Ophalen Sleutel",
    "LabelSupporterKey": "Emby Premiere sleutel (plakken vanuit e-mail):",
    "LabelSupporterKeyHelp": "Voer uw Emby Premi\u00e8re sleutel in om te kunnen genieten van extra voordelen.",
    "MessageInvalidKey": "Emby Premiere sleutel ontbreekt of is ongeldig.",
    "ErrorMessageInvalidKey": "Voordat premium inhoud kan worden geregistreerd, moet u ook een actief Emby Premiere abonnement hebben.",
    "HeaderRequireManualLogin": "Vereist handmatig aanmelden met gebruikersnaam voor:",
    "HeaderRequireManualLoginHelp": "Wanneer uitgeschakeld, kunnen Emby apps een login-scherm presenteren met een visuele selectie van gebruikers.",
    "OptionOtherApps": "Overige apps",
    "OptionMobileApps": "Mobiele apps",
    "LabelNotificationEnabled": "Deze melding inschakelen",
    "LabelMonitorUsers": "Monitor activiteit van:",
    "LabelSendNotificationToUsers": "Stuur de melding naar:",
    "LabelUseNotificationServices": "Gebruik de volgende diensten:",
    "CategoryUser": "Gebruiker",
    "CategorySystem": "Systeem",
    "CategoryApplication": "Toepassing",
    "CategoryPlugin": "Plug-in",
    "LabelAvailableTokens": "Beschikbaar tokens:",
    "AdditionalNotificationServices": "Blader door de Plug-in catalogus om aanvullende meldingsdiensten te installeren.",
    "OptionAllUsers": "Alle gebruikers",
    "OptionAdminUsers": "Beheerders",
    "OptionCustomUsers": "Aangepast",
    "ButtonArrowUp": "Omhoog",
    "ButtonArrowDown": "Omlaag",
    "ButtonArrowLeft": "Links",
    "ButtonArrowRight": "Rechts",
    "ButtonBack": "Terug",
    "ButtonInfo": "Info",
    "ButtonHome": "Start",
    "ButtonSearch": "Zoeken",
    "ButtonSettings": "Instellingen",
    "Audio": "Geluid",
    "PlayOnAnotherDevice": "Spelen op een ander apparaat",
    "TabControls": "Besturing",
    "ButtonSubtitles": "Ondertiteling",
    "ButtonPreviousTrack": "Vorige track",
    "ButtonNextTrack": "Volgende track",
    "ButtonStop": "Stop",
    "ButtonPause": "Pauze",
    "ButtonNext": "Volgende",
    "ButtonPrevious": "Vorige",
    "LabelMaxBitrate": "Max. bitrate:",
    "LabelMaxBitrateHelp": "Geef een max. bitrate in bandbreedte beperkte omgevingen, of als het apparaat zijn eigen limiet heeft.",
    "LabelMusicStaticBitrate": "Muzieksynchronisatie bitrate:",
    "LabelMusicStaticBitrateHelp": "Geef een maximum bitrate op voor het synchroniseren van muziek",
    "LabelDeviceDescription": "Apparaat omschrijving",
    "HeaderDownloadSubtitlesFor": "Download ondertiteling voor:",
    "LabelSkipIfGraphicalSubsPresent": "Overslaan als de video al ingesloten ondertiteling heeft",
    "LabelSkipIfGraphicalSubsPresentHelp": "Tekstversies van ondertiteling opslaan zal video's effici\u00ebnter overbrengen en de kans op transcodering van video's verkleinen.",
    "TabSubtitles": "Ondertiteling",
    "HeaderDownloadLanguages": "Download talen",
    "LabelSkipIfAudioTrackPresent": "Overslaan als het standaard geluidsspoor overeenkomt met de taal van de download",
    "LabelSkipIfAudioTrackPresentHelp": "Vink dit uit om ervoor te zorgen dat alle video's ondertiteings krijgen, ongeacht de geluidstaal.",
    "SendMessage": "Bericht versturen",
    "HeaderSendMessage": "Stuur bericht",
    "ButtonSend": "Stuur",
    "ViewPlaybackInfo": "Bekijk afspelen info",
    "LabelMessageText": "Bericht tekst:",
    "LabelMessageTitle": "Titel van het bericht:",
    "MessageNoAvailablePlugins": "Geen beschikbare Plugins.",
    "LabelDisplayPluginsFor": "Plugins weergeven voor:",
    "PluginTabAppClassic": "Emby voor Windows Media Center",
    "HeaderTypeText": "Voer tekst in",
    "LabelTypeText": "Tekst",
    "TabDisplay": "Weergave",
    "TabLanguages": "Talen",
    "OptionAuto": "Auto",
    "OptionYes": "Ja",
    "OptionNo": "Nee",
    "OptionResumablemedia": "Hervatten",
    "OptionLatestMedia": "Nieuwste media",
    "OptionNone": "Geen",
    "HeaderLiveTv": "Live TV",
    "HeaderSettings": "Instellingen",
    "OptionDefaultSort": "Standaard",
    "ButtonEditOtherUserPreferences": "Wijzig het profiel, afbeelding en persoonlijke voorkeuren van deze gebruiker.",
    "ViewTypeMovies": "Films",
    "ViewTypeTvShows": "TV",
    "ViewTypeGames": "Games",
    "ViewTypeMusic": "Muziek",
    "ViewTypeMusicSongs": "Titels",
    "ViewTypeMusicFavorites": "Favorieten",
    "ViewTypeMusicFavoriteAlbums": "Favoriete albums",
    "ViewTypeMusicFavoriteArtists": "Favoriete artiesten",
    "ViewTypeMusicFavoriteSongs": "Favoriete titels",
    "OptionLibraryFolders": "Media mappen",
    "TitleRemoteControl": "Beheer op afstand",
    "TabBranding": "Huisstijl",
    "HeaderBrandingHelp": "Pas het uiterlijk van Emby aan, aan de behoeften van uw groep of organisatie.",
    "LabelLoginDisclaimer": "Aanmeld vrijwaring:",
    "LabelLoginDisclaimerHelp": "Dit wordt onderaan de login pagina weergegeven.",
    "TabDashboard": "Dashboard",
    "TitleServer": "Server",
    "LabelCache": "Cache:",
    "LabelLogs": "Logboeken:",
    "LabelMetadata": "Metadata:",
    "HeaderTranscodingTemporaryFiles": "Tijdelijke transcodeer bestanden",
    "HeaderBranding": "Huisstijl",
    "HeaderApiKeys": "Api Sleutels",
    "HeaderApiKeysHelp": "Externe applicaties zijn verplicht om een \u200b\u200bAPI sleutel te hebben om te communiceren met Emby Server. Sleutels worden uitgegeven door in te loggen met een Emby account, of door het handmatig verlenen van een sleutel voor de toepassing.",
    "HeaderApiKey": "Api Sleutel",
    "HeaderApp": "Applicatie",
    "HeaderDevice": "Apparaat",
    "HeaderUser": "Gebruiker",
    "HeaderDateIssued": "Datum uitgegeven",
    "TabView": "Weergave",
    "TabFilter": "Filter",
    "ButtonView": "Weergave",
    "LabelView": "Weergave:",
    "TabUsers": "Gebruikers",
    "HeaderFeatures": "Toevoegingen",
    "HeaderAdvanced": "Geavanceerd",
    "HeaderScheduledTasks": "Geplande taken",
    "HeaderResumeSettings": "Instellingen voor Hervatten",
    "TitleUsers": "Gebruikers",
    "ButtonClose": "Sluiten",
    "LabelAllLanguages": "Alle talen",
    "OptionAll": "Alle",
    "LabelImage": "Afbeelding:",
    "HeaderImages": "Afbeeldingen",
    "HeaderBackdrops": "Achtergronden",
    "LabelJpgPngOnly": "Alleen JPG\/PNG",
    "OptionSeason0": "Seizoen 0",
    "HeaderFetcherSettings": "Fetcher-instellingen",
    "HeaderActivity": "Activiteit",
    "PluginInstalledWithName": "{0} is ge\u00efnstalleerd",
    "PluginUpdatedWithName": "{0} is bijgewerkt",
    "PluginUninstalledWithName": "{0} is gede\u00efnstalleerd",
    "LabelIpAddressValue": "IP adres: {0}",
    "HeaderEmbyServer": "Emby Server",
    "MessageServerConfigurationUpdated": "Server configuratie is bijgewerkt",
    "MessageNamedServerConfigurationUpdatedWithValue": "Sectie {0} van de server configuratie is bijgewerkt",
    "MessageApplicationUpdated": "Emby Server is bijgewerkt",
    "ProviderValue": "Aanbieder: {0}",
    "HeaderRecentActivity": "Recente activiteit",
    "HeaderPeople": "Personen",
    "OptionComposers": "Componisten",
    "OptionOthers": "Overigen",
    "ViewTypeFolders": "Mappen",
    "OptionDisplayFolderView": "Toon een mappenweergave als u gewoon Mediamappen wilt weergeven",
    "OptionDisplayFolderViewHelp": "Indien ingeschakeld, zullen Emby apps een Folders categorie naast uw mediabibliotheek weergeven. Dit is handig als u gewone mappenweergave wilt hebben.",
    "ViewTypeLiveTvRecordingGroups": "Opnamen",
    "ViewTypeLiveTvChannels": "Kanalen",
    "HeaderPassword": "Wachtwoord",
    "HeaderViewOrder": "Weergave volgorde",
    "HeaderPersonInfo": "Persoon informatie",
    "HeaderConfirmDeletion": "Bevestigen Verwijdering",
    "LabelAlbumArtist": "Album artiest:",
    "LabelAirDate": "Uitzend dagen:",
    "LabelAirTime:": "Uitzend tijd:",
    "LabelDisplaySpecialsWithinSeasons": "Voeg specials toe aan het seizoen waarin ze uitgezonden zijn",
    "ButtonPurchase": "Aankoop",
    "HeaderPhotoInfo": "Foto informatie",
    "HeaderInstall": "Installeer",
    "LabelSelectVersionToInstall": "Selecteer de versie om te installeren:",
    "LinkLearnMoreAboutSubscription": "Meer informatie over Emby Premiere",
    "MessagePluginRequiresSubscription": "Na de gratis 14 dagen proefperiode vereist deze plugin een actief Emby Premiere abonnement.",
    "MessagePremiumPluginRequiresMembership": "Deze plugin vereist een actief Emby Premiere abonnement om de plugin na de 14 dagen gratis proef aan te schaffen.",
    "HeaderDeveloperInfo": "Informatie ontwikkelaar",
    "HeaderRevisionHistory": "Versie geschiedenis",
    "ButtonViewWebsite": "Bekijk website",
    "OptionSaveMetadataAsHidden": "Metagegevens en afbeeldingen opslaan als verborgen bestanden",
    "LabelConnectGuestUserName": "Hun Emby Connect e-mailadres of gebruikersnaam:",
    "LabelConnectUserName": "Emby Connect gebruikersnaam of e-mailadres:",
    "LabelConnectUserNameHelp": "Deze locale gebruiker aan een Emby Connect account koppelen om eenvoudig aan te kunnen melden vanaf elke Emby app zonder dat het IP-adres bekend hoeft te zijn.",
    "ButtonLearnMoreAboutEmbyConnect": "Leer meer over Emby Connect",
    "LabelDateAddedBehavior": "Datum toegevoegd gedrag voor nieuwe content:",
    "OptionDateAddedImportTime": "Gebruik scan datum",
    "OptionDateAddedFileTime": "Gebruik aanmaak datum bestand",
    "LabelDateAddedBehaviorHelp": "Als metadata gegevens aanwezig zijn hebben deze voorrang op deze opties.",
    "TitleDevices": "Apparaten",
    "TabCameraUpload": "Camera upload",
    "TabDevices": "Apparaten",
    "HeaderLibrarySettings": "Bibliotheek Instellingen",
    "HeaderThumbnailImages": "Thumbnail afbeeldingen",
    "HeaderSubtitleDownloads": "Ondertitel downloads",
    "HeaderCameraUploadHelp": "Emby apps kunnen automatisch foto's die genomen zijn met uw mobiele apparaten uploaden naar Emby Server",
    "LabelCameraUploadPath": "Camera upload pad:",
    "LabelCameraUploadPathHelp": "Selecteer een aangepast upload pad. De standaardinstellingen van de Camera Upload sectie zullen overschreven worden. Indien leeg gelaten, wordt de standaard map gebruikt. Bij gebruik van een aangepast pad, zal deze ook moeten worden toegevoegd in de Emby bibliotheek setup.",
    "DefaultCameraUploadPathHelp": "Selecteer een aangepast upload pad. Indien leeg gelaten, zal een standaardmap gebruikt worden. Indien u een aangepast pad gebruikt, zal deze ook moeten worden teogevoegd in de Emby bibliotheek setup.",
    "LabelCreateCameraUploadSubfolder": "Maak een submap voor elk apparaat",
    "LabelCreateCameraUploadSubfolderHelp": "Specifieke mappen kunnen aan een apparaat toegekend worden door er op te klikken in de apparaten pagina.",
    "LabelCustomDeviceDisplayName": "Weergave naam:",
    "LabelCustomDeviceDisplayNameHelp": "Geef een eigen weergave naam op of laat deze leeg om de naam te gebruiken die het apparaat opgeeft.",
    "HeaderInviteUser": "Nodig gebruiker uit",
    "LabelConnectGuestUserNameHelp": "Dit is de gebruikersnaam die uw vriend gebruikt om zich aan te melden bij de Emby website, of hun e-mailadres.",
    "HeaderInviteUserHelp": "Delen van uw media met vrienden is eenvoudiger dan ooit met Emby Connect.",
    "ButtonSendInvitation": "Stuur uitnodiging",
    "HeaderGuests": "Gasten",
    "HeaderPendingInvitations": "Uitstaande uitnodigingen",
    "TabParentalControl": "Ouderlijk toezicht",
    "HeaderAccessSchedule": "Schema Toegang",
    "HeaderAccessScheduleHelp": "Maak een toegangsschema om de toegang tot bepaalde tijden te beperken.",
    "LabelAccessDay": "Dag van de week:",
    "LabelAccessStart": "Start tijd:",
    "LabelAccessEnd": "Eind tijd:",
    "HeaderSchedule": "Schema",
    "OptionEveryday": "Elke dag",
    "OptionWeekdays": "Week dagen",
    "OptionWeekends": "Weekend",
    "HeaderOptionalLinkEmbyAccount": "Optioneel: Koppel uw Emby account",
    "ButtonTrailer": "Trailer",
    "MessageNoTrailersFound": "Geen trailers gevonden. Installeer het Trailers kanaal en verbeter uw film ervaring door middel van een bibliotheek met internet trailers.",
    "HeaderNewUsers": "Nieuwe gebruikers",
    "TitleNewUser": "Nieuwe gebruiker",
    "ButtonConfigurePassword": "Configureer wachtwoord",
    "HeaderDashboardUserPassword": "Wachtwoorden van gebruikers worden door de gebruiker in het gebruikersprofiel beheerd.",
    "HeaderLibraryAccess": "Bibliotheek toegang",
    "HeaderChannelAccess": "Kanaal toegang",
    "HeaderLatestItems": "Nieuwste items",
    "LabelForgotPasswordUsernameHelp": "Vul uw gebruikersnaam in, als u deze weet.",
    "TitlePasswordReset": "Wachtwoord resetten",
    "HeaderParentalRatings": "Ouderlijke toezicht",
    "HeaderVideoTypes": "Video types",
    "HeaderYears": "Jaren",
    "HeaderBlockItemsWithNoRating": "Blokkeer items met geen of niet herkende keurinformatie.",
    "LabelBlockContentWithTags": "Blokkeer items met volgende tags:",
    "LabelTagRestrictionMode": "Label restrictie modus:",
    "BlockItemsWithTheseTags": "Blokkeer items met volgende labels:",
    "AllowItemsWithTheseTags": "Sta enkel items met volgende labels toe:",
    "TabActivity": "Activiteit",
    "OptionAllowSyncContent": "Sync toestaan",
    "OptionAllowContentDownloading": "Media downloaden en synchroniseren toestaan",
    "LabelNewUserNameHelp": "Gebruikersnamen kunnen letters (a-z), cijfers (0-9), streepjes, underscores (_), apostrofs (') en punten (.) bevatten\n",
    "HeaderThisUserIsCurrentlyDisabled": "Deze gebruiker is momenteel uitgesloten",
    "OptionEnableTranscodingThrottle": "Throtteling inschakelen",
    "OptionEnableTranscodingThrottleHelp": "Throtteling zal automatisch de snelheid van het transcoderen aanpassen om de cpu belasting laag te houden tijdens het afspelen.",
    "LabelUploadSpeedLimit": "Upload limiet (Mbps):",
    "OptionAllowSyncTranscoding": "Het downloaden en synchroniseren van media via transcoding toestaan",
    "AllowMediaConversion": "Mediaconversie toestaan",
    "AllowMediaConversionHelp": "Toegang verlenen of weigeren tot de mediaconversie functie.",
    "HeaderPlayback": "Media afspelen",
    "OptionAllowAudioPlaybackTranscoding": "Afspelen van geluid via transcoding toestaan",
    "OptionAllowVideoPlaybackTranscoding": "Afspelen van video via transcoding toestaan",
    "OptionAllowVideoPlaybackRemuxing": "Sta afspelen toe van video die conversie vereist zonder re-encoding",
    "OptionAllowMediaPlaybackTranscodingHelp": "Toegang tot transcodering beperken kan afspeelfouten in Emby  apps door niet ondersteunde madiaformaten veroorzaken.",
    "TabStreaming": "Streaming",
    "LabelRemoteClientBitrateLimit": "Internet streaming bitrate limiet (Mbps):",
    "LabelRemoteClientBitrateLimitHelp": "Een optionele bitrate limiet per stream voor alle apparaten buiten het netwerk. Dit is handig om te voorkomen dat apparaten een hogere bitrate vragen dan je internetverbinding aan kan. Dit kan een verhoogde belasting van de CPU in je server veroorzaken om om videos direct te transcoderen naar een lagere bitrate.",
    "LabelUserRemoteClientBitrateLimitHelp": "Dit zal de standaard globale waarde in de afspeelinstellingen van de server overschrijven.",
    "LabelConversionCpuCoreLimit": "CPU core limiet:",
    "LabelConversionCpuCoreLimitHelp": "Limiteer het aantal CPU cores dat gebruikt mag worden bij een omzetting om te synchroniseren.",
    "OptionEnableFullSpeedConversion": "Inschakelen conversie op hoge snelheid",
    "OptionEnableFullSpeedConversionHelp": "Standaard wordt het converteren voor synchronisatie opdrachten op lage snelheid uitgevoerd zodat er zo min mogelijk impact is op de server.",
    "TabPhotos": "Foto's",
    "HeaderWelcomeToEmby": "Welkom bij Emby",
    "EmbyIntroMessage": "Met Emby kunt u eenvoudig films, muziek en foto's naar uw telefoon, tablet en andere apparatuur streamen.",
    "ButtonConnect": "Verbind",
    "HeaderNewServer": "Nieuwe Server",
    "ButtonReset": "Rest",
    "LabelEnableFullScreen": "Schakel Full Screen in",
    "TabHomeScreen": "Begin scherm",
    "HeaderDisplay": "Weergave",
    "HeaderNavigation": "Navigatie",
    "OptionEnableAutomaticServerUpdates": "Schakel automatische server updates in",
    "HeaderOverview": "Overzicht",
    "HeaderType": "Type",
    "HeaderTunerDevices": "Tuner apparaten",
    "HeaderTVSources": "TV-bronnen",
    "HeaderAddDevice": "Voeg apparaat toe",
    "HeaderExternalServices": "Externe diensten",
    "LabelTunerIpAddress": "Tuner IP adres:",
    "HeaderGuideProviders": "TV Gids data aanbieders",
    "AddGuideProviderHelp": "Voeg een bron voor TV gids informatie toe",
    "LabelZipCode": "Postcode:",
    "GuideProviderSelectListings": "Selecteer lijst",
    "GuideProviderLogin": "Log in",
    "LabelLineup": "Lineup:",
    "MessageTunerDeviceNotListed": "Wordt uw tuner niet getoond? Probeer een externe service provider te installeren om meer Live TV opties te krijgen.",
    "LabelImportOnlyFavoriteChannels": "Gebruik alleen kanalen die favoriet zijn",
    "ImportFavoriteChannelsHelp": "Bij inschakelen zullen alleen kanalen ge\u00efmporteerd worden die op de tuner als favoriet aangemerkt zijn.",
    "ButtonRepeat": "Herhaling",
    "LabelEnableThisTuner": "Schakel deze tuner in",
    "LabelEnableThisTunerHelp": "Schakel uit om te voorkomen dat er van deze tuner zenders ge\u00efmporteerd worden.",
    "HeaderImagePrimary": "Primair",
    "HeaderImageBackdrop": "Achtergrond",
    "HeaderImageLogo": "Logo",
    "HeaderUserPrimaryImage": "Afbeelding gebruiker",
    "ButtonProfile": "Profiel",
    "ButtonProfileHelp": "Stel uw profiel afbeelding en wachtwoord in.",
    "HeaderHomeScreenSettings": "Begin scherm instellingen",
    "HeaderProfile": "Profiel",
    "HeaderLanguage": "Taal",
    "LabelTranscodingThreadCount": "Aantal transcodeer threads:",
    "LabelTranscodingThreadCountHelp": "Selecteer het maximale aantal threads die gebruikt mogen worden om te transcoderen. Bij een lager aantal zal het CPU gebruik lager zijn, maar kan de afspeelkwaliteit minder zijn.",
    "OptionMax": "Max",
    "LabelTunerType": "Soort Tuner:",
    "HeaderSetupTVGuide": "TV Gids configureren",
    "HeaderDefaultRecordingSettings": "Standaard opname-instellingen",
    "OptionEnableRecordingSubfolders": "Maak sub-mappen voor categorie\u00ebn zoals Sport, Kinderen, enz.",
    "HeaderSubtitles": "Ondertiteling",
    "HeaderVideos": "Video's",
    "LabelHardwareAccelerationType": "Hardware acceleratie:",
    "LabelHardwareAccelerationTypeHelp": "Alleen beschikbaar op ondersteunde systemen.",
    "HeaderAdmin": "Beheerder",
    "HeaderCameraUpload": "Camera Upload",
    "ButtonClear": "Wis",
    "LabelFolder": "Map:",
    "HeadersFolders": "Mappen",
    "LabelDisplayName": "Weergave naam:",
    "OptionDownloadImagesInAdvance": "Download afbeeldingen van tevoren",
    "OptionDownloadImagesInAdvanceHelp": "Standaard worden de meeste afbeeldingen gedownload wanneer ze opgevraagd worden door een Emby app. Activeer deze optie om alle afbeeldingen op voorhand te downloaden bij het importeren van nieuwe media. Dit kan aanzienlijk langere bibliotheekscans veroorzaken.",
    "DeleteImage": "Verwijder afbeelding",
    "MessageThankYouForSupporting": "Bedankt voor uw steun aan Emby",
    "FileReadCancelled": "Bestand lezen is geannuleerd.",
    "FileNotFound": "Bestand niet gevonden.",
    "FileReadError": "Er is een fout opgetreden bij het lezen van het bestand.",
    "PinCodeResetComplete": "De pincode is gereset.",
    "PinCodeResetConfirmation": "Weet u zeker dat u de pincode wilt resetten?",
    "HeaderPinCodeReset": "Reset Pincode",
    "NoPluginConfigurationMessage": "Deze plugin heeft geen instellingen te configureren.",
    "NoPluginsInstalledMessage": "U heeft geen Plugin ge\u00efnstalleerd",
    "BrowsePluginCatalogMessage": "Bekijk de Plugin catalogus voor beschikbare Plug-ins.",
    "HeaderNewApiKey": "Nieuwe Api sleutel",
    "LabelAppName": "Applicatie Naam",
    "LabelAppNameExample": "Voorbeeld: Sickbeard, NzbDrone",
    "HeaderNewApiKeyHelp": "Geef een applicatie toestemming om te communiceren met Emby Server.",
    "MessageKeyEmailedTo": "Sleutel gemaild naar {0}.",
    "HeaderConfirmation": "Bevestiging",
    "MessageKeyUpdated": "Dank u wel. Uw Emby Premiere sleutel is bijgewerkt.",
    "MessageKeyRemoved": "Dank u wel. Uw Emby Premiere sleutel is verwijderd.",
    "TextEnjoyBonusFeatures": "Profiteer van extra mogelijkheden",
    "MessageErrorLoadingSupporterInfo": "Er is een fout opgetreden bij het laden van Emby Premiere informatie. Probeer het later opnieuw.",
    "HeaderConfirmRemoveUser": "Gebruiker verwijderen",
    "ValueTimeLimitSingleHour": "Tijdslimiet: 1 uur",
    "ValueTimeLimitMultiHour": "Tijdslimiet: {0} uren",
    "General": "Algemeen",
    "HeaderScreenSavers": "Screensavers",
    "Notifications": "Notificaties",
    "Metadata": "Metadata",
    "Reporting": "Rapportage",
    "HeaderSearch": "Zoeken",
    "ValueDateCreated": "Datum aangemaakt: {0}",
    "LabelArtist": "Artiest",
    "LabelMovie": "Film",
    "LabelMusicVideo": "Muziek Video",
    "LabelEpisode": "Aflevering",
    "Series": "Series",
    "LabelStopping": "Stoppen",
    "LabelCancelled": "Geannuleerd",
    "ButtonDownload": "Downloaden",
    "HeaderDevices": "Apparaten",
    "HeaderSelectCertificatePath": "Selecteer Certificaat Pad",
    "HeaderSupporterBenefit": "Een actief Emby Premiere abonnement biedt extra voordelen zoals toegang tot synchronisatie, Premium plugins, Internet kanalen en meer. {0} Meer info{1}.",
    "HeaderSelectDevices": "Selecteer Apparaten",
    "ButtonReenable": "Opnieuw inschakelen",
    "LabelAbortedByServerShutdown": "(Afgebroken door afsluiten van de server)",
    "LabelScheduledTaskLastRan": "Laatste keer {0}, duur {1}.",
    "HeaderDeleteTaskTrigger": "Verwijderen Taak Trigger",
    "MessageDeleteTaskTrigger": "Weet u zeker dat u deze taak trigger wilt verwijderen?",
    "MessageNoPluginsInstalled": "U heeft geen Plugins ge\u00efnstalleerd.",
    "MessageNoPluginsDueToAppStore": "Om plugins te beheren, gebruik dan de Emby web app.",
    "LabelVersionInstalled": "{0} ge\u00efnstalleerd",
    "LabelNumberReviews": "{0} Recensies",
    "LabelFree": "Gratis",
    "HeaderSelectAudio": "Selecteer geluid",
    "HeaderSelectSubtitles": "Selecteer ondertiteling",
    "LabelDefaultStream": "(Standaard)",
    "LabelForcedStream": "(Geforceerd)",
    "LabelDefaultForcedStream": "(Standaard \/ Georceerd)",
    "LabelUnknownLanguage": "Onbekende taal",
    "LabelEnabled": "Ingeschakeld",
    "LabelDisabled": "Uitgeschakeld",
    "Disabled": "Uitgeschakeld",
    "ButtonMoreInformation": "Meer informatie",
    "LabelNoUnreadNotifications": "Geen ongelezen meldingen.",
    "HeaderConfirmSeriesCancellation": "Bevestig Annulering Series",
    "HeaderConfirmRecordingDeletion": "Bevestigen Verwijdering Opname",
    "OptionWeekend": "Weekenden",
    "OptionWeekday": "Weekdagen",
    "LiveTvUpdateAvailable": "(Update beschikbaar)",
    "LabelVersionUpToDate": "Up to date!",
    "ButtonCancelSeries": "Annuleren Series",
    "HeaderSeriesRecordings": "Serie Opnames",
    "LabelAnytime": "Elke keer",
    "StatusRecording": "Opname",
    "StatusWatching": "Kijken",
    "StatusRecordingProgram": "Opnemen {0}",
    "StatusWatchingProgram": "Kijken naar {0}",
    "HeaderSplitMedia": "Splits Media Apart",
    "MessageConfirmSplitMedia": "Weet u zeker dat u de media bronnen wilt splitsen in afzonderlijke items?",
    "HeaderError": "Fout",
    "HeaderSelectServerCachePath": "Selecteer Server Cache Pad",
    "HeaderSelectTranscodingPath": "Selecteer Tijdelijke Transcodeer Pad",
    "HeaderSelectMetadataPath": "Selecteer Metadata Pad",
    "HeaderSelectServerCachePathHelp": "Bladeren of voer het pad in om te gebruiken voor server cache-bestanden. De map moet beschrijfbaar zijn.",
    "HeaderSelectTranscodingPathHelp": "Bladeren of voer het pad in om te gebruiken voor het transcoderen van tijdelijke bestanden. De map moet beschrijfbaar zijn.",
    "HeaderSelectMetadataPathHelp": "Blader of voer het pad in dat u wilt gebruiken om metadata in op te slaan. De map moet beschrijfbaar zijn.",
    "MessageFileWillBeDeleted": "Het volgende bestand wordt verwijderd:",
    "MessageSureYouWishToProceed": "Weet u zeker dat u wilt doorgaan?",
    "MessageFollowingFileWillBeMovedFrom": "Het volgende bestand wordt verplaatst van:",
    "MessageDestinationTo": "naar:",
    "HeaderRestart": "Herstart",
    "HeaderShutdown": "Afsluiten",
    "MessageConfirmRestart": "Weet u zeker dat u Emby Server wilt herstarten?",
    "MessageConfirmShutdown": "Weet u zeker dat u Emby Server wilt afsluiten?",
    "ValueItemCount": "{0} item",
    "ValueItemCountPlural": "{0} items",
    "NewVersionOfSomethingAvailable": "Er is een nieuwe versie van {0} beschikbaar!",
    "VersionXIsAvailableForDownload": "Versie {0} is nu beschikbaar voor download.",
    "LabelVersionNumber": "Versie {0}",
    "LabelPlayMethodTranscoding": "Transcoderen",
    "LabelPlayMethodDirectStream": "Direct Streamen",
    "LabelPlayMethodDirectPlay": "Direct Afspelen",
    "LabelLocalAccessUrl": "In-Home (LAN)-toegang: {0}",
    "LabelRemoteAccessUrl": "Externe (WAN) access: {0}",
    "LabelRunningOnPort": "Draait op http poort {0}.",
    "LabelRunningOnPorts": "Draait op http poort {0} en https poort {1}.",
    "HeaderLatestFromChannel": "Laatste van {0}",
    "ButtonRemoteControl": "Beheer op afstand",
    "HeaderLatestTvRecordings": "Nieuwste opnames",
    "LabelCurrentPath": "Huidige pad:",
    "HeaderSelectMediaPath": "Selecteer Media Pad",
    "HeaderSelectPath": "Selecteer Pad",
    "ButtonNetwork": "Netwerk",
    "MessageDirectoryPickerInstruction": "Netwerk paden kunnen handmatig worden ingevoerd in het geval de Netwerk knop faalt om uw apparatuur te lokaliseren . Bijvoorbeeld: {0} of {1}.",
    "MessageDirectoryPickerBSDInstruction": "Voor BSD kan het noodzakelijk zijn opslag op uw FreeNAS Jail te configureren voordat Emby het kan benaderen.",
    "MessageDirectoryPickerLinuxInstruction": "Voor Linux op Arch Linux, CentOS, Debian, Fedora, OpenSuse, of Ubuntu, moet u de Emby systeemgebruiker ten minste leestoegang tot uw opslaglocaties verlenen.",
    "HeaderMenu": "Menu",
    "ButtonOpen": "Openen",
    "ButtonShuffle": "Willekeurig",
    "HeaderAudioTracks": "Geluidssporen",
    "HeaderLibraries": "Bibliotheken",
    "MessageErrorPlayingVideo": "Er ging iets mis bij het afspelen van de video.",
    "MessageEnsureOpenTuner": "Controleer of er een vrije tuner beschikbaar is.",
    "ButtonReports": "Rapporten",
    "MetadataManager": "Metadata Manager",
    "HeaderTime": "Tijd",
    "LabelAddedOnDate": "Toegevoegd {0}",
    "ButtonStart": "Start",
    "OptionBlockLiveTvChannels": "Live TV Kanalen",
    "OptionBlockChannelContent": "Internet kanaal Inhoud",
    "ButtonRevoke": "Herroepen",
    "MessageConfirmRevokeApiKey": "Weet u zeker dat u deze api key in wilt trekken? De verbinding met Emby Server zal direct verbroken worden.",
    "HeaderConfirmRevokeApiKey": "Intrekken Api Sleutel",
    "ValueContainer": "Container: {0}",
    "ValueAudioCodec": "Geluidscodec: {0}",
    "ValueVideoCodec": "Video Codec: {0}",
    "ValueCodec": "Codec: {0}",
    "ValueConditions": "Voorwaarden: {0}",
    "LabelAll": "Alles",
    "HeaderDeleteImage": "Afbeelding verwijderen",
    "MessageFileNotFound": "Bestand niet gevonden.",
    "ButtonNextPage": "Volgende pagina",
    "ButtonPreviousPage": "Vorige Pagina",
    "MessagePleaseAcceptTermsOfServiceBeforeContinuing": "Accepteer a.u.b. de voorwaarden voordat u doorgaat.",
    "OptionOff": "Uit",
    "OptionOn": "Aan",
    "ButtonUninstall": "Uninstall",
    "HeaderLiveTV": "Live TV",
    "MissingPrimaryImage": "Primaire afbeelding ontbreekt.",
    "MissingBackdropImage": "Achtergrondafbeelding ontbreekt.",
    "MissingLogoImage": "Logo ontbreekt.",
    "MissingEpisode": "Ontbrekende aflevering.",
    "OptionBackdrops": "Achtergronden",
    "OptionImages": "Afbeeldingen",
    "OptionKeywords": "Trefwoorden",
    "OptionTags": "Tags",
    "OptionStudios": "Studio's",
    "OptionName": "Naam",
    "OptionOverview": "Overzicht",
    "OptionGenres": "Genres",
    "OptionPeople": "Personen",
    "OptionBirthLocation": "Geboorte Locatie",
    "HeaderChangeFolderType": "Verander Content Type",
    "HeaderChangeFolderTypeHelp": "Als u het type wilt wijzigen, verwijder het dan en maak dan een nieuwe bibliotheek met het nieuwe type.",
    "HeaderAlert": "Waarschuwing",
    "MessagePleaseRestart": "Herstart om update te voltooien.",
    "ButtonHide": "Verbergen",
    "MessageSettingsSaved": "Instellingen opgeslagen.",
    "TabLibrary": "Bibliotheek",
    "TabLiveTV": "Live TV",
    "TabPlugins": "Plugins",
    "TabHelp": "Hulp",
    "HeaderNotifications": "Meldingen",
    "HeaderSelectPlayer": "Selecteer Speler",
    "HeaderSpecials": "Specials",
    "HeaderTrailers": "Trailers",
    "HeaderResolution": "Resolutie",
    "HeaderRuntime": "Speelduur",
    "HeaderParentalRating": "Kijkwijzer classificatie",
    "HeaderReleaseDate": "Uitgave datum",
    "HeaderSeries": "Series:",
    "HeaderSeason": "Seizoen",
    "HeaderSeasonNumber": "Seizoen nummer",
    "HeaderNetwork": "Zender",
    "HeaderYear": "Jaar:",
    "HeaderEmbeddedImage": "Ingesloten afbeelding",
    "OptionHomeVideos": "Home Video's & foto's",
    "OptionBooks": "Boeken",
    "ButtonUp": "Omhoog",
    "ButtonDown": "Omlaag",
    "HeaderMetadataReaders": "Metadata lezers:",
    "LabelMetadataReadersHelp": "Rangschik de gewenste lokale metadata bronnen in volgorde van prioriteit. Het eerst gevonden bestand zal worden gelezen.",
    "HeaderSubtitleDownloaders": "Ondertiteldownloaders:",
    "SubtitleDownloadersHelp": "Schakel de gewenste ondertiteldownloaders in en rangschik ze in volgorde van prioritieit.",
    "LabelMetadataDownloaders": "Metadata Downloaders:",
    "LabelMetadataDownloadersHelp": "Rangschik uw voorkeurs metadata downloader in volgorde van prioriteit. Lagere prioriteit downloaders zullen alleen worden gebruikt om de ontbrekende informatie in te vullen.",
    "HeaderMetadataSavers": "Metadata Opslag:",
    "LabelMetadataSaversHelp": "Kies de bestandsindeling om uw metadata op te slaan.",
    "LabelImageFetchers": "Afbeeldingen Downloaders:",
    "LabelImageFetchersHelp": "Rangschik uw voorkeurs afbeeldingen downloader in volgorde van prioriteit.",
    "PersonTypePerson": "Persoon",
    "HeaderRemoveMediaLocation": "Verwijder media locatie",
    "MessageConfirmRemoveMediaLocation": "Weet u zeker dat u deze locatie wilt verwijderen?",
    "LabelNewName": "Nieuwe naam:",
    "HeaderRemoveMediaFolder": "Verwijder media map",
    "MessageTheFollowingLocationWillBeRemovedFromLibrary": "De volgende media locaties worden verwijderd uit de Emby bibliotheek:",
    "MessageAreYouSureYouWishToRemoveMediaFolder": "Weet u zeker dat u deze media map wilt verwijderen?",
    "ButtonRename": "Naam wijzigen",
    "ButtonChangeContentType": "Verander content type",
    "HeaderMediaLocations": "Media Locaties",
    "LabelContentTypeValue": "Content type: {0}",
    "FolderTypeUnset": "Gemengde inhoud",
    "HeaderPluginInstallation": "Plugin installatie",
    "MessageAlreadyInstalled": "Deze versie is al ge\u00efnstalleerd",
    "MessageYouHaveVersionInstalled": "Op dit moment is versie {0} ge\u00efnstalleerd.",
    "MessageTrialExpired": "De proef periode voor deze feature is verlopen",
    "MessageTrialWillExpireIn": "De proef periode voor deze feature zal in {0} dag(en) verlopen",
    "MessageInstallPluginFromApp": "Deze plugin moet ge\u00efnstalleerd worden vanuit de app waarin u het wilt gebruiken.",
    "ValuePriceUSD": "Prijs {0} (USD)",
    "MessageFeatureIncludedWithSupporter": "U bent ingeschreven voor deze functie en kunt het blijven gebruiken zolang u een actief Emby Premiere abonnement heeft.",
    "HeaderUnrated": "Geen rating",
    "HeaderUnknownDate": "Onbekende datum",
    "HeaderUnknownYear": "Onbekend jaar",
    "HeaderSelectExternalPlayer": "Selecteer externe speler",
    "HeaderExternalPlayerPlayback": "Afspelen met externe speler",
    "OptionWatched": "Gezien",
    "OptionUnwatched": "Ongezien",
    "LabelMarkAs": "Markeer als:",
    "OptionInProgress": "In uitvoering",
    "LabelResumePoint": "Hervat punt:",
    "ValueOneTrailer": "1 trailer",
    "ValueTrailerCount": "{0} trailers",
    "ValueSeriesYearToPresent": "{0} - Heden",
    "ValueAwards": "Prijzen: {0}",
    "ValuePremiered": "Premiere {0}",
    "ValuePremieres": "Premieres {0}",
    "ValueStudio": "Studio: {0}",
    "ValueStudios": "Studio's: {0}",
    "ValueStatus": "Status: {0}",
    "LabelLimit": "Limiet:",
    "ValueLinks": "Links: {0}",
    "ValueArtist": "Artiest: {0}",
    "ValueArtists": "Artiesten: {0}",
    "MediaInfoCameraMake": "Camera merk",
    "MediaInfoCameraModel": "Camera model",
    "MediaInfoAltitude": "Hoogte",
    "MediaInfoAperture": "Diafragma",
    "MediaInfoExposureTime": "Belichtingstijd",
    "MediaInfoFocalLength": "Brandpuntsafstand",
    "MediaInfoOrientation": "Ori\u00ebntatie",
    "MediaInfoIsoSpeedRating": "ISO-waarde",
    "MediaInfoLatitude": "Breedte graad",
    "MediaInfoLongitude": "Lengte graad",
    "MediaInfoShutterSpeed": "Sluitertijd",
    "MediaInfoSoftware": "Software",
    "TabExpert": "Expert",
    "HeaderSelectCustomIntrosPath": "Selecteer eigen pad naar intro's",
    "HeaderThankYou": "Bedankt",
    "ReleaseYearValue": "Jaar van uitgifte: {0}",
    "TabExtras": "Extra's",
    "DeviceLastUsedByUserName": "Het laatste gebruikt door {0}",
    "HeaderSelectUploadPath": "Kies upload pad",
    "ErrorMessageStartHourGreaterThanEnd": "Eind tijd moet na de start tijd liggen.",
    "ButtonLibraryAccess": "Bibliotheek toegang",
    "ButtonParentalControl": "Ouderlijk toezicht",
    "MessagePluginConfigurationRequiresLocalAccess": "Meld svp. op de lokale server aan om deze plugin te configureren.",
    "HeaderCancelSyncJob": "Annuleer synchronisatie",
    "MovieLibraryHelp": "Bekijk de {0} Emby film naamgeving gids {1}.",
    "TvLibraryHelp": "Bekijk de {0} Emby TV naamgeving gids {1}.",
    "BookLibraryHelp": "Tekstboeken worden ondersteund. Bekijk de {0}Emby Boeken naamgeving gids{1}.",
    "MessageGamePluginRequired": "Vereist installatie van de GameBrowser plugin",
    "MessageUnsetContentHelp": "Inhoud zal als gewone mappen getoond worden.",
    "ButtonNewServer": "Nieuwe server",
    "ButtonRemote": "Afstandsbediening",
    "HeaderUnlockApp": "App vrijgeven",
    "HeaderUnlockSync": "Ontgrendel Emby Sync",
    "MessagePaymentServicesUnavailable": "Betaal services zijn momenteel niet beschikbaar, Probeer het later svp. nog eens.",
    "HeaderLibrary": "Bibliotheek",
    "HeaderMedia": "Media",
    "NoNewDevicesFound": "Er zijn geen nieuwe apparaten gevonden. Sluit dit melding en voer handmatig de apparaat gegevens in om een nieuwe tuner toe te voegen.",
    "ManageLibrary": "Bibliotheek beheren",
    "HeaderConfirm": "bevestigen",
    "MessageConfirmDeleteTunerDevice": "Weet u zeker dat u dit apparaat wilt verwijderen?",
    "MessageConfirmDeleteGuideProvider": "Weet u zeker dat u deze gidsprovider wilt verwijderen?",
    "HeaderDeleteProvider": "Verwijder aanbieder",
    "ErrorAddingTunerDevice": "Er was een fout bij het toevoegen van de tuner. Controleer of deze toegankelijk is en probeer het opnieuw.",
    "ErrorSavingTvProvider": "Er was een fout bij het opslaan van de TV aanbieder. Controleer of deze toegankelijk is en probeer het opnieuw.",
    "ErrorGettingTvLineups": "Er was een fout bij het downloaden van de TV lineup. Controleer of uw gegevens correct zijn en probeer het opnieuw.",
    "MessageCreateAccountAt": "Maak een account bij {0}",
    "ErrorPleaseSelectLineup": "Selecteer een lineup en probeer het opnieuw. Als er geen lineups beschibaar zijn, controleer dan of uw gebruikersnaam, wachtwoord en postcode correct zijn.",
    "HeaderTryEmbyPremiere": "Probeer Emby Premiere",
    "OptionEnableDisplayMirroring": "Schakel beeld spiegeling in",
    "ErrorValidatingSupporterInfo": "Er is een fout bij het valideren van uw Emby Premiere gegevens . Probeer het later opnieuw.",
    "LabelLocalSyncStatusValue": "Status: {0}",
    "OptionBackdropSlideshow": "Achtergrondafbeelding voorstelling",
    "HeaderTopPlugins": "Top Plugins",
    "ButtonOther": "Andere",
    "ButtonMenu": "Menu",
    "ForAdditionalLiveTvOptions": "Voor extra Live TV providers, klik op de Diensten tab om de mogelijke opties te zien.",
    "AddUser": "Gebruiker toevoegen",
    "HeaderEmailAddress": "E-mailadres",
    "NumLocationsValue": "{0} folders",
    "ErrorAddingListingsToSchedulesDirect": "Er ging iets mis bij het toevoegen van de lineup aan uw Schedules Direct account. Schedules Direct staat maar een beperkt aantal lineups per account toe. Het kan nodig zijn dat u zich aan moet melden op de Schedules Direct website en andere lineups moet verwijderen voordat u verder kunt.",
    "PleaseAddAtLeastOneFolder": "Voeg tenminste 1 map aan deze bibliotheek toe door op de Toevoegen knop te klikken.",
    "ErrorAddingMediaPathToVirtualFolder": "Er ging iets mis bij het toevoegen van het media pad. Controleer of het pad klopt en of het Emby server process toegang heeft tot het pad.",
    "ErrorAddingEmbyConnectAccount3": "Het Emby account is al gekoppeld aan een bestaande lokale gebruiker. Een Emby account kan worden gekoppeld aan maximaal \u00e9\u00e9n lokale gebruiker tegelijk.",
    "HeaderConfirmPluginInstallation": "Bevestig Plugin Installatie",
    "PleaseConfirmPluginInstallation": "Klik op OK om te bevestigen dat u bovenstaande heeft gelezen en door wenst te gaan met het installeren van de plugin.",
    "MessagePluginInstallDisclaimer": "Plugins ontwikkeld door leden van de Emby gemeenschap zijn een geweldige manier om uw Emby ervaring met extra functies en voordelen te verbeteren. Alvorens te installeren, dient u zich bewust te zijn van de gevolgen die zij kunnen hebben op uw Emby Server, zoals langere bibliotheek scans, extra achtergrondinformatie verwerking, en een verminderde stabiliteit van het systeem.",
    "TitleHardwareAcceleration": "Hardware versnelling",
    "HardwareAccelerationWarning": "Hardwareversnelling inschakelen kan instabiliteit veroorzaken in sommige omgevingen. Zorg ervoor dat uw besturingssysteem en videostuurprogramma's volledig up to date zijn. Als u problemen ondervindt bij het afspelen van video, nadat u dit hebt ingeschakeld, moet u de instelling terugzetten naar Auto.\n",
    "ValueExample": "Voorbeeld: {0}",
    "LabelFileOrUrl": "Bstand of URL:",
    "OptionEnableForAllTuners": "Inschakelen voor alle tuners",
    "HeaderTuners": "Tuners",
    "LabelOptionalM3uUrl": "M3U url (optioneel):",
    "LabelOptionalM3uUrlHelp": "Sommige apparaten ondersteunen een M3U-kanaal lijst.",
    "TabResumeSettings": "Instellingen voor hervatten",
    "DrmChannelsNotImported": "Kanalen met DRM worden niet ge\u00efmporteerd.",
    "LabelAllowHWTranscoding": "Hardware transcoding toestaan",
    "AllowHWTranscodingHelp": "Wanneer ingeschakeld zal de tuner streams direct transcoderen streams. Dit kan helpen de transcodering vereist door Emby Server te verlagen.",
    "MetadataSettingChangeHelp": "Veranderen van metadata instellingen zal nieuwe content die wordt toegevoegd be\u00efnvloeden. Om de bestaande inhoud te vernieuwen, opent u het detail scherm en klik op de knop Vernieuwen, of doe een bulk vernieuwing met behulp van de metadata manager.",
    "RecordingPathChangeMessage": "Bij het wijzigen van uw opnamemap zullen bestaande opnamen niet migreren van de oude locatie naar de nieuwe. U moet deze desgewenst handmatig verplaatsen.",
    "LabelSportsCategories": "Sport categorie\u00ebn:",
    "XmlTvSportsCategoriesHelp": "Programma's met deze categorie\u00ebn wordt weergegeven als sportprogramma's. Scheid meerdere met '|'.",
    "LabelNewsCategories": "Nieuws categorie\u00ebn:",
    "XmlTvNewsCategoriesHelp": "Programma's met deze categorie\u00ebn wordt weergegeven als nieuwsprogramma's. Scheid meerdere met '|'.",
    "LabelKidsCategories": "Kinder categorie\u00ebn:",
    "XmlTvKidsCategoriesHelp": "Programma's met deze categorie\u00ebn wordt weergegeven als programma's voor kinderen. Scheid meerdere met '|'.",
    "LabelMovieCategories": "Film categori\u00ebn:",
    "XmlTvMovieCategoriesHelp": "Programma's met deze categorie\u00ebn wordt weergegeven als films. Scheid meerdere met '|'.",
    "XmlTvPathHelp": "Een pad naar een XML-tv-bestand. Emby zal dit bestand regelmatig lezen en controleren voor updates. U bent verantwoordelijk voor het maken en bijwerken van het bestand.",
    "LabelLocalIpAddress": "Lokaal IP adres:",
    "LabelBindToLocalNetworkAddressHelp": "Optioneel. Overrule het lokale IP-adres om aan de http-server te binden. Indien leeg gelaten, zal de server binden aan alle beschikbare adressen. Het veranderen van deze waarde vereist herstarten van Emby Server.",
    "SettingsWarning": "Het veranderen van deze waarden kunnen instabiliteit of connectiviteit storingen veroorzaken. Als u problemen ondervindt, raden wij aan de veranderingen terug te zetten naar standaard.",
    "MapChannels": "Map Kanalen",
    "OptionSaveMetadataAsHiddenHelp": "Het veranderen van dit zal gelden voor nieuwe metadata die wordt opgeslagen. Bestaande metadata bestanden zullen de volgende keer dat ze worden opgeslagen door Emby Server worden bijgewerkt.",
    "EnablePhotos": "Inschakelen foto's",
    "EnablePhotosHelp": "Foto's worden herkend en weergegeven naast andere mediabestanden.",
    "LabelMaxAudioFileBitrate": "Max audiobestand bitrate:",
    "LabelMaxAudioFileBitrateHelp": "Audio bestanden met een hogere bitrate zullen door Emby Server worden geconverteerd. Selecteer een hogere waarde voor betere kwaliteit of een lagere waarde om diskruimte te besparen.",
    "SaveThumbnailImagesIntoMediaFolders": "Miniaturen van videovoorbeelden opslaan in mediamappen",
    "LabelGenerateVideoPreviewThumbnails": "Genereer video preview miniaturen:",
    "LabelEnableDebugLogging": "Foutopsporings logboek inschakelen",
    "OptionEnableExternalContentInSuggestions": "Inschakelen externe inhoud in suggesties",
    "OptionEnableExternalContentInSuggestionsHelp": "Laat internet trailers en live-tv-programma's op te nemen binnen de voorgestelde inhoud.",
    "LabelH264EncodingPreset": "H264 codering preset:",
    "H264EncodingPresetHelp": "Kies een hogere waarde om de prestaties, of een tragere waarde om de kwaliteit te verbeteren.",
    "LabelH264Crf": "H264 encoding CRF:",
    "H264CrfHelp": "De Constant Rate Factor (CRF) is de standaard kwaliteit instelling voor de x264-encoder. U kunt de waarden tussen 0 en 51, in voorkomend lagere waarden zou resulteren in een betere kwaliteit (ten koste van hogere bestandsgrootte). aanbevolen zijn waarden tussen de 18 en 28. De standaard voor de x264 is 23, zodat u deze kunt gebruiken als uitgangspunt.",
    "LabelOptionalNetworkPath": "(Optioneel) Gedeelde netwerkmap:",
    "LabelOptionalNetworkPathHelp": "Als deze map wordt gedeeld op uw netwerk, kunnen middels het netwerkpad Emby apps op andere apparaten rechtstreeks toegang tot mediabestanden krijgen.",
    "SynologyUpdateInstructions": "Gelieve in te loggen op DSM en ga naar Pakket Center om bij te werken.",
    "LabelMoviePrefix": "Film voorvoegsel:",
    "LabelMoviePrefixHelp": "Als een voorvoegsel wordt toegepast op filmtitels, typ deze dan eventueel hier zodat Emby het goed kan verwerken.",
    "HeaderRecordingPostProcessing": "Opname nabewerking",
    "LabelPostProcessorArguments": "Nabewerkings command line argumenten:",
    "LabelPostProcessorArgumentsHelp": "Gebruik {path} als het pad naar het opnamebestand.",
    "LabelPostProcessor": "Nabewerkings toepassing:",
    "ErrorAddingXmlTvFile": "Er is een fout opgetreden met de toegang tot XMLTV bestand. Zorg ervoor dat het bestand bestaat en probeer het opnieuw.",
    "OptionAutomaticallyGroupSeries": "Automatisch samenvoegen serie die zijn verspreid over meerdere mappen",
    "OptionAutomaticallyGroupSeriesHelp": "Indien ingeschakeld, zal serie die zijn verspreid over meerdere mappen binnen deze bibliotheek automatisch samengevoegd tot \u00e9\u00e9n serie.",
    "WhenDidYouPurchaseApp": "Wanneer heb je deze app oorspronkelijk gekocht?",
    "PreferEmbeddedTitlesOverFileNames": "Prefereer ingesloten titels boven bestandsnamen",
    "PreferEmbeddedTitlesOverFileNamesHelp": "Dit bepaalt de standaard weergavetitel wanneer er geen internet metagegevens of lokale metadata beschikbaar is.",
    "HeaderLiveTvTunerSetup": "Live TV Tuner Instellingen",
    "HeaderTVSourceSetup": "TV Source Setup",
    "HeaderDetectMyDevices": "Detecteer Mijn Apparaten",
    "MessagePleaseWait": "Even geduld. Dit kan even duren.",
    "DetectingDevices": "Apparaten detecteren",
    "LabelAutomaticallyRefreshInternetMetadataEvery": "Vernieuw metagegevens automatisch van het internet",
    "Never": "Nooit",
    "EveryNDays": "Elke {0} dagen",
    "HeaderNewDevices": "Nieuwe Apparaten",
    "LabelCertificatePassword": "Certificaat paswoord:",
    "LabelCertificatePasswordHelp": "Als je certificaat een paswoord vereist, vul het dan hier in alstublieft.",
    "LabelEnableHardwareDecodingFor": "Activeer hardwaredecodering voor:",
    "EnableHardwareEncoding": "Activeer hardwaredecodering",
    "Rate": "Waardeer",
    "HeaderNewLibrary": "New Library",
    "HttpsRequiresCert": "Om beveiligde verbindingen in te schakelen, is een vertrouwd SSL-certificaat vereist (zoals Let's Encrypt). Geef een certificaat op of schakel beveiligde verbindingen uit.",
    "ServerRestartNeededAfterPluginInstall": "Emby server zal heropgestart moeten worden na het installeren van een plugin.",
    "PluginInstalledMessage": "Het installeren van de plugin is gelukt. Emby Server zal heropgestart moeten worden om de wijzigingen door te voeren.",
    "Themes": "Thema's",
    "MessagePremiereStatusGood": "Je hebt een {0} Emby Premiere plan en je toestelgebruik is ruim binnen je limiet.",
    "MessagePremiereStatusClose": "Je hebt een {0} Emby Premiere plan, maar je toestelgebruik nadert de limiet.",
    "MessagePremiereExtendedPlans": "Overweeg een {0}uitgebreide toestellen plan{1}",
    "MessagePremiereStatusOver": "Je hebt een {0} Emby Premiere plan, maar bent over je toestellimiet!",
    "ListItemPremiereSub": "{0} abonnement aangekocht via {2} verloopt{1}",
    "LabelClickToCancel": "Klik om dit abonnement te annuleren",
    "LabelCancelInfo": "Je kan dit abonnement rechtstreeks beheren met {0}",
    "LabelAlreadyCanceled": "Dit abonnement is geannuleerd. De sleutel blijft geldig tot deze verlopen is.",
    "HeaderCancelSub": "Annuleer Emby Premiere",
    "MessageConfirmSubCancel": "NEE, ga alsjeblieft niet weg... Je zal alle fantastische functies van Emby Premiere missen!",
    "ButtonCancelSub": "Dat weet ik, annuleer het toch",
    "ButtonDontCancelSub": "Hou Emby Premiere",
    "MessageSubCancelReqSent": "Er is een email verstuurd naar de eigenaar van de key. Volg a.u.b. de instructies in die mail om de annulatie van het abonnement te voltooien. We hopen je snel terug te zien!",
    "MessageSubCancelError": "Er is iets misgelopen bij het annuleren. Stuur a.u.b. een mail naar {0} en we zullen dit zo snel mogelijk in orde brengen.",
    "LabelAlreadyCancelled": "Dit abonnement is geannuleerd. Je zal niets meer aangerekend worden maar alle functies zullen blijven werken tot bovenstaande datum.",
    "AllowOnTheFlySubtitleExtraction": "Directe Ondertitel extractie toestaan",
    "AllowOnTheFlySubtitleExtractionHelp": "Ingebakken ondertitels kunnen uit de video's gehaald worden en als tekst bezorgd worden aan de Emby apps om transcodering the helpen voorkomen. Op sommige systemen kan dit een lange tijd duren en er voor zorgen dat het afspelen van video stopt tijdens de extractie. Schakel dit uit om ingebakken ondertiteling in de video te laten branden met transcodering als deze niet standaard ondersteund worden door het afspeelapparaat.",
    "ButtonStopRecording": "Stop Opname",
    "EnableDebugLoggingHelp": "Debug logging mag alleen ingeschakeld worden voor het onderzoeken van problemen. De verhoogde belasting van het bestandssysteem kan voorkomen dat de server in slaapstand gaat in sommige omgevingen.",
    "LabelSimultaneousConnectionLimit": "Gelijktijdige streams limiet:",
    "SimultaneousConnectionLimitHelp": "Het maximum aantal toegestane gelijktijdige streams. Geef 0 in voor geen limiet.",
    "LaunchWebAppOnStartup": "De Emby-webapp in mijn webbrowser openen wanneer Emby Server opstart",
    "LaunchWebAppOnStartupHelp": "Dit zal de webapp in uw standaard webbrowser openen wanneer Emby Server opstart. Dit zal niet gebeuren wanneer de \"server opnieuw opstarten\" functie gebruikt wordt.",
    "LabelReferrerHeader": "Referrer http header:",
    "LabelUserAgentHeader": "User agent http header:",
    "SupplyCustomValueIfNeeded": "Supply a custom http header value, if necessary.",
    "HeaderConfigureRemoteAccess": "Toegang op afstand configureren",
    "LearnHowToCreateSynologyShares": "Leren mappen te delen in Synology.",
    "LabelAllowedRemoteAddresses": "Externe IP-adressen filter:",
    "LabelAllowedRemoteAddressesMode": "Externe IP-adressen filter modus:",
    "Whitelist": "Whitelist",
    "Blacklist": "Blacklist",
    "AllowedRemoteAddressesHelp": "Komma-gescheiden lijst van IP-adressen of IP\/netmask adressen voor netwerken die op afstand verbinding mogen maken. Indien blanco, worden alle externe adressen toegestaan.",
    "LabelLanNetworks": "LAN-netwerken:",
    "LanNetworksHelp": "Komma-gescheiden lijst van IP-adressen of IP\/netmask adressen voor netwerken die als lokaal gezien worden wanneer bandbreedtebeperkingen van toepassing zijn. Indien ingesteld, worden alle overige IP-adressen gezien als externe adressen en zullen worden onderworpen aan de bandbreedte-instellingen voor externe adressen. Indien blanco, zal alleen het subnet van de server als lokaal netwerk gezien worden.",
    "LabelSecureConnectionsMode": "Beveiligde verbinding modus:",
    "PreferredNotRequired": "Gewenst, maar niet verplicht",
    "RequiredForAllRemoteConnections": "Vereist voor alle externe verbindingen",
    "HandledByProxy": "Behandeld door reverse proxy",
    "SaveSubtitlesIntoMediaFolders": "Ondertitels opslaan in media mappen",
    "SaveSubtitlesIntoMediaFoldersHelp": "Het opslaan van ondertitels in dezelfde map als de video's zorgt ervoor dat deze beter te beheren zijn.",
    "AutomaticSubtitleDownloadInstructions": "To manage automatic subtitle downloading, click on a library in Emby library setup, and edit the subtitle downloading settings for that library.",
    "OpenSubtitleInstructions": "Configureer de Open Subtitles accountinformatie in het desbetreffende configuratiescherm in het Emby Server dashboard.",
    "LabelEnableHardwareAcceleration": "Enable hardware acceleration when available:",
    "HeaderPreferredHardwareDecoders": "Preferred Hardware Decoders",
    "HeaderPreferredHardwareEncoders": "Preferred Hardware Encoders",
    "AllowChangingImageAndPassword": "Allow this user to change their password and profile image",
    "LabelTranscodeBuffer": "Transcode buffer:",
    "LabelTranscodePosition": "Transcode position:",
    "LabelPlaybackPosition": "Playback position:",
    "LabelSimultaneousStreamLimit": "Max simultaneous video streams:",
    "SimultaneousStreamLimitHelp": "Limit the number of concurrent video playback sessions.",
    "LabelMusicFolderStructure": "Music folder structure:",
    "LabelMusicFolderStructureHelp": "This provides a hint to the library scanner about the way your folders are organized. If you're unsure, or if your folders don't exactly match one of the options, then please select the default option of Other.",
    "OtherOrUnstructured": "Other or unstructured",
    "PerfectArtistAlbumTrack": "Perfectly organized into artist\\album folders, with tracks directly in the album folders.",
    "PerfectAlbumTrack": "Perfectly organized into album folders, with tracks directly in the album folders.",
    "LiveTVServiceIntegrationHelp": "Please see our guide on {0}integrating {1} into Emby{2}.",
    "LabelMinCollectionSize": "Minimum automatic collection size:",
    "MinCollectionSizeHelp": "Automatically create collections when you have at least the selected number of titles in your library. Changing this value will not affect existing collections.",
    "LabelImportCollections": "Import collection information from metadata downloaders",
    "LabelImportCollectionsHelp": "When enabled, this will import collection information from your enabled metadata downloaders. This may cause unwanted collections to be automatically created. Disabling will prevent future collections from being automatically created, but will not delete existing ones.",
    "LabelAllowAdultMetadata": "Allow adult metadata",
    "LabelAllowAdultMetadataHelp": "Allow matching adult titles when searching for internet metadata.",
    "HeaderVideoPreviewThumbnails": "Video Preview Thumbnails",
    "LabelEnableHDRToneMapping": "Enable HDR tone mapping:",
    "EnableHDRToneMappingHelp": "Tone mapping will ensure correct color conversion when transcoding HDR content, which will otherwise appear highly dimmed and desaturated. Additional driver components may be needed to support hardware acceleration with this feature enabled. Please see our hardware acceleration setup guide for details.",
    "WithHardwareAcceleratedTranscoding": "Yes, only with hardware acceleration",
    "TranscodingStillInitializing": "Emby Server transcoding services are still busy starting up. This screen will automatically refresh when transcoding services are ready.",
    "WithSoftwareTranscoding": "Yes, with forced software transcoding",
    "WithEitherHardwareOrSoftwareTranscoding": "Yes, with either hardware or software transcoding",
    "ToneMappingInHardwareDescription": "Tone mapping will be performed with hardware acceleration when it is enabled and supported by the hardware, and skipped in all other cases.",
    "ToneMappingInSoftwareDescription": "Tone mapping will be performed in software by the CPU. This is much slower than hardware accelerated tone mapping and will require a very powerful server machine.",
    "ToneMappingInBothDescription": "Tone mapping will be performed with hardware acceleration when it is enabled and supported by the hardware, and will fallback to software in all other cases. Tone mapping in software is much slower than hardware accelerated tone mapping and will require a very powerful server machine.",
    "AutoMapped": "Automatically mapped",
    "ManuallyMapped": "Manually mapped",
    "NotMappedToGuideData": "Not mapped to guide data",
    "MappedToValue": "Mapped to {0}",
    "LabelAutomaticallyWakeServerForRecordings": "Automatically wake the server machine to perform recordings",
    "LabelAutomaticallyWakeServerForRecordingsHelp": "Wake events will be scheduled with the server operating system. Disabling this option will prevent future wake events from being scheduled but will not remove any previously scheduled events.",
    "Database": "Database",
    "LabelOptimizeDatabaseOnShutdown": "Attempt to optimize the database on server shutdowns",
    "LabelOptimizeDatabaseOnShutdownHelp": "The database optimize operation is usually a no-op but it will occasionally run an analysis if it seems like doing so will be useful to the query planner. This may cause Emby Server to take longer to shutdown.",
    "LabelDatabaseCacheSize": "Database cache size (MB)",
    "LabelDatabaseCacheSizeHelp": "Sets the amount of data that the database will hold in memory at once, per database file. A larger value may help improve Emby Server performance. Requires a server restart to take effect.",
    "LabelDatabaseAnalysisLimit": "Analysis row limit",
    "LabelDatabaseAnalysisLimitHelp": "When the database is optimized, this is the approximate number of rows examined in each index by the ANALYZE command. A larger value will increase the effectiveness of the database optimization, but may cause Emby Server to take longer to shutdown.",
    "LabelVacuumDb": "Vacuum the database on the next Emby Server startup",
    "LabelVacuumDbHelp": "The vacuum command rebuilds the database file, repacking it into a minimal amount of disk space. In some cases this may improve Emby Server performance. Please note that your Emby Server will not be usable during the time of the vacuum operation, nor will there be any way to monitor the progress of the vacuum. Please avoid force closing the Emby Server process during this time as it may lead to database corruption. This is a one-time operation and this option will revert to unchecked on the next server startup.",
    "AdvancedOptionsWarning": "These are advanced options and should generally be left at defaults unless you have a reason to change them."
}