{
    "LabelYoureDone": "E\u0219ti Gata!",
    "ThisWizardWillGuideYou": "Acest asistent v\u0103 va ghida prin procesul de configurare. Pentru a \u00eencepe, v\u0103 rug\u0103m s\u0103 selecta\u021bi limba preferat\u0103.",
    "HeaderCreateYourFirstUser": "Creaz\u0103 primul utilizator",
    "ButtonQuickStartGuide": "Ghid rapid de Start",
    "MoreUsersCanBeAddedLater": "Mai mul\u021bi utilizatori pot fi ad\u0103uga\u021bi mai t\u00e2rziu \u00een Tabloul de Bord.",
    "UserProfilesIntro": "Emby include sprijin pentru profile de utilizator, permi\u021b\u00e2nd fiec\u0103rui utilizator s\u0103 \u00ee\u0219i fac\u0103 propriile set\u0103ri de afi\u0219are, playstate \u0219i control parental.",
    "WizardCompleted": "Asta e tot ce avem nevoie pentru moment. Emby a \u00eenceput colectarea de informa\u021bii despre biblioteca media. Verific\u0103 unele din aplica\u021biile noastre \u0219i apoi face\u021bi clic pe <b>Finalizare<\/b> pentru a vizualiza <b>Tabloul de bord al Serverului <\/b>.",
    "MessagePleaseAcceptTermsOfService": "V\u0103 rug\u0103m s\u0103 accepta\u021bi termenii de utilizare \u0219i politica de confiden\u021bialitate \u00eenainte de a continua.",
    "OptionIAcceptTermsOfService": "Accept termenii de utilizare",
    "SeeOurHwaGuide": "Consulta\u021bi {0}ghidul nostru de configurare a accelera\u021biei hardware{1}.",
    "HeaderEmbyServerReleaseNotes": "Note de lansare a serverului Emby",
    "AllowSubtitleDownloading": "Permite desc\u0103rcarea subtitr\u0103rilor",
    "AllowSubtitleManagement": "Permite \u0219tergerea fi\u0219ierelor de subtitrare existente",
    "NewUserNameHelp": "Acesta este modul \u00een care utilizatorul va ap\u0103rea pe serverul dvs.",
    "ChapterMarkers": "Marcatori de capitol",
    "LabelThumbnailImagesInterval": "Thumbnail images interval",
    "ThumbnailImagesIntervalHelp": "Capturile mai frecvente vor avea ca rezultat o experien\u021b\u0103 mai bun\u0103, dar vor necesita mai mult spa\u021biu pe disc \u0219i timp pentru a crea imaginile.",
    "LabelAuthProvider": "Authentication provider",
    "AuthProviderHelp": "Administratorii folosesc \u00eentotdeauna furnizorul Emby implicit pentru a se asigura c\u0103 nu niciodat\u0103 nu r\u0103m\u00e2n bloca\u021bi pe dinafar\u0103.",
    "HeaderNewUser": "Utilizator nou",
    "ChangeServerDisplayName": "Schimb\u0103 numele serverului",
    "ShowAdvancedSettings": "Vezi set\u0103ri avansate",
    "ChangingMetadataImageSettingsNewContent": "Changes to metadata or artwork downloading settings will only apply to new content added to your library. To apply the changes to existing titles, you'll need to refresh their metadata manually.",
    "AllowRemoteAccess": "Premite conexiuni de la distan\u021b\u0103 la acest server Emby.",
    "AllowRemoteAccessHelp": "Dac\u0103 r\u0103mane neselectat, toate conexiunile de la distan\u021b\u0103 vor fi refuzate.",
    "Alerts": "Alerte",
    "LabelTrackTitleDisplay": "Embedded track title display",
    "GenerateUserFriendlyTrackTitles": "Generate user friendly titles using track information",
    "PreferOriginalTrackTitles": "Prefer embedded titles",
    "TrackTitleDisplayHelp": "Choose the display title of embedded audio and subtitle tracks. Preferring embedded is not recommended unless you are manually curating embedded track information.",
    "EnableTranscodingThrottle": "Enable throttling",
    "EnableTranscodingThrottleHelp": "Emby will dynamically adjust transcoding speed based in order to reduce CPU utilization.",
    "HeaderTypeMetadataDownloaders": "{0} Metadata Downloaders",
    "HeaderTypeImageFetchers": "{0} Image Fetchers",
    "HeaderImageOptions": "Image Options",
    "OptionBeta": "Testare",
    "RegisterWithPayPal": "\u00cenregistreaz\u0103-te cu PayPal",
    "LabelSyncTempPath": "Cale fi\u0219ier temporar\u0103",
    "LabelSyncTempPathHelp": "Specifica\u021bi un dosar de lucru special pentru sincronizare. Fi\u0219ierele media convertite, create \u00een timpul procesului de sincronizare, vor fi stocate aici.",
    "LabelCustomCertificatePath": "Calea c\u0103tre certificatul personalizat:",
    "LabelCustomCertificatePathHelp": "Furniza\u021bi propriul fi\u0219ier care con\u021bine un certificat SSL in format .pfx.",
    "HeaderSetupLibrary": "Seta\u021bi-v\u0103 biblitecile media",
    "LabelTimeLimitHours": "Limit\u0103 de timp(ore):",
    "HeaderPreferredMetadataLanguage": "Limba preferata pentru metadata",
    "LabelSaveLocalMetadata": "Salveaz\u0103 posterele si metadata \u00een dosarele ce con\u021bin fi\u0219ierele media",
    "LabelSaveLocalMetadataHelp": "Salv\u00e2nd posterele \u0219i metadata direct in dosarele media, acestea vor fi mai accesibile pentru a fi modificate.",
    "TabAccess": "Acces",
    "HeaderDeviceAccess": "Accesul Dispozitivelor",
    "OptionEnableAccessFromAllDevices": "Activeaz\u0103 accesul de la toate dispozitivele",
    "OptionEnableAccessToAllChannels": "Activeaz\u0103 accesul la toate canalele",
    "OptionEnableAccessToAllLibraries": "Activeaz\u0103 accesul la toate bibliotecile",
    "DeviceAccessHelp": "Aceasta se aplic\u0103 numai pentru dispozitive care pot fi identificate \u00een mod unic \u0219i nu va \u00eempiedica accesul din navigatorul de internet. Filtr\u00e2nd accesul dispozitivelor utilizatorului va \u00eempiedica utilizarea noilor dispozitive p\u00e2n\u0103 c\u00e2nd acestea nu vor fi aprobate aici.",
    "LabelDisplayMissingEpisodesWithinSeasons": "Afi\u0219eaza episoadele lips\u0103 din seriale",
    "LabelDisplayMissingEpisodesWithinSeasonsHelp": "Aceasta trebuie sa fie de asemenea activat\u0103 pentru bibliotecile de seriale \u00een set\u0103rile serverului Emby.",
    "ImportMissingEpisodesHelp": "Dac\u0103 este activat\u0103, informa\u021bia despre episoadele lips\u0103 va fi importat\u0103 in baza de date Emby \u0219i va fi afi\u0219at\u0103 \u00een cadrul serialelor. Aceasta poate cauza un timp semnificativ mai \u00eendelungat la scanarea bibliotecilor.",
    "MessageEnablingOptionLongerScans": "Activ\u00e2nd aceast\u0103 op\u021biune poate rezulta \u00een scan\u0103ri ale bilbiotecilor semnificativ mai \u00eendelungate.",
    "LabelMaxParentalRating": "Limit\u0103 de v\u00e2rst\u0103 maxim permis\u0103:",
    "MaxParentalRatingHelp": "Con\u021binutul cu un o limit\u0103 de v\u00e2rst\u0103 mai mare va fi ascuns pentru acest utilizator.",
    "LibraryAccessHelp": "Selecteaz\u0103 dosarele media partajate cu acest utilizator. Administratorii vor avea posibilitatea sa modifice toate dosarele utiliz\u00e2nd managerul de metadata.",
    "ChannelAccessHelp": "Selecteaz\u0103 canalele pe care vrei s\u0103 le partajezi cu acest utilizator. Administratorii vor avea posibilitatea sa editeze canalele folosind managerul de metadate.",
    "ImageUploadAspectRatioHelp": "Ra\u021bie de Aspect Recomandat\u0103 1:1. Doar fi\u0219iere JPG\/PNG.",
    "AlreadyPaidHelp1": "Dac\u0103 a\u021bi pl\u0103tit deja pentru a instala o versiune mai veche de Media Browser pentru Android, nu trebuie s\u0103 mai pl\u0103ti\u021bi din nou pentru a activa aceast\u0103 aplica\u021bie. Ap\u0103sa\u021bi OK pnetru a ne trimite un email la {0} \u0219i o vom activa noi pentru dvs.",
    "AlreadyPaidHelp2": "Got Emby Premiere? Just cancel this dialog, setup Emby Premiere in your Emby Server Dashboard under Help -> Emby Premiere, and it will be unlocked automatically.",
    "TabMyPlugins": "Plugin-urile mele",
    "TabCatalog": "Catalog",
    "HeaderAutomaticUpdates": "Actualizare Automat\u0103",
    "Standard": "Standard",
    "TabSupporterKey": "Cheia Emby Premiere",
    "OptionHideUserLocal": "Hide this user from login screens on the local network",
    "OptionHideUserRemote": "Hide this user from login screens when connected remotely",
    "OptionHideUserFromLoginHelp": "Folositor pentru conturi private sau de administrator ascunse. Utilizatorul va trebui s\u0103 se conecteze manual prin introducerea numelui de utilizator \u0219i a parolei.",
    "HideFromUnusedDevices": "Hide this user from login screens on devices they've never signed into",
    "OptionDisableUser": "Dezactiva\u021bi acest utilizator",
    "OptionDisableUserHelp": "Dac\u0103 este dezactivat, serverul nu va permite nicio conexiune de la acest utilizator. Conexiunile existente vor fi terminate brusc.",
    "OptionAllowUserToManageServer": "Permite acestui utilizator s\u0103 administreze serverul",
    "HeaderFeatureAccess": "Acces Facilit\u0103\u021bi",
    "OptionAllowMediaPlayback": "Permite redarea media",
    "AllLibraries": "All libraries",
    "HeaderAllowMediaDeletionFrom": "Allow Media Deletion From",
    "LiveTVRecordingManagement": "Live TV Recording Management",
    "OptionAllowRemoteControlOthers": "Permite controlul la distan\u021b\u0103 a celorlal\u021bi utilizatori",
    "OptionAllowRemoteSharedDevices": "Permite controlul la distan\u021b\u0103 a dispozitivelor partajate",
    "OptionAllowRemoteSharedDevicesHelp": "Dispozitivele DLNA sunt considerate partajate p\u00e2n\u0103 ce un utilizator \u00eencepe s\u0103 le controleze.",
    "OptionAllowLinkSharing": "Permite partajarea pe re\u021belele de socializare",
    "OptionAllowLinkSharingHelp": "Doar paginile wev ce contin informa\u021bii despre con\u021binutul media va fi partajat. Fi\u0219ierele media nu vor fi partajate niciodat\u0103 pentru public. Partaj\u0103rile sunt limitate ca timp \u0219i vor expira dup\u0103 {0} zile.",
    "OptionRelease": "Lansare Oficial\u0103",
    "LabelAllowServerAutoRestartPlugin": "Allow the server to restart automatically to apply plugin updates",
    "LabelAllowServerAutoRestartServerOrPlugin": "Allow the server to restart automatically to apply server or plugin updates",
    "LabelAllowServerAutoRestartHelp": "Serverul se va reporni doar \u00een timp ce nu are nici o sarcin\u0103, c\u00e2nd nu este nici un utilizator conectat.",
    "LabelRunServerAtStartup": "Porne\u0219te serverul automat cu sistemul de operare",
    "LabelRunServerAtStartupHelp": "Aceaasta va porni Emby bara de stare la pornirea Windows. Dac\u0103 a\u021bi stat Emby ca serviciu de Windows, lasa\u021bi aceast\u0103 op\u021biune neselectat\u0103 \u0219i configura\u021bi serviciul s\u0103 porneasc\u0103 automat.",
    "ButtonSelectDirectory": "Selecta\u021bi Director",
    "LabelCachePath": "Cale pentru cache:",
    "DefaultMetadataLangaugeDescription": "Acestea sunt set\u0103rile implicite \u0219i pot fi personalizate pentru fiecare bibliotec\u0103 \u00een parte.",
    "LabelCachePathHelp": "Specifica\u021bi o loca\u021bie special\u0103 pentru fi\u0219ierele de cache, precum imagini etc. Lasa\u021bi gol pentru a folosi setarea implicit\u0103.",
    "LabelDefaultRecordingFolder": "Default recording folder",
    "LabelMovieRecordingFolder": "Movie recording folder",
    "LabelSeriesRecordingFolder": "Series recording folder",
    "SeriesRecordingFolderHelp": "(Optional). Select a library so save series recordings into. This must be a library you've created in Emby library setup with the content type set to TV shows or mixed content.",
    "HeaderProgramData": "Program Data",
    "RecordingFolderHelp": "Select the default libary to save recordings into. This must be a library you've created in Emby library setup with the content type set to mixed content.",
    "MovieRecordingFolderHelp": "(Optional). Select a library so save movie recordings into. This must be a library you've created in Emby library setup with the content type set to movies or mixed content.",
    "LabelMetadataPath": "Cale pentru metadata:",
    "LabelMetadataPathHelp": "Specifica\u021bi o loca\u021bie special\u0103 pentru a desc\u0103rca postere \u0219i metadata.",
    "LabelTranscodingTempPath": "Cale temporar\u0103 pentru conversie:",
    "LabelTranscodingTempPathHelp": "Acest director con\u021bine fi\u0219ierele de lucru folosite de convertor. Specifica\u021bi o cale special\u0103 sau lasa\u021bi gol pentru a folosi pe cea implicit\u0103 \u00een directorul de lucru al serverului.",
    "GenerateVideoPreviewThumbnailsHelp": "Video preview thumbnails provide live updates while seeking in supported apps. Thumbnail generation may take a long time, cause high CPU usage, and consume additional disk space.",
    "AsAScheduledTask": "as a scheduled task",
    "AsAScheduledTaskAndMediaAdded": "as a scheduled task and when media is added",
    "ButtonRefreshGuideData": "Re\u00eemprosp\u0103teaz\u0103 Ghidul",
    "LabelNumberOfGuideDays": "Num\u0103rul de zile de ghid de desc\u0103rcat",
    "LabelNumberOfGuideDaysHelp": "Desc\u0103rc\u00e2nd mai multe zile de ghid va permite s\u0103 programa\u021bi mai \u00een avans \u0219i s\u0103 vizualiza\u021bi list\u0103rile mai \u00een viitor, dar desc\u0103rcarea va dura mai mult. \"Automat\" va alege \u00een func\u021bie de num\u0103rul de canale.",
    "HeaderFetchImages": "Preia imagini:",
    "LabelMaxBackdropsPerItem": "Num\u0103rul maxim de fundaluri pentru fiecare element:",
    "LabelMaxScreenshotsPerItem": "Num\u0103rul maxim de capturi pentru fiecare element:",
    "LabelMinBackdropDownloadWidth": "L\u0103\u021bimea maxim\u0103 pentru fundalurile desc\u0103rcate:",
    "LabelMinScreenshotDownloadWidth": "Minimum screenshot download width",
    "ButtonAddScheduledTaskTrigger": "Adaug\u0103 declan\u0219ator",
    "ButtonAdd": "Adaug\u0103",
    "LabelTriggerType": "Tip Declan\u0219ator",
    "OptionOnInterval": "On an interval",
    "OnServerStartup": "On server startup",
    "OptionAfterSystemEvent": "After a system event",
    "LabelDay": "Day",
    "LabelTime": "Time",
    "LabelEvent": "Event",
    "OptionWakeFromSleep": "Wake from sleep",
    "Every": "Every",
    "LabelEnableRealtimeMonitor": "Enable real time monitoring",
    "LabelEnableRealtimeMonitorHelp": "Changes to files will be processed immediately, on supported file systems.",
    "Community": "Community",
    "HeaderEmbyNews": "Emby News",
    "LabelFriendlyServerName": "Friendly server name",
    "LabelFriendlyServerNameHelp": "This name will be used to identify this server. If left blank, the computer name will be used.",
    "LabelPreferredDisplayLanguage": "Preferred display language",
    "LabelPreferredDisplayLanguageHelp": "Translating Emby is an ongoing project.",
    "LabelReadHowYouCanContribute": "Learn how you can contribute.",
    "LabelCustomCss": "Custom css",
    "LabelCustomCssHelp": "Apply your own custom css to the web interface.",
    "LabelLocalHttpServerPortNumber": "Local http port number",
    "LabelLocalHttpServerPortNumberHelp": "The tcp port number that Emby's http server should bind to.",
    "LabelPublicHttpPort": "Public http port number",
    "LabelPublicHttpPortHelp": "The public port number that should be mapped to the local http port.",
    "LabelPublicHttpsPort": "Public https port number",
    "LabelPublicHttpsPortHelp": "The public port number that should be mapped to the local https port.",
    "RequireHttps": "Require https for external connections",
    "RequireHttpsHelp": "If enabled, connections over http will be redirected to https.",
    "LabelHttpsPort": "Local https port number",
    "LabelHttpsPortHelp": "The tcp port number that Emby's https server should bind to.",
    "LabelEnableAutomaticPortMap": "Enable automatic port mapping",
    "LabelEnableAutomaticPortMapHelp": "Attempt to automatically map the public port to the local port via UPnP. This may not work with some router models.",
    "LabelExternalDDNS": "External domain",
    "LabelExternalDDNSHelp": "If you have a dynamic DNS or domain name, enter it here, without protocol or port. Emby apps will use it when connecting remotely. This field is required when used with a custom ssl certificate. Example: mydomain.com.",
    "LabelMinResumePercentage": "Min resume percentage",
    "LabelMaxResumePercentage": "Max resume percentage",
    "LabelMinResumeDuration": "Min resume duration (seconds)",
    "LabelMinResumePercentageHelp": "Titles are assumed unplayed if stopped before this time",
    "LabelMaxResumePercentageHelp": "Titles are assumed fully played if stopped after this time",
    "LabelMinResumeDurationHelp": "Titles shorter than this will not be resumable",
    "HeaderStatus": "Status",
    "Subscriptions": "Subscriptions",
    "LabelEndingEpisodeNumber": "Ending episode number",
    "LabelEndingEpisodeNumberHelp": "Only required for multi-episode files",
    "HeaderSupportTheTeam": "Support the Emby Team",
    "HeaderSupportTheTeamHelp": "Help ensure the continued development of this project by purchasing Emby Premiere. A portion of all income will be contributed to other free tools we depend on.",
    "DonationNextStep": "Once complete, please return and enter your Emby Premiere key, which you will receive by email.",
    "HeaderRunningTasks": "Running Tasks",
    "ButtonUpdateNow": "Update Now",
    "PleaseUpdateManually": "Please shutdown Emby Server and install the latest version.",
    "ServerUpToDate": "Emby Server is up to date",
    "MessagePleaseRestartServerToFinishUpdating": "Please restart the server to finish applying updates.",
    "LabelDownMixAudioScale": "Audio boost when downmixing",
    "LabelDownMixAudioScaleHelp": "Boost audio when downmixing. Set to 1 to preserve original volume value.",
    "HeaderForgotKey": "Forgot Key",
    "LabelSupporterEmailAddress": "The email address that was used to purchase the key.",
    "ButtonRetrieveKey": "Retrieve Key",
    "LabelSupporterKey": "Emby Premiere key (paste from email)",
    "LabelSupporterKeyHelp": "Enter your Emby Premiere key to start enjoying additional benefits.",
    "MessageInvalidKey": "Emby Premiere key is missing or invalid.",
    "ErrorMessageInvalidKey": "In order for any premium content to be registered, you must also have an active Emby Premiere subscription.",
    "LabelSkipIfGraphicalSubsPresent": "Skip if the video already contains embedded subtitles matching the download language",
    "LabelSkipIfGraphicalSubsPresentHelp": "Keeping text versions of subtitles will result in more efficient delivery and decrease the likelihood of video transcoding.",
    "HeaderDownloadLanguages": "Download Languages",
    "LabelSkipIfAudioTrackPresent": "Skip if the default audio track matches the download language",
    "LabelSkipIfAudioTrackPresentHelp": "Uncheck this to ensure all videos have subtitles, regardless of audio language.",
    "SendMessage": "Send message",
    "HeaderSendMessage": "Send Message",
    "ButtonSend": "Send",
    "LabelMessageText": "Message text",
    "LabelMessageTitle": "Message title",
    "ButtonEditOtherUserPreferences": "Edit this user's profile, image and personal preferences.",
    "LabelLoginDisclaimer": "Login disclaimer",
    "LabelLoginDisclaimerHelp": "This will be displayed at the bottom of the login page.",
    "HeaderTranscodingTemporaryFiles": "Transcoding Temporary Files",
    "HeaderApiKeys": "Api Keys",
    "HeaderApiKeysHelp": "External applications are required to have an Api key in order to communicate with Emby Server. Keys are issued by logging in with an Emby account, or by manually granting the application a key.",
    "HeaderApiKey": "Api Key",
    "HeaderScheduledTasks": "Scheduled Tasks",
    "HeaderResumeSettings": "Resume Settings",
    "HeaderFetcherSettings": "Fetcher Settings",
    "HeaderActivity": "Activity",
    "ButtonPurchase": "Purchase",
    "HeaderInstall": "Install",
    "LabelSelectVersionToInstall": "Select version to install",
    "LinkLearnMoreAboutSubscription": "Learn about Emby Premiere",
    "MessagePluginRequiresSubscription": "This plugin will require an active Emby Premiere subscription after the 14 day free trial.",
    "MessagePremiumPluginRequiresMembership": "This plugin will require an active Emby Premiere subscription in order to purchase after the 14 day free trial.",
    "HeaderDeveloperInfo": "Developer Info",
    "HeaderRevisionHistory": "Revision History",
    "ButtonViewWebsite": "View website",
    "OptionSaveMetadataAsHidden": "Save metadata and images as hidden files",
    "LabelConnectEmail": "(Optional) Emby Connect email address",
    "LabelConnectEmailHelp": "Optionally link this local user to an existing Emby Connect account to enable easy sign-in access from any Emby app without having to know the server IP address.",
    "ButtonLearnMoreAboutEmbyConnect": "Learn more about Emby Connect",
    "LabelDateAddedBehavior": "Date added behavior for new content",
    "OptionDateAddedImportTime": "Use date scanned into the library",
    "OptionDateAddedFileTime": "Use file creation date",
    "LabelDateAddedBehaviorHelp": "If a metadata value is present it will always be used before either of these options.",
    "HeaderLibrarySettings": "Library Settings",
    "HeaderSubtitleDownloads": "Subtitle Downloads",
    "HeaderCameraUploadHelp": "Emby apps can automatically upload photos taken from your mobile devices into Emby Server.",
    "LabelCameraUploadPath": "Camera upload path",
    "LabelCameraUploadPathHelp": "Select a custom upload path. This will override any default settings set in the Camera Upload section. If left blank, a default folder will be used. If using a custom path it will also need to be added as a library in Emby library setup.",
    "DefaultCameraUploadPathHelp": "Select a custom upload path. If left blank, a default folder will be used. If using a custom path it will also need to be added as a library in Emby library setup.",
    "LabelCreateCameraUploadSubfolder": "Create a subfolder for each device",
    "LabelCreateCameraUploadSubfolderHelp": "Specific folders can be assigned to a device by clicking on it from the Devices page.",
    "LabelCustomDeviceDisplayNameHelp": "Supply a custom display name or leave empty to use the name reported by the device.",
    "TabParentalControl": "Parental Control",
    "HeaderAccessSchedule": "Access Schedule",
    "HeaderAccessScheduleHelp": "Create an access schedule to limit access to certain hours.",
    "HeaderLibraryAccess": "Library Access",
    "HeaderChannelAccess": "Channel Access",
    "LabelForgotPasswordUsernameHelp": "Enter your username, if you remember it.",
    "TitlePasswordReset": "Password Reset",
    "HeaderBlockItemsWithNoRating": "Block items with no or unrecognized rating information",
    "LabelBlockContentWithTags": "Restrict Items With Tags",
    "LabelTagRestrictionMode": "Tag restriction mode",
    "BlockItemsWithTheseTags": "Block items with these tags",
    "AllowItemsWithTheseTags": "Allow only items with these tags",
    "OptionAllowContentDownloading": "Allow media downloading",
    "LabelNewUserNameHelp": "Usernames can contain letters (a-z), numbers (0-9), dashes (-), underscores (_), apostrophes ('), and periods (.)",
    "HeaderThisUserIsCurrentlyDisabled": "This user is currently disabled. To enable this user, please see the option at the bottom of this page.",
    "OptionAllowSyncTranscoding": "Allow media downloading that requires transcoding",
    "AllowMediaConversion": "Allow media conversion",
    "AllowMediaConversionHelp": "Grant or deny access to the convert media feature.",
    "OptionAllowAudioPlaybackTranscoding": "Allow audio transcoding, if necessary, during media playback",
    "OptionAllowVideoPlaybackTranscoding": "Allow video transcoding, if necessary, during media playback",
    "OptionAllowVideoPlaybackRemuxing": "Allow changing of container formats, if necessary, during media playback",
    "OptionAllowMediaPlaybackTranscodingHelp": "Restricting access to transcoding will disable quality selection and may cause playback failures in Emby apps due to unsupported media formats or insufficient network bandwidth.",
    "LabelRemoteClientBitrateLimit": "Internet streaming bitrate limit (Mbps)",
    "LabelRemoteClientBitrateLimitHelp": "An optional per-stream bitrate limit for all out of network devices. This is useful to prevent devices from requesting a higher bitrate than your internet connection can handle. This may result in increased CPU load on your server in order to transcode videos on the fly to a lower bitrate.",
    "LabelUserRemoteClientBitrateLimitHelp": "This will override the default global value set in advanced server settings.",
    "OptionEnableFullSpeedConversion": "Enable full speed conversion",
    "OptionEnableFullSpeedConversionHelp": "By default, conversions are performed at a low speed to minimize resource consumption.",
    "OptionEnableAutomaticServerUpdates": "Enable automatic server updates",
    "HeaderTVSources": "TV Sources",
    "HeaderAddTvSource": "Add TV Source",
    "LabelTunerIpAddress": "Tuner IP Address",
    "HeaderGuideProviders": "Guide Data Sources",
    "HeaderAddGuideSource": "Add Guide Data Source",
    "LabelZipCode": "Zip Code",
    "LabelLineup": "Lineup",
    "LabelImportOnlyFavoriteChannels": "Restrict to channels marked as favorite",
    "ImportFavoriteChannelsHelp": "If enabled, only channels that are marked as favorite on the tuner device will be imported.",
    "HeaderDefaultRecordingSettings": "Default Recording Settings",
    "LabelDisplayName": "Display name",
    "OptionDownloadImagesInAdvance": "Download images in advance",
    "OptionDownloadImagesInAdvanceHelp": "By default, most images are not downloaded from the internet until they are displayed by an Emby app. Enable this option to download all images in advance, as new media is imported. This may cause significantly longer library scans.",
    "MessageThankYouForSupporting": "Thank you for supporting Emby.",
    "FileReadCancelled": "The file read has been canceled.",
    "FileNotFound": "File not found.",
    "FileReadError": "An error occurred while reading the file.",
    "NoPluginConfigurationMessage": "This plugin has no settings to configure.",
    "HeaderNewApiKey": "New Api Key",
    "HeaderNewApiKeyHelp": "Grant an application permission to communicate with Emby Server.",
    "MessageKeyEmailedTo": "Key emailed to {0}.",
    "HeaderConfirmation": "Confirmation",
    "MessageKeyUpdated": "Thank you. Your Emby Premiere key has been updated.",
    "MessageKeyRemoved": "Thank you. Your Emby Premiere key has been removed.",
    "TextEnjoyBonusFeatures": "Bucura\u021bi-v\u0103 de caracteristicile Bonus",
    "MessageErrorLoadingSupporterInfo": "There was an error loading Emby Premiere information. Please try again later.",
    "ValueTimeLimitSingleHour": "Time limit: 1 hour",
    "ValueTimeLimitMultiHour": "Time limit: {0} hours",
    "General": "General",
    "HeaderScreenSavers": "Screen Savers",
    "Reporting": "Reporting",
    "LabelStopping": "Stopping",
    "HeaderSelectCertificatePath": "Select Certificate Path",
    "HeaderSupporterBenefit": "An active Emby Premiere subscription provides additional benefits such as access to Emby DVR, offline media, premium plugins, and more. {0}Learn more{1}.",
    "LabelAbortedByServerShutdown": "(Aborted by server shutdown)",
    "LabelScheduledTaskLastRan": "Last ran {0}, taking {1}.",
    "HeaderDeleteTaskTrigger": "Delete Task Trigger",
    "MessageDeleteTaskTrigger": "Are you sure you wish to delete this task trigger?",
    "MessageNoPluginsDueToAppStore": "To manage plugins, please use the Emby web app.",
    "LabelVersionInstalled": "{0} installed",
    "HeaderSelectServerCachePath": "Select Server Cache Path",
    "HeaderSelectTranscodingPath": "Select Transcoding Temporary Path",
    "HeaderSelectMetadataPath": "Select Metadata Path",
    "HeaderSelectServerCachePathHelp": "Browse or enter the path to use for server cache files. The folder must be writeable.",
    "HeaderSelectTranscodingPathHelp": "Browse or enter the path to use for transcoding temporary files. The folder must be writeable.",
    "HeaderSelectMetadataPathHelp": "Browse or enter the path you'd like to store metadata within. The folder must be writeable.",
    "MessageConfirmRestart": "Are you sure you wish to restart Emby Server?",
    "MessageConfirmShutdown": "Are you sure you wish to shutdown Emby Server?",
    "LabelLocalAccessUrl": "In-Home (LAN) access: {0}",
    "LabelRemoteAccessUrl": "Remote (WAN) access: {0}",
    "LabelRunningOnPort": "Running on http port {0}",
    "LabelRunningOnPorts": "Running on http port {0}, and https port {1}",
    "LabelCurrentPath": "Current path",
    "HeaderSelectMediaPath": "Select Media Path",
    "HeaderSelectPath": "Select Path",
    "MessageDirectoryPickerInstruction": "Network paths can be entered manually in the event the Network button fails to locate your devices. For example, {0} or {1}.",
    "MessageDirectoryPickerBSDInstruction": "For BSD, you may need to configure storage within your FreeNAS Jail in order to allow Emby to access it.",
    "MessageDirectoryPickerLinuxInstruction": "For Linux on Arch Linux, CentOS, Debian, Fedora, OpenSuse, or Ubuntu, you must grant the Emby system user at least read access to your storage locations.",
    "MetadataManager": "Metadata Manager",
    "OptionBlockLiveTvChannels": "Live TV Channels",
    "OptionBlockChannelContent": "Internet Channel Content",
    "ButtonRevoke": "Revoke",
    "MessageConfirmRevokeApiKey": "Are you sure you wish to revoke this api key? The application's connection to Emby Server will be abruptly terminated.",
    "HeaderConfirmRevokeApiKey": "Revoke Api Key",
    "MessagePleaseAcceptTermsOfServiceBeforeContinuing": "Please accept the terms of service before continuing.",
    "HeaderChangeFolderType": "Change Content Type",
    "HeaderChangeFolderTypeHelp": "To change the type, please remove and rebuild the library with the new type.",
    "HeaderAlert": "Alert",
    "MessagePleaseRestart": "Please restart to finish updating.",
    "OptionHomeVideos": "Home videos & photos",
    "OptionBooks": "Books",
    "HeaderMetadataReaders": "Metadata Readers",
    "LabelMetadataReadersHelp": "Enable and rank your preferred local metadata sources in order of priority.",
    "HeaderSubtitleDownloaders": "Subtitle Downloaders",
    "SubtitleDownloadersHelp": "Enable and rank your preferred subtitle downloaders in order of priority. More subtitle providers can be installed using the Emby plugin catalog.",
    "LabelMetadataDownloaders": "Metadata downloaders",
    "LabelMetadataDownloadersHelp": "Enable and rank your preferred metadata downloaders in order of priority. Lower priority downloaders will only be used to fill in missing information.",
    "HeaderMetadataSavers": "Metadata Savers",
    "LabelMetadataSaversHelp": "Choose the file formats to save your metadata to.",
    "LabelImageFetchers": "Image fetchers",
    "LabelImageFetchersHelp": "Enable and rank your preferred image fetchers in order of priority.",
    "PersonTypePerson": "Person",
    "HeaderRemoveMediaLocation": "Remove Media Location",
    "MessageConfirmRemoveMediaLocation": "Are you sure you wish to remove this location?",
    "LabelNewName": "New name",
    "HeaderRemoveLibrary": "Remove Library",
    "MessageAreYouSureYouWishToRemoveLibrary": "Are you sure you wish to remove the {0} library from your Emby Server? Your media files will not be affected.",
    "ButtonRename": "Rename",
    "HeaderPluginInstallation": "Plugin Installation",
    "MessageTrialExpired": "The trial period for this feature has expired",
    "MessageTrialWillExpireIn": "The trial period for this feature will expire in {0} day(s)",
    "ValuePriceUSD": "Price: {0} (USD)",
    "MessageFeatureIncludedWithSupporter": "You are registered for this feature, and will be able to continue using it with an active Emby Premiere subscription.",
    "HeaderSelectExternalPlayer": "Select External Player",
    "HeaderExternalPlayerPlayback": "External Player Playback",
    "HeaderThankYou": "Thank You",
    "HeaderSelectUploadPath": "Select Upload Path",
    "ErrorMessageStartHourGreaterThanEnd": "End time must be greater than the start time.",
    "MessagePluginConfigurationRequiresLocalAccess": "To configure this plugin please sign in to your local server directly.",
    "MovieLibraryHelp": "Review the {0}Emby movie naming guide{1}.",
    "TvLibraryHelp": "Review the {0}Emby TV naming guide{1}.",
    "BookLibraryHelp": "Text books are supported. Review the {0}Emby Book naming guide{1}.",
    "MessageGamePluginRequired": "Requires installation of the GameBrowser plugin",
    "HeaderUnlockApp": "Unlock App",
    "MessagePaymentServicesUnavailable": "Payment services are currently unavailable. Please try again later.",
    "NoNewDevicesFound": "No new devices found. To add a new tuner, close this dialog and enter the device information manually.",
    "MessageConfirmDeleteTunerDevice": "Are you sure you wish to delete this device?",
    "MessageConfirmDeleteGuideProvider": "Are you sure you wish to delete this guide provider?",
    "HeaderDeleteProvider": "Delete Provider",
    "ErrorAddingTunerDevice": "There was an error adding the tuner device. Please ensure it is accessible and try again.",
    "ErrorSavingTvProvider": "There was an error saving the TV provider. Please ensure it is accessible and try again.",
    "ErrorGettingTvLineups": "There was an error downloading tv lineups. Please ensure your information is correct and try again.",
    "MessageCreateAccountAt": "Create an account at {0}",
    "ErrorPleaseSelectLineup": "Please select a lineup and try again. If no lineups are available, then please check that your username, password, and postal code is correct.",
    "ErrorValidatingSupporterInfo": "There was an error validating your Emby Premiere information. Please try again later.",
    "LabelLocalSyncStatusValue": "Status: {0}",
    "HeaderTopPlugins": "Top Plugins",
    "ForAdditionalLiveTvOptions": "Browse the Emby {0}plugin catalog{1} to install additional Live TV providers.",
    "AddUser": "Add User",
    "HeaderEmailAddress": "E-Mail Address",
    "NumLocationsValue": "{0} folders",
    "PleaseAddAtLeastOneFolder": "Please add at least one folder to this library by clicking the Add button.",
    "ErrorAddingMediaPathToVirtualFolder": "There was an error adding the media path. Please ensure the path is valid and the Emby Server process has access to that location.",
    "ErrorAddingEmbyConnectAccount3": "The Emby account is already linked to an existing local user. An Emby account can only be linked to one local user at a time.",
    "HeaderConfirmPluginInstallation": "Confirm Plugin Installation",
    "PleaseConfirmPluginInstallation": "Please click OK to confirm you've read the above and wish to proceed with the plugin installation.",
    "MessagePluginInstallDisclaimer": "Plugins built by Emby community members are a great way to enhance your Emby experience with additional features and benefits. Before installing, please be aware of the effects they may have on your Emby Server, such as longer library scans, additional background processing, and decreased system stability.",
    "HardwareAccelerationWarning": "Enabling hardware acceleration may cause instability in some environments. Ensure that your operating system and video drivers are fully up to date. If you have difficulty playing video after enabling this, you'll need to change the setting back to Auto.",
    "ValueExample": "Example: {0}",
    "LabelFileOrUrl": "File or url",
    "OptionEnableForAllTuners": "Enable for all tuner devices",
    "HeaderTuners": "Tuners",
    "DrmChannelsNotImported": "Channels with DRM will not be imported.",
    "LabelAllowHWTranscoding": "Allow hardware transcoding",
    "AllowHWTranscodingHelp": "If enabled, allow the tuner to transcode streams on the fly. This may help reduce transcoding required by Emby Server.",
    "MetadataSettingChangeHelp": "Changing metadata settings will affect new content that is added going forward. To refresh existing content, open the detail screen and click the refresh button, or perform bulk refreshes using the metadata manager.",
    "RecordingPathChangeMessage": "Changing your recording folder will not migrate existing recordings from the old location to the new. You'll need to move them manually if desired.",
    "LabelLocalIpAddress": "Local IP address",
    "LabelBindToLocalNetworkAddressHelp": "Optional. Override the local IP address that Emby Server will present to Emby apps. If left blank, the server will automatically detect the local IP address.",
    "SettingsWarning": "Changing these values may cause instability or connectivity failures. If you experience any problems, we recommend changing them back to default.",
    "OptionSaveMetadataAsHiddenHelp": "Changing this will apply to new metadata saved going forward. Existing metadata files will be updated the next time they are saved by Emby Server.",
    "EnablePhotos": "Enable photos",
    "EnablePhotosHelp": "Photos will be detected and displayed alongside other media files.",
    "ImportPlaylists": "Import playlist files",
    "ImportPlaylistsHelp": "Playlists found in your media directories can be imported into Emby Server.",
    "SaveThumbnailImagesIntoMediaFolders": "Save video preview thumbnails into media folders",
    "LabelGenerateVideoPreviewThumbnails": "Generate video preview thumbnails",
    "LabelEnableDebugLogging": "Enable debug logging",
    "OptionEnableExternalContentInSuggestions": "Enable external content in suggestions",
    "OptionEnableExternalContentInSuggestionsHelp": "Allow internet trailers and live tv programs to be included within suggested content.",
    "LabelOptionalNetworkPath": "(Optional) Shared network folder",
    "LabelOptionalNetworkPathHelp": "If this folder is shared on your network, supplying the network share path can allow Emby apps on other devices to access media files directly.",
    "SynologyUpdateInstructions": "Please login to DSM and go to Package Center to update.",
    "HeaderRecordingPostProcessing": "Recording Post Processing",
    "LabelPostProcessorArguments": "Post-processor command line arguments",
    "PostProcessorArgumentsHelp": "The following variables are supported in the command line to allow passing data to your post-processor",
    "LabelPostProcessor": "Post-processing application",
    "DvrPostProcessorPathArgument": "{path}: The full path to the new recording file",
    "OptionAutomaticallyGroupSeries": "Automatically merge series that are spread across multiple folders",
    "OptionAutomaticallyGroupSeriesHelp": "If enabled, series that are spread across multiple folders within this library will be automatically merged into a single series.",
    "WhenDidYouPurchaseApp": "When did you originally purchase this app?",
    "PreferEmbeddedTitlesOverFileNames": "Prefer embedded titles over filenames",
    "PreferEmbeddedTitlesOverFileNamesHelp": "This determines the default display title when no internet metadata or local metadata is available.",
    "FriendlyNameForReferenceHelp": "A friendly name used for display, for your own reference.",
    "HeaderLiveTvTunerSetup": "Live TV Tuner Setup",
    "HeaderTVSourceSetup": "TV Source Setup",
    "HeaderDetectMyDevices": "Detect Devices",
    "MessagePleaseWait": "Please wait. This may take a minute.",
    "DetectingDevices": "Detecting devices",
    "LabelAutomaticallyRefreshInternetMetadataEvery": "After the initial import, automatically refresh metadata from the internet",
    "LabelPlaceholderMetadataRefreshInternetMetadataEvery": "Automatically refresh metadata for episodes with placeholder titles such as TBA",
    "EveryNDays": "Every {0} days",
    "NDays": "{0} days",
    "LabelCertificatePassword": "Certificate password",
    "LabelCertificatePasswordHelp": "If your certificate requires a password, please enter it here.",
    "HeaderNewLibrary": "New Library",
    "HttpsRequiresCert": "To enable secure connections, you will need to supply a trusted SSL certificate, such as Lets Encrypt. Please either supply a certificate, or disable secure connections.",
    "ServerRestartNeededAfterPluginInstall": "Emby Server will need to be restarted after installing a plugin.",
    "PluginInstalledMessage": "The plugin has been successfully installed. Emby Server will need to be restarted for changes to take effect.",
    "MessagePremiereStatusGood": "You have a {0} Emby Premiere plan and your device usage is well within your limit.",
    "MessagePremiereStatusClose": "You have a {0} Emby Premiere plan, but your device usage is close to the limit.",
    "MessagePremiereExtendedPlans": "Consider an {0}extended device plan{1}",
    "MessagePremiereStatusOver": "You have a {0} Emby Premiere plan, but you are over your device limit!",
    "ListItemPremiereSub": "{0} subscription purchased via {2} expires {1}",
    "LabelClickToCancel": "Click to cancel this subscription",
    "LabelCancelInfo": "You can manage this subscription directly with {0}",
    "LabelAlreadyCanceled": "This subscription has been canceled. Key will remain valid until expiration.",
    "HeaderCancelSub": "Cancel Emby Premiere",
    "MessageConfirmSubCancel": "NO, Please don't go... You will miss out on all the great features of Emby Premiere!",
    "ButtonCancelSub": "I know, cancel it anyway",
    "ButtonDontCancelSub": "Keep Emby Premiere",
    "MessageSubCancelReqSent": "An email has been sent to the owner of the key. Please follow the instructions in that email to complete the cancellation of this subscription. We hope to see you back soon!",
    "MessageSubCancelError": "Something went wrong trying to cancel. Please send an email to {0} and we'll get you squared away.",
    "LabelAlreadyCancelled": "This subscription has been cancelled. You will not be charged again but the features will work until the date above.",
    "AllowOnTheFlySubtitleExtraction": "Allow subtitle extraction on the fly",
    "AllowOnTheFlySubtitleExtractionHelp": "Embedded subtitles can be extracted from videos and delivered to Emby apps in plain text in order to help prevent video transcoding. On some systems this can take a long time and cause video playback to stall during the extraction process. Disable this to have embedded subtitles burned in with video transcoding when they are not natively supported by the client device.",
    "EnableDebugLoggingHelp": "Debug logging should only be enabled as needed for troubleshooting purposes. The increased file system access may prevent the server machine from being able to sleep in some environments.",
    "LabelSimultaneousConnectionLimit": "Simultaneous stream limit",
    "SimultaneousConnectionLimitHelp": "The maximum number of allowed simultaneous streams. Enter 0 for no limit.",
    "LaunchWebAppOnStartup": "Launch the Emby web app in my web browser when Emby Server starts",
    "LaunchWebAppOnStartupHelp": "This will open the web app in your default web browser when Emby Server initially starts. This will not occur when using the restart server function.",
    "LabelReferrerHeader": "Referrer http header",
    "LabelUserAgentHeader": "User agent http header",
    "SupplyCustomValueIfNeeded": "Supply a custom http header value, if necessary.",
    "HeaderConfigureRemoteAccess": "Configure Remote Access",
    "LearnHowToCreateSynologyShares": "Learn how to share folders in Synology.",
    "LabelAllowedRemoteAddresses": "Remote IP address filter",
    "LabelAllowedRemoteAddressesMode": "Remote IP address filter mode",
    "Whitelist": "Whitelist",
    "Blacklist": "Blacklist",
    "AllowedRemoteAddressesHelp": "Comma separated list of IP addresses or IP\/netmask entries for networks that will be allowed to connect remotely. If left blank, all remote addresses will be allowed.",
    "LabelLanNetworks": "LAN networks",
    "LanNetworksHelp": "Comma separated list of IP addresses or IP\/netmask entries for networks that will be considered on local network when enforcing bandwidth restrictions. If set, all other IP addresses will be considered to be on the external network and will be subject to the external bandwidth restrictions. If left blank, only the server's subnet and common private IP subnets (10.0.0.0\/8, 192.168.0.0\/24, etc.) are considered to be on the local network.",
    "LabelSecureConnectionsMode": "Secure connection mode",
    "PreferredNotRequired": "Preferred, but not required",
    "RequiredForAllRemoteConnections": "Required for all remote connections",
    "HandledByProxy": "Handled by reverse proxy",
    "SaveSubtitlesIntoMediaFolders": "Save downloaded subtitles into media folders",
    "SaveSubtitlesIntoMediaFoldersHelp": "Storing subtitles next to video files will allow them to be more easily managed.",
    "AutomaticSubtitleDownloadInstructions": "To manage automatic subtitle downloading, click on a library in Emby library setup, and edit the subtitle downloading settings for that library.",
    "ProviderNeedsSetupWithUrl": "{0} requires additional setup on the {1} settings screen{2} in Emby Server.",
    "LabelEnableHardwareAcceleration": "Enable hardware acceleration when available",
    "HeaderPreferredHardwareDecoders": "Preferred Hardware Decoders",
    "HeaderPreferredHardwareEncoders": "Preferred Hardware Encoders",
    "AllowChangingImageAndPassword": "Allow this user to change their password and profile image",
    "LabelSimultaneousStreamLimit": "Max simultaneous video streams",
    "SimultaneousStreamLimitHelp": "Limit the number of concurrent video playback sessions.",
    "LabelMusicFolderStructure": "Music folder structure",
    "LabelMusicFolderStructureHelp": "This provides a hint to the library scanner about the way your folders are organized. If you're unsure, or if your folders don't exactly match one of the options, then please select the default option of Other.",
    "OtherOrUnstructured": "Other or unstructured",
    "PerfectArtistAlbumTrack": "Perfectly organized into artist\\album folders, with tracks directly in the album folders.",
    "PerfectAlbumTrack": "Perfectly organized into album folders, with tracks directly in the album folders.",
    "LabelMinCollectionSize": "Minimum automatic collection size",
    "PerfectAuthorAudioBookTrack": "Perfectly organized into author\\book folders, with tracks directly in the book folders.",
    "PerfectAudioBookTrack": "Perfectly organized into book folders, with tracks directly in the book folders.",
    "MinCollectionSizeHelp": "Automatically create collections when you have at least the selected number of titles in your library. Changing this value will not affect existing collections.",
    "LabelImportCollections": "Import collection information from metadata downloaders",
    "LabelImportCollectionsHelp": "When enabled, this will import collection information from your enabled metadata downloaders. This may cause unwanted collections to be automatically created. Disabling will prevent future collections from being automatically created, but will not delete existing ones.",
    "LabelAllowAdultMetadata": "Allow adult metadata",
    "LabelAllowAdultMetadataHelp": "Allow matching adult titles when searching for internet metadata.",
    "HeaderVideoPreviewThumbnails": "Video Preview Thumbnails",
    "LabelEnableHDRToneMapping": "Enable HDR tone mapping",
    "EnableHDRToneMappingHelp": "Tone mapping will ensure correct color conversion when transcoding HDR content, which will otherwise appear highly dimmed and desaturated. Additional driver components may be needed to support hardware acceleration with this feature enabled. Please see our hardware acceleration setup guide for details.",
    "WithHardwareAcceleratedTranscoding": "Yes, only with hardware acceleration",
    "TranscodingStillInitializing": "Emby Server transcoding services are still busy starting up. This screen will automatically refresh when transcoding services are ready.",
    "WithEitherHardwareOrSoftwareTranscoding": "Yes, with either hardware or software transcoding",
    "ToneMappingInHardwareDescription": "Tone mapping will be performed with hardware acceleration when it is enabled and supported by the hardware, and skipped in all other cases.",
    "ToneMappingInSoftwareDescription": "Tone mapping will be performed in software by the CPU. This is much slower than hardware accelerated tone mapping and will require a very powerful server machine.",
    "ToneMappingInBothDescription": "Tone mapping will be performed with hardware acceleration when it is enabled and supported by the hardware, and will fallback to software in all other cases. Tone mapping in software is much slower than hardware accelerated tone mapping and will require a very powerful server machine.",
    "AutoMapped": "Automatically mapped",
    "ManuallyMapped": "Manually mapped",
    "NotMappedToGuideData": "Not mapped to guide data",
    "MappedToValue": "Mapped to {0}",
    "LabelAutomaticallyWakeServerForRecordings": "Automatically wake the server machine to perform recordings",
    "LabelAutomaticallyWakeServerForRecordingsHelp": "Wake events will be scheduled with the server operating system. Disabling this option will prevent future wake events from being scheduled but will not remove any previously scheduled events.",
    "Database": "Database",
    "LabelOptimizeDatabaseOnShutdown": "Attempt to optimize the database on server shutdowns",
    "LabelOptimizeDatabaseOnShutdownHelp": "The database optimize operation is usually a no-op but it will occasionally run an analysis if it seems like doing so will be useful to the query planner. This may cause Emby Server to take longer to shutdown.",
    "LabelDatabaseCacheSize": "Database cache size (MB)",
    "LabelDatabaseCacheSizeHelp": "Sets the amount of data that the database will hold in memory at once, per database file. A larger value may help improve Emby Server performance. Requires a server restart to take effect.",
    "LabelDatabaseAnalysisLimit": "Analysis row limit",
    "LabelDatabaseAnalysisLimitHelp": "When the database is optimized, this is the approximate number of rows examined in each index by the ANALYZE command. A larger value will increase the effectiveness of the database optimization, but may cause Emby Server to take longer to shutdown.",
    "LabelVacuumDb": "Vacuum the database on the next Emby Server startup",
    "LabelVacuumDbHelp": "Vacuuming rebuilds the database file, repacking it into a minimal amount of disk space. In some cases this may improve Emby Server performance. Please note that your Emby Server will not be usable during the time of the vacuum operation, nor will there be any way to monitor the progress of the vacuum. Please avoid force closing the Emby Server process during this time as it may lead to database corruption. This is a one-time operation and this option will revert to unchecked on the next server startup.",
    "AdvancedOptionsWarning": "These are advanced options and should generally be left at defaults unless you have a reason to change them.",
    "HeaderRecentlyActiveDevices": "Recently Active Devices",
    "YesUntilServerRestart": "Yes, until the next server restart",
    "YesUntilLogRotate": "Yes, until the next log file rotation",
    "LabelSubtitleDownloadMaxAge": "Stop trying to automatically download subtitles for videos older than",
    "SubtitleDownloadMaxAgeHelp": "This is based on the date added metadata value.",
    "NoAgeLimit": "No age limit",
    "AnonymizeLogContents": "Anonymize log contents",
    "Markers": "Markers",
    "LabelGenerateIntroVideoMarkers": "Generate intro video markers",
    "GenerateIntroVideoMarkersHelp": "Detects show intros and displays the 'Skip Intro' button in Emby apps. Intro detection may take a long time and cause high CPU or disk usage.",
    "LabelCopyFromUser": "Copy settings from user",
    "CopyFromUserHelp": "Optional. Speed up new user creation by copying information from an existing user.",
    "UserPolicy": "User Policy (library and feature access, parental controls, etc.)",
    "UserConfiguration": "User Configuration (preferred audio and subtitle languages, library order, etc.)",
    "HeaderCopyOptions": "Copy Options",
    "LabelMultiRestrictionMode": "Multiple restriction mode",
    "MultiRestrictionModeAll": "Allow content matching both the rating and tag restrictions",
    "MultiRestrictionModeAny": "Allow content matching either the rating or tag restrictions",
    "AllowMappingByChannelNumber": "Allow mapping to guide data using channel numbers",
    "AllowMappingByChannelNumberHelp": "This can be used as a fallback to match tuner channels with guide data whenever a match can't be found based on the channel name. This may lead to inaccurate matching if channel numbers from the tuner are not correct.",
    "LabelPreferredSourceForChannelLogos": "Prefer channel logos from the guide data over the tuner when both have them available",
    "LabelPreferredSourceForChannelNumbers": "Prefer channel numbers from the guide data over the tuner when both have them available",
    "HeaderSoftwareEncoders": "Software Encoders",
    "LabelProxyHeaderMode": "Read proxy headers to determine client IP addresses",
    "ProxyHeadersRemoteOnly": "Only when they contain remote network addresses",
    "ProxyHeaderModeHelp": "Determines if request headers such as {0} and {1} should be used to determine the IP address of connecting devices.",
    "AllowCameraUpload": "Allow camera upload",
    "AllowCameraUploadHelp": "If allowed, and if enabled in Emby mobile apps, users can automatically upload photos and videos taken from their camera to this Emby Server",
    "CameraUploadMustBeGranted": "You must also be granted access to camera upload by your server administrator.",
    "EnableReadingAndWritingPeopleMetadata": "Enable reading and writing of person metadata files",
    "EnableReadingAndWritingPeopleMetadataHelp": "Requires the Nfo Metadata plugin to be installed. This will allow saving your people edits to nfo metadata files but will result in longer library scans.",
    "LabelIgnoreSampleFiles": "Ignore files containing the word sample in the filename if their size is less than (MB)",
    "PreferredChannelImageSource": "Preferred channel image source",
    "PreferredChannelImageSourceHelp": "Select a preferred channel image when both the tuner and guide data have images available.",
    "CacheImagesInServerData": "Keep a cached copy of images in the server's metadata folder",
    "CacheImagesInServerDataHelp": "If your media and images are stored on another machine, keeping a cached copy of images in the server metadata folder will reduce network access and may improve performance. The cost of creating this cache is that library scans will be slower and the server metadata folder will consume significantly more disk space.",
    "AllowSharingPersonalContent": "Allow sharing personal content such as playlists with other users on this server",
    "AllowSharingPersonalContentHelp": "If granted, this user will be able to share their playlists with other users. Playlist items will still be restricted based on user library access and parental controls.",
    "LiveBufferSizeHours": "Live stream buffer size limit (hours)",
    "LiveBufferSizeHoursHelp": "A longer buffer will provide a greater ability to seek forwards and backwards during a live stream, but will consume more disk space."
}