{
    "LabelYoureDone": "B\u1ea1n \u0111\u00e3 ho\u00e0n th\u00e0nh!",
    "ThisWizardWillGuideYou": "Tr\u00ecnh h\u01b0\u1edbng d\u1eabn n\u00e0y s\u1ebd gi\u00fap h\u01b0\u1edbng d\u1eabn b\u1ea1n trong qu\u00e1 tr\u00ecnh thi\u1ebft l\u1eadp M\u00e1y ch\u1ee7 Emby.",
    "HeaderCreateYourFirstUser": "T\u1ea1o ng\u01b0\u1eddi d\u00f9ng \u0111\u1ea7u ti\u00ean c\u1ee7a b\u1ea1n",
    "ButtonQuickStartGuide": "H\u01b0\u1edbng d\u1eabn B\u1eaft \u0111\u1ea7u Nhanh",
    "MoreUsersCanBeAddedLater": "Nhi\u1ec1u ng\u01b0\u1eddi d\u00f9ng c\u00f3 th\u1ec3 \u0111\u01b0\u1ee3c th\u00eam v\u00e0o sau trong c\u00e0i \u0111\u1eb7t M\u00e1y ch\u1ee7 Emby.",
    "UserProfilesIntro": "Emby bao g\u1ed3m h\u1ed7 tr\u1ee3 t\u00edch h\u1ee3p cho h\u1ed3 s\u01a1 ng\u01b0\u1eddi d\u00f9ng, cho ph\u00e9p m\u1ed7i ng\u01b0\u1eddi d\u00f9ng c\u00f3 c\u00e0i \u0111\u1eb7t hi\u1ec3n th\u1ecb, ch\u1ebf \u0111\u1ed9 ph\u00e1t v\u00e0 ki\u1ec3m so\u00e1t c\u1ee7a ph\u1ee5 huynh ri\u00eang.",
    "WizardCompleted": "\u0110\u00f3 l\u00e0 t\u1ea5t c\u1ea3 nh\u1eefng g\u00ec ch\u00fang ta c\u1ea7n b\u00e2y gi\u1edd. Emby \u0111\u00e3 b\u1eaft \u0111\u1ea7u qu\u00e9t th\u01b0 vi\u1ec7n ph\u01b0\u01a1ng ti\u1ec7n c\u1ee7a b\u1ea1n. H\u00e3y xem m\u1ed9t s\u1ed1 \u1ee9ng d\u1ee5ng c\u1ee7a ch\u00fang t\u00f4i, sau \u0111\u00f3 nh\u1ea5p v\u00e0o <b>Ho\u00e0n t\u1ea5t<\/b> \u0111\u1ec3 xem <b>B\u1ea3ng \u0111i\u1ec1u khi\u1ec3n m\u00e1y ch\u1ee7<\/b>.",
    "MessagePleaseAcceptTermsOfService": "Vui l\u00f2ng ch\u1ea5p nh\u1eadn c\u00e1c \u0111i\u1ec1u kho\u1ea3n s\u1eed d\u1ee5ng v\u00e0 ch\u00ednh s\u00e1ch b\u1ea3o m\u1eadt tr\u01b0\u1edbc khi ti\u1ebfp t\u1ee5c.",
    "OptionIAcceptTermsOfService": "T\u00f4i ch\u1ea5p nh\u1eadn c\u00e1c \u0111i\u1ec1u kho\u1ea3n s\u1eed d\u1ee5ng",
    "SeeOurHwaGuide": "Xem h\u01b0\u1edbng d\u1eabn {0} gia t\u1ed1c ph\u1ea7n m\u1ec1m c\u1ee7a ch\u00fang t\u00f4i{1}.",
    "HeaderEmbyServerReleaseNotes": "Ghi ch\u00fa ph\u00e1t h\u00e0nh m\u00e1y ch\u1ee7 Emby",
    "AllowSubtitleDownloading": "Cho ph\u00e9p t\u1ea3i xu\u1ed1ng ph\u1ee5 \u0111\u1ec1",
    "AllowSubtitleManagement": "Cho ph\u00e9p x\u00f3a c\u00e1c t\u1ec7p ph\u1ee5 \u0111\u1ec1 hi\u1ec7n c\u00f3",
    "NewUserNameHelp": "\u0110\u00e2y l\u00e0 c\u00e1ch ng\u01b0\u1eddi d\u00f9ng s\u1ebd xu\u1ea5t hi\u1ec7n tr\u00ean m\u00e1y ch\u1ee7 c\u1ee7a b\u1ea1n.",
    "ChapterMarkers": "\u0110\u00e1nh d\u1ea5u t\u1eadp phim",
    "LabelThumbnailImagesInterval": "Kho\u1ea3ng c\u00e1ch h\u00ecnh \u1ea3nh thu nh\u1ecf",
    "ThumbnailImagesIntervalHelp": "H\u00ecnh thu nh\u1ecf xu\u1ea5t hi\u1ec7n th\u01b0\u1eddng xuy\u00ean h\u01a1n s\u1ebd mang l\u1ea1i tr\u1ea3i nghi\u1ec7m t\u1ed1t h\u01a1n, nh\u01b0ng s\u1ebd y\u00eau c\u1ea7u nhi\u1ec1u dung l\u01b0\u1ee3ng \u0111\u0129a v\u00e0 th\u1eddi gian h\u01a1n \u0111\u1ec3 t\u1ea1o ra c\u00e1c h\u00ecnh \u1ea3nh",
    "LabelAuthProvider": "Cung c\u1ea5p x\u00e1c th\u1ef1c",
    "AuthProviderHelp": "Qu\u1ea3n tr\u1ecb vi\u00ean lu\u00f4n s\u1eed d\u1ee5ng nh\u00e0 cung c\u1ea5p m\u1eb7c \u0111\u1ecbnh c\u1ee7a Emby \u0111\u1ec3 \u0111\u1ea3m b\u1ea3o b\u1ea1n kh\u00f4ng bao gi\u1edd b\u1ecb kh\u00f3a truy c\u1eadp.",
    "HeaderNewUser": "Ng\u01b0\u1eddi d\u00f9ng m\u1edbi",
    "ChangeServerDisplayName": "Thay \u0111\u1ed5i t\u00ean hi\u1ec7n th\u1ecb c\u1ee7a m\u00e1y ch\u1ee7",
    "ShowAdvancedSettings": "C\u1ea5u h\u00ecnh n\u00e2ng cao",
    "ChangingMetadataImageSettingsNewContent": "C\u00e1c thay \u0111\u1ed5i \u0111\u1ed1i v\u1edbi c\u00e0i \u0111\u1eb7t metadata ho\u1eb7c t\u1ea3i artwork ch\u1ec9 \u00e1p d\u1ee5ng cho n\u1ed9i dung m\u1edbi \u0111\u01b0\u1ee3c th\u00eam v\u00e0o th\u01b0 vi\u1ec7n c\u1ee7a b\u1ea1n. \u0110\u1ec3 \u00e1p d\u1ee5ng c\u00e1c thay \u0111\u1ed5i cho c\u00e1c ti\u00eau \u0111\u1ec1 hi\u1ec7n c\u00f3, b\u1ea1n s\u1ebd c\u1ea7n l\u00e0m m\u1edbi metadata c\u1ee7a c\u00e1c b\u1ed9 phim b\u1eb1ng c\u00e1ch l\u00e0m th\u1ee7 c\u00f4ng.",
    "AllowRemoteAccess": "Cho ph\u00e9p c\u00e1c k\u1ebft n\u1ed1i t\u1eeb xa \u0111\u1ebfn m\u00e1y ch\u1ee7 Emby n\u00e0y.",
    "AllowRemoteAccessHelp": "N\u1ebfu b\u1ecf ch\u1ecdn, t\u1ea5t c\u1ea3 c\u00e1c k\u1ebft n\u1ed1i s\u1ebd b\u1ecb ch\u1eb7n.",
    "Alerts": "Th\u00f4ng b\u00e1o",
    "LabelTrackTitleDisplay": "Hi\u1ec3n th\u1ecb ti\u00eau \u0111\u1ec1",
    "GenerateUserFriendlyTrackTitles": "T\u1ea1o ti\u00eau \u0111\u1ec1 s\u1eed d\u1ee5ng th\u00f4ng tin b\u1ea3n nh\u1ea1c",
    "PreferOriginalTrackTitles": "\u01afu ti\u00ean c\u00e1c ti\u00eau \u0111\u1ec1 \u0111\u00e3 \u0111\u01b0\u1ee3c nh\u00fang",
    "TrackTitleDisplayHelp": "Ch\u1ecdn ti\u00eau \u0111\u1ec1 hi\u1ec3n th\u1ecb c\u1ee7a c\u00e1c b\u1ea3n nh\u1ea1c \u00e2m thanh v\u00e0 ph\u1ee5 \u0111\u1ec1 \u0111\u00e3 nh\u00fang. \u01afu ti\u00ean ti\u00eau \u0111\u1ec1 nh\u00fang kh\u00f4ng \u0111\u01b0\u1ee3c khuy\u1ebfn kh\u00edch tr\u1eeb khi b\u1ea1n \u0111ang t\u1ef1 tay ch\u1ec9nh s\u1eeda th\u00f4ng tin b\u1ea3n nh\u1ea1c nh\u00fang.",
    "EnableTranscodingThrottle": "B\u1eadt gi\u1edbi h\u1ea1n t\u1ed1c \u0111\u1ed9",
    "EnableTranscodingThrottleHelp": "Emby s\u1ebd t\u1ef1 \u0111\u1ed9ng \u0111i\u1ec1u ch\u1ec9nh t\u1ed1c \u0111\u1ed9 m\u00e3 h\u00f3a \u0111\u1ec3 gi\u1ea3m m\u1ee9c s\u1eed d\u1ee5ng CPU.",
    "HeaderTypeMetadataDownloaders": "{0} Tr\u00ecnh t\u1ea3i xu\u1ed1ng si\u00eau d\u1eef li\u1ec7u",
    "HeaderTypeImageFetchers": "{0} Tr\u00ecnh t\u1ea3i h\u00ecnh \u1ea3nh",
    "HeaderImageOptions": "T\u00f9y ch\u1ecdn h\u00ecnh \u1ea3nh",
    "OptionBeta": "Beta",
    "RegisterWithPayPal": "\u0110\u0103ng k\u00fd v\u1edbi PayPal",
    "LabelSyncTempPath": "\u0110\u01b0\u1eddng d\u1eabn t\u1eadp tin t\u1ea1m th\u1eddi",
    "LabelSyncTempPathHelp": "Ch\u1ec9 \u0111\u1ecbnh m\u1ed9t th\u01b0 m\u1ee5c l\u00e0m vi\u1ec7c t\u00f9y ch\u1ec9nh. Ph\u01b0\u01a1ng ti\u1ec7n \u0111\u00e3 chuy\u1ec3n \u0111\u1ed5i \u0111\u01b0\u1ee3c t\u1ea1o trong qu\u00e1 tr\u00ecnh chuy\u1ec3n \u0111\u1ed5i s\u1ebd \u0111\u01b0\u1ee3c l\u01b0u tr\u1eef t\u1ea1i \u0111\u00e2y.",
    "LabelCustomCertificatePath": "T\u00f9y ch\u1ec9nh \u0111\u01b0\u1eddng d\u1eabn ch\u1ee9ng ch\u1ec9 ssl",
    "LabelCustomCertificatePathHelp": "\u0110\u01b0\u1eddng d\u1eabn \u0111\u1ebfn t\u1ec7p PKCS #12 ch\u1ee9a ch\u1ee9ng ch\u1ec9 v\u00e0 kh\u00f3a ri\u00eang \u0111\u1ec3 b\u1eadt h\u1ed7 tr\u1ee3 TLS t\u00ean mi\u1ec1n t\u00f9y ch\u1ec9nh.",
    "HeaderSetupLibrary": "Thi\u1ebft l\u1eadp c\u00e1c th\u01b0 vi\u1ec7n ph\u01b0\u01a1ng ti\u1ec7n",
    "LabelTimeLimitHours": "Gi\u1edbi h\u1ea1n th\u1eddi gian (gi\u1edd)",
    "HeaderPreferredMetadataLanguage": "Ng\u00f4n ng\u1eef Metadata \u0111\u01b0\u1ee3c \u01b0u ti\u00ean",
    "LabelSaveLocalMetadata": "L\u01b0u c\u00e1c \u1ea3nh ngh\u1ec7 thu\u1eadt v\u00e0o trong c\u00e1c th\u01b0 m\u1ee5c media",
    "LabelSaveLocalMetadataHelp": "L\u01b0u artwork v\u00e0o c\u00e1c th\u01b0 m\u1ee5c ph\u01b0\u01a1ng ti\u1ec7n s\u1ebd \u0111\u1eb7t h\u00ecnh \u1ea3nh b\u00ean c\u1ea1nh c\u00e1c t\u1ec7p ph\u01b0\u01a1ng ti\u1ec7n \u0111\u1ec3 ch\u00fang c\u00f3 th\u1ec3 d\u1ec5 d\u00e0ng truy c\u1eadp t\u1eeb b\u00ean ngo\u00e0i Emby. N\u1ebfu t\u1eaft, h\u00ecnh \u1ea3nh s\u1ebd \u0111\u01b0\u1ee3c l\u01b0u v\u00e0o th\u01b0 m\u1ee5c metadata c\u1ee7a m\u00e1y ch\u1ee7.",
    "TabAccess": "Truy c\u1eadp",
    "HeaderDeviceAccess": "Thi\u1ebft b\u1ecb truy c\u1eadp",
    "OptionEnableAccessFromAllDevices": "Cho ph\u00e9p truy c\u1eadp t\u1eeb m\u1ecdi thi\u1ebft b\u1ecb",
    "OptionEnableAccessToAllChannels": "Cho ph\u00e9p truy c\u1eadp t\u1ea5t c\u1ea3 c\u00e1c k\u00eanh",
    "OptionEnableAccessToAllLibraries": "Cho ph\u00e9p truy c\u1eadp t\u1ea5t c\u1ea3 c\u00e1c th\u01b0 vi\u1ec7n",
    "DeviceAccessHelp": "Vi\u1ec7c l\u1ecdc quy\u1ec1n truy c\u1eadp thi\u1ebft b\u1ecb c\u1ee7a ng\u01b0\u1eddi d\u00f9ng s\u1ebd ng\u0103n h\u1ecd s\u1eed d\u1ee5ng thi\u1ebft b\u1ecb m\u1edbi cho \u0111\u1ebfn khi \u0111\u01b0\u1ee3c ch\u1ea5p thu\u1eadn t\u1ea1i \u0111\u00e2y.",
    "LabelDisplayMissingEpisodesWithinSeasons": "Hi\u1ec3n th\u1ecb c\u00e1c t\u1eadp phim b\u1ecb thi\u1ebfu trong c\u00e1c m\u00f9a",
    "LabelDisplayMissingEpisodesWithinSeasonsHelp": "T\u00ednh n\u0103ng n\u00e0y c\u0169ng ph\u1ea3i \u0111\u01b0\u1ee3c b\u1eadt cho th\u01b0 vi\u1ec7n TV trong thi\u1ebft l\u1eadp Emby Server",
    "ImportMissingEpisodesHelp": "N\u1ebfu \u0111\u01b0\u1ee3c b\u1eadt, th\u00f4ng tin v\u1ec1 c\u00e1c t\u1eadp phim b\u1ecb thi\u1ebfu s\u1ebd \u0111\u01b0\u1ee3c nh\u1eadp v\u00e0o c\u01a1 s\u1edf d\u1eef li\u1ec7u Emby c\u1ee7a b\u1ea1n v\u00e0 hi\u1ec3n th\u1ecb trong c\u00e1c m\u00f9a v\u00e0 lo\u1ea1t phim. \u0110i\u1ec1u n\u00e0y c\u00f3 th\u1ec3 khi\u1ebfn qu\u00e1 tr\u00ecnh qu\u00e9t th\u01b0 vi\u1ec7n l\u00e2u h\u01a1n \u0111\u00e1ng k\u1ec3.",
    "MessageEnablingOptionLongerScans": "B\u1eadt t\u00f9y ch\u1ecdn n\u00e0y c\u00f3 th\u1ec3 l\u00e0m th\u1eddi gian qu\u00e9t th\u01b0 vi\u1ec7n l\u00e2u h\u01a1n \u0111\u00e1ng k\u1ec3.",
    "LabelMaxParentalRating": "X\u1ebfp h\u1ea1ng \u0111\u1ed9 tu\u1ed5i t\u1ed1i \u0111a cho ph\u00e9p",
    "MaxParentalRatingHelp": "N\u1ed9i dung v\u1edbi \u0111\u00e1nh gi\u00e1 cao h\u01a1n s\u1ebd \u0111\u01b0\u1ee3c \u1ea9n \u0111i t\u1eeb ng\u01b0\u1eddi d\u00f9ng n\u00e0y.",
    "LibraryAccessHelp": "Ch\u1ecdn c\u00e1c th\u01b0 m\u1ee5c ph\u01b0\u01a1ng ti\u1ec7n \u0111\u1ec3 chia s\u1ebb v\u1edbi ng\u01b0\u1eddi d\u00f9ng n\u00e0y. Ng\u01b0\u1eddi qu\u1ea3n tr\u1ecb s\u1ebd c\u00f3 th\u1ec3 ch\u1ec9nh s\u1eeda t\u1ea5t c\u1ea3 c\u00e1c th\u01b0 m\u1ee5c b\u1eb1ng tr\u00ecnh qu\u1ea3n l\u00fd si\u00eau d\u1eef li\u1ec7u.",
    "ChannelAccessHelp": "Ch\u1ecdn c\u00e1c k\u00eanh \u0111\u1ec3 chia s\u1ebb v\u1edbi ng\u01b0\u1eddi d\u00f9ng n\u00e0y. Ng\u01b0\u1eddi qu\u1ea3n tr\u1ecb s\u1ebd c\u00f3 th\u1ec3 ch\u1ec9nh s\u1eeda t\u1ea5t c\u1ea3 c\u00e1c k\u00eanh b\u1eb1ng tr\u00ecnh qu\u1ea3n l\u00fd si\u00eau d\u1eef li\u1ec7u.",
    "ImageUploadAspectRatioHelp": "T\u1ef7 l\u1ec7 khung h\u00ecnh khuy\u1ebfn ngh\u1ecb l\u00e0 1:1. Ch\u1ec9 c\u00f3 JPG\/PNG.",
    "AlreadyPaidHelp1": "N\u1ebfu b\u1ea1n \u0111\u00e3 tr\u1ea3 ti\u1ec1n \u0111\u1ec3 c\u00e0i \u0111\u1eb7t phi\u00ean b\u1ea3n c\u0169 h\u01a1n c\u1ee7a Media Browser cho Android, b\u1ea1n kh\u00f4ng c\u1ea7n ph\u1ea3i tr\u1ea3 ti\u1ec1n n\u1eefa \u0111\u1ec3 k\u00edch ho\u1ea1t \u1ee9ng d\u1ee5ng n\u00e0y. Nh\u1ea5p v\u00e0o OK \u0111\u1ec3 g\u1eedi email cho ch\u00fang t\u00f4i theo \u0111\u1ecba ch\u1ec9 {0} v\u00e0 ch\u00fang t\u00f4i s\u1ebd k\u00edch ho\u1ea1t cho b\u1ea1n.",
    "AlreadyPaidHelp2": "B\u1ea1n \u0111\u00e3 c\u00f3 Emby Premiere ch\u01b0a? Ch\u1ec9 c\u1ea7n \u0111\u00f3ng h\u1ed9p tho\u1ea1i n\u00e0y, sau \u0111\u00f3 thi\u1ebft l\u1eadp Emby Premiere trong B\u1ea3ng \u0111i\u1ec1u khi\u1ec3n Emby Server c\u1ee7a b\u1ea1n t\u1ea1i m\u1ee5c Tr\u1ee3 gi\u00fap -> Emby Premiere, v\u00e0 t\u00ednh n\u0103ng s\u1ebd t\u1ef1 \u0111\u1ed9ng \u0111\u01b0\u1ee3c m\u1edf kh\u00f3a.",
    "TabMyPlugins": "C\u00e1c plugin c\u1ee7a t\u00f4i",
    "TabCatalog": "Danh m\u1ee5c",
    "HeaderAutomaticUpdates": "T\u1ef1 \u0111\u1ed9ng c\u1eadp nh\u1eadt",
    "Standard": "Ti\u00eau chu\u1ea9n",
    "TabSupporterKey": "Kh\u00f3a Premiere c\u1ee7a Emby",
    "OptionHideUserLocal": "\u1ea8n ng\u01b0\u1eddi d\u00f9ng n\u00e0y kh\u1ecfi m\u00e0n h\u00ecnh \u0111\u0103ng nh\u1eadp tr\u00ean m\u1ea1ng c\u1ee5c b\u1ed9",
    "OptionHideUserRemote": "\u1ea8n ng\u01b0\u1eddi d\u00f9ng n\u00e0y kh\u1ecfi m\u00e0n h\u00ecnh \u0111\u0103ng nh\u1eadp khi k\u1ebft n\u1ed1i t\u1eeb xa",
    "OptionHideUserFromLoginHelp": "H\u1eefu \u00edch cho t\u00e0i kho\u1ea3n qu\u1ea3n tr\u1ecb vi\u00ean ri\u00eang t\u01b0 ho\u1eb7c \u1ea9n. Ng\u01b0\u1eddi d\u00f9ng s\u1ebd c\u1ea7n ph\u1ea3i \u0111\u0103ng nh\u1eadp th\u1ee7 c\u00f4ng b\u1eb1ng c\u00e1ch nh\u1eadp t\u00ean ng\u01b0\u1eddi d\u00f9ng v\u00e0 m\u1eadt kh\u1ea9u c\u1ee7a h\u1ecd.",
    "HideFromUnusedDevices": "\u1ea8n ng\u01b0\u1eddi d\u00f9ng n\u00e0y kh\u1ecfi m\u00e0n h\u00ecnh \u0111\u0103ng nh\u1eadp tr\u00ean c\u00e1c thi\u1ebft b\u1ecb m\u00e0 h\u1ecd ch\u01b0a bao gi\u1edd \u0111\u0103ng nh\u1eadp",
    "OptionDisableUser": "V\u00f4 hi\u1ec7u h\u00f3a ng\u01b0\u1eddi d\u00f9ng n\u00e0y",
    "OptionDisableUserHelp": "N\u1ebfu b\u1ecb v\u00f4 hi\u1ec7u h\u00f3a, m\u00e1y ch\u1ee7 s\u1ebd kh\u00f4ng cho ph\u00e9p b\u1ea5t k\u1ef3 k\u1ebft n\u1ed1i n\u00e0o t\u1eeb ng\u01b0\u1eddi d\u00f9ng n\u00e0y. C\u00e1c k\u1ebft n\u1ed1i hi\u1ec7n t\u1ea1i s\u1ebd b\u1ecb ch\u1ea5m d\u1ee9t \u0111\u1ed9t ng\u1ed9t.",
    "OptionAllowUserToManageServer": "Cho ph\u00e9p ng\u01b0\u1eddi d\u00f9ng n\u00e0y qu\u1ea3n l\u00fd m\u00e1y ch\u1ee7",
    "HeaderFeatureAccess": "Truy c\u1eadp t\u00ednh n\u0103ng",
    "OptionAllowMediaPlayback": "Cho ph\u00e9p ph\u00e1t l\u1ea1i \u0111a ph\u01b0\u01a1ng ti\u1ec7n",
    "AllLibraries": "T\u1ea5t c\u1ea3 c\u00e1c th\u01b0 vi\u1ec7n",
    "HeaderAllowMediaDeletionFrom": "Cho ph\u00e9p x\u00f3a \u0111a ph\u01b0\u01a1ng ti\u1ec7n t\u1eeb",
    "LiveTVRecordingManagement": "Qu\u1ea3n l\u00fd ghi h\u00ecnh truy\u1ec1n h\u00ecnh tr\u1ef1c ti\u1ebfp",
    "OptionAllowRemoteControlOthers": "Cho ph\u00e9p \u0111i\u1ec1u khi\u1ec3n t\u1eeb xa ng\u01b0\u1eddi d\u00f9ng kh\u00e1c",
    "OptionAllowRemoteSharedDevices": "Cho ph\u00e9p \u0111i\u1ec1u khi\u1ec3n t\u1eeb xa c\u00e1c thi\u1ebft b\u1ecb \u0111\u01b0\u1ee3c chia s\u1ebb",
    "OptionAllowRemoteSharedDevicesHelp": "C\u00e1c thi\u1ebft b\u1ecb DLNA \u0111\u01b0\u1ee3c coi l\u00e0 d\u00f9ng chung cho \u0111\u1ebfn khi ng\u01b0\u1eddi d\u00f9ng b\u1eaft \u0111\u1ea7u ki\u1ec3m so\u00e1t n\u00f3.\n",
    "OptionAllowLinkSharing": "Cho ph\u00e9p chia s\u1ebb l\u00ean m\u1ea1ng x\u00e3 h\u1ed9i",
    "OptionAllowLinkSharingHelp": "Ch\u1ec9 nh\u1eefng trang web ch\u1ee9a th\u00f4ng tin ph\u01b0\u01a1ng ti\u1ec7n m\u1edbi \u0111\u01b0\u1ee3c chia s\u1ebb. C\u00e1c t\u1ec7p ph\u01b0\u01a1ng ti\u1ec7n kh\u00f4ng bao gi\u1edd \u0111\u01b0\u1ee3c chia s\u1ebb c\u00f4ng khai. Chia s\u1ebb c\u00f3 gi\u1edbi h\u1ea1n th\u1eddi gian v\u00e0 s\u1ebd h\u1ebft h\u1ea1n sau {0} ng\u00e0y.",
    "OptionRelease": "Ph\u00e1t h\u00e0nh ch\u00ednh th\u1ee9c",
    "LabelAllowServerAutoRestartPlugin": "Cho ph\u00e9p m\u00e1y ch\u1ee7 t\u1ef1 \u0111\u1ed9ng kh\u1edfi \u0111\u1ed9ng l\u1ea1i \u0111\u1ec3 \u00e1p d\u1ee5ng c\u00e1c b\u1ea3n c\u1eadp nh\u1eadt plugin",
    "LabelAllowServerAutoRestartServerOrPlugin": "Cho ph\u00e9p m\u00e1y ch\u1ee7 t\u1ef1 \u0111\u1ed9ng kh\u1edfi \u0111\u1ed9ng l\u1ea1i \u0111\u1ec3 \u00e1p d\u1ee5ng c\u00e1c b\u1ea3n c\u1eadp nh\u1eadt m\u00e1y ch\u1ee7 ho\u1eb7c plugin",
    "LabelAllowServerAutoRestartHelp": "M\u00e1y ch\u1ee7 ch\u1ec9 kh\u1edfi \u0111\u1ed9ng l\u1ea1i trong th\u1eddi gian nh\u00e0n r\u1ed7i, khi kh\u00f4ng c\u00f3 ng\u01b0\u1eddi d\u00f9ng n\u00e0o ho\u1ea1t \u0111\u1ed9ng.",
    "LabelRunServerAtStartup": "Ch\u1ea1y m\u00e1y ch\u1ee7 khi kh\u1edfi \u0111\u1ed9ng",
    "LabelRunServerAtStartupHelp": "Thao t\u00e1c n\u00e0y s\u1ebd kh\u1edfi \u0111\u1ed9ng bi\u1ec3u t\u01b0\u1ee3ng khay Emby khi kh\u1edfi \u0111\u1ed9ng Windows. N\u1ebfu b\u1ea1n \u0111\u00e3 thi\u1ebft l\u1eadp d\u1ecbch v\u1ee5 Windows th\u00ec h\u00e3y b\u1ecf ch\u1ecdn m\u1ee5c n\u00e0y v\u00e0 c\u1ea5u h\u00ecnh d\u1ecbch v\u1ee5 \u0111\u1ec3 ch\u1ea1y khi kh\u1edfi \u0111\u1ed9ng.",
    "ButtonSelectDirectory": "L\u1ef1a ch\u1ecdn tr\u1ef1c ti\u1ebfp",
    "LabelCachePath": "\u0110\u01b0\u1eddng d\u1eabn b\u1ed9 \u0111\u1ec7m\n",
    "DefaultMetadataLangaugeDescription": "\u0110\u00e2y l\u00e0 nh\u1eefng c\u00e0i \u0111\u1eb7t m\u1eb7c \u0111\u1ecbnh v\u00e0 c\u00f3 th\u1ec3 t\u00f9y ch\u1ec9nh theo t\u1eebng th\u01b0 vi\u1ec7n.",
    "LabelCachePathHelp": "Ch\u1ec9 \u0111\u1ecbnh v\u1ecb tr\u00ed t\u00f9y ch\u1ec9nh cho c\u00e1c t\u1ec7p b\u1ed9 nh\u1edb \u0111\u1ec7m m\u00e1y ch\u1ee7, ch\u1eb3ng h\u1ea1n nh\u01b0 h\u00ecnh \u1ea3nh. \u0110\u1ec3 tr\u1ed1ng \u0111\u1ec3 s\u1eed d\u1ee5ng m\u1eb7c \u0111\u1ecbnh c\u1ee7a m\u00e1y ch\u1ee7.",
    "LabelDefaultRecordingFolder": "Th\u01b0 m\u1ee5c ghi \u00e2m m\u1eb7c \u0111\u1ecbnh",
    "LabelMovieRecordingFolder": "Th\u01b0 m\u1ee5c ghi phim",
    "LabelSeriesRecordingFolder": "Th\u01b0 m\u1ee5c ghi \u00e2m lo\u1ea1t phim",
    "SeriesRecordingFolderHelp": "(T\u00f9y ch\u1ecdn). Ch\u1ecdn th\u01b0 vi\u1ec7n \u0111\u1ec3 l\u01b0u c\u00e1c b\u1ea3n ghi s\u00ea-ri v\u00e0o. \u0110\u00e2y ph\u1ea3i l\u00e0 th\u01b0 vi\u1ec7n b\u1ea1n \u0111\u00e3 t\u1ea1o trong thi\u1ebft l\u1eadp th\u01b0 vi\u1ec7n Emby v\u1edbi lo\u1ea1i n\u1ed9i dung \u0111\u01b0\u1ee3c \u0111\u1eb7t th\u00e0nh ch\u01b0\u01a1ng tr\u00ecnh truy\u1ec1n h\u00ecnh ho\u1eb7c n\u1ed9i dung h\u1ed7n h\u1ee3p.",
    "HeaderProgramData": "D\u1eef li\u1ec7u ch\u01b0\u01a1ng tr\u00ecnh",
    "RecordingFolderHelp": "Ch\u1ecdn th\u01b0 vi\u1ec7n m\u1eb7c \u0111\u1ecbnh \u0111\u1ec3 l\u01b0u b\u1ea3n ghi v\u00e0o. \u0110\u00e2y ph\u1ea3i l\u00e0 th\u01b0 vi\u1ec7n b\u1ea1n \u0111\u00e3 t\u1ea1o trong thi\u1ebft l\u1eadp th\u01b0 vi\u1ec7n Emby v\u1edbi lo\u1ea1i n\u1ed9i dung \u0111\u01b0\u1ee3c \u0111\u1eb7t th\u00e0nh n\u1ed9i dung h\u1ed7n h\u1ee3p.",
    "MovieRecordingFolderHelp": "(T\u00f9y ch\u1ecdn). Ch\u1ecdn th\u01b0 vi\u1ec7n \u0111\u1ec3 l\u01b0u b\u1ea3n ghi phim v\u00e0o. \u0110\u00e2y ph\u1ea3i l\u00e0 th\u01b0 vi\u1ec7n b\u1ea1n \u0111\u00e3 t\u1ea1o trong thi\u1ebft l\u1eadp th\u01b0 vi\u1ec7n Emby v\u1edbi lo\u1ea1i n\u1ed9i dung \u0111\u01b0\u1ee3c \u0111\u1eb7t th\u00e0nh phim ho\u1eb7c n\u1ed9i dung h\u1ed7n h\u1ee3p.",
    "LabelMetadataPath": "\u0110\u01b0\u1eddng d\u1eabn si\u00eau d\u1eef li\u1ec7u",
    "LabelMetadataPathHelp": "Ch\u1ec9 \u0111\u1ecbnh v\u1ecb tr\u00ed cho t\u00e1c ph\u1ea9m ngh\u1ec7 thu\u1eadt v\u00e0 si\u00eau d\u1eef li\u1ec7u \u0111\u00e3 t\u1ea3i v\u1ec1, ho\u1eb7c b\u1ecf tr\u1ed1ng \u0111\u1ec3 quay l\u1ea1i m\u1eb7c \u0111\u1ecbnh. N\u1ebfu thay \u0111\u1ed5i \u0111i\u1ec1u n\u00e0y, b\u1ea1n s\u1ebd c\u1ea7n di chuy\u1ec3n th\u1ee7 c\u00f4ng n\u1ed9i dung t\u1eeb v\u1ecb tr\u00ed c\u0169 sang v\u1ecb tr\u00ed m\u1edbi. N\u1ebfu b\u1ea1n thay \u0111\u1ed5i th\u1ee7 c\u00f4ng n\u1ed9i dung trong th\u01b0 m\u1ee5c si\u00eau d\u1eef li\u1ec7u, b\u1ea1n s\u1ebd c\u1ea7n ch\u1ea1y {0} t\u00e1c v\u1ee5 qu\u00e9t th\u01b0 m\u1ee5c si\u00eau d\u1eef li\u1ec7u{1}.",
    "LabelTranscodingTempPath": "\u0110\u01b0\u1eddng d\u1eabn chuy\u1ec3n m\u00e3 t\u1ea1m th\u1eddi",
    "LabelTranscodingTempPathHelp": "https:\/\/www.veed.io\/",
    "GenerateVideoPreviewThumbnailsHelp": "H\u00ecnh thu nh\u1ecf xem tr\u01b0\u1edbc video cung c\u1ea5p c\u00e1c b\u1ea3n c\u1eadp nh\u1eadt tr\u1ef1c ti\u1ebfp trong khi t\u00ecm ki\u1ebfm trong c\u00e1c \u1ee9ng d\u1ee5ng \u0111\u01b0\u1ee3c h\u1ed7 tr\u1ee3. Vi\u1ec7c t\u1ea1o h\u00ecnh thu nh\u1ecf c\u00f3 th\u1ec3 m\u1ea5t nhi\u1ec1u th\u1eddi gian, g\u00e2y ra t\u00ecnh tr\u1ea1ng s\u1eed d\u1ee5ng CPU cao v\u00e0 ti\u00eau t\u1ed1n th\u00eam dung l\u01b0\u1ee3ng \u0111\u0129a.",
    "AsAScheduledTask": "Nh\u01b0 m\u1ed9t nhi\u1ec7m v\u1ee5 \u0111\u00e3 l\u00ean l\u1ecbch",
    "AsAScheduledTaskAndMediaAdded": "Nh\u01b0 m\u1ed9t nhi\u1ec7m v\u1ee5 \u0111\u01b0\u1ee3c l\u00ean l\u1ecbch v\u00e0 khi ph\u01b0\u01a1ng ti\u1ec7n \u0111\u01b0\u1ee3c th\u00eam v\u00e0o",
    "ButtonRefreshGuideData": "L\u00e0m m\u1edbi d\u1eef li\u1ec7u h\u01b0\u1edbng d\u1eabn",
    "LabelNumberOfGuideDays": "S\u1ed1 ng\u00e0y d\u1eef li\u1ec7u h\u01b0\u1edbng d\u1eabn c\u1ea7n t\u1ea3i xu\u1ed1ng",
    "LabelNumberOfGuideDaysHelp": "T\u1ea3i th\u00eam d\u1eef li\u1ec7u h\u01b0\u1edbng d\u1eabn cho nhi\u1ec1u ng\u00e0y s\u1ebd cung c\u1ea5p kh\u1ea3 n\u0103ng l\u00ean l\u1ecbch xa h\u01a1n v\u00e0 xem th\u00eam danh s\u00e1ch, nh\u01b0ng c\u0169ng s\u1ebd m\u1ea5t nhi\u1ec1u th\u1eddi gian h\u01a1n \u0111\u1ec3 t\u1ea3i xu\u1ed1ng. Ch\u1ebf \u0111\u1ed9 T\u1ef1 \u0111\u1ed9ng s\u1ebd ch\u1ecdn d\u1ef1a tr\u00ean s\u1ed1 l\u01b0\u1ee3ng k\u00eanh. L\u01b0u \u00fd r\u1eb1ng b\u1ea5t k\u1ec3 b\u1ea1n ch\u1ecdn bao nhi\u00eau ng\u00e0y, d\u1eef li\u1ec7u ph\u1ea3i c\u00f3 s\u1eb5n trong ngu\u1ed3n d\u1eef li\u1ec7u h\u01b0\u1edbng d\u1eabn \u0111\u1ec3 c\u00f3 th\u1ec3 t\u1ea3i xu\u1ed1ng. M\u1ed9t s\u1ed1 ngu\u1ed3n d\u1eef li\u1ec7u h\u01b0\u1edbng d\u1eabn ch\u1ec9 cung c\u1ea5p 24 gi\u1edd. D\u1eef li\u1ec7u h\u01b0\u1edbng d\u1eabn Emby h\u1ed7 tr\u1ee3 t\u1ed1i \u0111a 14 ng\u00e0y.",
    "HeaderFetchImages": "L\u1ea5y h\u00ecnh \u1ea3nh",
    "LabelMaxBackdropsPerItem": "S\u1ed1 l\u01b0\u1ee3ng ph\u00f4ng n\u1ec1n t\u1ed1i \u0111a cho m\u1ed7i m\u1ee5c",
    "LabelMaxScreenshotsPerItem": "S\u1ed1 l\u01b0\u1ee3ng \u1ea3nh ch\u1ee5p m\u00e0n h\u00ecnh t\u1ed1i \u0111a cho m\u1ed7i m\u1ee5c",
    "LabelMinBackdropDownloadWidth": "Chi\u1ec1u r\u1ed9ng t\u1ed1i thi\u1ec3u khi t\u1ea3i ph\u00f4ng n\u1ec1n",
    "LabelMinScreenshotDownloadWidth": "Chi\u1ec1u r\u1ed9ng t\u1ed1i thi\u1ec3u khi t\u1ea3i \u1ea3nh ch\u1ee5p m\u00e0n h\u00ecnh",
    "ButtonAddScheduledTaskTrigger": "Th\u00eam Trigger",
    "ButtonAdd": "Th\u00eam",
    "LabelTriggerType": "Ki\u1ec3u Trigger",
    "OptionOnInterval": "Tr\u00ean m\u1ed9t kho\u1ea3ng th\u1eddi gian",
    "OptionAfterSystemEvent": "Sau m\u1ed9t s\u1ef1 ki\u1ec7n h\u1ec7 th\u1ed1ng",
    "LabelDay": "Ng\u00e0y",
    "LabelTime": "Th\u1eddi gian",
    "LabelEvent": "S\u1ef1 ki\u1ec7n",
    "OptionWakeFromSleep": "D\u1eady t\u1eeb l\u00fac ng\u1ee7",
    "Every": "M\u1ecdi",
    "LabelEnableRealtimeMonitor": "Cho ph\u00e9p gi\u00e1m s\u00e1t th\u1eddi gian th\u1ef1c",
    "LabelEnableRealtimeMonitorHelp": "Nh\u1eefng thay \u0111\u1ed5i \u0111\u1ed1i v\u1edbi t\u1ec7p s\u1ebd \u0111\u01b0\u1ee3c x\u1eed l\u00fd ngay l\u1eadp t\u1ee9c tr\u00ean c\u00e1c h\u1ec7 th\u1ed1ng t\u1ec7p \u0111\u01b0\u1ee3c h\u1ed7 tr\u1ee3.",
    "Community": "C\u1ed9ng \u0111\u1ed3ng",
    "HeaderEmbyNews": "Tin t\u1ee9c Emby",
    "LabelFriendlyServerName": "T\u00ean m\u00e1y ch\u1ee7 b\u1ea1n b\u00e8",
    "LabelFriendlyServerNameHelp": "T\u00ean n\u00e0y s\u1ebd \u0111\u01b0\u1ee3c s\u1eed d\u1ee5ng \u0111\u1ec3 x\u00e1c \u0111\u1ecbnh m\u00e1y ch\u1ee7 n\u00e0y. N\u1ebfu \u0111\u1ec3 tr\u1ed1ng, t\u00ean m\u00e1y t\u00ednh s\u1ebd \u0111\u01b0\u1ee3c s\u1eed d\u1ee5ng.",
    "LabelPreferredDisplayLanguage": "Ng\u00f4n ng\u1eef hi\u1ec3n th\u1ecb \u01b0a th\u00edch",
    "LabelPreferredDisplayLanguageHelp": "Vi\u1ec7c d\u1ecbch Emby l\u00e0 m\u1ed9t d\u1ef1 \u00e1n \u0111ang \u0111\u01b0\u1ee3c ti\u1ebfn h\u00e0nh.",
    "LabelReadHowYouCanContribute": "T\u00ecm hi\u1ec3u c\u00e1ch b\u1ea1n c\u00f3 th\u1ec3 \u0111\u00f3ng g\u00f3p.",
    "LabelCustomCss": "Css t\u00f9y ch\u1ec9nh",
    "LabelCustomCssHelp": "\u00c1p d\u1ee5ng css t\u00f9y ch\u1ec9nh c\u1ee7a b\u1ea1n v\u00e0o giao di\u1ec7n web.",
    "LabelLocalHttpServerPortNumber": "S\u1ed1 c\u1ed5ng http c\u1ee5c b\u1ed9",
    "LabelLocalHttpServerPortNumberHelp": "S\u1ed1 c\u1ed5ng TCP m\u00e0 m\u00e1y ch\u1ee7 http c\u1ee7a Emby ph\u1ea3i li\u00ean k\u1ebft t\u1edbi.",
    "LabelPublicHttpPort": "S\u1ed1 c\u1ed5ng http c\u00f4ng khai",
    "LabelPublicHttpPortHelp": "S\u1ed1 c\u1ed5ng c\u00f4ng khai c\u1ea7n \u0111\u01b0\u1ee3c \u00e1nh x\u1ea1 t\u1edbi c\u1ed5ng http c\u1ee5c b\u1ed9.",
    "LabelPublicHttpsPort": "S\u1ed1 c\u1ed5ng https c\u00f4ng khai",
    "LabelPublicHttpsPortHelp": "S\u1ed1 c\u1ed5ng c\u00f4ng khai c\u1ea7n \u0111\u01b0\u1ee3c \u00e1nh x\u1ea1 t\u1edbi c\u1ed5ng https c\u1ee5c b\u1ed9",
    "RequireHttps": "Y\u00eau c\u1ea7u https cho c\u00e1c k\u1ebft n\u1ed1i b\u00ean ngo\u00e0i",
    "RequireHttpsHelp": "N\u1ebfu b\u1eadt, c\u00e1c k\u1ebft n\u1ed1i qua http s\u1ebd \u0111\u01b0\u1ee3c chuy\u1ec3n h\u01b0\u1edbng \u0111\u1ebfn https.",
    "LabelHttpsPort": "S\u1ed1 c\u1ed5ng https c\u1ee5c b\u1ed9",
    "LabelHttpsPortHelp": "S\u1ed1 c\u1ed5ng TCP m\u00e0 m\u00e1y ch\u1ee7 https c\u1ee7a Emby ph\u1ea3i li\u00ean k\u1ebft t\u1edbi.",
    "LabelEnableAutomaticPortMap": "B\u1eadt \u00e1nh x\u1ea1 c\u1ed5ng t\u1ef1 \u0111\u1ed9ng",
    "LabelEnableAutomaticPortMapHelp": "C\u1ed1 g\u1eafng t\u1ef1 \u0111\u1ed9ng \u00e1nh x\u1ea1 c\u1ed5ng c\u00f4ng c\u1ed9ng t\u1edbi c\u1ed5ng c\u1ee5c b\u1ed9 th\u00f4ng qua UPnP. \u0110i\u1ec1u n\u00e0y c\u00f3 th\u1ec3 kh\u00f4ng ho\u1ea1t \u0111\u1ed9ng v\u1edbi m\u1ed9t s\u1ed1 ki\u1ec3u b\u1ed9 \u0111\u1ecbnh tuy\u1ebfn.",
    "LabelExternalDDNS": "Mi\u1ec1n ngo\u00e0i",
    "LabelExternalDDNSHelp": "N\u1ebfu b\u1ea1n c\u00f3 t\u00ean mi\u1ec1n ho\u1eb7c DNS \u0111\u1ed9ng, h\u00e3y nh\u1eadp v\u00e0o \u0111\u00e2y, kh\u00f4ng c\u1ea7n giao th\u1ee9c ho\u1eb7c c\u1ed5ng. \u1ee8ng d\u1ee5ng Emby s\u1ebd s\u1eed d\u1ee5ng khi k\u1ebft n\u1ed1i t\u1eeb xa. Tr\u01b0\u1eddng n\u00e0y l\u00e0 b\u1eaft bu\u1ed9c khi s\u1eed d\u1ee5ng v\u1edbi ch\u1ee9ng ch\u1ec9 ssl t\u00f9y ch\u1ec9nh. V\u00ed d\u1ee5: mydomain.com.",
    "LabelMinResumePercentage": "T\u1ef7 l\u1ec7 ti\u1ebfp t\u1ee5c t\u1ed1i thi\u1ec3u",
    "LabelMaxResumePercentage": "T\u1ef7 l\u1ec7 ti\u1ebfp t\u1ee5c t\u1ed1i \u0111a",
    "LabelMinResumeDuration": "Th\u1eddi l\u01b0\u1ee3ng t\u1ed1i thi\u1ec3u \u0111\u1ec3 ti\u1ebfp t\u1ee5c (gi\u00e2y)",
    "LabelMinResumePercentageHelp": "Ti\u00eau \u0111\u1ec1 \u0111\u01b0\u1ee3c coi l\u00e0 ch\u01b0a xem n\u1ebfu d\u1eebng tr\u01b0\u1edbc th\u1eddi gian n\u00e0y.",
    "LabelMaxResumePercentageHelp": "Ti\u00eau \u0111\u1ec1 \u0111\u01b0\u1ee3c coi l\u00e0 \u0111\u00e3 xem ho\u00e0n to\u00e0n n\u1ebfu d\u1eebng sau th\u1eddi gian n\u00e0y.",
    "LabelMinResumeDurationHelp": "C\u00e1c ti\u00eau \u0111\u1ec1 ng\u1eafn h\u01a1n th\u1eddi gian n\u00e0y s\u1ebd kh\u00f4ng th\u1ec3 ti\u1ebfp t\u1ee5c xem.",
    "HeaderStatus": "Tr\u1ea1ng th\u00e1i",
    "Subscriptions": "\u0110\u0103ng k\u00fd",
    "LabelEndingEpisodeNumber": "S\u1ed1 t\u1eadp k\u1ebft th\u00fac",
    "LabelEndingEpisodeNumberHelp": "Ch\u1ec9 y\u00eau c\u1ea7u \u0111\u1ed1i v\u1edbi c\u00e1c t\u1eadp tin nhi\u1ec1u t\u1eadp",
    "HeaderSupportTheTeam": "H\u1ed7 tr\u1ee3 nh\u00f3m Emby",
    "HeaderSupportTheTeamHelp": "H\u1ed7 tr\u1ee3 \u0111\u1ea3m b\u1ea3o s\u1ef1 ph\u00e1t tri\u1ec3n li\u00ean t\u1ee5c c\u1ee7a d\u1ef1 \u00e1n n\u00e0y b\u1eb1ng c\u00e1ch mua Emby Premiere. M\u1ed9t ph\u1ea7n thu nh\u1eadp s\u1ebd \u0111\u01b0\u1ee3c \u0111\u00f3ng g\u00f3p cho c\u00e1c c\u00f4ng c\u1ee5 mi\u1ec5n ph\u00ed kh\u00e1c m\u00e0 ch\u00fang t\u00f4i ph\u1ee5 thu\u1ed9c v\u00e0o.",
    "DonationNextStep": "Sau khi ho\u00e0n t\u1ea5t, vui l\u00f2ng quay l\u1ea1i v\u00e0 nh\u1eadp kh\u00f3a Emby Premiere c\u1ee7a b\u1ea1n, kh\u00f3a n\u00e0y s\u1ebd \u0111\u01b0\u1ee3c g\u1eedi qua email.",
    "HeaderRunningTasks": "Nhi\u1ec7m v\u1ee5 \u0111ang ch\u1ea1y",
    "ButtonUpdateNow": "C\u1eadp nh\u1eadt ngay",
    "PleaseUpdateManually": "Vui l\u00f2ng t\u1eaft Emby Server v\u00e0 c\u00e0i \u0111\u1eb7t phi\u00ean b\u1ea3n m\u1edbi nh\u1ea5t.",
    "ServerUpToDate": "M\u00e1y ch\u1ee7 Emby \u0111\u00e3 \u0111\u01b0\u1ee3c c\u1eadp nh\u1eadt",
    "MessagePleaseRestartServerToFinishUpdating": "Vui l\u00f2ng kh\u1edfi \u0111\u1ed9ng l\u1ea1i m\u00e1y ch\u1ee7 \u0111\u1ec3 ho\u00e0n t\u1ea5t vi\u1ec7c \u00e1p d\u1ee5ng b\u1ea3n c\u1eadp nh\u1eadt.",
    "LabelDownMixAudioScale": "T\u0103ng \u00e2m l\u01b0\u1ee3ng khi tr\u1ed9n xu\u1ed1ng",
    "LabelDownMixAudioScaleHelp": "T\u0103ng \u00e2m l\u01b0\u1ee3ng khi tr\u1ed9n xu\u1ed1ng. \u0110\u1eb7t gi\u00e1 tr\u1ecb l\u00e0 1 \u0111\u1ec3 gi\u1eef nguy\u00ean \u00e2m l\u01b0\u1ee3ng g\u1ed1c.",
    "HeaderForgotKey": "Qu\u00ean Key",
    "LabelSupporterEmailAddress": "\u0110\u1ecba ch\u1ec9 email \u0111\u01b0\u1ee3c s\u1eed d\u1ee5ng \u0111\u1ec3 mua kh\u00f3a.",
    "ButtonRetrieveKey": "L\u1ea5y l\u1ea1i Key",
    "LabelSupporterKey": "Kh\u00f3a Emby Premiere (d\u00e1n t\u1eeb email)",
    "LabelSupporterKeyHelp": "Nh\u1eadp kh\u00f3a Emby Premiere \u0111\u1ec3 b\u1eaft \u0111\u1ea7u t\u1eadn h\u01b0\u1edfng th\u00eam nhi\u1ec1u l\u1ee3i \u00edch.",
    "MessageInvalidKey": "Kh\u00f3a Emby Premiere b\u1ecb thi\u1ebfu ho\u1eb7c kh\u00f4ng h\u1ee3p l\u1ec7.",
    "ErrorMessageInvalidKey": "\u0110\u1ec3 c\u00f3 th\u1ec3 \u0111\u0103ng k\u00fd b\u1ea5t k\u1ef3 n\u1ed9i dung cao c\u1ea5p n\u00e0o, b\u1ea1n c\u0169ng ph\u1ea3i c\u00f3 \u0111\u0103ng k\u00fd Emby Premiere \u0111ang ho\u1ea1t \u0111\u1ed9ng.",
    "LabelSkipIfGraphicalSubsPresent": "B\u1ecf qua n\u1ebfu video \u0111\u00e3 c\u00f3 ph\u1ee5 \u0111\u1ec1 nh\u00fang ph\u00f9 h\u1ee3p v\u1edbi ng\u00f4n ng\u1eef t\u1ea3i xu\u1ed1ng",
    "LabelSkipIfGraphicalSubsPresentHelp": "Vi\u1ec7c gi\u1eef nguy\u00ean phi\u00ean b\u1ea3n ph\u1ee5 \u0111\u1ec1 d\u1ea1ng v\u0103n b\u1ea3n s\u1ebd gi\u00fap truy\u1ec1n t\u1ea3i hi\u1ec7u qu\u1ea3 h\u01a1n v\u00e0 gi\u1ea3m kh\u1ea3 n\u0103ng chuy\u1ec3n m\u00e3 video.",
    "HeaderDownloadLanguages": "T\u1ea3i xu\u1ed1ng Ng\u00f4n ng\u1eef",
    "LabelSkipIfAudioTrackPresent": "B\u1ecf qua n\u1ebfu b\u1ea3n \u00e2m thanh m\u1eb7c \u0111\u1ecbnh kh\u1edbp v\u1edbi ng\u00f4n ng\u1eef t\u1ea3i xu\u1ed1ng",
    "LabelSkipIfAudioTrackPresentHelp": "B\u1ecf ch\u1ecdn m\u1ee5c n\u00e0y \u0111\u1ec3 \u0111\u1ea3m b\u1ea3o t\u1ea5t c\u1ea3 video \u0111\u1ec1u c\u00f3 ph\u1ee5 \u0111\u1ec1, b\u1ea5t k\u1ec3 ng\u00f4n ng\u1eef \u00e2m thanh.",
    "SendMessage": "G\u1eedi tin nh\u1eafn",
    "HeaderSendMessage": "G\u1eedi tin nh\u1eafn",
    "ButtonSend": "G\u01b0it",
    "LabelMessageText": "N\u1ed9i dung tin nh\u1eafn",
    "LabelMessageTitle": "Ti\u00eau \u0111\u1ec1 tin nh\u1eafn",
    "ButtonEditOtherUserPreferences": "Ch\u1ec9nh s\u1eeda h\u1ed3 s\u01a1, h\u00ecnh \u1ea3nh v\u00e0 s\u1edf th\u00edch c\u00e1 nh\u00e2n c\u1ee7a ng\u01b0\u1eddi d\u00f9ng n\u00e0y.",
    "LabelLoginDisclaimer": "Tuy\u00ean b\u1ed1 mi\u1ec5n tr\u1eeb \u0111\u0103ng nh\u1eadp",
    "LabelLoginDisclaimerHelp": "N\u1ed9i dung n\u00e0y s\u1ebd \u0111\u01b0\u1ee3c hi\u1ec3n th\u1ecb \u1edf cu\u1ed1i trang \u0111\u0103ng nh\u1eadp.",
    "HeaderTranscodingTemporaryFiles": "Chuy\u1ec3n m\u00e3 c\u00e1c t\u1eadp tin t\u1ea1m th\u1eddi",
    "HeaderApiKeys": "Kho\u00e1 API",
    "HeaderApiKeysHelp": "C\u00e1c \u1ee9ng d\u1ee5ng b\u00ean ngo\u00e0i c\u1ea7n c\u00f3 kh\u00f3a API \u0111\u1ec3 giao ti\u1ebfp v\u1edbi Emby Server. Kh\u00f3a \u0111\u01b0\u1ee3c c\u1ea5p b\u1eb1ng c\u00e1ch \u0111\u0103ng nh\u1eadp b\u1eb1ng t\u00e0i kho\u1ea3n Emby ho\u1eb7c c\u1ea5p kh\u00f3a th\u1ee7 c\u00f4ng cho \u1ee9ng d\u1ee5ng.",
    "HeaderApiKey": "Kho\u00e1 API",
    "HeaderScheduledTasks": "Nhi\u1ec7m v\u1ee5 theo l\u1ecbch tr\u00ecnh",
    "HeaderResumeSettings": "Ti\u1ebfp t\u1ee5c c\u00e0i \u0111\u1eb7t",
    "HeaderFetcherSettings": "C\u00e0i \u0111\u1eb7t tr\u00ecnh t\u1ea3i xu\u1ed1ng",
    "HeaderActivity": "Ho\u1ea1t \u0111\u1ed9ng",
    "ButtonPurchase": "Mua",
    "HeaderInstall": "C\u00e0i \u0111\u1eb7t",
    "LabelSelectVersionToInstall": "Ch\u1ecdn phi\u00ean b\u1ea3n \u0111\u1ec3 c\u00e0i \u0111\u1eb7t",
    "LinkLearnMoreAboutSubscription": "T\u00ecm hi\u1ec3u v\u1ec1 Emby Premiere",
    "MessagePluginRequiresSubscription": "Plugin n\u00e0y s\u1ebd y\u00eau c\u1ea7u \u0111\u0103ng k\u00fd Emby Premiere \u0111ang ho\u1ea1t \u0111\u1ed9ng sau 14 ng\u00e0y d\u00f9ng th\u1eed mi\u1ec5n ph\u00ed.",
    "MessagePremiumPluginRequiresMembership": "Plugin n\u00e0y y\u00eau c\u1ea7u ph\u1ea3i c\u00f3 \u0111\u0103ng k\u00fd Emby Premiere \u0111ang ho\u1ea1t \u0111\u1ed9ng \u0111\u1ec3 c\u00f3 th\u1ec3 mua sau 14 ng\u00e0y d\u00f9ng th\u1eed mi\u1ec5n ph\u00ed.",
    "HeaderDeveloperInfo": "Th\u00f4ng tin nh\u00e0 ph\u00e1t tri\u1ec3n",
    "HeaderRevisionHistory": "L\u1ecbch s\u1eed s\u1eeda \u0111\u1ed5i",
    "ButtonViewWebsite": "Xem trang web",
    "OptionSaveMetadataAsHidden": "L\u01b0u si\u00eau d\u1eef li\u1ec7u v\u00e0 h\u00ecnh \u1ea3nh d\u01b0\u1edbi d\u1ea1ng t\u1ec7p \u1ea9n",
    "LabelConnectEmail": "(T\u00f9y ch\u1ecdn) \u0110\u1ecba ch\u1ec9 email Emby Connect",
    "LabelConnectEmailHelp": "T\u00f9y ch\u1ecdn li\u00ean k\u1ebft ng\u01b0\u1eddi d\u00f9ng c\u1ee5c b\u1ed9 n\u00e0y v\u1edbi t\u00e0i kho\u1ea3n Emby Connect hi\u1ec7n c\u00f3 \u0111\u1ec3 cho ph\u00e9p truy c\u1eadp \u0111\u0103ng nh\u1eadp d\u1ec5 d\u00e0ng t\u1eeb b\u1ea5t k\u1ef3 \u1ee9ng d\u1ee5ng Emby n\u00e0o m\u00e0 kh\u00f4ng c\u1ea7n bi\u1ebft \u0111\u1ecba ch\u1ec9 IP c\u1ee7a m\u00e1y ch\u1ee7.",
    "ButtonLearnMoreAboutEmbyConnect": "T\u00ecm hi\u1ec3u th\u00eam v\u1ec1 Emby Connect",
    "LabelDateAddedBehavior": "C\u00e1ch th\u1ee9c x\u1eed l\u00fd ng\u00e0y th\u00eam \u0111\u1ed1i v\u1edbi n\u1ed9i dung m\u1edbi",
    "OptionDateAddedImportTime": "S\u1eed d\u1ee5ng ng\u00e0y qu\u00e9t v\u00e0o th\u01b0 vi\u1ec7n",
    "OptionDateAddedFileTime": "S\u1eed d\u1ee5ng ng\u00e0y t\u1ea1o t\u1eadp tin",
    "LabelDateAddedBehaviorHelp": "N\u1ebfu c\u00f3 gi\u00e1 tr\u1ecb si\u00eau d\u1eef li\u1ec7u th\u00ec n\u00f3 s\u1ebd lu\u00f4n \u0111\u01b0\u1ee3c s\u1eed d\u1ee5ng tr\u01b0\u1edbc b\u1ea5t k\u1ef3 t\u00f9y ch\u1ecdn n\u00e0o trong s\u1ed1 n\u00e0y.",
    "HeaderLibrarySettings": "C\u00e0i \u0111\u1eb7t th\u01b0 vi\u1ec7n",
    "HeaderAutomaticSubtitleDownloads": "Automatic Subtitle Downloads",
    "HeaderCameraUploadHelp": "\u1ee8ng d\u1ee5ng Emby c\u00f3 th\u1ec3 t\u1ef1 \u0111\u1ed9ng t\u1ea3i \u1ea3nh ch\u1ee5p t\u1eeb thi\u1ebft b\u1ecb di \u0111\u1ed9ng c\u1ee7a b\u1ea1n l\u00ean Emby Server.",
    "LabelCameraUploadPath": "\u0110\u01b0\u1eddng d\u1eabn t\u1ea3i l\u00ean c\u1ee7a camera",
    "LabelCameraUploadPathHelp": "Ch\u1ecdn \u0111\u01b0\u1eddng d\u1eabn t\u1ea3i l\u00ean t\u00f9y ch\u1ec9nh. \u0110i\u1ec1u n\u00e0y s\u1ebd ghi \u0111\u00e8 m\u1ecdi thi\u1ebft l\u1eadp m\u1eb7c \u0111\u1ecbnh \u0111\u01b0\u1ee3c \u0111\u1eb7t trong ph\u1ea7n T\u1ea3i l\u00ean m\u00e1y \u1ea3nh. N\u1ebfu \u0111\u1ec3 tr\u1ed1ng, m\u1ed9t th\u01b0 m\u1ee5c m\u1eb7c \u0111\u1ecbnh s\u1ebd \u0111\u01b0\u1ee3c s\u1eed d\u1ee5ng. N\u1ebfu s\u1eed d\u1ee5ng \u0111\u01b0\u1eddng d\u1eabn t\u00f9y ch\u1ec9nh, \u0111\u01b0\u1eddng d\u1eabn n\u00e0y c\u0169ng s\u1ebd c\u1ea7n \u0111\u01b0\u1ee3c th\u00eam v\u00e0o d\u01b0\u1edbi d\u1ea1ng th\u01b0 vi\u1ec7n trong thi\u1ebft l\u1eadp th\u01b0 vi\u1ec7n Emby.",
    "DefaultCameraUploadPathHelp": "Ch\u1ecdn \u0111\u01b0\u1eddng d\u1eabn t\u1ea3i l\u00ean t\u00f9y ch\u1ec9nh. N\u1ebfu \u0111\u1ec3 tr\u1ed1ng, th\u01b0 m\u1ee5c m\u1eb7c \u0111\u1ecbnh s\u1ebd \u0111\u01b0\u1ee3c s\u1eed d\u1ee5ng. N\u1ebfu s\u1eed d\u1ee5ng \u0111\u01b0\u1eddng d\u1eabn t\u00f9y ch\u1ec9nh, \u0111\u01b0\u1eddng d\u1eabn n\u00e0y c\u0169ng c\u1ea7n \u0111\u01b0\u1ee3c th\u00eam v\u00e0o d\u01b0\u1edbi d\u1ea1ng th\u01b0 vi\u1ec7n trong thi\u1ebft l\u1eadp th\u01b0 vi\u1ec7n Emby.",
    "LabelCreateCameraUploadSubfolder": "T\u1ea1o m\u1ed9t th\u01b0 m\u1ee5c con cho m\u1ed7i thi\u1ebft b\u1ecb",
    "LabelCreateCameraUploadSubfolderHelp": "C\u00f3 th\u1ec3 g\u00e1n c\u00e1c th\u01b0 m\u1ee5c c\u1ee5 th\u1ec3 cho m\u1ed9t thi\u1ebft b\u1ecb b\u1eb1ng c\u00e1ch nh\u1ea5p v\u00e0o thi\u1ebft b\u1ecb \u0111\u00f3 t\u1eeb trang Thi\u1ebft b\u1ecb.",
    "LabelCustomDeviceDisplayNameHelp": "Cung c\u1ea5p t\u00ean hi\u1ec3n th\u1ecb t\u00f9y ch\u1ec9nh ho\u1eb7c \u0111\u1ec3 tr\u1ed1ng \u0111\u1ec3 s\u1eed d\u1ee5ng t\u00ean do thi\u1ebft b\u1ecb b\u00e1o c\u00e1o.",
    "TabParentalControl": "Ki\u1ec3m so\u00e1t c\u1ee7a ph\u1ee5 huynh",
    "HeaderAccessSchedule": "L\u1ecbch tr\u00ecnh truy c\u1eadp",
    "HeaderAccessScheduleHelp": "T\u1ea1o l\u1ecbch tr\u00ecnh truy c\u1eadp \u0111\u1ec3 gi\u1edbi h\u1ea1n quy\u1ec1n truy c\u1eadp v\u00e0o m\u1ed9t s\u1ed1 gi\u1edd nh\u1ea5t \u0111\u1ecbnh.",
    "HeaderLibraryAccess": "Truy c\u1eadp th\u01b0 vi\u1ec7n",
    "HeaderChannelAccess": "Truy c\u1eadp k\u00eanh",
    "LabelForgotPasswordUsernameHelp": "Nh\u1eadp t\u00ean ng\u01b0\u1eddi d\u00f9ng c\u1ee7a b\u1ea1n n\u1ebfu b\u1ea1n nh\u1edb.",
    "TitlePasswordReset": "\u0110\u1eb7t l\u1ea1i m\u1eadt kh\u1ea9u",
    "HeaderBlockItemsWithNoRating": "Ch\u1eb7n c\u00e1c m\u1ee5c kh\u00f4ng c\u00f3 ho\u1eb7c kh\u00f4ng c\u00f3 th\u00f4ng tin x\u1ebfp h\u1ea1ng",
    "LabelBlockContentWithTags": "H\u1ea1n ch\u1ebf c\u00e1c m\u1ee5c c\u00f3 th\u1ebb",
    "LabelTagRestrictionMode": "Ch\u1ebf \u0111\u1ed9 h\u1ea1n ch\u1ebf th\u1ebb",
    "BlockItemsWithTheseTags": "Ch\u1eb7n c\u00e1c m\u1ee5c c\u00f3 c\u00e1c th\u1ebb n\u00e0y",
    "AllowItemsWithTheseTags": "Ch\u1ec9 cho ph\u00e9p c\u00e1c m\u1ee5c c\u00f3 c\u00e1c th\u1ebb n\u00e0y",
    "OptionAllowContentDownloading": "Cho ph\u00e9p t\u1ea3i xu\u1ed1ng ph\u01b0\u01a1ng ti\u1ec7n",
    "LabelNewUserNameHelp": "T\u00ean ng\u01b0\u1eddi d\u00f9ng c\u00f3 th\u1ec3 ch\u1ee9a c\u00e1c ch\u1eef c\u00e1i (a-z), s\u1ed1 (0-9), d\u1ea5u g\u1ea1ch ngang (-), d\u1ea5u g\u1ea1ch d\u01b0\u1edbi (_), d\u1ea5u nh\u00e1y \u0111\u01a1n (') v\u00e0 d\u1ea5u ch\u1ea5m (.)",
    "HeaderThisUserIsCurrentlyDisabled": "Ng\u01b0\u1eddi d\u00f9ng n\u00e0y hi\u1ec7n \u0111ang b\u1ecb v\u00f4 hi\u1ec7u h\u00f3a. \u0110\u1ec3 k\u00edch ho\u1ea1t ng\u01b0\u1eddi d\u00f9ng n\u00e0y, vui l\u00f2ng xem t\u00f9y ch\u1ecdn \u1edf cu\u1ed1i trang n\u00e0y.",
    "OptionAllowSyncTranscoding": "Cho ph\u00e9p t\u1ea3i xu\u1ed1ng ph\u01b0\u01a1ng ti\u1ec7n y\u00eau c\u1ea7u chuy\u1ec3n m\u00e3",
    "AllowMediaConversion": "Cho ph\u00e9p chuy\u1ec3n \u0111\u1ed5i media",
    "AllowMediaConversionHelp": "C\u1ea5p ho\u1eb7c t\u1eeb ch\u1ed1i quy\u1ec1n truy c\u1eadp v\u00e0o t\u00ednh n\u0103ng chuy\u1ec3n \u0111\u1ed5i media.",
    "OptionAllowAudioPlaybackTranscoding": "Cho ph\u00e9p chuy\u1ec3n m\u00e3 \u00e2m thanh, n\u1ebfu c\u1ea7n, trong qu\u00e1 tr\u00ecnh ph\u00e1t l\u1ea1i ph\u01b0\u01a1ng ti\u1ec7n",
    "OptionAllowVideoPlaybackTranscoding": "Cho ph\u00e9p chuy\u1ec3n m\u00e3 video, n\u1ebfu c\u1ea7n, trong khi \u0111ang ph\u00e1t",
    "OptionAllowVideoPlaybackRemuxing": "Cho ph\u00e9p thay \u0111\u1ed5i \u0111\u1ecbnh d\u1ea1ng ch\u1ee9a, n\u1ebfu c\u1ea7n, trong qu\u00e1 khi \u0111ang ph\u00e1t",
    "OptionAllowMediaPlaybackTranscodingHelp": "Vi\u1ec7c h\u1ea1n ch\u1ebf quy\u1ec1n truy c\u1eadp v\u00e0o ch\u1ee9c n\u0103ng chuy\u1ec3n m\u00e3 s\u1ebd v\u00f4 hi\u1ec7u h\u00f3a l\u1ef1a ch\u1ecdn ch\u1ea5t l\u01b0\u1ee3ng v\u00e0 c\u00f3 th\u1ec3 g\u00e2y ra l\u1ed7i ph\u00e1t l\u1ea1i trong \u1ee9ng d\u1ee5ng Emby do \u0111\u1ecbnh d\u1ea1ng ph\u01b0\u01a1ng ti\u1ec7n kh\u00f4ng \u0111\u01b0\u1ee3c h\u1ed7 tr\u1ee3 ho\u1eb7c b\u0103ng th\u00f4ng m\u1ea1ng kh\u00f4ng \u0111\u1ee7.",
    "LabelRemoteClientBitrateLimit": "Gi\u1edbi h\u1ea1n t\u1ed1c \u0111\u1ed9 bit ph\u00e1t tr\u1ef1c tuy\u1ebfn Internet (Mbps)",
    "LabelRemoteClientBitrateLimitHelp": "Gi\u1edbi h\u1ea1n bitrate t\u00f9y ch\u1ecdn cho m\u1ed7i lu\u1ed3ng cho t\u1ea5t c\u1ea3 c\u00e1c thi\u1ebft b\u1ecb ngo\u00e0i m\u1ea1ng. \u0110i\u1ec1u n\u00e0y h\u1eefu \u00edch \u0111\u1ec3 ng\u0103n c\u00e1c thi\u1ebft b\u1ecb y\u00eau c\u1ea7u bitrate cao h\u01a1n m\u1ee9c k\u1ebft n\u1ed1i internet c\u1ee7a b\u1ea1n c\u00f3 th\u1ec3 x\u1eed l\u00fd. \u0110i\u1ec1u n\u00e0y c\u00f3 th\u1ec3 d\u1eabn \u0111\u1ebfn t\u0103ng t\u1ea3i CPU tr\u00ean m\u00e1y ch\u1ee7 c\u1ee7a b\u1ea1n \u0111\u1ec3 chuy\u1ec3n m\u00e3 video ngay l\u1eadp t\u1ee9c sang bitrate th\u1ea5p h\u01a1n.",
    "LabelUserRemoteClientBitrateLimitHelp": "Thao t\u00e1c n\u00e0y s\u1ebd ghi \u0111\u00e8 l\u00ean gi\u00e1 tr\u1ecb to\u00e0n c\u1ee5c m\u1eb7c \u0111\u1ecbnh \u0111\u01b0\u1ee3c \u0111\u1eb7t trong c\u00e0i \u0111\u1eb7t m\u00e1y ch\u1ee7 n\u00e2ng cao.",
    "OptionEnableFullSpeedConversion": "Cho ph\u00e9p chuy\u1ec3n \u0111\u1ed5i t\u1ed1c \u0111\u1ed9 \u0111\u1ea7y \u0111\u1ee7",
    "OptionEnableFullSpeedConversionHelp": "Theo m\u1eb7c \u0111\u1ecbnh, qu\u00e1 tr\u00ecnh chuy\u1ec3n \u0111\u1ed5i \u0111\u01b0\u1ee3c th\u1ef1c hi\u1ec7n \u1edf t\u1ed1c \u0111\u1ed9 th\u1ea5p \u0111\u1ec3 gi\u1ea3m thi\u1ec3u m\u1ee9c ti\u00eau th\u1ee5 t\u00e0i nguy\u00ean.",
    "OptionEnableAutomaticServerUpdates": "B\u1eadt c\u1eadp nh\u1eadt m\u00e1y ch\u1ee7 t\u1ef1 \u0111\u1ed9ng",
    "HeaderTVSources": "Ngu\u1ed3n TV",
    "HeaderAddTvSource": "Th\u00eam Ngu\u1ed3n TV",
    "LabelTunerIpAddress": "\u0110\u1ecba ch\u1ec9 IP c\u1ee7a b\u1ed9 d\u00f2 s\u00f3ng",
    "HeaderGuideProviders": "H\u01b0\u1edbng d\u1eabn ngu\u1ed3n d\u1eef li\u1ec7u",
    "HeaderAddGuideSource": "Th\u00eam ngu\u1ed3n d\u1eef li\u1ec7u h\u01b0\u1edbng d\u1eabn",
    "LabelZipCode": "M\u00e3 Zip",
    "LabelLineup": "Danh s\u00e1ch k\u00eanh",
    "LabelImportOnlyFavoriteChannels": "Gi\u1edbi h\u1ea1n c\u00e1c k\u00eanh \u0111\u01b0\u1ee3c \u0111\u00e1nh d\u1ea5u l\u00e0 y\u00eau th\u00edch",
    "ImportFavoriteChannelsHelp": "N\u1ebfu \u0111\u01b0\u1ee3c b\u1eadt, ch\u1ec9 nh\u1eefng k\u00eanh \u0111\u01b0\u1ee3c \u0111\u00e1nh d\u1ea5u l\u00e0 y\u00eau th\u00edch tr\u00ean thi\u1ebft b\u1ecb d\u00f2 k\u00eanh m\u1edbi \u0111\u01b0\u1ee3c nh\u1eadp.",
    "HeaderDefaultRecordingSettings": "C\u00e0i \u0111\u1eb7t ghi \u00e2m m\u1eb7c \u0111\u1ecbnh",
    "LabelDisplayName": "T\u00ean hi\u1ec3n th\u1ecb",
    "OptionDownloadImagesInAdvance": "T\u1ea3i xu\u1ed1ng h\u00ecnh \u1ea3nh tr\u01b0\u1edbc",
    "OptionDownloadImagesInAdvanceHelp": "Theo m\u1eb7c \u0111\u1ecbnh, h\u1ea7u h\u1ebft h\u00ecnh \u1ea3nh kh\u00f4ng \u0111\u01b0\u1ee3c t\u1ea3i xu\u1ed1ng t\u1eeb internet cho \u0111\u1ebfn khi ch\u00fang \u0111\u01b0\u1ee3c hi\u1ec3n th\u1ecb b\u1eb1ng \u1ee9ng d\u1ee5ng Emby. B\u1eadt t\u00f9y ch\u1ecdn n\u00e0y \u0111\u1ec3 t\u1ea3i xu\u1ed1ng t\u1ea5t c\u1ea3 h\u00ecnh \u1ea3nh tr\u01b0\u1edbc khi nh\u1eadp ph\u01b0\u01a1ng ti\u1ec7n m\u1edbi. \u0110i\u1ec1u n\u00e0y c\u00f3 th\u1ec3 khi\u1ebfn qu\u00e1 tr\u00ecnh qu\u00e9t th\u01b0 vi\u1ec7n l\u00e2u h\u01a1n \u0111\u00e1ng k\u1ec3.",
    "MessageThankYouForSupporting": "C\u1ea3m \u01a1n b\u1ea1n \u0111\u00e3 \u1ee7ng h\u1ed9 Emby.",
    "FileReadCancelled": "T\u1ec7p tin \u0111\u1ecdc \u0111\u00e3 b\u1ecb h\u1ee7y.",
    "FileNotFound": "Kh\u00f4ng t\u00ecm th\u1ea5y t\u1ec7p tin.",
    "FileReadError": "C\u00f3 m\u1ed9t l\u1ed7i x\u1ea3y ra khi \u0111\u1ecdc t\u1ec7p tin n\u00e0y.",
    "NoPluginConfigurationMessage": "Plugin n\u00e0y kh\u00f4ng c\u00f3 c\u00e0i \u0111\u1eb7t n\u00e0o \u0111\u1ec3 c\u1ea5u h\u00ecnh",
    "HeaderNewApiKey": "Kh\u00f3a API m\u1edbi",
    "HeaderNewApiKeyHelp": "C\u1ea5p quy\u1ec1n cho \u1ee9ng d\u1ee5ng giao ti\u1ebfp v\u1edbi Emby Server",
    "MessageKeyEmailedTo": "Kh\u00f3a \u0111\u00e3 \u0111\u01b0\u1ee3c g\u1eedi qua email t\u1edbi {0} .",
    "HeaderConfirmation": "X\u00e1c nh\u1eadn",
    "MessageKeyUpdated": "C\u1ea3m \u01a1n b\u1ea1n. Kh\u00f3a Emby Premiere c\u1ee7a b\u1ea1n \u0111\u00e3 \u0111\u01b0\u1ee3c c\u1eadp nh\u1eadt.",
    "MessageKeyRemoved": "C\u1ea3m \u01a1n b\u1ea1n. Kh\u00f3a Emby Premiere c\u1ee7a b\u1ea1n \u0111\u00e3 b\u1ecb x\u00f3a.",
    "TextEnjoyBonusFeatures": "T\u1eadn h\u01b0\u1edfng c\u00e1c t\u00ednh n\u0103ng th\u01b0\u1edfng",
    "MessageErrorLoadingSupporterInfo": "\u0110\u00e3 x\u1ea3y ra l\u1ed7i khi t\u1ea3i th\u00f4ng tin Emby Premiere. Vui l\u00f2ng th\u1eed l\u1ea1i sau.",
    "ValueTimeLimitSingleHour": "Th\u1eddi h\u1ea1n: 1 gi\u1edd",
    "ValueTimeLimitMultiHour": "Th\u1eddi l\u01b0\u1ee3ng: {0} gi\u1edd",
    "General": "T\u1ed5ng quan",
    "HeaderScreenSavers": "B\u1ea3o v\u1ec7 m\u00e0n h\u00ecnh",
    "Reporting": "B\u00e1o c\u00e1o",
    "LabelStopping": "D\u1eebng l\u1ea1i",
    "HeaderSelectCertificatePath": "Ch\u1ecdn \u0110\u01b0\u1eddng d\u1eabn ch\u1ee9ng ch\u1ec9",
    "HeaderSupporterBenefit": "\u0110\u0103ng k\u00fd Emby Premiere \u0111ang ho\u1ea1t \u0111\u1ed9ng cung c\u1ea5p c\u00e1c l\u1ee3i \u00edch b\u1ed5 sung nh\u01b0 quy\u1ec1n truy c\u1eadp v\u00e0o Emby DVR, ph\u01b0\u01a1ng ti\u1ec7n ngo\u1ea1i tuy\u1ebfn, plugin cao c\u1ea5p, v.v. {0}T\u00ecm hi\u1ec3u th\u00eam{1}.",
    "LabelAbortedByServerShutdown": "(B\u1ecb h\u1ee7y b\u1ecf do m\u00e1y ch\u1ee7 t\u1eaft)",
    "LabelScheduledTaskLastRan": "L\u1ea7n ch\u1ea1y cu\u1ed1i c\u00f9ng l\u00e0 {0}, m\u1ea5t {1}.",
    "HeaderDeleteTaskTrigger": "X\u00f3a t\u00e1c v\u1ee5 k\u00edch ho\u1ea1t",
    "MessageDeleteTaskTrigger": "B\u1ea1n c\u00f3 ch\u1eafc ch\u1eafn mu\u1ed1n x\u00f3a t\u00e1c v\u1ee5 k\u00edch ho\u1ea1t n\u00e0y kh\u00f4ng?",
    "MessageNoPluginsDueToAppStore": "\u0110\u1ec3 qu\u1ea3n l\u00fd plugin, vui l\u00f2ng s\u1eed d\u1ee5ng \u1ee9ng d\u1ee5ng web Emby.",
    "LabelVersionInstalled": "{0} \u0111\u00e3 c\u00e0i \u0111\u1eb7t",
    "HeaderSelectServerCachePath": "Ch\u1ecdn \u0110\u01b0\u1eddng d\u1eabn b\u1ed9 nh\u1edb \u0111\u1ec7m m\u00e1y ch\u1ee7",
    "HeaderSelectTranscodingPath": "Ch\u1ecdn \u0110\u01b0\u1eddng d\u1eabn t\u1ea1m th\u1eddi chuy\u1ec3n m\u00e3",
    "HeaderSelectMetadataPath": "Ch\u1ecdn \u0110\u01b0\u1eddng d\u1eabn si\u00eau d\u1eef li\u1ec7u",
    "HeaderSelectServerCachePathHelp": "Duy\u1ec7t ho\u1eb7c nh\u1eadp \u0111\u01b0\u1eddng d\u1eabn \u0111\u1ec3 s\u1eed d\u1ee5ng cho c\u00e1c t\u1ec7p b\u1ed9 nh\u1edb \u0111\u1ec7m m\u00e1y ch\u1ee7. Th\u01b0 m\u1ee5c ph\u1ea3i c\u00f3 th\u1ec3 ghi \u0111\u01b0\u1ee3c.",
    "HeaderSelectTranscodingPathHelp": "Duy\u1ec7t ho\u1eb7c nh\u1eadp \u0111\u01b0\u1eddng d\u1eabn \u0111\u1ec3 s\u1eed d\u1ee5ng cho vi\u1ec7c chuy\u1ec3n m\u00e3 c\u00e1c t\u1ec7p t\u1ea1m th\u1eddi. Th\u01b0 m\u1ee5c ph\u1ea3i c\u00f3 th\u1ec3 ghi \u0111\u01b0\u1ee3c.",
    "HeaderSelectMetadataPathHelp": "Duy\u1ec7t ho\u1eb7c nh\u1eadp \u0111\u01b0\u1eddng d\u1eabn b\u1ea1n mu\u1ed1n l\u01b0u tr\u1eef si\u00eau d\u1eef li\u1ec7u. Th\u01b0 m\u1ee5c ph\u1ea3i c\u00f3 th\u1ec3 ghi \u0111\u01b0\u1ee3c.",
    "MessageConfirmRestart": "B\u1ea1n c\u00f3 ch\u1eafc ch\u1eafn mu\u1ed1n kh\u1edfi \u0111\u1ed9ng l\u1ea1i Emby Server kh\u00f4ng?",
    "MessageConfirmShutdown": "B\u1ea1n c\u00f3 ch\u1eafc ch\u1eafn mu\u1ed1n t\u1eaft Emby Server kh\u00f4ng?",
    "LabelLocalAccessUrl": "Truy c\u1eadp t\u1ea1i nh\u00e0 (LAN): {0}",
    "LabelRemoteAccessUrl": "Truy c\u1eadp t\u1eeb xa (WAN): {0}",
    "LabelRunningOnPort": "Ch\u1ea1y tr\u00ean c\u1ed5ng http {0}",
    "LabelRunningOnPorts": "Ch\u1ea1y tr\u00ean c\u1ed5ng http {0} v\u00e0 c\u1ed5ng https {1}",
    "LabelCurrentPath": "\u0110\u01b0\u1eddng d\u1eabn hi\u1ec7n t\u1ea1i",
    "HeaderSelectMediaPath": "Ch\u1ecdn \u0110\u01b0\u1eddng d\u1eabn ph\u01b0\u01a1ng ti\u1ec7n",
    "HeaderSelectPath": "Ch\u1ecdn \u0110\u01b0\u1eddng d\u1eabn",
    "MessageDirectoryPickerInstruction": "\u0110\u01b0\u1eddng d\u1eabn m\u1ea1ng c\u00f3 th\u1ec3 \u0111\u01b0\u1ee3c nh\u1eadp th\u1ee7 c\u00f4ng trong tr\u01b0\u1eddng h\u1ee3p n\u00fat M\u1ea1ng kh\u00f4ng x\u00e1c \u0111\u1ecbnh \u0111\u01b0\u1ee3c thi\u1ebft b\u1ecb c\u1ee7a b\u1ea1n. V\u00ed d\u1ee5: {0} ho\u1eb7c {1}.",
    "MessageDirectoryPickerBSDInstruction": "\u0110\u1ed1i v\u1edbi BSD, b\u1ea1n c\u00f3 th\u1ec3 c\u1ea7n c\u1ea5u h\u00ecnh l\u01b0u tr\u1eef trong FreeNAS Jail \u0111\u1ec3 cho ph\u00e9p Emby truy c\u1eadp v\u00e0o \u0111\u00f3.",
    "MessageDirectoryPickerLinuxInstruction": "\u0110\u1ed1i v\u1edbi Linux tr\u00ean Arch Linux, CentOS, Debian, Fedora, OpenSuse ho\u1eb7c Ubuntu, b\u1ea1n ph\u1ea3i c\u1ea5p cho ng\u01b0\u1eddi d\u00f9ng h\u1ec7 th\u1ed1ng Emby \u00edt nh\u1ea5t quy\u1ec1n truy c\u1eadp \u0111\u1ecdc v\u00e0o c\u00e1c v\u1ecb tr\u00ed l\u01b0u tr\u1eef c\u1ee7a b\u1ea1n.",
    "MetadataManager": "Tr\u00ecnh qu\u1ea3n l\u00fd si\u00eau d\u1eef li\u1ec7u",
    "OptionBlockLiveTvChannels": "K\u00eanh truy\u1ec1n h\u00ecnh tr\u1ef1c ti\u1ebfp",
    "OptionBlockChannelContent": "N\u1ed9i dung k\u00eanh Internet",
    "ButtonRevoke": "Thu h\u1ed3i",
    "MessageConfirmRevokeApiKey": "B\u1ea1n c\u00f3 ch\u1eafc ch\u1eafn mu\u1ed1n thu h\u1ed3i kh\u00f3a api n\u00e0y kh\u00f4ng? K\u1ebft n\u1ed1i c\u1ee7a \u1ee9ng d\u1ee5ng v\u1edbi Emby Server s\u1ebd b\u1ecb ch\u1ea5m d\u1ee9t \u0111\u1ed9t ng\u1ed9t.",
    "HeaderConfirmRevokeApiKey": "Thu h\u1ed3i kh\u00f3a API",
    "MessagePleaseAcceptTermsOfServiceBeforeContinuing": "Vui l\u00f2ng ch\u1ea5p nh\u1eadn c\u00e1c \u0111i\u1ec1u kho\u1ea3n d\u1ecbch v\u1ee5 tr\u01b0\u1edbc khi ti\u1ebfp t\u1ee5c.",
    "HeaderChangeFolderType": "Thay \u0111\u1ed5i lo\u1ea1i n\u1ed9i dung",
    "HeaderChangeFolderTypeHelp": "\u0110\u1ec3 thay \u0111\u1ed5i lo\u1ea1i, vui l\u00f2ng x\u00f3a v\u00e0 x\u00e2y d\u1ef1ng l\u1ea1i th\u01b0 vi\u1ec7n v\u1edbi lo\u1ea1i m\u1edbi.",
    "HeaderAlert": "Th\u00f4ng b\u00e1o",
    "MessagePleaseRestart": "Vui l\u00f2ng kh\u1edfi \u0111\u1ed9ng l\u1ea1i \u0111\u1ec3 ho\u00e0n t\u1ea5t c\u1eadp nh\u1eadt.",
    "OptionHomeVideos": "Trang ch\u1ee7 video & h\u00ecnh \u1ea3nh",
    "OptionBooks": "S\u00e1ch",
    "HeaderMetadataReaders": "Tr\u00ecnh \u0111\u1ecdc si\u00eau d\u1eef li\u1ec7u",
    "LabelMetadataReadersHelp": "B\u1eadt v\u00e0 x\u1ebfp h\u1ea1ng c\u00e1c ngu\u1ed3n si\u00eau d\u1eef li\u1ec7u c\u1ee5c b\u1ed9 m\u00e0 b\u1ea1n \u01b0a th\u00edch theo th\u1ee9 t\u1ef1 \u01b0u ti\u00ean.",
    "HeaderSubtitleDownloaders": "T\u1ea3i xu\u1ed1ng ph\u1ee5 \u0111\u1ec1",
    "SubtitleDownloadersHelp": "B\u1eadt v\u00e0 x\u1ebfp h\u1ea1ng tr\u00ecnh t\u1ea3i ph\u1ee5 \u0111\u1ec1 \u01b0a th\u00edch c\u1ee7a b\u1ea1n theo th\u1ee9 t\u1ef1 \u01b0u ti\u00ean. C\u00f3 th\u1ec3 c\u00e0i \u0111\u1eb7t th\u00eam nhi\u1ec1u nh\u00e0 cung c\u1ea5p ph\u1ee5 \u0111\u1ec1 b\u1eb1ng c\u00e1ch s\u1eed d\u1ee5ng danh m\u1ee5c plugin Emby.",
    "LabelMetadataDownloaders": "Tr\u00ecnh t\u1ea3i xu\u1ed1ng si\u00eau d\u1eef li\u1ec7u",
    "LabelMetadataDownloadersHelp": "B\u1eadt v\u00e0 x\u1ebfp h\u1ea1ng tr\u00ecnh t\u1ea3i xu\u1ed1ng si\u00eau d\u1eef li\u1ec7u \u01b0a th\u00edch c\u1ee7a b\u1ea1n theo th\u1ee9 t\u1ef1 \u01b0u ti\u00ean. Tr\u00ecnh t\u1ea3i xu\u1ed1ng c\u00f3 m\u1ee9c \u0111\u1ed9 \u01b0u ti\u00ean th\u1ea5p h\u01a1n s\u1ebd ch\u1ec9 \u0111\u01b0\u1ee3c s\u1eed d\u1ee5ng \u0111\u1ec3 \u0111i\u1ec1n th\u00f4ng tin c\u00f2n thi\u1ebfu.",
    "HeaderMetadataSavers": "L\u01b0u tr\u1eef d\u1eef li\u1ec7u m\u00f4 t\u1ea3",
    "LabelMetadataSaversHelp": "Ch\u1ecdn \u0111\u1ecbnh d\u1ea1ng t\u1ec7p \u0111\u1ec3 l\u01b0u si\u00eau d\u1eef li\u1ec7u c\u1ee7a b\u1ea1n.",
    "LabelImageFetchers": "Tr\u00ecnh l\u1ea5y h\u00ecnh \u1ea3nh",
    "LabelImageFetchersHelp": "B\u1eadt v\u00e0 x\u1ebfp h\u1ea1ng tr\u00ecnh t\u1ea3i h\u00ecnh \u1ea3nh b\u1ea1n \u01b0a th\u00edch theo th\u1ee9 t\u1ef1 \u01b0u ti\u00ean.\n",
    "PersonTypePerson": "Ng\u01b0\u1eddi",
    "HeaderRemoveMediaLocation": "X\u00f3a v\u1ecb tr\u00ed ph\u01b0\u01a1ng ti\u1ec7n",
    "MessageConfirmRemoveMediaLocation": "B\u1ea1n c\u00f3 ch\u1eafc ch\u1eafn mu\u1ed1n x\u00f3a v\u1ecb tr\u00ed n\u00e0y kh\u00f4ng?",
    "LabelNewName": "T\u00ean m\u1edbi",
    "HeaderRemoveLibrary": "X\u00f3a Th\u01b0 vi\u1ec7n",
    "MessageAreYouSureYouWishToRemoveLibrary": "B\u1ea1n c\u00f3 ch\u1eafc ch\u1eafn mu\u1ed1n x\u00f3a th\u01b0 vi\u1ec7n {0} kh\u1ecfi M\u00e1y ch\u1ee7 Emby c\u1ee7a m\u00ecnh kh\u00f4ng? C\u00e1c t\u1ec7p ph\u01b0\u01a1ng ti\u1ec7n c\u1ee7a b\u1ea1n s\u1ebd kh\u00f4ng b\u1ecb \u1ea3nh h\u01b0\u1edfng.",
    "ButtonRename": "\u0110\u1ed5i t\u00ean",
    "HeaderPluginInstallation": "C\u00e0i \u0111\u1eb7t Plugin",
    "MessageTrialExpired": "Th\u1eddi gian d\u00f9ng th\u1eed t\u00ednh n\u0103ng n\u00e0y \u0111\u00e3 h\u1ebft h\u1ea1n",
    "MessageTrialWillExpireIn": "Th\u1eddi gian d\u00f9ng th\u1eed cho t\u00ednh n\u0103ng n\u00e0y s\u1ebd h\u1ebft h\u1ea1n sau {0} ng\u00e0y",
    "ValuePriceUSD": "Gi\u00e1: {0} (USD)",
    "MessageFeatureIncludedWithSupporter": "B\u1ea1n \u0111\u00e3 \u0111\u0103ng k\u00fd t\u00ednh n\u0103ng n\u00e0y v\u00e0 c\u00f3 th\u1ec3 ti\u1ebfp t\u1ee5c s\u1eed d\u1ee5ng khi \u0111\u0103ng k\u00fd Emby Premiere \u0111ang ho\u1ea1t \u0111\u1ed9ng.",
    "HeaderSelectExternalPlayer": "Ch\u1ecdn tr\u00ecnh ph\u00e1t b\u00ean ngo\u00e0i",
    "HeaderExternalPlayerPlayback": "Ph\u00e1t l\u1ea1i tr\u00ecnh ph\u00e1t b\u00ean ngo\u00e0i",
    "HeaderThankYou": "C\u1ea3m \u01a1n",
    "HeaderSelectUploadPath": "Ch\u1ecdn \u0110\u01b0\u1eddng d\u1eabn T\u1ea3i l\u00ean",
    "ErrorMessageStartHourGreaterThanEnd": "Th\u1eddi gian k\u1ebft th\u00fac ph\u1ea3i l\u1edbn h\u01a1n th\u1eddi gian b\u1eaft \u0111\u1ea7u.",
    "MessagePluginConfigurationRequiresLocalAccess": "\u0110\u1ec3 c\u1ea5u h\u00ecnh plugin n\u00e0y, vui l\u00f2ng \u0111\u0103ng nh\u1eadp tr\u1ef1c ti\u1ebfp v\u00e0o m\u00e1y ch\u1ee7 c\u1ee5c b\u1ed9 c\u1ee7a b\u1ea1n.",
    "MovieLibraryHelp": "Xem l\u1ea1i {0} H\u01b0\u1edbng d\u1eabn \u0111\u1eb7t t\u00ean phim Emby {1} .",
    "TvLibraryHelp": "Xem l\u1ea1i {0} H\u01b0\u1edbng d\u1eabn \u0111\u1eb7t t\u00ean TV Emby {1} .",
    "BookLibraryHelp": "S\u00e1ch v\u0103n b\u1ea3n \u0111\u01b0\u1ee3c h\u1ed7 tr\u1ee3. Vui l\u00f2ng xem l\u1ea1i {0}h\u01b0\u1edbng d\u1eabn \u0111\u1eb7t t\u00ean s\u00e1ch c\u1ee7a Emby{1}.",
    "MessageGamePluginRequired": "Y\u00eau c\u1ea7u c\u00e0i \u0111\u1eb7t plugin GameBrowser",
    "HeaderUnlockApp": "M\u1edf kh\u00f3a \u1ee9ng d\u1ee5ng",
    "MessagePaymentServicesUnavailable": "D\u1ecbch v\u1ee5 thanh to\u00e1n hi\u1ec7n kh\u00f4ng kh\u1ea3 d\u1ee5ng. Vui l\u00f2ng th\u1eed l\u1ea1i sau.",
    "NoNewDevicesFound": "Kh\u00f4ng t\u00ecm th\u1ea5y thi\u1ebft b\u1ecb m\u1edbi. \u0110\u1ec3 th\u00eam b\u1ed9 d\u00f2 s\u00f3ng m\u1edbi, h\u00e3y \u0111\u00f3ng h\u1ed9p tho\u1ea1i n\u00e0y v\u00e0 nh\u1eadp th\u00f4ng tin thi\u1ebft b\u1ecb theo c\u00e1ch th\u1ee7 c\u00f4ng.",
    "MessageConfirmDeleteTunerDevice": "B\u1ea1n c\u00f3 ch\u1eafc ch\u1eafn mu\u1ed1n x\u00f3a thi\u1ebft b\u1ecb n\u00e0y kh\u00f4ng?",
    "MessageConfirmDeleteGuideProvider": "B\u1ea1n c\u00f3 ch\u1eafc ch\u1eafn mu\u1ed1n x\u00f3a nh\u00e0 cung c\u1ea5p h\u01b0\u1edbng d\u1eabn n\u00e0y kh\u00f4ng?",
    "HeaderDeleteProvider": "X\u00f3a Nh\u00e0 cung c\u1ea5p",
    "ErrorAddingTunerDevice": "\u0110\u00e3 x\u1ea3y ra l\u1ed7i khi th\u00eam thi\u1ebft b\u1ecb \u0111i\u1ec1u ch\u1ec9nh. Vui l\u00f2ng \u0111\u1ea3m b\u1ea3o thi\u1ebft b\u1ecb c\u00f3 th\u1ec3 truy c\u1eadp \u0111\u01b0\u1ee3c v\u00e0 th\u1eed l\u1ea1i.",
    "ErrorSavingTvProvider": "\u0110\u00e3 x\u1ea3y ra l\u1ed7i khi l\u01b0u nh\u00e0 cung c\u1ea5p TV. Vui l\u00f2ng \u0111\u1ea3m b\u1ea3o c\u00f3 th\u1ec3 truy c\u1eadp \u0111\u01b0\u1ee3c v\u00e0 th\u1eed l\u1ea1i.",
    "ErrorGettingTvLineups": "\u0110\u00e3 x\u1ea3y ra l\u1ed7i khi t\u1ea3i xu\u1ed1ng danh s\u00e1ch k\u00eanh truy\u1ec1n h\u00ecnh. Vui l\u00f2ng \u0111\u1ea3m b\u1ea3o th\u00f4ng tin c\u1ee7a b\u1ea1n l\u00e0 ch\u00ednh x\u00e1c v\u00e0 th\u1eed l\u1ea1i.",
    "MessageCreateAccountAt": "T\u1ea1o m\u1ed9t t\u00e0i kho\u1ea3n t\u1ea1i {0}",
    "ErrorPleaseSelectLineup": "Vui l\u00f2ng ch\u1ecdn m\u1ed9t \u0111\u1ed9i h\u00ecnh v\u00e0 th\u1eed l\u1ea1i. N\u1ebfu kh\u00f4ng c\u00f3 \u0111\u1ed9i h\u00ecnh n\u00e0o kh\u1ea3 d\u1ee5ng, vui l\u00f2ng ki\u1ec3m tra xem t\u00ean ng\u01b0\u1eddi d\u00f9ng, m\u1eadt kh\u1ea9u v\u00e0 m\u00e3 b\u01b0u ch\u00ednh c\u1ee7a b\u1ea1n c\u00f3 \u0111\u00fang kh\u00f4ng.",
    "ErrorValidatingSupporterInfo": "\u0110\u00e3 x\u1ea3y ra l\u1ed7i khi x\u00e1c th\u1ef1c th\u00f4ng tin Emby Premiere c\u1ee7a b\u1ea1n. Vui l\u00f2ng th\u1eed l\u1ea1i sau.",
    "LabelLocalSyncStatusValue": "Tr\u1ea1ng th\u00e1i: {0}",
    "HeaderTopPlugins": "C\u00e1c Plugin h\u00e0ng \u0111\u1ea7u",
    "ForAdditionalLiveTvOptions": "Duy\u1ec7t {0}danh m\u1ee5c plugin{1} Emby \u0111\u1ec3 c\u00e0i \u0111\u1eb7t th\u00eam c\u00e1c nh\u00e0 cung c\u1ea5p truy\u1ec1n h\u00ecnh tr\u1ef1c ti\u1ebfp.",
    "AddUser": "Th\u00eam ng\u01b0\u1eddi d\u00f9ng",
    "HeaderEmailAddress": "\u0110\u1ecba ch\u1ec9 Email",
    "NumLocationsValue": "{0} th\u01b0 m\u1ee5c",
    "PleaseAddAtLeastOneFolder": "Vui l\u00f2ng th\u00eam \u00edt nh\u1ea5t m\u1ed9t th\u01b0 m\u1ee5c v\u00e0o th\u01b0 vi\u1ec7n n\u00e0y b\u1eb1ng c\u00e1ch nh\u1ea5p v\u00e0o n\u00fat Th\u00eam.",
    "ErrorAddingMediaPathToVirtualFolder": "\u0110\u00e3 x\u1ea3y ra l\u1ed7i khi th\u00eam \u0111\u01b0\u1eddng d\u1eabn ph\u01b0\u01a1ng ti\u1ec7n. Vui l\u00f2ng \u0111\u1ea3m b\u1ea3o \u0111\u01b0\u1eddng d\u1eabn h\u1ee3p l\u1ec7 v\u00e0 quy tr\u00ecnh Emby Server c\u00f3 quy\u1ec1n truy c\u1eadp v\u00e0o v\u1ecb tr\u00ed \u0111\u00f3.",
    "ErrorAddingEmbyConnectAccount3": "T\u00e0i kho\u1ea3n Emby \u0111\u00e3 \u0111\u01b0\u1ee3c li\u00ean k\u1ebft v\u1edbi m\u1ed9t ng\u01b0\u1eddi d\u00f9ng c\u1ee5c b\u1ed9 hi\u1ec7n c\u00f3. M\u1ed9t t\u00e0i kho\u1ea3n Emby ch\u1ec9 c\u00f3 th\u1ec3 \u0111\u01b0\u1ee3c li\u00ean k\u1ebft v\u1edbi m\u1ed9t ng\u01b0\u1eddi d\u00f9ng c\u1ee5c b\u1ed9 t\u1ea1i m\u1ed9t th\u1eddi \u0111i\u1ec3m.",
    "HeaderConfirmPluginInstallation": "X\u00e1c nh\u1eadn c\u00e0i \u0111\u1eb7t Plugin",
    "PleaseConfirmPluginInstallation": "Vui l\u00f2ng nh\u1ea5p v\u00e0o OK \u0111\u1ec3 x\u00e1c nh\u1eadn b\u1ea1n \u0111\u00e3 \u0111\u1ecdc nh\u1eefng \u0111i\u1ec1u tr\u00ean v\u00e0 mu\u1ed1n ti\u1ebfp t\u1ee5c c\u00e0i \u0111\u1eb7t plugin.",
    "MessagePluginInstallDisclaimer": "C\u00e1c plugin do c\u00e1c th\u00e0nh vi\u00ean c\u1ed9ng \u0111\u1ed3ng Emby x\u00e2y d\u1ef1ng l\u00e0 m\u1ed9t c\u00e1ch tuy\u1ec7t v\u1eddi \u0111\u1ec3 n\u00e2ng cao tr\u1ea3i nghi\u1ec7m Emby c\u1ee7a b\u1ea1n v\u1edbi c\u00e1c t\u00ednh n\u0103ng v\u00e0 l\u1ee3i \u00edch b\u1ed5 sung. Tr\u01b0\u1edbc khi c\u00e0i \u0111\u1eb7t, vui l\u00f2ng l\u01b0u \u00fd \u0111\u1ebfn c\u00e1c t\u00e1c \u0111\u1ed9ng m\u00e0 ch\u00fang c\u00f3 th\u1ec3 g\u00e2y ra cho M\u00e1y ch\u1ee7 Emby c\u1ee7a b\u1ea1n, ch\u1eb3ng h\u1ea1n nh\u01b0 th\u1eddi gian qu\u00e9t th\u01b0 vi\u1ec7n d\u00e0i h\u01a1n, x\u1eed l\u00fd n\u1ec1n b\u1ed5 sung v\u00e0 gi\u1ea3m \u0111\u1ed9 \u1ed5n \u0111\u1ecbnh c\u1ee7a h\u1ec7 th\u1ed1ng.",
    "HardwareAccelerationWarning": "B\u1eadt t\u0103ng t\u1ed1c ph\u1ea7n c\u1ee9ng c\u00f3 th\u1ec3 g\u00e2y ra t\u00ecnh tr\u1ea1ng kh\u00f4ng \u1ed5n \u0111\u1ecbnh trong m\u1ed9t s\u1ed1 m\u00f4i tr\u01b0\u1eddng. \u0110\u1ea3m b\u1ea3o r\u1eb1ng h\u1ec7 \u0111i\u1ec1u h\u00e0nh v\u00e0 tr\u00ecnh \u0111i\u1ec1u khi\u1ec3n video c\u1ee7a b\u1ea1n \u0111\u01b0\u1ee3c c\u1eadp nh\u1eadt \u0111\u1ea7y \u0111\u1ee7. N\u1ebfu b\u1ea1n g\u1eb7p kh\u00f3 kh\u0103n khi ph\u00e1t video sau khi b\u1eadt t\u00ednh n\u0103ng n\u00e0y, b\u1ea1n s\u1ebd c\u1ea7n thay \u0111\u1ed5i c\u00e0i \u0111\u1eb7t tr\u1edf l\u1ea1i T\u1ef1 \u0111\u1ed9ng.",
    "ValueExample": "V\u00ed d\u1ee5: {0}",
    "LabelFileOrUrl": "T\u1ec7p ho\u1eb7c url",
    "OptionEnableForAllTuners": "B\u1eadt cho t\u1ea5t c\u1ea3 c\u00e1c thi\u1ebft b\u1ecb d\u00f2 s\u00f3ng",
    "HeaderTuners": "B\u1ed9 ch\u1ec9nh \u00e2m",
    "DrmChannelsNotImported": "C\u00e1c k\u00eanh c\u00f3 DRM s\u1ebd kh\u00f4ng \u0111\u01b0\u1ee3c nh\u1eadp.",
    "LabelAllowHWTranscoding": "Cho ph\u00e9p chuy\u1ec3n m\u00e3 ph\u1ea7n c\u1ee9ng",
    "AllowHWTranscodingHelp": "N\u1ebfu \u0111\u01b0\u1ee3c b\u1eadt, cho ph\u00e9p b\u1ed9 ch\u1ec9nh chuy\u1ec3n m\u00e3 lu\u1ed3ng ngay l\u1eadp t\u1ee9c. \u0110i\u1ec1u n\u00e0y c\u00f3 th\u1ec3 gi\u00fap gi\u1ea3m vi\u1ec7c chuy\u1ec3n m\u00e3 do Emby Server y\u00eau c\u1ea7u.",
    "MetadataSettingChangeHelp": "Thay \u0111\u1ed5i c\u00e0i \u0111\u1eb7t si\u00eau d\u1eef li\u1ec7u s\u1ebd \u1ea3nh h\u01b0\u1edfng \u0111\u1ebfn n\u1ed9i dung m\u1edbi \u0111\u01b0\u1ee3c th\u00eam v\u00e0o trong t\u01b0\u01a1ng lai. \u0110\u1ec3 l\u00e0m m\u1edbi n\u1ed9i dung hi\u1ec7n c\u00f3, h\u00e3y m\u1edf m\u00e0n h\u00ecnh chi ti\u1ebft v\u00e0 nh\u1ea5p v\u00e0o n\u00fat l\u00e0m m\u1edbi ho\u1eb7c th\u1ef1c hi\u1ec7n l\u00e0m m\u1edbi h\u00e0ng lo\u1ea1t b\u1eb1ng tr\u00ecnh qu\u1ea3n l\u00fd si\u00eau d\u1eef li\u1ec7u.",
    "RecordingPathChangeMessage": "Vi\u1ec7c thay \u0111\u1ed5i th\u01b0 m\u1ee5c ghi \u00e2m s\u1ebd kh\u00f4ng di chuy\u1ec3n c\u00e1c b\u1ea3n ghi \u00e2m hi\u1ec7n c\u00f3 t\u1eeb v\u1ecb tr\u00ed c\u0169 sang v\u1ecb tr\u00ed m\u1edbi. B\u1ea1n s\u1ebd c\u1ea7n ph\u1ea3i di chuy\u1ec3n ch\u00fang theo c\u00e1ch th\u1ee7 c\u00f4ng n\u1ebfu mu\u1ed1n.",
    "LabelLocalIpAddress": "\u0110\u1ecba ch\u1ec9 IP c\u1ee5c b\u1ed9",
    "LabelBindToLocalNetworkAddressHelp": "T\u00f9y ch\u1ecdn. Ghi \u0111\u00e8 \u0111\u1ecba ch\u1ec9 IP c\u1ee5c b\u1ed9 m\u00e0 Emby Server s\u1ebd hi\u1ec3n th\u1ecb cho c\u00e1c \u1ee9ng d\u1ee5ng Emby. N\u1ebfu \u0111\u1ec3 tr\u1ed1ng, m\u00e1y ch\u1ee7 s\u1ebd t\u1ef1 \u0111\u1ed9ng ph\u00e1t hi\u1ec7n \u0111\u1ecba ch\u1ec9 IP c\u1ee5c b\u1ed9.",
    "SettingsWarning": "Thay \u0111\u1ed5i c\u00e1c gi\u00e1 tr\u1ecb n\u00e0y c\u00f3 th\u1ec3 g\u00e2y ra s\u1ef1 m\u1ea5t \u1ed5n \u0111\u1ecbnh ho\u1eb7c l\u1ed7i k\u1ebft n\u1ed1i. N\u1ebfu b\u1ea1n g\u1eb7p b\u1ea5t k\u1ef3 s\u1ef1 c\u1ed1 n\u00e0o, ch\u00fang t\u00f4i khuy\u00ean b\u1ea1n n\u00ean \u0111\u1ed5i ch\u00fang v\u1ec1 m\u1eb7c \u0111\u1ecbnh.",
    "OptionSaveMetadataAsHiddenHelp": "Thay \u0111\u1ed5i n\u00e0y s\u1ebd \u00e1p d\u1ee5ng cho si\u00eau d\u1eef li\u1ec7u m\u1edbi \u0111\u01b0\u1ee3c l\u01b0u trong t\u01b0\u01a1ng lai. C\u00e1c t\u1ec7p si\u00eau d\u1eef li\u1ec7u hi\u1ec7n c\u00f3 s\u1ebd \u0111\u01b0\u1ee3c c\u1eadp nh\u1eadt v\u00e0o l\u1ea7n ti\u1ebfp theo ch\u00fang \u0111\u01b0\u1ee3c l\u01b0u b\u1edfi Emby Server.",
    "EnablePhotos": "B\u1eadt \u1ea3nh",
    "EnablePhotosHelp": "\u1ea2nh s\u1ebd \u0111\u01b0\u1ee3c ph\u00e1t hi\u1ec7n v\u00e0 hi\u1ec3n th\u1ecb c\u00f9ng v\u1edbi c\u00e1c t\u1ec7p ph\u01b0\u01a1ng ti\u1ec7n kh\u00e1c.",
    "ImportPlaylists": "Nh\u1eadp t\u1ec7p danh s\u00e1ch ph\u00e1t",
    "ImportPlaylistsHelp": "Danh s\u00e1ch ph\u00e1t t\u00ecm th\u1ea5y trong th\u01b0 m\u1ee5c ph\u01b0\u01a1ng ti\u1ec7n c\u1ee7a b\u1ea1n c\u00f3 th\u1ec3 \u0111\u01b0\u1ee3c nh\u1eadp v\u00e0o Emby Server.",
    "SaveThumbnailImagesIntoMediaFolders": "L\u01b0u h\u00ecnh thu nh\u1ecf xem tr\u01b0\u1edbc video v\u00e0o th\u01b0 m\u1ee5c ph\u01b0\u01a1ng ti\u1ec7n",
    "LabelGenerateVideoPreviewThumbnails": "T\u1ea1o h\u00ecnh thu nh\u1ecf xem tr\u01b0\u1edbc video",
    "LabelEnableDebugLogging": "B\u1eadt ghi nh\u1eadt k\u00fd g\u1ee1 l\u1ed7i",
    "OptionEnableExternalContentInSuggestions": "Cho ph\u00e9p n\u1ed9i dung b\u00ean ngo\u00e0i trong c\u00e1c \u0111\u1ec1 xu\u1ea5t",
    "OptionEnableExternalContentInSuggestionsHelp": "Cho ph\u00e9p \u0111\u01b0a \u0111o\u1ea1n gi\u1edbi thi\u1ec7u tr\u00ean internet v\u00e0 ch\u01b0\u01a1ng tr\u00ecnh truy\u1ec1n h\u00ecnh tr\u1ef1c ti\u1ebfp v\u00e0o n\u1ed9i dung \u0111\u01b0\u1ee3c \u0111\u1ec1 xu\u1ea5t",
    "LabelOptionalNetworkPath": "(T\u00f9y ch\u1ecdn) Th\u01b0 m\u1ee5c m\u1ea1ng chia s\u1ebb",
    "LabelOptionalNetworkPathHelp": "N\u1ebfu th\u01b0 m\u1ee5c n\u00e0y \u0111\u01b0\u1ee3c chia s\u1ebb tr\u00ean m\u1ea1ng c\u1ee7a b\u1ea1n, vi\u1ec7c cung c\u1ea5p \u0111\u01b0\u1eddng d\u1eabn chia s\u1ebb m\u1ea1ng c\u00f3 th\u1ec3 cho ph\u00e9p c\u00e1c \u1ee9ng d\u1ee5ng Emby tr\u00ean c\u00e1c thi\u1ebft b\u1ecb kh\u00e1c truy c\u1eadp tr\u1ef1c ti\u1ebfp v\u00e0o c\u00e1c t\u1ec7p ph\u01b0\u01a1ng ti\u1ec7n.",
    "SynologyUpdateInstructions": "Vui l\u00f2ng \u0111\u0103ng nh\u1eadp v\u00e0o DSM v\u00e0 v\u00e0o Trung t\u00e2m g\u00f3i \u0111\u1ec3 c\u1eadp nh\u1eadt.",
    "HeaderRecordingPostProcessing": "Ghi l\u1ea1i qu\u00e1 tr\u00ecnh x\u1eed l\u00fd h\u1eadu k\u1ef3",
    "LabelPostProcessorArguments": "\u0110\u1ed1i s\u1ed1 d\u00f2ng l\u1ec7nh h\u1eadu x\u1eed l\u00fd",
    "PostProcessorArgumentsHelp": "C\u00e1c bi\u1ebfn sau \u0111\u01b0\u1ee3c h\u1ed7 tr\u1ee3 trong d\u00f2ng l\u1ec7nh \u0111\u1ec3 cho ph\u00e9p truy\u1ec1n d\u1eef li\u1ec7u \u0111\u1ebfn b\u1ed9 x\u1eed l\u00fd h\u1eadu k\u1ef3 c\u1ee7a b\u1ea1n",
    "LabelPostProcessor": "\u1ee8ng d\u1ee5ng x\u1eed l\u00fd h\u1eadu k\u1ef3",
    "DvrPostProcessorPathArgument": "{path}: \u0110\u01b0\u1eddng d\u1eabn \u0111\u1ea7y \u0111\u1ee7 \u0111\u1ebfn t\u1ec7p ghi \u00e2m m\u1edbi",
    "OptionAutomaticallyGroupSeries": "T\u1ef1 \u0111\u1ed9ng h\u1ee3p nh\u1ea5t c\u00e1c chu\u1ed7i \u0111\u01b0\u1ee3c ph\u00e2n b\u1ed5 tr\u00ean nhi\u1ec1u th\u01b0 m\u1ee5c",
    "OptionAutomaticallyGroupSeriesHelp": "N\u1ebfu \u0111\u01b0\u1ee3c b\u1eadt, c\u00e1c chu\u1ed7i truy\u1ec7n n\u1eb1m r\u1ea3i r\u00e1c tr\u00ean nhi\u1ec1u th\u01b0 m\u1ee5c trong th\u01b0 vi\u1ec7n n\u00e0y s\u1ebd t\u1ef1 \u0111\u1ed9ng \u0111\u01b0\u1ee3c h\u1ee3p nh\u1ea5t th\u00e0nh m\u1ed9t chu\u1ed7i truy\u1ec7n duy nh\u1ea5t.",
    "WhenDidYouPurchaseApp": "B\u1ea1n mua \u1ee9ng d\u1ee5ng n\u00e0y l\u1ea7n \u0111\u1ea7u ti\u00ean khi n\u00e0o?",
    "PreferEmbeddedTitlesOverFileNames": "\u01afu ti\u00ean ti\u00eau \u0111\u1ec1 nh\u00fang h\u01a1n t\u00ean t\u1ec7p",
    "PreferEmbeddedTitlesOverFileNamesHelp": "\u0110i\u1ec1u n\u00e0y x\u00e1c \u0111\u1ecbnh ti\u00eau \u0111\u1ec1 hi\u1ec3n th\u1ecb m\u1eb7c \u0111\u1ecbnh khi kh\u00f4ng c\u00f3 si\u00eau d\u1eef li\u1ec7u internet ho\u1eb7c si\u00eau d\u1eef li\u1ec7u c\u1ee5c b\u1ed9 n\u00e0o kh\u1ea3 d\u1ee5ng.",
    "FriendlyNameForReferenceHelp": "T\u00ean th\u00e2n thi\u1ec7n d\u00f9ng \u0111\u1ec3 hi\u1ec3n th\u1ecb, cho m\u1ee5c \u0111\u00edch tham kh\u1ea3o c\u1ee7a b\u1ea1n.",
    "HeaderLiveTvTunerSetup": "C\u00e0i \u0111\u1eb7t b\u1ed9 d\u00f2 TV tr\u1ef1c ti\u1ebfp",
    "HeaderTVSourceSetup": "Thi\u1ebft l\u1eadp ngu\u1ed3n TV",
    "HeaderDetectMyDevices": "Ph\u00e1t hi\u1ec7n thi\u1ebft b\u1ecb",
    "MessagePleaseWait": "Vui l\u00f2ng \u0111\u1ee3i. Qu\u00e1 tr\u00ecnh n\u00e0y c\u00f3 th\u1ec3 m\u1ea5t m\u1ed9t ph\u00fat.",
    "DetectingDevices": "Thi\u1ebft b\u1ecb ph\u00e1t hi\u1ec7n",
    "LabelAutomaticallyRefreshInternetMetadataEvery": "Sau khi nh\u1eadp ban \u0111\u1ea7u, t\u1ef1 \u0111\u1ed9ng l\u00e0m m\u1edbi si\u00eau d\u1eef li\u1ec7u t\u1eeb internet",
    "LabelPlaceholderMetadataRefreshInternetMetadataEvery": "T\u1ef1 \u0111\u1ed9ng l\u00e0m m\u1edbi si\u00eau d\u1eef li\u1ec7u cho c\u00e1c t\u1eadp phim c\u00f3 ti\u00eau \u0111\u1ec1 gi\u1eef ch\u1ed7 nh\u01b0 TBA",
    "EveryNDays": "M\u1ed7i {0} ng\u00e0y",
    "NDays": "{0} ng\u00e0y",
    "LabelCertificatePassword": "M\u1eadt kh\u1ea9u ch\u1ee9ng ch\u1ec9",
    "LabelCertificatePasswordHelp": "N\u1ebfu ch\u1ee9ng ch\u1ec9 c\u1ee7a b\u1ea1n y\u00eau c\u1ea7u m\u1eadt kh\u1ea9u, vui l\u00f2ng nh\u1eadp m\u1eadt kh\u1ea9u \u1edf \u0111\u00e2y.",
    "HeaderNewLibrary": "Th\u01b0 vi\u1ec7n m\u1edbi",
    "HttpsRequiresCert": "\u0110\u1ec3 b\u1eadt k\u1ebft n\u1ed1i an to\u00e0n, b\u1ea1n s\u1ebd c\u1ea7n cung c\u1ea5p ch\u1ee9ng ch\u1ec9 SSL \u0111\u00e1ng tin c\u1eady, ch\u1eb3ng h\u1ea1n nh\u01b0 Lets Encrypt. Vui l\u00f2ng cung c\u1ea5p ch\u1ee9ng ch\u1ec9 ho\u1eb7c t\u1eaft k\u1ebft n\u1ed1i an to\u00e0n.",
    "ServerRestartNeededAfterPluginInstall": "M\u00e1y ch\u1ee7 Emby s\u1ebd c\u1ea7n ph\u1ea3i kh\u1edfi \u0111\u1ed9ng l\u1ea1i sau khi c\u00e0i \u0111\u1eb7t plugin.",
    "PluginInstalledMessage": "M\u00e1y ch\u1ee7 Emby s\u1ebd c\u1ea7n ph\u1ea3i kh\u1edfi \u0111\u1ed9ng l\u1ea1i sau khi c\u00e0i \u0111\u1eb7t plugin.",
    "MessagePremiereStatusGood": "B\u1ea1n c\u00f3 g\u00f3i {0} Emby Premiere v\u00e0 m\u1ee9c s\u1eed d\u1ee5ng thi\u1ebft b\u1ecb c\u1ee7a b\u1ea1n n\u1eb1m trong gi\u1edbi h\u1ea1n cho ph\u00e9p.",
    "MessagePremiereStatusClose": "B\u1ea1n c\u00f3 g\u00f3i {0} Emby Premiere nh\u01b0ng m\u1ee9c s\u1eed d\u1ee5ng thi\u1ebft b\u1ecb c\u1ee7a b\u1ea1n \u0111\u00e3 g\u1ea7n \u0111\u1ea1t \u0111\u1ebfn gi\u1edbi h\u1ea1n.",
    "MessagePremiereExtendedPlans": "Xem x\u00e9t m\u1ed9t {0}g\u00f3i thi\u1ebft b\u1ecb m\u1edf r\u1ed9ng{1}",
    "MessagePremiereStatusOver": "B\u1ea1n c\u00f3 g\u00f3i {0} Emby Premiere nh\u01b0ng \u0111\u00e3 v\u01b0\u1ee3t qu\u00e1 gi\u1edbi h\u1ea1n thi\u1ebft b\u1ecb!",
    "ListItemPremiereSub": "{0} \u0111\u0103ng k\u00fd mua qua {2} h\u1ebft h\u1ea1n {1}",
    "LabelClickToManage": "Nh\u1ea5p \u0111\u1ec3 qu\u1ea3n l\u00fd \u0111\u0103ng k\u00fd n\u00e0y",
    "LabelCancelInfo": "B\u1ea1n c\u00f3 th\u1ec3 qu\u1ea3n l\u00fd \u0111\u0103ng k\u00fd n\u00e0y tr\u1ef1c ti\u1ebfp v\u1edbi {0}",
    "LabelAlreadyCanceled": "B\u1ea1n c\u00f3 th\u1ec3 qu\u1ea3n l\u00fd \u0111\u0103ng k\u00fd n\u00e0y tr\u1ef1c ti\u1ebfp v\u1edbi {0}",
    "HeaderCancelSub": "H\u1ee7y b\u1ecf Emby Premiere",
    "MessageConfirmSubCancel": "KH\u00d4NG, xin \u0111\u1eebng \u0111i... B\u1ea1n s\u1ebd b\u1ecf l\u1ee1 t\u1ea5t c\u1ea3 c\u00e1c t\u00ednh n\u0103ng tuy\u1ec7t v\u1eddi c\u1ee7a Emby Premiere!",
    "ButtonCancelSub": "T\u00f4i bi\u1ebft, h\u1ee7y n\u00f3 \u0111i",
    "ButtonDontCancelSub": "Gi\u1eef Emby Premiere",
    "MessageSubCancelReqSent": "M\u1ed9t email \u0111\u00e3 \u0111\u01b0\u1ee3c g\u1eedi \u0111\u1ebfn ch\u1ee7 s\u1edf h\u1eefu c\u1ee7a kh\u00f3a. Vui l\u00f2ng l\u00e0m theo h\u01b0\u1edbng d\u1eabn trong email \u0111\u00f3 \u0111\u1ec3 ho\u00e0n t\u1ea5t vi\u1ec7c h\u1ee7y \u0111\u0103ng k\u00fd n\u00e0y. Ch\u00fang t\u00f4i hy v\u1ecdng s\u1edbm g\u1eb7p l\u1ea1i b\u1ea1n",
    "MessageSubCancelError": "C\u00f3 l\u1ed7i x\u1ea3y ra khi c\u1ed1 g\u1eafng h\u1ee7y. Vui l\u00f2ng g\u1eedi email \u0111\u1ebfn {0} v\u00e0 ch\u00fang t\u00f4i s\u1ebd gi\u1ea3i quy\u1ebft cho b\u1ea1n.",
    "LabelAlreadyCancelled": "\u0110\u0103ng k\u00fd n\u00e0y \u0111\u00e3 b\u1ecb h\u1ee7y. B\u1ea1n s\u1ebd kh\u00f4ng b\u1ecb t\u00ednh ph\u00ed n\u1eefa nh\u01b0ng c\u00e1c t\u00ednh n\u0103ng s\u1ebd ho\u1ea1t \u0111\u1ed9ng cho \u0111\u1ebfn ng\u00e0y n\u00eau tr\u00ean.",
    "AllowOnTheFlySubtitleExtraction": "Cho ph\u00e9p tr\u00edch xu\u1ea5t ph\u1ee5 \u0111\u1ec1 ngay l\u1eadp t\u1ee9c\n",
    "AllowOnTheFlySubtitleExtractionHelp": "Ph\u1ee5 \u0111\u1ec1 nh\u00fang c\u00f3 th\u1ec3 \u0111\u01b0\u1ee3c tr\u00edch xu\u1ea5t t\u1eeb video v\u00e0 chuy\u1ec3n \u0111\u1ebfn c\u00e1c \u1ee9ng d\u1ee5ng Emby d\u01b0\u1edbi d\u1ea1ng v\u0103n b\u1ea3n thu\u1ea7n t\u00fay \u0111\u1ec3 gi\u00fap ng\u0103n ch\u1eb7n vi\u1ec7c chuy\u1ec3n m\u00e3 video. Tr\u00ean m\u1ed9t s\u1ed1 h\u1ec7 th\u1ed1ng, qu\u00e1 tr\u00ecnh n\u00e0y c\u00f3 th\u1ec3 m\u1ea5t th\u1eddi gian v\u00e0 g\u00e2y gi\u00e1n \u0111o\u1ea1n khi ph\u00e1t video trong khi tr\u00edch xu\u1ea5t. T\u1eaft t\u00ednh n\u0103ng n\u00e0y \u0111\u1ec3 ph\u1ee5 \u0111\u1ec1 nh\u00fang \u0111\u01b0\u1ee3c g\u1eafn tr\u1ef1c ti\u1ebfp v\u00e0o video trong qu\u00e1 tr\u00ecnh chuy\u1ec3n m\u00e3 khi ch\u00fang kh\u00f4ng \u0111\u01b0\u1ee3c h\u1ed7 tr\u1ee3 natively b\u1edfi thi\u1ebft b\u1ecb kh\u00e1ch.",
    "EnableDebugLoggingHelp": "Ch\u1ec9 n\u00ean b\u1eadt ghi nh\u1eadt k\u00fd g\u1ee1 l\u1ed7i khi c\u1ea7n thi\u1ebft cho m\u1ee5c \u0111\u00edch kh\u1eafc ph\u1ee5c s\u1ef1 c\u1ed1. Vi\u1ec7c t\u0103ng quy\u1ec1n truy c\u1eadp h\u1ec7 th\u1ed1ng t\u1ec7p c\u00f3 th\u1ec3 ng\u0103n m\u00e1y ch\u1ee7 kh\u00f4ng th\u1ec3 ng\u1ee7 trong m\u1ed9t s\u1ed1 m\u00f4i tr\u01b0\u1eddng.",
    "LabelSimultaneousConnectionLimit": "Gi\u1edbi h\u1ea1n lu\u1ed3ng \u0111\u1ed3ng th\u1eddi",
    "SimultaneousConnectionLimitHelp": "S\u1ed1 l\u01b0\u1ee3ng lu\u1ed3ng \u0111\u1ed3ng th\u1eddi t\u1ed1i \u0111a \u0111\u01b0\u1ee3c ph\u00e9p. Nh\u1eadp 0 \u0111\u1ec3 kh\u00f4ng gi\u1edbi h\u1ea1n.",
    "LaunchWebAppOnStartup": "Kh\u1edfi ch\u1ea1y \u1ee9ng d\u1ee5ng web Emby trong tr\u00ecnh duy\u1ec7t web c\u1ee7a t\u00f4i khi Emby Server kh\u1edfi \u0111\u1ed9ng",
    "LaunchWebAppOnStartupHelp": "Kh\u1edfi ch\u1ea1y \u1ee9ng d\u1ee5ng web Emby trong tr\u00ecnh duy\u1ec7t web c\u1ee7a t\u00f4i khi Emby Server kh\u1edfi \u0111\u1ed9ng",
    "LabelReferrerHeader": "Ti\u00eau \u0111\u1ec1 http gi\u1edbi thi\u1ec7u",
    "LabelUserAgentHeader": "Ti\u00eau \u0111\u1ec1 HTTP c\u1ee7a t\u00e1c nh\u00e2n ng\u01b0\u1eddi d\u00f9ng",
    "SupplyCustomValueIfNeeded": "Cung c\u1ea5p gi\u00e1 tr\u1ecb ti\u00eau \u0111\u1ec1 http t\u00f9y ch\u1ec9nh n\u1ebfu c\u1ea7n.",
    "HeaderConfigureRemoteAccess": "C\u1ea5u h\u00ecnh truy c\u1eadp t\u1eeb xa",
    "LearnHowToCreateSynologyShares": "T\u00ecm hi\u1ec3u c\u00e1ch chia s\u1ebb th\u01b0 m\u1ee5c",
    "LabelAllowedRemoteAddresses": "B\u1ed9 l\u1ecdc \u0111\u1ecba ch\u1ec9 IP t\u1eeb xa",
    "LabelAllowedRemoteAddressesMode": "Ch\u1ebf \u0111\u1ed9 l\u1ecdc \u0111\u1ecba ch\u1ec9 IP t\u1eeb xa",
    "Whitelist": "Danh s\u00e1ch tr\u1eafng",
    "Blacklist": "Danh s\u00e1ch \u0111en",
    "AllowedRemoteAddressesHelp": "Danh s\u00e1ch ph\u00e2n c\u00e1ch b\u1eb1ng d\u1ea5u ph\u1ea9y c\u00e1c \u0111\u1ecba ch\u1ec9 IP ho\u1eb7c m\u1ee5c nh\u1eadp IP\/m\u1eb7t n\u1ea1 m\u1ea1ng cho c\u00e1c m\u1ea1ng s\u1ebd \u0111\u01b0\u1ee3c ph\u00e9p k\u1ebft n\u1ed1i t\u1eeb xa. N\u1ebfu \u0111\u1ec3 tr\u1ed1ng, t\u1ea5t c\u1ea3 c\u00e1c \u0111\u1ecba ch\u1ec9 t\u1eeb xa s\u1ebd \u0111\u01b0\u1ee3c ph\u00e9p.",
    "LabelLanNetworks": "M\u1ea1ng LAN",
    "LanNetworksHelpText": "Comma separated list of IP addresses or IP\/netmask entries for networks that will be considered on local network when enforcing bandwidth and remote access restrictions. If set, all other IP addresses will be considered to be on the external network. If left blank, only the server's subnet and common private IP subnets (192.168.0.0\/24, 172.16.0.0\/12, etc.) are considered to be on the local network.",
    "LabelSecureConnectionsMode": "Ch\u1ebf \u0111\u1ed9 k\u1ebft n\u1ed1i an to\u00e0n",
    "PreferredNotRequired": "\u0110\u01b0\u1ee3c \u01b0u ti\u00ean nh\u01b0ng kh\u00f4ng b\u1eaft bu\u1ed9c",
    "RequiredForAllRemoteConnections": "Y\u00eau c\u1ea7u \u0111\u1ed1i v\u1edbi t\u1ea5t c\u1ea3 c\u00e1c k\u1ebft n\u1ed1i t\u1eeb xa",
    "HandledByProxy": "\u0110\u01b0\u1ee3c x\u1eed l\u00fd b\u1edfi proxy ng\u01b0\u1ee3c",
    "SaveSubtitlesIntoMediaFolders": "L\u01b0u ph\u1ee5 \u0111\u1ec1 \u0111\u00e3 t\u1ea3i xu\u1ed1ng v\u00e0o th\u01b0 m\u1ee5c ph\u01b0\u01a1ng ti\u1ec7n",
    "SaveSubtitlesIntoMediaFoldersHelp": "L\u01b0u ph\u1ee5 \u0111\u1ec1 b\u00ean c\u1ea1nh t\u1ec7p video s\u1ebd gi\u00fap qu\u1ea3n l\u00fd ch\u00fang d\u1ec5 d\u00e0ng h\u01a1n.",
    "AutomaticSubtitleDownloadInstructions": "\u0110\u1ec3 qu\u1ea3n l\u00fd vi\u1ec7c t\u1ea3i xu\u1ed1ng ph\u1ee5 \u0111\u1ec1 t\u1ef1 \u0111\u1ed9ng, h\u00e3y nh\u1ea5p v\u00e0o th\u01b0 vi\u1ec7n trong thi\u1ebft l\u1eadp th\u01b0 vi\u1ec7n Emby v\u00e0 s\u1eeda c\u00e0i \u0111\u1eb7t t\u1ea3i xu\u1ed1ng ph\u1ee5 \u0111\u1ec1 cho th\u01b0 vi\u1ec7n \u0111\u00f3.\n",
    "ProviderNeedsSetupWithUrl": "{0} y\u00eau c\u1ea7u thi\u1ebft l\u1eadp b\u1ed5 sung tr\u00ean m\u00e0n h\u00ecnh {1}c\u00e0i \u0111\u1eb7t{2} trong Emby Server.",
    "LabelEnableHardwareAcceleration": "B\u1eadt t\u0103ng t\u1ed1c ph\u1ea7n c\u1ee9ng khi c\u00f3 th\u1ec3",
    "HeaderPreferredHardwareDecoders": "B\u1ed9 gi\u1ea3i m\u00e3 ph\u1ea7n c\u1ee9ng \u01b0a th\u00edch",
    "HeaderPreferredHardwareEncoders": "B\u1ed9 m\u00e3 h\u00f3a ph\u1ea7n c\u1ee9ng \u01b0a th\u00edch",
    "AllowChangingImageAndPassword": "Cho ph\u00e9p ng\u01b0\u1eddi d\u00f9ng n\u00e0y thay \u0111\u1ed5i m\u1eadt kh\u1ea9u v\u00e0 \u1ea3nh \u0111\u1ea1i di\u1ec7n c\u1ee7a h\u1ecd",
    "LabelSimultaneousStreamLimit": "T\u1ed1i \u0111a lu\u1ed3ng video \u0111\u1ed3ng th\u1eddi",
    "SimultaneousStreamLimitHelp": "Gi\u1edbi h\u1ea1n s\u1ed1 l\u01b0\u1ee3ng phi\u00ean ph\u00e1t l\u1ea1i video \u0111\u1ed3ng th\u1eddi.",
    "LabelMusicFolderStructure": "C\u1ea5u tr\u00fac th\u01b0 m\u1ee5c nh\u1ea1c",
    "LabelMusicFolderStructureHelp": "\u0110i\u1ec1u n\u00e0y cung c\u1ea5p g\u1ee3i \u00fd cho m\u00e1y qu\u00e9t th\u01b0 vi\u1ec7n v\u1ec1 c\u00e1ch s\u1eafp x\u1ebfp c\u00e1c th\u01b0 m\u1ee5c c\u1ee7a b\u1ea1n. N\u1ebfu b\u1ea1n kh\u00f4ng ch\u1eafc ch\u1eafn ho\u1eb7c n\u1ebfu c\u00e1c th\u01b0 m\u1ee5c c\u1ee7a b\u1ea1n kh\u00f4ng kh\u1edbp ch\u00ednh x\u00e1c v\u1edbi m\u1ed9t trong c\u00e1c t\u00f9y ch\u1ecdn, vui l\u00f2ng ch\u1ecdn t\u00f9y ch\u1ecdn m\u1eb7c \u0111\u1ecbnh l\u00e0 Kh\u00e1c.",
    "OtherOrUnstructured": "Kh\u00e1c ho\u1eb7c kh\u00f4ng c\u00f3 c\u1ea5u tr\u00fac",
    "PerfectArtistAlbumTrack": "\u0110\u01b0\u1ee3c s\u1eafp x\u1ebfp ho\u00e0n h\u1ea3o v\u00e0o th\u01b0 m\u1ee5c ngh\u1ec7 s\u0129\\album, v\u1edbi c\u00e1c b\u1ea3n nh\u1ea1c n\u1eb1m tr\u1ef1c ti\u1ebfp trong th\u01b0 m\u1ee5c album.",
    "PerfectAlbumTrack": "\u0110\u01b0\u1ee3c s\u1eafp x\u1ebfp ho\u00e0n h\u1ea3o v\u00e0o c\u00e1c th\u01b0 m\u1ee5c album, v\u1edbi c\u00e1c b\u1ea3n nh\u1ea1c n\u1eb1m tr\u1ef1c ti\u1ebfp trong th\u01b0 m\u1ee5c album.",
    "LabelMinCollectionSize": "K\u00edch th\u01b0\u1edbc thu th\u1eadp t\u1ef1 \u0111\u1ed9ng t\u1ed1i thi\u1ec3u",
    "PerfectAuthorAudioBookTrack": "\u0110\u01b0\u1ee3c s\u1eafp x\u1ebfp ho\u00e0n h\u1ea3o v\u00e0o c\u00e1c th\u01b0 m\u1ee5c t\u00e1c gi\u1ea3\\cu\u1ed1n s\u00e1ch, v\u1edbi c\u00e1c t\u1ec7p \u00e2m thanh n\u1eb1m tr\u1ef1c ti\u1ebfp trong c\u00e1c th\u01b0 m\u1ee5c cu\u1ed1n s\u00e1ch.",
    "PerfectAudioBookTrack": "M\u1ed7i cu\u1ed1n s\u00e1ch \u0111\u01b0\u1ee3c s\u1eafp x\u1ebfp v\u00e0o m\u1ed9t th\u01b0 m\u1ee5c ri\u00eang, c\u00e1c t\u1ec7p \u00e2m thanh \u0111\u01b0\u1ee3c \u0111\u1eb7t tr\u1ef1c ti\u1ebfp trong th\u01b0 m\u1ee5c s\u00e1ch \u0111\u00f3.",
    "MinCollectionSizeHelp": "T\u1ef1 \u0111\u1ed9ng t\u1ea1o b\u1ed9 s\u01b0u t\u1eadp khi b\u1ea1n c\u00f3 \u00edt nh\u1ea5t s\u1ed1 l\u01b0\u1ee3ng ti\u00eau \u0111\u1ec1 \u0111\u00e3 ch\u1ecdn trong th\u01b0 vi\u1ec7n c\u1ee7a m\u00ecnh. Thay \u0111\u1ed5i gi\u00e1 tr\u1ecb n\u00e0y s\u1ebd kh\u00f4ng \u1ea3nh h\u01b0\u1edfng \u0111\u1ebfn b\u1ed9 s\u01b0u t\u1eadp hi\u1ec7n c\u00f3.",
    "LabelImportCollections": "Nh\u1eadp th\u00f4ng tin b\u1ed9 s\u01b0u t\u1eadp t\u1eeb tr\u00ecnh t\u1ea3i xu\u1ed1ng si\u00eau d\u1eef li\u1ec7u",
    "LabelImportCollectionsHelp": "Khi \u0111\u01b0\u1ee3c b\u1eadt, t\u00ednh n\u0103ng n\u00e0y s\u1ebd nh\u1eadp th\u00f4ng tin b\u1ed9 s\u01b0u t\u1eadp t\u1eeb tr\u00ecnh t\u1ea3i xu\u1ed1ng si\u00eau d\u1eef li\u1ec7u \u0111\u00e3 b\u1eadt c\u1ee7a b\u1ea1n. \u0110i\u1ec1u n\u00e0y c\u00f3 th\u1ec3 khi\u1ebfn c\u00e1c b\u1ed9 s\u01b0u t\u1eadp kh\u00f4ng mong mu\u1ed1n \u0111\u01b0\u1ee3c t\u1ef1 \u0111\u1ed9ng t\u1ea1o. T\u1eaft s\u1ebd ng\u0103n c\u00e1c b\u1ed9 s\u01b0u t\u1eadp trong t\u01b0\u01a1ng lai \u0111\u01b0\u1ee3c t\u1ef1 \u0111\u1ed9ng t\u1ea1o, nh\u01b0ng s\u1ebd kh\u00f4ng x\u00f3a c\u00e1c b\u1ed9 s\u01b0u t\u1eadp hi\u1ec7n c\u00f3.",
    "LabelAllowAdultMetadata": "Cho ph\u00e9p si\u00eau d\u1eef li\u1ec7u phim XXX",
    "LabelAllowAdultMetadataHelp": "Cho ph\u00e9p kh\u1edbp ti\u00eau \u0111\u1ec1 n\u1ed9i dung ng\u01b0\u1eddi l\u1edbn khi t\u00ecm ki\u1ebfm si\u00eau d\u1eef li\u1ec7u tr\u00ean internet",
    "HeaderVideoPreviewThumbnails": "H\u00ecnh thu nh\u1ecf xem tr\u01b0\u1edbc video",
    "LabelEnableHDRToneMapping": "B\u1eadt \u00e1nh x\u1ea1 t\u00f4ng m\u00e0u HDR",
    "EnableHDRToneMappingHelp": "Tone mapping s\u1ebd \u0111\u1ea3m b\u1ea3o chuy\u1ec3n \u0111\u1ed5i m\u00e0u ch\u00ednh x\u00e1c khi chuy\u1ec3n m\u00e3 n\u1ed9i dung HDR, n\u1ebfu kh\u00f4ng, n\u1ed9i dung n\u00e0y s\u1ebd b\u1ecb m\u1edd v\u00e0 m\u1ea5t \u0111\u1ed9 b\u00e3o h\u00f2a. C\u00f3 th\u1ec3 c\u1ea7n th\u00eam c\u00e1c th\u00e0nh ph\u1ea7n tr\u00ecnh \u0111i\u1ec1u khi\u1ec3n \u0111\u1ec3 h\u1ed7 tr\u1ee3 t\u0103ng t\u1ed1c ph\u1ea7n c\u1ee9ng khi b\u1eadt t\u00ednh n\u0103ng n\u00e0y. Vui l\u00f2ng xem h\u01b0\u1edbng d\u1eabn thi\u1ebft l\u1eadp t\u0103ng t\u1ed1c ph\u1ea7n c\u1ee9ng c\u1ee7a ch\u00fang t\u00f4i \u0111\u1ec3 bi\u1ebft chi ti\u1ebft.",
    "WithHardwareAcceleratedTranscoding": "C\u00f3, ch\u1ec9 v\u1edbi kh\u1ea3 n\u0103ng t\u0103ng t\u1ed1c ph\u1ea7n c\u1ee9ng",
    "TranscodingStillInitializing": "D\u1ecbch v\u1ee5 chuy\u1ec3n m\u00e3 Emby Server v\u1eabn \u0111ang b\u1eadn kh\u1edfi \u0111\u1ed9ng. M\u00e0n h\u00ecnh n\u00e0y s\u1ebd t\u1ef1 \u0111\u1ed9ng l\u00e0m m\u1edbi khi d\u1ecbch v\u1ee5 chuy\u1ec3n m\u00e3 s\u1eb5n s\u00e0ng.",
    "WithEitherHardwareOrSoftwareTranscoding": "C\u00f3, v\u1edbi c\u1ea3 chuy\u1ec3n m\u00e3 ph\u1ea7n c\u1ee9ng ho\u1eb7c ph\u1ea7n m\u1ec1m",
    "ToneMappingInHardwareDescription": "Vi\u1ec7c \u00e1nh x\u1ea1 t\u00f4ng m\u00e0u s\u1ebd \u0111\u01b0\u1ee3c th\u1ef1c hi\u1ec7n v\u1edbi kh\u1ea3 n\u0103ng t\u0103ng t\u1ed1c ph\u1ea7n c\u1ee9ng khi t\u00ednh n\u0103ng n\u00e0y \u0111\u01b0\u1ee3c b\u1eadt v\u00e0 h\u1ed7 tr\u1ee3 b\u1edfi ph\u1ea7n c\u1ee9ng, v\u00e0 b\u1ecb b\u1ecf qua trong m\u1ecdi tr\u01b0\u1eddng h\u1ee3p kh\u00e1c.",
    "ToneMappingInSoftwareDescription": "\u00c1nh x\u1ea1 t\u00f4ng m\u00e0u s\u1ebd \u0111\u01b0\u1ee3c th\u1ef1c hi\u1ec7n trong ph\u1ea7n m\u1ec1m b\u1edfi CPU. \u0110i\u1ec1u n\u00e0y ch\u1eadm h\u01a1n nhi\u1ec1u so v\u1edbi \u00e1nh x\u1ea1 t\u00f4ng m\u00e0u \u0111\u01b0\u1ee3c t\u0103ng t\u1ed1c b\u1eb1ng ph\u1ea7n c\u1ee9ng v\u00e0 s\u1ebd y\u00eau c\u1ea7u m\u1ed9t m\u00e1y ch\u1ee7 r\u1ea5t m\u1ea1nh.",
    "ToneMappingInBothDescription": "Tone mapping s\u1ebd \u0111\u01b0\u1ee3c th\u1ef1c hi\u1ec7n v\u1edbi kh\u1ea3 n\u0103ng t\u0103ng t\u1ed1c ph\u1ea7n c\u1ee9ng khi \u0111\u01b0\u1ee3c ph\u1ea7n c\u1ee9ng b\u1eadt v\u00e0 h\u1ed7 tr\u1ee3, v\u00e0 s\u1ebd chuy\u1ec3n sang ph\u1ea7n m\u1ec1m trong m\u1ecdi tr\u01b0\u1eddng h\u1ee3p kh\u00e1c. Tone mapping trong ph\u1ea7n m\u1ec1m ch\u1eadm h\u01a1n nhi\u1ec1u so v\u1edbi tone mapping t\u0103ng t\u1ed1c ph\u1ea7n c\u1ee9ng v\u00e0 s\u1ebd y\u00eau c\u1ea7u m\u1ed9t m\u00e1y ch\u1ee7 r\u1ea5t m\u1ea1nh.",
    "AutoMapped": "T\u1ef1 \u0111\u1ed9ng \u00e1nh x\u1ea1",
    "ManuallyMapped": "\u0110\u00e3 l\u1eadp b\u1ea3n \u0111\u1ed3 th\u1ee7 c\u00f4ng",
    "NotMappedToGuideData": "Kh\u00f4ng \u0111\u01b0\u1ee3c \u00e1nh x\u1ea1 t\u1edbi d\u1eef li\u1ec7u h\u01b0\u1edbng d\u1eabn",
    "MappedToValue": "\u0110\u00e3 \u00e1nh x\u1ea1 t\u1edbi {0}",
    "LabelAutomaticallyWakeServerForRecordings": "T\u1ef1 \u0111\u1ed9ng b\u1eadt m\u00e1y ch\u1ee7 \u0111\u1ec3 th\u1ef1c hi\u1ec7n ghi \u00e2m",
    "LabelAutomaticallyWakeServerForRecordingsHelp": "S\u1ef1 ki\u1ec7n \u0111\u00e1nh th\u1ee9c s\u1ebd \u0111\u01b0\u1ee3c l\u00ean l\u1ecbch v\u1edbi h\u1ec7 \u0111i\u1ec1u h\u00e0nh m\u00e1y ch\u1ee7. T\u1eaft t\u00f9y ch\u1ecdn n\u00e0y s\u1ebd ng\u0103n c\u00e1c s\u1ef1 ki\u1ec7n \u0111\u00e1nh th\u1ee9c trong t\u01b0\u01a1ng lai \u0111\u01b0\u1ee3c l\u00ean l\u1ecbch nh\u01b0ng s\u1ebd kh\u00f4ng x\u00f3a b\u1ea5t k\u1ef3 s\u1ef1 ki\u1ec7n n\u00e0o \u0111\u00e3 l\u00ean l\u1ecbch tr\u01b0\u1edbc \u0111\u00f3.",
    "Database": "C\u01a1 s\u1edf d\u1eef li\u1ec7u",
    "LabelOptimizeDatabaseOnShutdown": "C\u1ed1 g\u1eafng t\u1ed1i \u01b0u h\u00f3a c\u01a1 s\u1edf d\u1eef li\u1ec7u khi m\u00e1y ch\u1ee7 t\u1eaft",
    "LabelOptimizeDatabaseOnShutdownHelp": "Ho\u1ea1t \u0111\u1ed9ng t\u1ed1i \u01b0u h\u00f3a c\u01a1 s\u1edf d\u1eef li\u1ec7u th\u01b0\u1eddng l\u00e0 ho\u1ea1t \u0111\u1ed9ng kh\u00f4ng c\u00f3 t\u00e1c d\u1ee5ng nh\u01b0ng \u0111\u00f4i khi n\u00f3 s\u1ebd ch\u1ea1y ph\u00e2n t\u00edch n\u1ebfu vi\u1ec7c n\u00e0y c\u00f3 v\u1ebb h\u1eefu \u00edch cho tr\u00ecnh l\u1eadp k\u1ebf ho\u1ea1ch truy v\u1ea5n. \u0110i\u1ec1u n\u00e0y c\u00f3 th\u1ec3 khi\u1ebfn Emby Server m\u1ea5t nhi\u1ec1u th\u1eddi gian h\u01a1n \u0111\u1ec3 t\u1eaft.",
    "LabelDatabaseCacheSize": "K\u00edch th\u01b0\u1edbc b\u1ed9 nh\u1edb \u0111\u1ec7m c\u01a1 s\u1edf d\u1eef li\u1ec7u (MB)",
    "LabelDatabaseCacheSizeHelp": "Thi\u1ebft l\u1eadp l\u01b0\u1ee3ng d\u1eef li\u1ec7u m\u00e0 c\u01a1 s\u1edf d\u1eef li\u1ec7u s\u1ebd l\u01b0u gi\u1eef trong b\u1ed9 nh\u1edb c\u00f9ng m\u1ed9t l\u00fac, tr\u00ean m\u1ed7i t\u1ec7p c\u01a1 s\u1edf d\u1eef li\u1ec7u. Gi\u00e1 tr\u1ecb l\u1edbn h\u01a1n c\u00f3 th\u1ec3 gi\u00fap c\u1ea3i thi\u1ec7n hi\u1ec7u su\u1ea5t c\u1ee7a Emby Server. C\u1ea7n kh\u1edfi \u0111\u1ed9ng l\u1ea1i m\u00e1y ch\u1ee7 \u0111\u1ec3 c\u00f3 hi\u1ec7u l\u1ef1c.",
    "LabelDatabaseAnalysisLimit": "Gi\u1edbi h\u1ea1n h\u00e0ng ph\u00e2n t\u00edch",
    "LabelDatabaseAnalysisLimitHelp": "Khi c\u01a1 s\u1edf d\u1eef li\u1ec7u \u0111\u01b0\u1ee3c t\u1ed1i \u01b0u h\u00f3a, \u0111\u00e2y l\u00e0 s\u1ed1 l\u01b0\u1ee3ng h\u00e0ng g\u1ea7n \u0111\u00fang \u0111\u01b0\u1ee3c ki\u1ec3m tra trong m\u1ed7i ch\u1ec9 m\u1ee5c b\u1edfi l\u1ec7nh ANALYZE. Gi\u00e1 tr\u1ecb l\u1edbn h\u01a1n s\u1ebd l\u00e0m t\u0103ng hi\u1ec7u qu\u1ea3 t\u1ed1i \u01b0u h\u00f3a c\u01a1 s\u1edf d\u1eef li\u1ec7u, nh\u01b0ng c\u00f3 th\u1ec3 khi\u1ebfn Emby Server m\u1ea5t nhi\u1ec1u th\u1eddi gian h\u01a1n \u0111\u1ec3 t\u1eaft m\u00e1y.",
    "LabelVacuumDb": "T\u1ed1i \u01b0u c\u01a1 s\u1edf d\u1eef li\u1ec7u khi kh\u1edfi \u0111\u1ed9ng Emby Server l\u1ea7n t\u1edbi",
    "LabelVacuumDbHelp": "Qu\u00e1 tr\u00ecnh n\u00e0y s\u1ebd t\u00e1i c\u1ea5u tr\u00fac t\u1ec7p c\u01a1 s\u1edf d\u1eef li\u1ec7u, n\u00e9n l\u1ea1i \u0111\u1ec3 s\u1eed d\u1ee5ng t\u1ed1i thi\u1ec3u dung l\u01b0\u1ee3ng \u1ed5 \u0111\u0129a. Trong m\u1ed9t s\u1ed1 tr\u01b0\u1eddng h\u1ee3p, \u0111i\u1ec1u n\u00e0y c\u00f3 th\u1ec3 c\u1ea3i thi\u1ec7n hi\u1ec7u su\u1ea5t c\u1ee7a Emby Server. L\u01b0u \u00fd r\u1eb1ng b\u1ea1n s\u1ebd kh\u00f4ng th\u1ec3 s\u1eed d\u1ee5ng Emby Server trong khi qu\u00e1 tr\u00ecnh n\u00e0y \u0111ang di\u1ec5n ra, v\u00e0 c\u0169ng kh\u00f4ng c\u00f3 c\u00e1ch n\u00e0o \u0111\u1ec3 theo d\u00f5i ti\u1ebfn tr\u00ecnh c\u1ee7a qu\u00e1 tr\u00ecnh n\u00e0y. Vui l\u00f2ng tr\u00e1nh \u0111\u00f3ng c\u01b0\u1ee1ng b\u1ee9c Emby Server trong th\u1eddi gian th\u1ef1c hi\u1ec7n qu\u00e1 tr\u00ecnh n\u00e0y v\u00ec \u0111i\u1ec1u \u0111\u00f3 c\u00f3 th\u1ec3 d\u1eabn \u0111\u1ebfn h\u1ecfng c\u01a1 s\u1edf d\u1eef li\u1ec7u. \u0110\u00e2y l\u00e0 m\u1ed9t thao t\u00e1c th\u1ef1c hi\u1ec7n m\u1ed9t l\u1ea7n, v\u00e0 t\u00f9y ch\u1ecdn n\u00e0y s\u1ebd t\u1ef1 \u0111\u1ed9ng b\u1ecb b\u1ecf ch\u1ecdn sau l\u1ea7n kh\u1edfi \u0111\u1ed9ng m\u00e1y ch\u1ee7 ti\u1ebfp theo.",
    "AdvancedOptionsWarning": "\u0110\u00e2y l\u00e0 c\u00e1c t\u00f9y ch\u1ecdn n\u00e2ng cao v\u00e0 th\u01b0\u1eddng n\u00ean \u0111\u1ec3 \u1edf m\u1eb7c \u0111\u1ecbnh tr\u1eeb khi b\u1ea1n c\u00f3 l\u00fd do \u0111\u1ec3 thay \u0111\u1ed5i ch\u00fang.",
    "HeaderRecentlyActiveDevices": "Thi\u1ebft b\u1ecb ho\u1ea1t \u0111\u1ed9ng g\u1ea7n \u0111\u00e2y",
    "YesUntilServerRestart": "C\u00f3, cho \u0111\u1ebfn khi m\u00e1y ch\u1ee7 ti\u1ebfp theo kh\u1edfi \u0111\u1ed9ng l\u1ea1i",
    "YesUntilLogRotate": "C\u00f3, cho \u0111\u1ebfn l\u1ea7n xoay v\u00f2ng t\u1ec7p nh\u1eadt k\u00fd ti\u1ebfp theo",
    "LabelSubtitleDownloadMaxAge": "H\u00e3y ng\u1eebng c\u1ed1 g\u1eafng t\u1ef1 \u0111\u1ed9ng t\u1ea3i xu\u1ed1ng ph\u1ee5 \u0111\u1ec1 cho c\u00e1c video c\u0169 h\u01a1n",
    "SubtitleDownloadMaxAgeHelp": "\u0110i\u1ec1u n\u00e0y d\u1ef1a tr\u00ean gi\u00e1 tr\u1ecb si\u00eau d\u1eef li\u1ec7u \u0111\u01b0\u1ee3c th\u00eam v\u00e0o ng\u00e0y.",
    "NoAgeLimit": "Kh\u00f4ng gi\u1edbi h\u1ea1n \u0111\u1ed9 tu\u1ed5i",
    "AnonymizeLogContents": "\u1ea8n danh n\u1ed9i dung nh\u1eadt k\u00fd",
    "Markers": "\u0110\u00e1nh d\u1ea5u",
    "LabelGenerateIntroVideoMarkers": "T\u1ea1o c\u00e1c \u0111i\u1ec3m \u0111\u00e1nh d\u1ea5u video gi\u1edbi thi\u1ec7u",
    "GenerateIntroVideoMarkersHelp": "Ph\u00e1t hi\u1ec7n ph\u1ea7n gi\u1edbi thi\u1ec7u ch\u01b0\u01a1ng tr\u00ecnh v\u00e0 hi\u1ec3n th\u1ecb n\u00fat 'B\u1ecf qua ph\u1ea7n gi\u1edbi thi\u1ec7u' trong \u1ee9ng d\u1ee5ng Emby. Ph\u00e1t hi\u1ec7n ph\u1ea7n gi\u1edbi thi\u1ec7u c\u00f3 th\u1ec3 m\u1ea5t nhi\u1ec1u th\u1eddi gian v\u00e0 g\u00e2y ra t\u00ecnh tr\u1ea1ng s\u1eed d\u1ee5ng CPU ho\u1eb7c \u0111\u0129a cao.",
    "LabelCopyFromUser": "Sao ch\u00e9p c\u00e0i \u0111\u1eb7t t\u1eeb ng\u01b0\u1eddi d\u00f9ng",
    "CopyFromUserHelp": "T\u00f9y ch\u1ecdn. T\u0103ng t\u1ed1c \u0111\u1ed9 t\u1ea1o ng\u01b0\u1eddi d\u00f9ng m\u1edbi b\u1eb1ng c\u00e1ch sao ch\u00e9p th\u00f4ng tin t\u1eeb ng\u01b0\u1eddi d\u00f9ng hi\u1ec7n c\u00f3.",
    "UserPolicy": "Ch\u00ednh s\u00e1ch ng\u01b0\u1eddi d\u00f9ng (quy\u1ec1n truy c\u1eadp th\u01b0 vi\u1ec7n v\u00e0 t\u00ednh n\u0103ng, quy\u1ec1n ki\u1ec3m so\u00e1t c\u1ee7a ph\u1ee5 huynh, v.v.)",
    "UserConfiguration": "C\u1ea5u h\u00ecnh ng\u01b0\u1eddi d\u00f9ng (ng\u00f4n ng\u1eef \u00e2m thanh v\u00e0 ph\u1ee5 \u0111\u1ec1 \u01b0a th\u00edch, th\u1ee9 t\u1ef1 th\u01b0 vi\u1ec7n, v.v.)",
    "HeaderCopyOptions": "T\u00f9y ch\u1ecdn sao ch\u00e9p",
    "LabelMultiRestrictionMode": "Ch\u1ebf \u0111\u1ed9 h\u1ea1n ch\u1ebf nhi\u1ec1u",
    "MultiRestrictionModeAll": "Cho ph\u00e9p n\u1ed9i dung ph\u00f9 h\u1ee3p v\u1edbi c\u1ea3 x\u1ebfp h\u1ea1ng v\u00e0 h\u1ea1n ch\u1ebf th\u1ebb",
    "MultiRestrictionModeAny": "Cho ph\u00e9p n\u1ed9i dung ph\u00f9 h\u1ee3p v\u1edbi x\u1ebfp h\u1ea1ng ho\u1eb7c h\u1ea1n ch\u1ebf th\u1ebb",
    "AllowMappingByChannelNumber": "Cho ph\u00e9p l\u1eadp b\u1ea3n \u0111\u1ed3 \u0111\u1ec3 h\u01b0\u1edbng d\u1eabn d\u1eef li\u1ec7u b\u1eb1ng c\u00e1ch s\u1eed d\u1ee5ng s\u1ed1 k\u00eanh",
    "AllowMappingByChannelNumberHelp": "C\u00f3 th\u1ec3 s\u1eed d\u1ee5ng ch\u1ee9c n\u0103ng n\u00e0y nh\u01b0 m\u1ed9t gi\u1ea3i ph\u00e1p d\u1ef1 ph\u00f2ng \u0111\u1ec3 kh\u1edbp k\u00eanh b\u1ed9 d\u00f2 v\u1edbi d\u1eef li\u1ec7u h\u01b0\u1edbng d\u1eabn b\u1ea5t c\u1ee9 khi n\u00e0o kh\u00f4ng t\u00ecm th\u1ea5y s\u1ef1 kh\u1edbp d\u1ef1a tr\u00ean t\u00ean k\u00eanh. \u0110i\u1ec1u n\u00e0y c\u00f3 th\u1ec3 d\u1eabn \u0111\u1ebfn vi\u1ec7c kh\u1edbp kh\u00f4ng ch\u00ednh x\u00e1c n\u1ebfu s\u1ed1 k\u00eanh t\u1eeb b\u1ed9 d\u00f2 kh\u00f4ng ch\u00ednh x\u00e1c.",
    "LabelPreferredSourceForChannelLogos": "\u01afu ti\u00ean logo k\u00eanh t\u1eeb d\u1eef li\u1ec7u h\u01b0\u1edbng d\u1eabn h\u01a1n l\u00e0 b\u1ed9 d\u00f2 s\u00f3ng khi c\u1ea3 hai \u0111\u1ec1u c\u00f3 s\u1eb5n",
    "LabelPreferredSourceForChannelNumbers": "\u01afu ti\u00ean s\u1ed1 k\u00eanh t\u1eeb d\u1eef li\u1ec7u h\u01b0\u1edbng d\u1eabn h\u01a1n l\u00e0 t\u1eeb b\u1ed9 d\u00f2 s\u00f3ng khi c\u1ea3 hai \u0111\u1ec1u c\u00f3 s\u1eb5n",
    "HeaderSoftwareEncoders": "Ph\u1ea7n m\u1ec1m m\u00e3 h\u00f3a",
    "LabelProxyHeaderMode": "\u0110\u1ecdc ti\u00eau \u0111\u1ec1 proxy \u0111\u1ec3 x\u00e1c \u0111\u1ecbnh \u0111\u1ecba ch\u1ec9 IP c\u1ee7a m\u00e1y kh\u00e1ch",
    "ProxyHeadersRemoteOnly": "Ch\u1ec9 khi ch\u00fang ch\u1ee9a \u0111\u1ecba ch\u1ec9 m\u1ea1ng t\u1eeb xa",
    "ProxyHeaderModeHelp": "X\u00e1c \u0111\u1ecbnh xem c\u00e1c ti\u00eau \u0111\u1ec1 y\u00eau c\u1ea7u nh\u01b0 {0} v\u00e0 {1} c\u00f3 n\u00ean \u0111\u01b0\u1ee3c s\u1eed d\u1ee5ng \u0111\u1ec3 x\u00e1c \u0111\u1ecbnh \u0111\u1ecba ch\u1ec9 IP c\u1ee7a thi\u1ebft b\u1ecb k\u1ebft n\u1ed1i hay kh\u00f4ng.",
    "AllowCameraUpload": "Cho ph\u00e9p t\u1ea3i l\u00ean m\u00e1y \u1ea3nh",
    "AllowCameraUploadHelp": "N\u1ebfu \u0111\u01b0\u1ee3c ph\u00e9p v\u00e0 n\u1ebfu \u0111\u01b0\u1ee3c b\u1eadt trong \u1ee9ng d\u1ee5ng di \u0111\u1ed9ng Emby, ng\u01b0\u1eddi d\u00f9ng c\u00f3 th\u1ec3 t\u1ef1 \u0111\u1ed9ng t\u1ea3i \u1ea3nh v\u00e0 video \u0111\u01b0\u1ee3c ch\u1ee5p t\u1eeb m\u00e1y \u1ea3nh c\u1ee7a h\u1ecd l\u00ean M\u00e1y ch\u1ee7 Emby n\u00e0y",
    "CameraUploadMustBeGranted": "B\u1ea1n c\u0169ng ph\u1ea3i \u0111\u01b0\u1ee3c qu\u1ea3n tr\u1ecb vi\u00ean m\u00e1y ch\u1ee7 c\u1ea5p quy\u1ec1n t\u1ea3i \u1ea3nh l\u00ean.",
    "EnableReadingAndWritingPeopleMetadata": "Cho ph\u00e9p \u0111\u1ecdc v\u00e0 ghi c\u00e1c t\u1ec7p si\u00eau d\u1eef li\u1ec7u c\u1ee7a ng\u01b0\u1eddi d\u00f9ng",
    "EnableReadingAndWritingPeopleMetadataHelp": "Y\u00eau c\u1ea7u c\u00e0i \u0111\u1eb7t plugin Nfo Metadata. \u0110i\u1ec1u n\u00e0y s\u1ebd cho ph\u00e9p l\u01b0u c\u00e1c ch\u1ec9nh s\u1eeda c\u1ee7a m\u1ecdi ng\u01b0\u1eddi v\u00e0o c\u00e1c t\u1ec7p si\u00eau d\u1eef li\u1ec7u nfo nh\u01b0ng s\u1ebd d\u1eabn \u0111\u1ebfn vi\u1ec7c qu\u00e9t th\u01b0 vi\u1ec7n l\u00e2u h\u01a1n.",
    "LabelIgnoreSampleFiles": "B\u1ecf qua c\u00e1c t\u1ec7p c\u00f3 ch\u1ee9a t\u1eeb sample trong t\u00ean t\u1ec7p n\u1ebfu k\u00edch th\u01b0\u1edbc c\u1ee7a ch\u00fang nh\u1ecf h\u01a1n (MB)",
    "PreferredChannelImageSource": "Ngu\u1ed3n h\u00ecnh \u1ea3nh k\u00eanh \u01b0a th\u00edch",
    "PreferredChannelImageSourceHelp": "Ch\u1ecdn h\u00ecnh \u1ea3nh k\u00eanh \u01b0a th\u00edch khi c\u1ea3 d\u1eef li\u1ec7u b\u1ed9 d\u00f2 v\u00e0 d\u1eef li\u1ec7u h\u01b0\u1edbng d\u1eabn \u0111\u1ec1u c\u00f3 h\u00ecnh \u1ea3nh.",
    "CacheImagesInServerData": "L\u01b0u m\u1ed9t b\u1ea3n sao l\u01b0u tr\u1eef h\u00ecnh \u1ea3nh trong th\u01b0 m\u1ee5c si\u00eau d\u1eef li\u1ec7u c\u1ee7a m\u00e1y ch\u1ee7",
    "CacheImagesInServerDataHelp": "N\u1ebfu ph\u01b0\u01a1ng ti\u1ec7n v\u00e0 h\u00ecnh \u1ea3nh c\u1ee7a b\u1ea1n \u0111\u01b0\u1ee3c l\u01b0u tr\u1eef tr\u00ean m\u1ed9t m\u00e1y kh\u00e1c, vi\u1ec7c gi\u1eef m\u1ed9t b\u1ea3n sao l\u01b0u \u0111\u1ec7m c\u1ee7a h\u00ecnh \u1ea3nh trong th\u01b0 m\u1ee5c si\u00eau d\u1eef li\u1ec7u m\u00e1y ch\u1ee7 s\u1ebd l\u00e0m gi\u1ea3m quy\u1ec1n truy c\u1eadp m\u1ea1ng v\u00e0 c\u00f3 th\u1ec3 c\u1ea3i thi\u1ec7n hi\u1ec7u su\u1ea5t. Chi ph\u00ed t\u1ea1o b\u1ed9 nh\u1edb \u0111\u1ec7m n\u00e0y l\u00e0 qu\u00e1 tr\u00ecnh qu\u00e9t th\u01b0 vi\u1ec7n s\u1ebd ch\u1eadm h\u01a1n v\u00e0 th\u01b0 m\u1ee5c si\u00eau d\u1eef li\u1ec7u m\u00e1y ch\u1ee7 s\u1ebd ti\u00eau t\u1ed1n nhi\u1ec1u dung l\u01b0\u1ee3ng \u0111\u0129a h\u01a1n \u0111\u00e1ng k\u1ec3.",
    "AllowSharingPersonalContent": "Cho ph\u00e9p chia s\u1ebb n\u1ed9i dung c\u00e1 nh\u00e2n nh\u01b0 danh s\u00e1ch ph\u00e1t v\u1edbi ng\u01b0\u1eddi d\u00f9ng kh\u00e1c tr\u00ean m\u00e1y ch\u1ee7 n\u00e0y",
    "AllowSharingPersonalContentHelp": "N\u1ebfu \u0111\u01b0\u1ee3c c\u1ea5p, ng\u01b0\u1eddi d\u00f9ng n\u00e0y s\u1ebd c\u00f3 th\u1ec3 chia s\u1ebb danh s\u00e1ch ph\u00e1t c\u1ee7a h\u1ecd v\u1edbi nh\u1eefng ng\u01b0\u1eddi d\u00f9ng kh\u00e1c. C\u00e1c m\u1ee5c danh s\u00e1ch ph\u00e1t v\u1eabn s\u1ebd b\u1ecb h\u1ea1n ch\u1ebf d\u1ef1a tr\u00ean quy\u1ec1n truy c\u1eadp th\u01b0 vi\u1ec7n c\u1ee7a ng\u01b0\u1eddi d\u00f9ng v\u00e0 quy\u1ec1n ki\u1ec3m so\u00e1t c\u1ee7a ph\u1ee5 huynh.",
    "LiveBufferSizeHours": "Gi\u1edbi h\u1ea1n k\u00edch th\u01b0\u1edbc b\u1ed9 \u0111\u1ec7m ph\u00e1t tr\u1ef1c ti\u1ebfp (gi\u1edd)",
    "LiveBufferSizeHoursHelp": "B\u1ed9 \u0111\u1ec7m d\u00e0i h\u01a1n s\u1ebd cung c\u1ea5p kh\u1ea3 n\u0103ng t\u00ecm ki\u1ebfm ti\u1ebfn v\u00e0 l\u00f9i t\u1ed1t h\u01a1n trong qu\u00e1 tr\u00ecnh ph\u00e1t tr\u1ef1c ti\u1ebfp, nh\u01b0ng s\u1ebd ti\u00eau t\u1ed1n nhi\u1ec1u dung l\u01b0\u1ee3ng \u0111\u0129a h\u01a1n."
}