{
    "LabelYoureDone": "\u5b8c\u6210\uff01",
    "ThisWizardWillGuideYou": "\u8be5\u5411\u5bfc\u5c06\u6307\u5bfc\u4f60\u5b8c\u6210\u5b89\u88c5\u8fc7\u7a0b\u3002\u9996\u5148\uff0c\u8bf7\u9009\u62e9\u4f60\u7684\u8bed\u8a00\u3002",
    "HeaderCreateYourFirstUser": "\u521b\u5efa\u60a8\u7684\u7b2c\u4e00\u4e2a\u7528\u6237",
    "ButtonQuickStartGuide": "\u5feb\u901f\u5165\u95e8\u6307\u5357",
    "MoreUsersCanBeAddedLater": "\u7a0d\u540e\u53ef\u4ee5\u5728Emby\u670d\u52a1\u5668\u8bbe\u7f6e\u4e2d\u6dfb\u52a0\u66f4\u591a\u7528\u6237\u3002",
    "UserProfilesIntro": "Emby \u96c6\u6210\u4e86\u5bf9\u7528\u6237\u8d44\u6599\u7684\u652f\u6301\uff0c\u5141\u8bb8\u6bcf\u4e2a\u7528\u6237\u5206\u522b\u914d\u7f6e\u81ea\u5df1\u7684\u663e\u793a\u8bbe\u7f6e\u3001\u64ad\u653e\u6a21\u5f0f\u548c\u5bb6\u957f\u63a7\u5236\u3002",
    "WizardCompleted": "\u8fd9\u5c31\u662f\u6211\u4eec\u73b0\u5728\u6240\u9700\u8981\u7684\u3002Emby \u5df2\u5f00\u59cb\u626b\u63cf\u60a8\u7684\u5a92\u4f53\u5e93\u3002\u4e86\u89e3\u6211\u4eec\u7684\u5e94\u7528\u7a0b\u5e8f\uff0c\u7136\u540e\u5355\u51fb<b>\u5b8c\u6210<\/b>\u4ee5\u67e5\u770b Emby Server <b>\u63a7\u5236\u53f0<\/b>\u3002",
    "MessagePleaseAcceptTermsOfService": "\u7ee7\u7eed\u4e4b\u524d\u8bf7\u63a5\u53d7\u670d\u52a1\u548c\u9690\u79c1\u653f\u7b56\u6761\u6b3e\u3002",
    "OptionIAcceptTermsOfService": "\u6211\u63a5\u53d7\u670d\u52a1\u6761\u6b3e",
    "SeeOurHwaGuide": "\u8bf7\u53c2\u9605\u6211\u4eec\u7684{0}\u786c\u4ef6\u52a0\u901f\u8bbe\u7f6e\u6307\u5357{1}\u3002",
    "HeaderEmbyServerReleaseNotes": "Emby Server \u53d1\u884c\u8bf4\u660e",
    "AllowSubtitleDownloading": "\u5141\u8bb8\u5b57\u5e55\u4e0b\u8f7d",
    "AllowSubtitleManagement": "\u5141\u8bb8\u5220\u9664\u73b0\u6709\u5b57\u5e55\u6587\u4ef6",
    "NewUserNameHelp": "\u8fd9\u5c31\u662f\u7528\u6237\u5c06\u51fa\u73b0\u5728\u60a8\u7684\u670d\u52a1\u5668\u4e0a\u7684\u65b9\u5f0f\u3002",
    "ChapterMarkers": "\u7ae0\u8282\u6807\u8bb0",
    "LabelThumbnailImagesInterval": "\u7f29\u7565\u56fe\u95f4\u9694",
    "ThumbnailImagesIntervalHelp": "\u7f29\u7565\u56fe\u7684\u4f7f\u7528\u9891\u7387\u8d8a\u9ad8\uff0c\u4f53\u9a8c\u8d8a\u597d\uff0c\u4f46\u521b\u5efa\u56fe\u50cf\u9700\u8981\u66f4\u591a\u7684\u78c1\u76d8\u7a7a\u95f4\u548c\u65f6\u95f4\u3002",
    "LabelAuthProvider": "\u8eab\u4efd\u9a8c\u8bc1\u63d0\u4f9b\u8005",
    "AuthProviderHelp": "\u7ba1\u7406\u5458\u59cb\u7ec8\u4f7f\u7528\u9ed8\u8ba4\u7684 Emby \u63d0\u4f9b\u8005\u4ee5\u786e\u4fdd\u60a8\u6c38\u8fdc\u4e0d\u4f1a\u88ab\u9501\u5b9a\u3002",
    "HeaderNewUser": "\u65b0\u7528\u6237",
    "ChangeServerDisplayName": "\u66f4\u6539\u670d\u52a1\u5668\u663e\u793a\u7684\u540d\u79f0",
    "ShowAdvancedSettings": "\u663e\u793a\u9ad8\u7ea7\u8bbe\u7f6e",
    "ChangingMetadataImageSettingsNewContent": "\u5bf9\u5143\u6570\u636e\u6216\u56fe\u50cf\u4e0b\u8f7d\u8bbe\u7f6e\u7684\u66f4\u6539\u5c06\u4ec5\u9002\u7528\u4e8e\u6dfb\u52a0\u5230\u5a92\u4f53\u5e93\u4e2d\u7684\u65b0\u5185\u5bb9\u3002\u8981\u5c06\u66f4\u6539\u5e94\u7528\u4e8e\u73b0\u6709\u9879\u76ee\uff0c\u60a8\u9700\u8981\u624b\u52a8\u5237\u65b0\u5176\u5143\u6570\u636e\u3002",
    "AllowRemoteAccess": "\u5141\u8bb8\u8fdc\u7a0b\u8bbf\u95ee\u6b64 Emby Server\u3002",
    "AllowRemoteAccessHelp": "\u5982\u679c\u53d6\u6d88\u52fe\u9009\uff0c\u5219\u5c06\u963b\u6b62\u6240\u6709\u8fdc\u7a0b\u8fde\u63a5\u3002",
    "Alerts": "\u8b66\u544a",
    "LabelTrackTitleDisplay": "\u663e\u793a\u5185\u5d4c\u97f3\u8f68\u6807\u9898",
    "GenerateUserFriendlyTrackTitles": "\u4f7f\u7528\u97f3\u8f68\u4fe1\u606f\u751f\u6210\u7528\u6237\u53cb\u597d\u7684\u6807\u9898",
    "PreferOriginalTrackTitles": "\u4f18\u5148\u4f7f\u7528\u5185\u5d4c\u7684\u6807\u9898",
    "TrackTitleDisplayHelp": "\u9009\u62e9\u663e\u793a\u5185\u5d4c\u97f3\u9891\u548c\u526f\u6807\u9898\u8f68\u9053\u7684\u6807\u9898\u3002\u9664\u975e\u60a8\u662f\u624b\u52a8\u7ba1\u7406\u5185\u5d4c\u7684\u66f2\u76ee\u4fe1\u606f\uff0c\u5426\u5219\u4e0d\u5efa\u8bae\u60a8\u9996\u9009\u5185\u5d4c\u3002",
    "EnableTranscodingThrottle": "\u542f\u7528\u9650\u5236",
    "EnableTranscodingThrottleHelp": "Emby \u5c06\u52a8\u6001\u8c03\u6574\u8f6c\u7801\u901f\u5ea6\uff0c\u4ee5\u964d\u4f4e CPU \u5229\u7528\u7387\u3002",
    "HeaderTypeMetadataDownloaders": "{0} \u5143\u6570\u636e\u4e0b\u8f7d\u5668",
    "HeaderTypeImageFetchers": "{0} \u7684\u56fe\u50cf\u83b7\u53d6\u5668",
    "HeaderImageOptions": "\u56fe\u50cf\u9009\u9879",
    "OptionBeta": "\u6d4b\u8bd5\u7248",
    "RegisterWithPayPal": "\u4f7f\u7528 PayPal \u6ce8\u518c",
    "LabelSyncTempPath": "\u4e34\u65f6\u6587\u4ef6\u8def\u5f84",
    "LabelSyncTempPathHelp": "\u6307\u5b9a\u4e00\u4e2a\u81ea\u5b9a\u4e49\u5de5\u4f5c\u6587\u4ef6\u5939\u3002\u5728\u8f6c\u6362\u8fc7\u7a0b\u4e2d\u521b\u5efa\u7684\u8f6c\u6362\u5a92\u4f53\u5c06\u5b58\u50a8\u5728\u6b64\u5904\u3002",
    "LabelCustomCertificatePath": "\u81ea\u5b9a\u4e49 SSL \u8bc1\u4e66\u8def\u5f84",
    "LabelCustomCertificatePathHelp": "\u5305\u542b\u8bc1\u4e66\u548c\u79c1\u94a5\u7684 PKCS\uff0312 \u6587\u4ef6\u7684\u8def\u5f84\uff0c\u4ee5\u5728\u81ea\u5b9a\u4e49\u57df\u4e0a\u542f\u7528 TLS \u652f\u6301\u3002",
    "HeaderSetupLibrary": "\u8bbe\u7f6e\u5a92\u4f53\u5e93",
    "LabelTimeLimitHours": "\u65f6\u95f4\u9650\u5236\uff08\u5c0f\u65f6\uff09",
    "HeaderPreferredMetadataLanguage": "\u9996\u9009\u5143\u6570\u636e\u8bed\u8a00",
    "LabelSaveLocalMetadata": "\u5c06\u5a92\u4f53\u56fe\u50cf\u4fdd\u5b58\u5230\u5a92\u4f53\u6587\u4ef6\u5939\u4e2d",
    "LabelSaveLocalMetadataHelp": "\u5c06\u827a\u672f\u4f5c\u54c1\u4fdd\u5b58\u5230\u5a92\u4f53\u6587\u4ef6\u5939\u4f1a\u5c06\u56fe\u50cf\u653e\u5728\u5a92\u4f53\u6587\u4ef6\u65c1\u8fb9\uff0c\u4ee5\u4fbf\u4ece Emby \u5916\u90e8\u8f7b\u677e\u8bbf\u95ee\u5b83\u4eec\u3002\u5982\u679c\u7981\u7528\uff0c\u56fe\u50cf\u5c06\u4fdd\u5b58\u5230\u670d\u52a1\u5668\u7684\u5143\u6570\u636e\u6587\u4ef6\u5939\u4e2d\u3002",
    "TabAccess": "\u8bbf\u95ee",
    "HeaderDeviceAccess": "\u8bbe\u5907\u8bbf\u95ee",
    "OptionEnableAccessFromAllDevices": "\u5141\u8bb8\u6240\u6709\u8bbe\u5907\u7684\u8bbf\u95ee",
    "OptionEnableAccessToAllChannels": "\u5141\u8bb8\u8bbf\u95ee\u6240\u6709\u9891\u9053",
    "OptionEnableAccessToAllLibraries": "\u5141\u8bb8\u8bbf\u95ee\u6240\u6709\u5a92\u4f53\u5e93",
    "DeviceAccessHelp": "\u8fc7\u6ee4\u7528\u6237\u8bbe\u5907\u7684\u8bbf\u95ee\u5c06\u963b\u6b62\u4ed6\u4eec\u4f7f\u7528\u65b0\u8bbe\u5907\uff0c\u76f4\u5230\u8fd9\u91cc\u6279\u51c6\u5b83\u4eec\u4e3a\u6b62\u3002",
    "LabelDisplayMissingEpisodesWithinSeasons": "\u663e\u793a\u6bcf\u5b63\u91cc\u7f3a\u5c11\u7684\u96c6",
    "LabelDisplayMissingEpisodesWithinSeasonsHelp": "\u5fc5\u987b\u5728 Emby \u670d\u52a1\u5668\u7684 \u201c\u7535\u89c6\u8282\u76ee\u201d \u5a92\u4f53\u5e93\u4e2d\u542f\u7528\u6b64\u529f\u80fd\u3002",
    "ImportMissingEpisodesHelp": "\u5982\u679c\u542f\u7528\uff0c\u7f3a\u5c11\u96c6\u7684\u4fe1\u606f\u5c06\u5bfc\u5165\u5230 Emby \u6570\u636e\u5e93\u4e2d\uff0c\u5e76\u5728\u5b63\u548c\u7535\u89c6\u5267\u4e2d\u663e\u793a\u3002\u8fd9\u53ef\u80fd\u4f1a\u5bfc\u81f4\u66f4\u957f\u7684\u5a92\u4f53\u5e93\u626b\u63cf\u65f6\u95f4\u3002",
    "MessageEnablingOptionLongerScans": "\u542f\u7528\u6b64\u9009\u9879\u53ef\u80fd\u4f1a\u5bfc\u81f4\u66f4\u957f\u7684\u5a92\u4f53\u5e93\u626b\u63cf\u65f6\u95f4\u3002",
    "LabelMaxParentalRating": "\u5141\u8bb8\u7684\u6700\u5927\u5bb6\u957f\u5206\u7ea7",
    "MaxParentalRatingHelp": "\u7ea7\u522b\u8f83\u9ad8\u7684\u5185\u5bb9\u5c06\u5bf9\u8be5\u7528\u6237\u9690\u85cf\u3002",
    "LibraryAccessHelp": "\u9009\u62e9\u8981\u4e0e\u8be5\u7528\u6237\u5171\u4eab\u7684\u5a92\u4f53\u6587\u4ef6\u5939\u3002\u7ba1\u7406\u5458\u5c06\u80fd\u591f\u4f7f\u7528\u5143\u6570\u636e\u7ba1\u7406\u5668\u6765\u7f16\u8f91\u6240\u6709\u6587\u4ef6\u5939\u3002",
    "ChannelAccessHelp": "\u9009\u62e9\u8981\u4e0e\u8be5\u7528\u6237\u5171\u4eab\u7684\u9891\u9053\u3002\u7ba1\u7406\u5458\u5c06\u80fd\u591f\u4f7f\u7528\u5143\u6570\u636e\u7ba1\u7406\u5668\u6765\u7f16\u8f91\u6240\u6709\u6587\u4ef6\u5939\u3002",
    "ImageUploadAspectRatioHelp": "\u5efa\u8bae\u4f7f\u7528\u957f\u5bbd\u6bd4\u4e3a 1:1 \u7684\u56fe\u50cf\u3002\u4ec5\u652f\u6301\u56fe\u50cf\u683c\u5f0f\u4e3a JPG \/ PNG\u3002",
    "AlreadyPaidHelp1": "\u5982\u679c\u60a8\u5df2\u7ecf\u4ed8\u8d39\u5b89\u88c5\u65e7\u7248\u672c\u7684 \u201cMedia Browser for Android\u201d\uff0c\u5219\u65e0\u9700\u518d\u6b21\u4ed8\u8d39\u5373\u53ef\u6fc0\u6d3b\u6b64\u5e94\u7528\u7a0b\u5e8f\u3002\u5355\u51fb \u201c\u786e\u5b9a\u201d \u5411 {0} \u53d1\u9001\u90ae\u4ef6\uff0c\u6211\u4eec\u5c06\u4e3a\u60a8\u6fc0\u6d3b\u8be5\u90ae\u7bb1\u5730\u5740\u3002",
    "AlreadyPaidHelp2": "\u5df2\u62e5\u6709 Emby Premiere\uff1f\u53ea\u9700\u53d6\u6d88\u6b64\u5bf9\u8bdd\u6846\u5e76\u5728 Emby Server \u63a7\u5236\u53f0\u4e0b\u7684 \u201c\u5e2e\u52a9\u201d -> \u201cEmby Premiere\u201d \u4e2d\u914d\u7f6e Emby Premiere\uff0c\u5373\u53ef\u81ea\u52a8\u89e3\u9501\u3002",
    "TabMyPlugins": "\u6211\u7684\u63d2\u4ef6",
    "TabCatalog": "\u76ee\u5f55",
    "HeaderAutomaticUpdates": "\u81ea\u52a8\u66f4\u65b0",
    "Standard": "\u6807\u51c6",
    "TabSupporterKey": "Emby Premiere \u79d8\u94a5",
    "OptionHideUserLocal": "\u5728\u672c\u5730\u7f51\u7edc\u7684\u767b\u5f55\u754c\u9762\u4e2d\u9690\u85cf\u6b64\u7528\u6237",
    "OptionHideUserRemote": "\u8fdc\u7a0b\u8fde\u63a5\u65f6\u4ece\u767b\u5f55\u754c\u9762\u4e2d\u9690\u85cf\u6b64\u7528\u6237",
    "OptionHideUserFromLoginHelp": "\u5bf9\u4e2a\u4eba\u6216\u7ba1\u7406\u5458\u5e10\u6237\u662f\u6709\u7528\u7684\u3002\u7528\u6237\u5c06\u9700\u8981\u8f93\u5165\u7528\u6237\u540d\u548c\u5bc6\u7801\u4ee5\u624b\u52a8\u767b\u5f55\u3002",
    "HideFromUnusedDevices": "\u5728\u4ece\u672a\u767b\u5f55\u8fc7\u7684\u8bbe\u5907\u7684\u767b\u5f55\u9875\u9762\u4e0a\u9690\u85cf\u8be5\u7528\u6237",
    "OptionDisableUser": "\u7981\u7528\u6b64\u7528\u6237",
    "OptionDisableUserHelp": "\u5982\u679c\u7981\u7528\uff0c\u670d\u52a1\u5668\u5c06\u4e0d\u5141\u8bb8\u8be5\u7528\u6237\u8fdb\u884c\u4efb\u4f55\u8fde\u63a5\u3002\u73b0\u6709\u8fde\u63a5\u5c06\u7acb\u523b\u7ec8\u6b62\u3002",
    "OptionAllowUserToManageServer": "\u5141\u8bb8\u6b64\u7528\u6237\u7ba1\u7406\u670d\u52a1\u5668",
    "HeaderFeatureAccess": "\u529f\u80fd\u8bbf\u95ee",
    "OptionAllowMediaPlayback": "\u5141\u8bb8\u5a92\u4f53\u56de\u653e",
    "AllLibraries": "\u6240\u6709\u5a92\u4f53\u5e93",
    "HeaderAllowMediaDeletionFrom": "\u5141\u8bb8\u5a92\u4f53\u5220\u9664\u4ece",
    "LiveTVRecordingManagement": "\u7535\u89c6\u76f4\u64ad\u5f55\u5236\u7ba1\u7406",
    "OptionAllowRemoteControlOthers": "\u5141\u8bb8\u8fdc\u7a0b\u63a7\u5236\u5176\u4ed6\u7528\u6237",
    "OptionAllowRemoteSharedDevices": "\u5141\u8bb8\u8fdc\u7a0b\u63a7\u5236\u5171\u4eab\u7684\u8bbe\u5907",
    "OptionAllowRemoteSharedDevicesHelp": "DLNA \u8bbe\u5907\u88ab\u89c6\u4e3a\u662f\u5171\u4eab\u7684\uff0c\u76f4\u5230\u7528\u6237\u5f00\u59cb\u63a7\u5236\u5b83\u3002",
    "OptionAllowLinkSharing": "\u5141\u8bb8\u793e\u4ea4\u5a92\u4f53\u5171\u4eab",
    "OptionAllowLinkSharingHelp": "\u4ec5\u5171\u4eab\u5305\u542b\u5a92\u4f53\u4fe1\u606f\u7684\u7f51\u9875\u3002\u5a92\u4f53\u6587\u4ef6\u6c38\u8fdc\u4e0d\u4f1a\u516c\u5f00\u5171\u4eab\u3002\u5171\u4eab\u662f\u6709\u65f6\u95f4\u9650\u5236\u7684\uff0c\u5c06\u5728 {0} \u5929\u540e\u8fc7\u671f\u3002",
    "OptionRelease": "\u5b98\u65b9\u6b63\u5f0f\u7248",
    "LabelAllowServerAutoRestartPlugin": "\u5141\u8bb8\u670d\u52a1\u5668\u81ea\u52a8\u91cd\u542f\u4ee5\u5e94\u7528\u63d2\u4ef6\u66f4\u65b0",
    "LabelAllowServerAutoRestartServerOrPlugin": "\u5141\u8bb8\u670d\u52a1\u5668\u81ea\u52a8\u91cd\u542f\u4ee5\u5e94\u7528\u670d\u52a1\u5668\u6216\u63d2\u4ef6\u66f4\u65b0",
    "LabelAllowServerAutoRestartHelp": "\u5f53\u6ca1\u6709\u7528\u6237\u5904\u4e8e\u6d3b\u52a8\u72b6\u6001\u65f6\uff0c\u670d\u52a1\u5668\u5c06\u4ec5\u5728\u7a7a\u95f2\u671f\u95f4\u91cd\u65b0\u542f\u52a8\u3002",
    "LabelRunServerAtStartup": "\u5f00\u673a\u81ea\u542f",
    "LabelRunServerAtStartupHelp": "\u8fd9\u5c06\u5728 Windows \u542f\u52a8\u65f6\u542f\u52a8 Emby \u6258\u76d8\u56fe\u6807\u3002\u5982\u679c\u60a8\u5df2\u8bbe\u7f6e\u4e86\u4e00\u4e2a Windows \u670d\u52a1\uff0c\u8bf7\u53d6\u6d88\u9009\u4e2d\u6b64\u9009\u9879\u5e76\u5c06\u8be5\u670d\u52a1\u914d\u7f6e\u4e3a\u5f00\u673a\u81ea\u542f\u3002",
    "ButtonSelectDirectory": "\u9009\u62e9\u76ee\u5f55",
    "LabelCachePath": "\u7f13\u5b58\u8def\u5f84",
    "DefaultMetadataLangaugeDescription": "\u8fd9\u4e9b\u662f\u60a8\u7684\u9ed8\u8ba4\u8bbe\u7f6e\uff0c\u6bcf\u4e2a\u5a92\u4f53\u5e93\u53ef\u4ee5\u5728\u6b64\u57fa\u7840\u4e0a\u8fdb\u884c\u81ea\u5b9a\u4e49\u8bbe\u7f6e\u3002",
    "LabelCachePathHelp": "\u4e3a\u670d\u52a1\u5668\u7f13\u5b58\u6587\u4ef6\uff08\u4f8b\u5982\u56fe\u50cf\uff09\u6307\u5b9a\u81ea\u5b9a\u4e49\u4f4d\u7f6e\u3002\u7559\u7a7a\u4ee5\u4f7f\u7528\u670d\u52a1\u5668\u9ed8\u8ba4\u503c\u3002",
    "LabelDefaultRecordingFolder": "\u9ed8\u8ba4\u5f55\u5236\u6587\u4ef6\u5939",
    "LabelMovieRecordingFolder": "\u7535\u5f71\u5f55\u5236\u6587\u4ef6\u5939",
    "LabelSeriesRecordingFolder": "\u8282\u76ee\u5f55\u5236\u6587\u4ef6\u5939",
    "SeriesRecordingFolderHelp": "\uff08\u53ef\u9009\u7684\uff09\u3002\u9009\u62e9\u4e00\u4e2a\u5a92\u4f53\u5e93\u5e93\uff0c\u5c06\u8282\u76ee\u5f55\u5236\u4fdd\u5b58\u5230\u5176\u4e2d\u3002\u8fd9\u5fc5\u987b\u662f\u60a8\u5728 Emby \u5a92\u4f53\u5e93\u5e93\u8bbe\u7f6e\u4e2d\u521b\u5efa\u7684\u5a92\u4f53\u5e93\uff0c\u5185\u5bb9\u7c7b\u578b\u8bbe\u7f6e\u4e3a\u7535\u89c6\u8282\u76ee\u6216\u6df7\u5408\u5185\u5bb9\u3002",
    "HeaderProgramData": "\u8282\u76ee\u6570\u636e",
    "RecordingFolderHelp": "\u9009\u62e9\u4fdd\u5b58\u5f55\u5236\u7684\u9ed8\u8ba4\u5a92\u4f53\u5e93\u3002\u8fd9\u5fc5\u987b\u662f\u60a8\u5728 Emby \u5a92\u4f53\u5e93\u8bbe\u7f6e\u4e2d\u521b\u5efa\u7684\u5a92\u4f53\u5e93\uff0c\u5e76\u5c06\u5185\u5bb9\u7c7b\u578b\u8bbe\u7f6e\u4e3a\u6df7\u5408\u5185\u5bb9\u3002",
    "MovieRecordingFolderHelp": "\uff08\u53ef\u9009\u7684\uff09\u3002\u9009\u62e9\u4e00\u4e2a\u5a92\u4f53\u5e93\uff0c\u5c06\u7535\u5f71\u5f55\u5236\u4fdd\u5b58\u5230\u5176\u4e2d\u3002 \u8fd9\u5fc5\u987b\u662f\u60a8\u5728 Emby \u5a92\u4f53\u5e93\u5e93\u8bbe\u7f6e\u4e2d\u521b\u5efa\u7684\u5a92\u4f53\u5e93\uff0c\u5185\u5bb9\u7c7b\u578b\u8bbe\u7f6e\u4e3a\u7535\u5f71\u6216\u6df7\u5408\u5185\u5bb9\u3002",
    "LabelMetadataPath": "\u5143\u6570\u636e\u8def\u5f84",
    "LabelMetadataPathHelp": "\u6307\u5b9a\u4e0b\u8f7d\u5a92\u4f53\u56fe\u50cf\u548c\u5143\u6570\u636e\u7684\u4f4d\u7f6e\uff0c\u6216\u5c06\u5176\u6e05\u7a7a\u4ee5\u6062\u590d\u9ed8\u8ba4\u503c\u3002\u5982\u679c\u66f4\u6539\u6b64\u8bbe\u7f6e\uff0c\u60a8\u9700\u8981\u624b\u52a8\u5c06\u539f\u6587\u4ef6\u4ece\u65e7\u4f4d\u7f6e\u8fc1\u79fb\u5230\u65b0\u4f4d\u7f6e\u3002\u5982\u679c\u60a8\u66fe\u624b\u52a8\u66f4\u6539\u5143\u6570\u636e\u6587\u4ef6\u5939\u7684\u5185\u5bb9\uff0c\u5219\u9700\u8981\u8fd0\u884c {0} \u626b\u63cf\u5143\u6570\u636e\u6587\u4ef6\u5939\u8ba1\u5212\u4efb\u52a1 {1}\u3002",
    "LabelTranscodingTempPath": "\u8f6c\u7801\u4e34\u65f6\u8def\u5f84",
    "LabelTranscodingTempPathHelp": "\u6b64\u6587\u4ef6\u5939\u4e2d\u5305\u542b\u8f6c\u7801\u5668\u7684\u5de5\u4f5c\u6587\u4ef6\u3002\u6307\u5b9a\u8def\u5f84\u6216\u7559\u7a7a\u4ee5\u4f7f\u7528\u670d\u52a1\u5668\u7684\u7a0b\u5e8f\u6570\u636e\u6587\u4ef6\u5939\u3002",
    "GenerateVideoPreviewThumbnailsHelp": "\u89c6\u9891\u9884\u89c8\u7f29\u7565\u56fe\u53ef\u5728\u652f\u6301\u7684\u5e94\u7528\u7a0b\u5e8f\u4e2d\u63d0\u4f9b\u5b9e\u65f6\u66f4\u65b0\u3002\u7f29\u7565\u56fe\u751f\u6210\u53ef\u80fd\u4f1a\u82b1\u8d39\u5f88\u957f\u65f6\u95f4\uff0c\u5bfc\u81f4\u8f83\u9ad8\u7684 CPU \u4f7f\u7528\u7387\u5e76\u6d88\u8017\u66f4\u591a\u7684\u78c1\u76d8\u7a7a\u95f4\u3002",
    "AsAScheduledTask": "\u4f5c\u4e3a\u8ba1\u5212\u4efb\u52a1",
    "AsAScheduledTaskAndMediaAdded": "\u4f5c\u4e3a\u8ba1\u5212\u4efb\u52a1\u53ca\u6dfb\u52a0\u5a92\u4f53\u65f6",
    "ButtonRefreshGuideData": "\u5237\u65b0\u6307\u5357\u6570\u636e",
    "LabelNumberOfGuideDays": "\u8981\u4e0b\u8f7d\u7684\u6307\u5357\u6570\u636e\u7684\u5929\u6570",
    "LabelNumberOfGuideDaysHelp": "\u4e0b\u8f7d\u66f4\u591a\u5929\u7684\u6307\u5357\u6570\u636e\u53ef\u4ee5\u63d0\u524d\u5b89\u6392\u66f4\u591a\u65f6\u95f4\u5e76\u67e5\u770b\u66f4\u591a\u5217\u8868\uff0c\u4f46\u4e0b\u8f7d\u65f6\u95f4\u4e5f\u66f4\u957f\u3002\u201c\u81ea\u52a8\u201d \u5c06\u6839\u636e\u901a\u9053\u6570\u8fdb\u884c\u9009\u62e9\u3002\u8bf7\u6ce8\u610f\uff0c\u65e0\u8bba\u9009\u62e9\u591a\u5c11\u5929\uff0c\u6570\u636e\u90fd\u5fc5\u987b\u5b58\u5728\u4e8e\u6e90\u6307\u5357\u6570\u636e\u4e2d\u624d\u80fd\u4e0b\u8f7d\u3002\u4e00\u4e9b\u6307\u5357\u6570\u636e\u63d0\u4f9b\u8005\u4ec5\u63d0\u4f9b 24 \u5c0f\u65f6\u3002Emby \u6307\u5357\u6570\u636e\u6700\u591a\u652f\u6301 14 \u5929\u3002",
    "HeaderFetchImages": "\u83b7\u53d6\u56fe\u50cf",
    "LabelMaxBackdropsPerItem": "\u6bcf\u4e2a\u9879\u76ee\u7684\u6700\u5927\u80cc\u666f\u6570\u91cf",
    "LabelMaxScreenshotsPerItem": "\u6bcf\u4e2a\u9879\u76ee\u7684\u6700\u5927\u5c4f\u5e55\u622a\u56fe\u6570\u91cf",
    "LabelMinBackdropDownloadWidth": "\u6700\u5c0f\u80cc\u666f\u4e0b\u8f7d\u5bbd\u5ea6",
    "LabelMinScreenshotDownloadWidth": "\u6700\u5c0f\u5c4f\u5e55\u622a\u56fe\u4e0b\u8f7d\u5bbd\u5ea6",
    "ButtonAddScheduledTaskTrigger": "\u6dfb\u52a0\u89e6\u53d1\u5668",
    "ButtonAdd": "\u6dfb\u52a0",
    "LabelTriggerType": "\u89e6\u53d1\u7c7b\u578b",
    "OptionOnInterval": "\u6bcf\u9694\u4e00\u6bb5\u65f6\u95f4",
    "OnServerStartup": "\u670d\u52a1\u5668\u542f\u52a8\u65f6",
    "OptionAfterSystemEvent": "\u7cfb\u7edf\u4e8b\u4ef6\u540e",
    "LabelDay": "\u65e5",
    "LabelTime": "\u65f6\u95f4",
    "LabelEvent": "\u4e8b\u4ef6",
    "OptionWakeFromSleep": "\u4ece\u7761\u7720\u4e2d\u5524\u9192",
    "Every": "\u6bcf",
    "LabelEnableRealtimeMonitor": "\u542f\u7528\u5b9e\u65f6\u76d1\u63a7",
    "LabelEnableRealtimeMonitorHelp": "\u5728\u652f\u6301\u7684\u6587\u4ef6\u7cfb\u7edf\u4e0a\uff0c\u5c06\u7acb\u5373\u5904\u7406\u5bf9\u6587\u4ef6\u7684\u66f4\u6539\u3002",
    "Community": "\u793e\u533a",
    "HeaderEmbyNews": "Emby \u65b0\u95fb",
    "LabelFriendlyServerName": "\u53cb\u597d\u7684\u670d\u52a1\u5668\u540d\u79f0",
    "LabelFriendlyServerNameHelp": "\u6b64\u540d\u79f0\u5c06\u7528\u4e8e\u6807\u8bc6\u6b64\u670d\u52a1\u5668\u3002\u5982\u679c\u7559\u7a7a\uff0c\u5c06\u4f7f\u7528\u5f53\u524d\u8ba1\u7b97\u673a\u540d\u3002",
    "LabelPreferredDisplayLanguage": "\u9996\u9009\u7684\u663e\u793a\u8bed\u8a00",
    "LabelPreferredDisplayLanguageHelp": "Emby \u7684\u7ffb\u8bd1\u5de5\u4f5c\u662f\u4e00\u4e2a\u6301\u7eed\u8fdb\u884c\u7684\u9879\u76ee\u3002",
    "LabelReadHowYouCanContribute": "\u4e86\u89e3\u5982\u4f55\u8d21\u732e\u81ea\u5df1\u7684\u529b\u91cf\u3002",
    "LabelCustomCss": "\u81ea\u5b9a\u4e49 CSS",
    "LabelCustomCssHelp": "\u5c06\u81ea\u5df1\u7684\u81ea\u5b9a\u4e49 CSS \u5e94\u7528\u4e8e Web \u754c\u9762\u3002",
    "LabelLocalHttpServerPortNumber": "\u672c\u5730 HTTP \u7aef\u53e3\u53f7",
    "LabelLocalHttpServerPortNumberHelp": "Emby HTTP \u670d\u52a1\u5668\u76d1\u542c\u7684 TCP \u7aef\u53e3\u53f7\u3002",
    "LabelPublicHttpPort": "\u516c\u7f51 HTTP \u7aef\u53e3\u53f7",
    "LabelPublicHttpPortHelp": "\u6620\u5c04\u5230\u672c\u5730 HTTP \u7aef\u53e3\u7684\u516c\u7f51\u7aef\u53e3\u53f7\u3002",
    "LabelPublicHttpsPort": "\u516c\u7f51 HTTPS \u7aef\u53e3\u53f7",
    "LabelPublicHttpsPortHelp": "\u6620\u5c04\u5230\u672c\u5730 HTTPS \u7aef\u53e3\u7684\u516c\u7f51\u7aef\u53e3\u53f7\u3002",
    "RequireHttps": "\u5916\u90e8\u8fde\u63a5\u9700\u8981 HTTPS",
    "RequireHttpsHelp": "\u5982\u679c\u542f\u7528\uff0c\u5c06\u81ea\u52a8\u91cd\u5b9a\u5411 HTTP \u81f3 HTTPS\u3002",
    "LabelHttpsPort": "\u672c\u5730 HTTPS \u7aef\u53e3\u53f7",
    "LabelHttpsPortHelp": "Emby HTTPS \u670d\u52a1\u5668\u76d1\u542c\u7684 TCP \u7aef\u53e3\u53f7\u3002",
    "LabelEnableAutomaticPortMap": "\u542f\u7528\u81ea\u52a8\u7aef\u53e3\u6620\u5c04",
    "LabelEnableAutomaticPortMapHelp": "\u5c1d\u8bd5\u901a\u8fc7 UPnP \u5c06\u672c\u5730\u7aef\u53e3\u81ea\u52a8\u6620\u5c04\u5230\u516c\u7f51\u7aef\u53e3\u3002\u8fd9\u53ef\u80fd\u4e0d\u9002\u7528\u4e8e\u67d0\u4e9b\u8def\u7531\u5668\u3002",
    "LabelExternalDDNS": "\u5916\u90e8\u57df",
    "LabelExternalDDNSHelp": "\u5982\u679c\u60a8\u6709 DDNS \u6216\u57df\u540d\uff0c\u8bf7\u5728\u6b64\u5904\u8f93\u5165\uff0c\u65e0\u9700\u534f\u8bae\u6216\u7aef\u53e3\u3002Emby \u5e94\u7528\u7a0b\u5e8f\u5c06\u5728\u8fdc\u7a0b\u8fde\u63a5\u65f6\u4f7f\u7528\u5b83\u3002\u4e0e\u81ea\u5b9a\u4e49 SSL \u8bc1\u4e66\u4e00\u8d77\u4f7f\u7528\u65f6\uff0c\u6b64\u5b57\u6bb5\u4e3a\u5fc5\u586b\u5b57\u6bb5\u3002\u4f8b\u5982\uff1amydomain.com\u3002",
    "LabelMinResumePercentage": "\u6700\u5c0f\u6062\u590d\u64ad\u653e\u767e\u5206\u6bd4",
    "LabelMaxResumePercentage": "\u6700\u5927\u6062\u590d\u64ad\u653e\u767e\u5206\u6bd4",
    "LabelMinResumeDuration": "\u6700\u5c0f\u6062\u590d\u6301\u7eed\u65f6\u95f4\uff08\u79d2\uff09",
    "LabelMinResumePercentageHelp": "\u5982\u679c\u5728\u6b64\u65f6\u95f4\u4e4b\u524d\u505c\u6b62\uff0c\u5219\u5c06\u88ab\u6807\u8bb0\u4e3a \u201c\u672a\u64ad\u653e\u201d",
    "LabelMaxResumePercentageHelp": "\u5982\u679c\u5728\u6b64\u65f6\u95f4\u4e4b\u540e\u505c\u6b62\uff0c\u5219\u5c06\u88ab\u6807\u8bb0\u4e3a \u201c\u5df2\u64ad\u653e\u201d",
    "LabelMinResumeDurationHelp": "\u5982\u679c\u5728\u77ed\u4e8e\u6b64\u65f6\u95f4\uff0c\u5219\u4e0d\u53ef\u6062\u590d\u64ad\u653e",
    "HeaderStatus": "\u72b6\u6001",
    "Subscriptions": "\u8ba2\u9605",
    "LabelEndingEpisodeNumber": "\u6700\u540e\u4e00\u96c6\u7f16\u53f7",
    "LabelEndingEpisodeNumberHelp": "\u4ec5\u9700\u8981\u591a\u96c6\u6587\u4ef6",
    "HeaderSupportTheTeam": "\u652f\u6301 Emby \u56e2\u961f",
    "HeaderSupportTheTeamHelp": "\u901a\u8fc7\u8d2d\u4e70 Emby Premiere \u6765\u5e2e\u52a9\u6b64\u9879\u76ee\u7684\u6301\u7eed\u5f00\u53d1\u3002\u6240\u6709\u6536\u5165\u7684\u4e00\u90e8\u5206\u5c06\u8d21\u732e\u7ed9\u6211\u4eec\u4f9d\u8d56\u5176\u4ed6\u514d\u8d39\u5de5\u5177\u3002",
    "DonationNextStep": "\u5b8c\u6210\u540e\uff0c\u8bf7\u8fd4\u56de\u5e76\u8f93\u5165\u4ece\u60a8\u7684\u90ae\u4ef6\u4e2d\u6536\u5230\u7684 Emby Premiere \u5bc6\u94a5\u3002",
    "HeaderRunningTasks": "\u6b63\u5728\u8fd0\u884c\u7684\u4efb\u52a1",
    "ButtonUpdateNow": "\u7acb\u5373\u66f4\u65b0",
    "PleaseUpdateManually": "\u8bf7\u5173\u95edEmby Server\u5e76\u5b89\u88c5\u6700\u65b0\u7248\u672c\u3002",
    "ServerUpToDate": "Emby Server\u5df2\u66f4\u65b0\u81f3\u6700\u65b0",
    "MessagePleaseRestartServerToFinishUpdating": "\u8bf7\u91cd\u65b0\u542f\u52a8\u670d\u52a1\u5668\u4ee5\u5b8c\u6210\u5e94\u7528\u66f4\u65b0\u3002",
    "LabelDownMixAudioScale": "\u6df7\u7f29\u97f3\u9891\u589e\u5f3a",
    "LabelDownMixAudioScaleHelp": "\u4e0b\u6df7\u97f3\u9891\u589e\u5f3a\u3002\u8bbe\u7f6e\u4e3a 1 \u5c06\u4fdd\u7559\u539f\u59cb\u97f3\u91cf\u503c\u3002",
    "HeaderForgotKey": "\u5fd8\u8bb0\u79d8\u94a5",
    "LabelSupporterEmailAddress": "\u7528\u4e8e\u8d2d\u4e70\u5bc6\u94a5\u7684\u90ae\u4ef6\u5730\u5740\u3002",
    "ButtonRetrieveKey": "\u53d6\u56de\u5bc6\u94a5",
    "LabelSupporterKey": "Emby Premiere \u5bc6\u94a5\uff08\u4ece\u90ae\u4ef6\u4e2d\u7c98\u8d34\uff09",
    "LabelSupporterKeyHelp": "\u8f93\u5165\u60a8\u7684 Emby Premiere \u5bc6\u94a5\u4ee5\u4eab\u53d7\u989d\u5916\u529f\u80fd\u3002",
    "MessageInvalidKey": "\u7f3a\u5c11\u6216\u65e0\u6548\u7684 Emby Premiere \u79d8\u94a5\u3002",
    "ErrorMessageInvalidKey": "\u4e3a\u4e86\u4f7f\u7528\u6240\u6709\u9ad8\u7ea7\u529f\u80fd\uff0c\u60a8\u5fc5\u987b\u62e5\u6709\u4e00\u4e2a\u6709\u6548\u7684 Emby Premiere \u8ba2\u9605\u3002",
    "LabelSkipIfGraphicalSubsPresent": "\u5982\u679c\u89c6\u9891\u5df2\u5305\u542b\u4e0e\u4e0b\u8f7d\u8bed\u8a00\u5339\u914d\u7684\u5d4c\u5165\u5b57\u5e55\uff0c\u5219\u8df3\u8fc7",
    "LabelSkipIfGraphicalSubsPresentHelp": "\u4fdd\u7559\u5b57\u5e55\u7684\u6587\u672c\u7248\u672c\u5c06\u63d0\u9ad8\u4f20\u9012\u6548\u7387\u5e76\u964d\u4f4e\u89c6\u9891\u8f6c\u7801\u7684\u53ef\u80fd\u6027\u3002",
    "HeaderDownloadLanguages": "\u4e0b\u8f7d\u8bed\u8a00",
    "LabelSkipIfAudioTrackPresent": "\u5982\u679c\u9ed8\u8ba4\u97f3\u8f68\u4e0e\u4e0b\u8f7d\u8bed\u8a00\u5339\u914d\uff0c\u5219\u8df3\u8fc7",
    "LabelSkipIfAudioTrackPresentHelp": "\u53d6\u6d88\u9009\u4e2d\u53ef\u786e\u4fdd\u6240\u6709\u89c6\u9891\u5747\u5e26\u6709\u5b57\u5e55\uff0c\u800c\u4e0e\u97f3\u9891\u8bed\u8a00\u65e0\u5173\u3002",
    "SendMessage": "\u53d1\u9001\u6d88\u606f",
    "HeaderSendMessage": "\u53d1\u9001\u6d88\u606f",
    "ButtonSend": "\u53d1\u9001",
    "LabelMessageText": "\u6d88\u606f\u6587\u672c\uff1a",
    "LabelMessageTitle": "\u6d88\u606f\u6807\u9898\uff1a",
    "ButtonEditOtherUserPreferences": "\u7f16\u8f91\u6b64\u7528\u6237\u7684\u4e2a\u4eba\u8d44\u6599\uff0c\u56fe\u50cf\u548c\u4e2a\u4eba\u9996\u9009\u9879\u3002",
    "LabelLoginDisclaimer": "\u767b\u5f55\u63d0\u793a\uff1a",
    "LabelLoginDisclaimerHelp": "\u8fd9\u5c06\u663e\u793a\u5728\u767b\u5f55\u754c\u9762\u7684\u5e95\u90e8\u3002",
    "HeaderTranscodingTemporaryFiles": "\u8f6c\u7801\u4e34\u65f6\u6587\u4ef6",
    "HeaderApiKeys": "API \u5bc6\u94a5",
    "HeaderApiKeysHelp": "\u5916\u90e8\u5e94\u7528\u7a0b\u5e8f\u5fc5\u987b\u62e5\u6709 API \u5bc6\u94a5\u624d\u80fd\u4e0e Emby Server \u901a\u4fe1\u3002\u901a\u8fc7\u767b\u9646 Emby \u5e10\u6237\u6216\u624b\u52a8\u6388\u4e88\u5e94\u7528\u7a0b\u5e8f\u5bc6\u94a5\u6765\u9881\u53d1\u5bc6\u94a5\u3002",
    "HeaderApiKey": "API \u5bc6\u94a5",
    "HeaderScheduledTasks": "\u8ba1\u5212\u4efb\u52a1",
    "HeaderResumeSettings": "\u6062\u590d\u64ad\u653e\u8bbe\u7f6e",
    "HeaderFetcherSettings": "\u83b7\u53d6\u5668\u8bbe\u7f6e",
    "HeaderActivity": "\u6d3b\u52a8",
    "ButtonPurchase": "\u8d2d\u4e70",
    "HeaderInstall": "\u5b89\u88c5",
    "LabelSelectVersionToInstall": "\u9009\u62e9\u8981\u5b89\u88c5\u7684\u7248\u672c\uff1a",
    "LinkLearnMoreAboutSubscription": "\u4e86\u89e3 Emby Premiere",
    "MessagePluginRequiresSubscription": "\u514d\u8d39\u8bd5\u7528 14 \u5929\u540e\uff0c\u6b64\u63d2\u4ef6\u5c06\u9700\u8981\u6709\u6548\u7684 Emby Premiere \u8ba2\u9605\u4ee5\u6b63\u5e38\u4f7f\u7528\u3002",
    "MessagePremiumPluginRequiresMembership": "\u514d\u8d39\u8bd5\u7528 14 \u5929\u540e\uff0c\u6b64\u63d2\u4ef6\u5c06\u9700\u8981\u6709\u6548\u7684 Emby Premiere \u8ba2\u9605\u4ee5\u6b63\u5e38\u4f7f\u7528\u3002",
    "HeaderDeveloperInfo": "\u5f00\u53d1\u8005\u4fe1\u606f",
    "HeaderRevisionHistory": "\u4fee\u8ba2\u5386\u53f2",
    "ButtonViewWebsite": "\u6d4f\u89c8\u7f51\u7ad9",
    "OptionSaveMetadataAsHidden": "\u5c06\u5143\u6570\u636e\u548c\u56fe\u50cf\u53e6\u5b58\u4e3a\u9690\u85cf\u6587\u4ef6",
    "LabelConnectEmail": "\uff08\u53ef\u9009\uff09Emby Connect \u7535\u5b50\u90ae\u4ef6\u5730\u5740\uff1a",
    "LabelConnectEmailHelp": "\u53ef\u9009\u62e9\u5c06\u6b64\u672c\u5730\u7528\u6237\u94fe\u63a5\u5230\u73b0\u6709\u7684 Emby Connect \u5e10\u6237\uff0c\u4ee5\u4fbf\u4ece\u4efb\u4f55 Emby \u5e94\u7528\u7a0b\u5e8f\u8f7b\u677e\u767b\u5f55\u8bbf\u95ee\uff0c\u800c\u65e0\u9700\u77e5\u9053\u670d\u52a1\u5668 IP \u5730\u5740\u3002",
    "ButtonLearnMoreAboutEmbyConnect": "\u4e86\u89e3\u6709\u5173 Emby Connect \u7684\u66f4\u591a\u4fe1\u606f",
    "LabelDateAddedBehavior": "\u65b0\u5185\u5bb9\u6dfb\u52a0\u65e5\u671f\u7684\u884c\u4e3a",
    "OptionDateAddedImportTime": "\u4f7f\u7528\u52a0\u5165\u5a92\u4f53\u5e93\u65f6\u7684\u626b\u63cf\u65e5\u671f",
    "OptionDateAddedFileTime": "\u4f7f\u7528\u6587\u4ef6\u7684\u521b\u5efa\u65e5\u671f",
    "LabelDateAddedBehaviorHelp": "\u5982\u679c\u5b58\u5728\u5143\u6570\u636e\u503c\uff0c\u5219\u5c06\u59cb\u7ec8\u4f18\u4e8e\u8fd9\u4e9b\u9009\u9879\u4f7f\u7528\u3002",
    "HeaderLibrarySettings": "\u5a92\u4f53\u5e93\u8bbe\u7f6e",
    "HeaderSubtitleDownloads": "\u5b57\u5e55\u4e0b\u8f7d",
    "HeaderCameraUploadHelp": "Emby \u5e94\u7528\u7a0b\u5e8f\u53ef\u4ee5\u81ea\u52a8\u5c06\u4ece\u60a8\u7684\u79fb\u52a8\u8bbe\u5907\u62cd\u6444\u7684\u7167\u7247\u4e0a\u4f20\u5230 Emby Server\u3002",
    "LabelCameraUploadPath": "\u76f8\u673a\u4e0a\u4f20\u8def\u5f84\uff1a",
    "LabelCameraUploadPathHelp": "\u9009\u62e9\u4e00\u4e2a\u81ea\u5b9a\u4e49\u4e0a\u4f20\u8def\u5f84\u3002\u8fd9\u5c06\u8986\u76d6\u5728 \u201c\u76f8\u673a\u4e0a\u4f20\u201d \u4e2d\u8bbe\u7f6e\u7684\u6240\u6709\u9ed8\u8ba4\u8bbe\u7f6e\u3002\u5982\u679c\u7559\u7a7a\uff0c\u5c06\u4f7f\u7528\u9ed8\u8ba4\u6587\u4ef6\u5939\u3002\u5982\u679c\u4f7f\u7528\u81ea\u5b9a\u4e49\u8def\u5f84\uff0c\u5219\u8fd8\u9700\u8981\u5728 Emby \u5a92\u4f53\u5e93\u8bbe\u7f6e\u4e2d\u5c06\u5176\u6dfb\u52a0\u3002",
    "DefaultCameraUploadPathHelp": "\u9009\u62e9\u4e00\u4e2a\u81ea\u5b9a\u4e49\u4e0a\u4f20\u8def\u5f84\u3002\u5982\u679c\u7559\u7a7a\uff0c\u5c06\u4f7f\u7528\u9ed8\u8ba4\u6587\u4ef6\u5939\u3002\u5982\u679c\u4f7f\u7528\u81ea\u5b9a\u4e49\u8def\u5f84\uff0c\u5219\u8fd8\u9700\u8981\u5728 Emby \u5a92\u4f53\u5e93\u8bbe\u7f6e\u4e2d\u5c06\u5176\u6dfb\u52a0\u3002",
    "LabelCreateCameraUploadSubfolder": "\u4e3a\u6bcf\u4e2a\u8bbe\u5907\u521b\u5efa\u5b50\u6587\u4ef6\u5939",
    "LabelCreateCameraUploadSubfolderHelp": "\u901a\u8fc7\u5728 \u201c\u8bbe\u5907\u201d \u9875\u9762\u4e0a\u5355\u51fb\u8bbe\u5907\uff0c\u53ef\u4ee5\u5c06\u7279\u5b9a\u7684\u6587\u4ef6\u5939\u5206\u914d\u7ed9\u8be5\u8bbe\u5907\u3002",
    "LabelCustomDeviceDisplayNameHelp": "\u81ea\u5b9a\u4e49\u663e\u793a\u540d\u79f0\u6216\u7559\u7a7a\u4ee5\u4f7f\u7528\u8bbe\u5907\u62a5\u544a\u7684\u540d\u79f0\u3002",
    "TabParentalControl": "\u5bb6\u957f\u63a7\u5236",
    "HeaderAccessSchedule": "\u8bbf\u95ee\u8ba1\u5212",
    "HeaderAccessScheduleHelp": "\u521b\u5efa\u8bbf\u95ee\u8ba1\u5212\u4ee5\u5c06\u8bbf\u95ee\u9650\u5236\u4e3a\u67d0\u4e9b\u5c0f\u65f6\u3002",
    "HeaderLibraryAccess": "\u5a92\u4f53\u5e93\u8bbf\u95ee",
    "HeaderChannelAccess": "\u9891\u9053\u8bbf\u95ee",
    "LabelForgotPasswordUsernameHelp": "\u5982\u679c\u8fd8\u8bb0\u5f97\u7528\u6237\u540d\uff0c\u8bf7\u8f93\u5165\u60a8\u7684\u7528\u6237\u540d\u3002",
    "TitlePasswordReset": "\u5bc6\u7801\u91cd\u7f6e",
    "HeaderBlockItemsWithNoRating": "\u963b\u6b62\u6ca1\u6709\u8bc4\u7ea7\u4fe1\u606f\u6216\u65e0\u6cd5\u8bc6\u522b\u7684\u8bc4\u7ea7\u4fe1\u606f\u7684\u9879\u76ee",
    "LabelBlockContentWithTags": "\u9650\u5236\u5e26\u6709\u6807\u7b7e\u7684\u9879\u76ee",
    "LabelTagRestrictionMode": "\u6807\u7b7e\u9650\u5236\u6a21\u5f0f",
    "BlockItemsWithTheseTags": "\u5c4f\u853d\u5e26\u6709\u8fd9\u4e9b\u6807\u7b7e\u7684\u9879\u76ee",
    "AllowItemsWithTheseTags": "\u53ea\u5141\u8bb8\u5e26\u6709\u8fd9\u4e9b\u6807\u7b7e\u7684\u9879\u76ee",
    "OptionAllowContentDownloading": "\u5141\u8bb8\u5a92\u4f53\u4e0b\u8f7d",
    "LabelNewUserNameHelp": "\u7528\u6237\u540d\u53ef\u4ee5\u5305\u542b\u5b57\u6bcd\uff08a-z\uff09\uff0c\u6570\u5b57\uff080-9\uff09\uff0c\u7834\u6298\u53f7\uff08-\uff09\uff0c\u4e0b\u5212\u7ebf\uff08_\uff09\uff0c\u5355\u5f15\u53f7\uff08'\uff09\u548c\u53e5\u53f7\uff08.\uff09\u3002",
    "HeaderThisUserIsCurrentlyDisabled": "\u6b64\u7528\u6237\u5f53\u524d\u88ab\u7981\u7528\u3002\u82e5\u8981\u542f\u7528\u6b64\u7528\u6237\uff0c\u8bf7\u53c2\u9605\u6b64\u9875\u9762\u5e95\u90e8\u7684\u9009\u9879\u3002",
    "OptionAllowSyncTranscoding": "\u5141\u8bb8\u9700\u8981\u8f6c\u7801\u7684\u5a92\u4f53\u4e0b\u8f7d",
    "AllowMediaConversion": "\u5141\u8bb8\u5a92\u4f53\u8f6c\u6362",
    "AllowMediaConversionHelp": "\u6388\u4e88\u6216\u62d2\u7edd\u8bbf\u95ee\u8f6c\u6362\u5a92\u4f53\u529f\u80fd\u7684\u6743\u9650\u3002",
    "OptionAllowAudioPlaybackTranscoding": "\u5982\u6709\u5fc5\u8981\uff0c\u5728\u5a92\u4f53\u64ad\u653e\u671f\u95f4\u5141\u8bb8\u97f3\u9891\u8f6c\u7801",
    "OptionAllowVideoPlaybackTranscoding": "\u5982\u6709\u5fc5\u8981\uff0c\u5728\u5a92\u4f53\u64ad\u653e\u671f\u95f4\u5141\u8bb8\u89c6\u9891\u8f6c\u7801",
    "OptionAllowVideoPlaybackRemuxing": "\u5982\u6709\u5fc5\u8981\uff0c\u5728\u5a92\u4f53\u64ad\u653e\u671f\u95f4\u5141\u8bb8\u66f4\u6539\u5bb9\u5668\u683c\u5f0f",
    "OptionAllowMediaPlaybackTranscodingHelp": "\u9650\u5236\u5bf9\u8f6c\u7801\u7684\u8bbf\u95ee\u5c06\u7981\u7528\u8d28\u91cf\u9009\u62e9\uff0c\u5e76\u53ef\u80fd\u7531\u4e8e\u4e0d\u652f\u6301\u7684\u5a92\u4f53\u683c\u5f0f\u6216\u7f51\u7edc\u5e26\u5bbd\u4e0d\u8db3\u800c\u5bfc\u81f4\u5728 Emby \u5e94\u7528\u7a0b\u5e8f\u4e2d\u7684\u64ad\u653e\u5931\u8d25\u3002",
    "LabelRemoteClientBitrateLimit": "\u4e92\u8054\u7f51\u4e32\u6d41\u6bd4\u7279\u7387\u9650\u5236\uff08Mbps\uff09",
    "LabelRemoteClientBitrateLimitHelp": "\u6240\u6709\u7f51\u7edc\u5916\u8bbe\u5907\u7684\u53ef\u9009\u6bcf\u6d41\u6bd4\u7279\u7387\u9650\u5236\u3002\u8fd9\u6709\u52a9\u4e8e\u9632\u6b62\u8bbe\u5907\u8bf7\u6c42\u7684\u6bd4\u7279\u7387\u9ad8\u4e8e\u4e92\u8054\u7f51\u8fde\u63a5\u6240\u4e0d\u80fd\u5904\u7406\u7684\u6bd4\u7279\u7387\u3002\u8fd9\u53ef\u80fd\u4f1a\u5bfc\u81f4 CPU \u7684\u8d1f\u8f7d\u589e\u52a0\uff0c\u4ee5\u4fbf\u5b9e\u65f6\u5c06\u89c6\u9891\u8f6c\u7801\u4e3a\u8f83\u4f4e\u7684\u6bd4\u7279\u7387\u3002",
    "LabelUserRemoteClientBitrateLimitHelp": "\u8fd9\u5c06\u8986\u76d6\u5728\u9ad8\u7ea7\u670d\u52a1\u5668\u8bbe\u7f6e\u4e2d\u8bbe\u7f6e\u7684\u5168\u5c40\u9ed8\u8ba4\u503c\u3002",
    "OptionEnableFullSpeedConversion": "\u542f\u7528\u5168\u901f\u8f6c\u6362",
    "OptionEnableFullSpeedConversionHelp": "\u9ed8\u8ba4\u60c5\u51b5\u4e0b\uff0c\u8f6c\u6362\u4ee5\u4f4e\u901f\u6267\u884c\uff0c\u4ee5\u6700\u5927\u7a0b\u5ea6\u5730\u51cf\u5c11\u8d44\u6e90\u6d88\u8017\u3002",
    "OptionEnableAutomaticServerUpdates": "\u542f\u7528\u670d\u52a1\u5668\u81ea\u52a8\u66f4\u65b0",
    "HeaderTVSources": "\u7535\u89c6\u6e90",
    "HeaderAddTvSource": "\u6dfb\u52a0\u7535\u89c6\u6e90 ",
    "LabelTunerIpAddress": "\u8c03\u8c10\u5668 IP \u5730\u5740\uff1a",
    "HeaderGuideProviders": "\u6307\u5357\u6570\u636e\u6e90",
    "HeaderAddGuideSource": "\u6dfb\u52a0\u6307\u5357\u6570\u636e\u6e90",
    "LabelZipCode": "\u90ae\u7f16",
    "LabelLineup": "\u6392\u961f",
    "LabelImportOnlyFavoriteChannels": "\u4ec5\u9650\u6807\u8bb0\u4e3a\u6700\u7231\u7684\u9891\u9053",
    "ImportFavoriteChannelsHelp": "\u5982\u679c\u542f\u7528\uff0c\u5219\u4ec5\u5bfc\u5165\u5728\u8c03\u8c10\u5668\u8bbe\u5907\u4e0a\u6807\u8bb0\u4e3a\u6700\u7231\u7684\u9891\u9053\u3002",
    "HeaderDefaultRecordingSettings": "\u9ed8\u8ba4\u5f55\u5236\u8bbe\u7f6e",
    "LabelDisplayName": "\u663e\u793a\u540d\u79f0",
    "OptionDownloadImagesInAdvance": "\u63d0\u524d\u4e0b\u8f7d\u56fe\u7247",
    "OptionDownloadImagesInAdvanceHelp": "\u5728\u9ed8\u8ba4\u8bbe\u7f6e\u4e0b\uff0cEmby\u5728\u663e\u793a\u5a92\u4f53\u4e4b\u524d\uff0c\u901a\u5e38\u4e0d\u4f1a\u4ece\u4e92\u8054\u7f51\u4e0a\u9884\u5148\u4e0b\u8f7d\u56fe\u7247\u3002\u5982\u679c\u4f60\u542f\u7528\u8fd9\u4e2a\u9009\u9879\uff0c\u6240\u6709\u7684\u56fe\u7247\u5c06\u4f1a\u5728\u5a92\u4f53\u5bfc\u5165\u4e4b\u524d\u88ab\u4e0b\u8f7d\u3002\u4f46\u8bf7\u6ce8\u610f\uff0c\u8fd9\u53ef\u80fd\u4f1a\u663e\u8457\u589e\u52a0\u5a92\u4f53\u5e93\u626b\u63cf\u7684\u65f6\u95f4\u3002",
    "MessageThankYouForSupporting": "\u611f\u8c22\u4f60\u652f\u6301 Emby\u3002",
    "FileReadCancelled": "\u6587\u4ef6\u8bfb\u53d6\u5df2\u88ab\u53d6\u6d88\u3002",
    "FileNotFound": "\u672a\u627e\u5230\u6587\u4ef6\u3002",
    "FileReadError": "\u8bfb\u53d6\u6587\u4ef6\u65f6\u53d1\u751f\u9519\u8bef\u3002",
    "NoPluginConfigurationMessage": "\u6b64\u63d2\u4ef6\u6ca1\u6709\u8981\u914d\u7f6e\u7684\u8bbe\u7f6e\u3002",
    "HeaderNewApiKey": "\u65b0 API \u5bc6\u94a5",
    "HeaderNewApiKeyHelp": "\u6388\u4e88\u5e94\u7528\u7a0b\u5e8f\u6743\u9650\u4ee5\u4e0e Emby Server \u901a\u4fe1\u3002",
    "MessageKeyEmailedTo": "\u5bc6\u94a5\u5df2\u901a\u8fc7\u90ae\u4ef6\u53d1\u9001\u5230 {0}\u3002",
    "HeaderConfirmation": "\u786e\u8ba4",
    "MessageKeyUpdated": "\u8c22\u8c22\u3002\u60a8\u7684 Emby Premiere \u5bc6\u94a5\u5df2\u66f4\u65b0\u3002",
    "MessageKeyRemoved": "\u8c22\u8c22\u3002\u60a8\u7684 Emby Premiere \u5bc6\u94a5\u5df2\u79fb\u9664\u3002",
    "TextEnjoyBonusFeatures": "\u4eab\u53d7\u989d\u5916\u7684\u529f\u80fd",
    "MessageErrorLoadingSupporterInfo": "\u52a0\u8f7d Emby Premiere \u4fe1\u606f\u65f6\u51fa\u9519\u3002\u8bf7\u7a0d\u540e\u518d\u8bd5\u3002",
    "ValueTimeLimitSingleHour": "\u65f6\u95f4\u9650\u5236\uff1a1 \u5c0f\u65f6",
    "ValueTimeLimitMultiHour": "\u65f6\u95f4\u9650\u5236\uff1a{0} \u5c0f\u65f6",
    "General": "\u901a\u7528",
    "HeaderScreenSavers": "\u5c4f\u5e55\u4fdd\u62a4\u7a0b\u5e8f",
    "Reporting": "\u62a5\u544a",
    "LabelStopping": "\u6b63\u5728\u505c\u6b62",
    "HeaderSelectCertificatePath": "\u9009\u62e9\u8bc1\u4e66\u8def\u5f84",
    "HeaderSupporterBenefit": "\u62e5\u6709\u4e00\u4e2a\u6709\u6548\u7684 Emby Premiere \u8ba2\u9605\u53ef\u5e26\u6765\u989d\u5916\u7684\u529f\u80fd\uff0c\u4f8b\u5982\u8bbf\u95ee Emby DVR\uff0c\u79bb\u7ebf\u5a92\u4f53\uff0c\u9ad8\u7ea7\u63d2\u4ef6\u7b49\u3002{0}\u4e86\u89e3\u8be6\u60c5{1}\u3002",
    "LabelAbortedByServerShutdown": "\uff08\u7531\u4e8e\u670d\u52a1\u5668\u5173\u95ed\u800c\u4e2d\u6b62\uff09",
    "LabelScheduledTaskLastRan": "\u4e0a\u6b21\u8fd0\u884c {0}\uff0c\u8017\u65f6 {1}\u3002",
    "HeaderDeleteTaskTrigger": "\u5220\u9664\u4efb\u52a1\u89e6\u53d1\u6761\u4ef6",
    "MessageDeleteTaskTrigger": "\u60a8\u786e\u5b9a\u8981\u5220\u9664\u6b64\u4efb\u52a1\u89e6\u53d1\u5668\u5417\uff1f",
    "MessageNoPluginsDueToAppStore": "\u82e5\u8981\u7ba1\u7406\u63d2\u4ef6\uff0c\u8bf7\u4f7f\u7528 Emby Web\u3002",
    "LabelVersionInstalled": "{0} \u5df2\u5b89\u88c5",
    "HeaderSelectServerCachePath": "\u9009\u62e9\u670d\u52a1\u5668\u7f13\u5b58\u8def\u5f84",
    "HeaderSelectTranscodingPath": "\u9009\u62e9\u8f6c\u7801\u4e34\u65f6\u8def\u5f84",
    "HeaderSelectMetadataPath": "\u9009\u62e9\u5143\u6570\u636e\u8def\u5f84",
    "HeaderSelectServerCachePathHelp": "\u6d4f\u89c8\u6216\u8f93\u5165\u7528\u4e8e\u670d\u52a1\u5668\u7f13\u5b58\u6587\u4ef6\u7684\u8def\u5f84\u3002\u8be5\u6587\u4ef6\u5939\u5fc5\u987b\u662f\u53ef\u5199\u7684\u3002",
    "HeaderSelectTranscodingPathHelp": "\u6d4f\u89c8\u6216\u8f93\u5165\u7528\u4e8e\u5b58\u50a8\u8f6c\u7801\u4e34\u65f6\u6587\u4ef6\u7684\u8def\u5f84\u3002\u8be5\u6587\u4ef6\u5939\u5fc5\u987b\u662f\u53ef\u5199\u7684\u3002",
    "HeaderSelectMetadataPathHelp": "\u6d4f\u89c8\u6216\u8f93\u5165\u7528\u4e8e\u5b58\u50a8\u5143\u6570\u636e\u7684\u8def\u5f84\u3002\u8be5\u6587\u4ef6\u5939\u5fc5\u987b\u662f\u53ef\u5199\u7684\u3002",
    "MessageConfirmRestart": "\u60a8\u786e\u5b9a\u8981\u91cd\u542f Emby Server \u5417\uff1f",
    "MessageConfirmShutdown": "\u60a8\u786e\u5b9a\u8981\u5173\u95ed Emby Server \u5417\uff1f",
    "LabelLocalAccessUrl": "\u5c40\u57df\u7f51\u8bbf\u95ee\uff1a{0}",
    "LabelRemoteAccessUrl": "\u5e7f\u57df\u7f51\u8bbf\u95ee\uff1a{0}",
    "LabelRunningOnPort": "HTTP \u7aef\u53e3\u5728 {0} \u7aef\u53e3\u4e0a\u8fd0\u884c",
    "LabelRunningOnPorts": "HTTP \u7aef\u53e3\u5728 {0} \u7aef\u53e3\u4e0a\u8fd0\u884c\uff0c\u4e14 HTTPS \u7aef\u53e3\u5728 {1} \u4e0a\u8fd0\u884c",
    "LabelCurrentPath": "\u5f53\u524d\u8def\u5f84",
    "HeaderSelectMediaPath": "\u9009\u62e9\u5a92\u4f53\u8def\u5f84",
    "HeaderSelectPath": "\u9009\u62e9\u8def\u5f84",
    "MessageDirectoryPickerInstruction": "\u5982\u679c\u5728 \u201c\u7f51\u7edc\u201d \u4e2d\u627e\u4e0d\u5230\u60a8\u7684\u8bbe\u5907\uff0c\u5219\u53ef\u4ee5\u901a\u8fc7\u624b\u52a8\u8f93\u5165\u7f51\u7edc\u8def\u5f84\u3002\u4f8b\u5982\uff0c{0} \u6216 {1}\u3002",
    "MessageDirectoryPickerBSDInstruction": "\u5bf9\u4e8e BSD \u7cfb\u7edf\uff0c\u60a8\u53ef\u80fd\u9700\u8981\u5728 FreeNAS Jail \u4e2d\u914d\u7f6e\u5b58\u50a8\uff0c\u4ee5\u5141\u8bb8 Emby \u8bbf\u95ee\u5b83\u3002",
    "MessageDirectoryPickerLinuxInstruction": "\u5bf9\u4e8e Arch Linux\uff0cCentOS\uff0cDebian\uff0cFedora\uff0cOpenSuse \u6216 Ubuntu\uff0c\u60a8\u5fc5\u987b\u6388\u4e88 Emby \u7cfb\u7edf\u7528\u6237\u81f3\u5c11\u5bf9\u5b58\u50a8\u4f4d\u7f6e\u7684\u8bfb\u53d6\u7684\u6743\u9650\u3002",
    "MetadataManager": "\u5143\u6570\u636e\u7ba1\u7406\u5668",
    "OptionBlockLiveTvChannels": "\u7535\u89c6\u76f4\u64ad\u9891\u9053",
    "OptionBlockChannelContent": "\u4e92\u8054\u7f51\u9891\u9053\u5185\u5bb9",
    "ButtonRevoke": "\u64a4\u9500",
    "MessageConfirmRevokeApiKey": "\u60a8\u786e\u5b9a\u8981\u64a4\u6d88\u6b64 API \u5bc6\u94a5\u5417\uff1f\u6b64\u5e94\u7528\u7a0b\u5e8f\u4e0e Emby Server \u7684\u8fde\u63a5\u5c06\u7acb\u5373\u7ec8\u6b62\u3002",
    "HeaderConfirmRevokeApiKey": "\u64a4\u9500 API \u5bc6\u94a5",
    "MessagePleaseAcceptTermsOfServiceBeforeContinuing": "\u8bf7\u63a5\u53d7\u670d\u52a1\u6761\u6b3e\u540e\u7ee7\u7eed\u3002",
    "HeaderChangeFolderType": "\u66f4\u6539\u5185\u5bb9\u7c7b\u578b",
    "HeaderChangeFolderTypeHelp": "\u82e5\u8981\u66f4\u6539\u5185\u5bb9\u7c7b\u578b\uff0c\u8bf7\u5220\u9664\u5e76\u4f7f\u7528\u65b0\u7684\u7c7b\u578b\u91cd\u5efa\u5a92\u4f53\u5e93\u3002",
    "HeaderAlert": "\u8b66\u544a",
    "MessagePleaseRestart": "\u8bf7\u91cd\u542f\u670d\u52a1\u5668\u4ee5\u5b8c\u6210\u66f4\u65b0\u3002",
    "OptionHomeVideos": "\u5bb6\u5ead\u89c6\u9891\u4e0e\u7167\u7247",
    "OptionBooks": "\u4e66\u7c4d",
    "HeaderMetadataReaders": "\u5143\u6570\u636e\u8bfb\u53d6\u5668",
    "LabelMetadataReadersHelp": "\u542f\u7528\u5e76\u6309\u4f18\u5148\u7ea7\u987a\u5e8f\u5bf9\u60a8\u9996\u9009\u7684\u672c\u5730\u5143\u6570\u636e\u6e90\u8fdb\u884c\u6392\u5e8f\u3002",
    "HeaderSubtitleDownloaders": "\u5b57\u5e55\u4e0b\u8f7d\u5668",
    "SubtitleDownloadersHelp": "\u6309\u4f18\u5148\u7ea7\u542f\u7528\u9996\u9009\u5b57\u5e55\u4e0b\u8f7d\u5668\u5e76\u5bf9\u5176\u8fdb\u884c\u6392\u5e8f\u3002\u4f7f\u7528 Emby \u63d2\u4ef6\u76ee\u5f55\u53ef\u4ee5\u5b89\u88c5\u66f4\u591a\u5b57\u5e55\u63d0\u4f9b\u7a0b\u5e8f\u3002",
    "LabelMetadataDownloaders": "\u5143\u6570\u636e\u4e0b\u8f7d\u5668",
    "LabelMetadataDownloadersHelp": "\u6309\u4f18\u5148\u7ea7\u542f\u7528\u9996\u9009\u5143\u6570\u636e\u4e0b\u8f7d\u5668\u5e76\u5bf9\u5176\u8fdb\u884c\u6392\u5e8f\u3002\u4f18\u5148\u7ea7\u8f83\u4f4e\u7684\u4e0b\u8f7d\u5668\u4ec5\u7528\u4e8e\u586b\u5199\u7f3a\u5c11\u7684\u4fe1\u606f\u3002",
    "HeaderMetadataSavers": "\u5143\u6570\u4fdd\u5b58\u50a8\u65b9\u5f0f",
    "LabelMetadataSaversHelp": "\u9009\u62e9\u60a8\u4fdd\u5b58\u5143\u6570\u636e\u7684\u6587\u4ef6\u683c\u5f0f\u3002",
    "LabelImageFetchers": "\u56fe\u50cf\u83b7\u53d6\u5668",
    "LabelImageFetchersHelp": "\u6309\u4f18\u5148\u7ea7\u542f\u7528\u5e76\u6392\u5217\u60a8\u559c\u6b22\u7684\u56fe\u50cf\u83b7\u53d6\u5668\u3002",
    "PersonTypePerson": "\u4eba\u7269",
    "HeaderRemoveMediaLocation": "\u79fb\u9664\u5a92\u4f53\u4f4d\u7f6e",
    "MessageConfirmRemoveMediaLocation": "\u60a8\u786e\u5b9a\u8981\u79fb\u9664\u6b64\u4f4d\u7f6e\u5417\uff1f",
    "LabelNewName": "\u65b0\u540d\u79f0",
    "HeaderRemoveLibrary": "\u79fb\u9664\u5a92\u4f53\u5e93",
    "MessageAreYouSureYouWishToRemoveLibrary": "\u60a8\u786e\u5b9a\u8981\u4ece Emby Server \u4e2d\u79fb\u9664 {0} \u5a92\u4f53\u5e93\u5417\uff1f\u5a92\u4f53\u6587\u4ef6\u5c06\u4e0d\u4f1a\u53d7\u5230\u5f71\u54cd\u3002",
    "ButtonRename": "\u91cd\u547d\u540d",
    "HeaderPluginInstallation": "\u5b89\u88c5\u63d2\u4ef6",
    "MessageTrialExpired": "\u6b64\u529f\u80fd\u7684\u8bd5\u7528\u671f\u5df2\u8fc7\u671f",
    "MessageTrialWillExpireIn": "\u6b64\u529f\u80fd\u7684\u8bd5\u7528\u671f\u8fd8\u5269 {0} \u5929",
    "ValuePriceUSD": "\u4ef7\u683c\uff1a{0}\uff08USD\uff09",
    "MessageFeatureIncludedWithSupporter": "\u60a8\u5df2\u6ce8\u518c\u6b64\u529f\u80fd\uff0c\u5e76\u4e14\u53ef\u4ee5\u901a\u8fc7\u6709\u6548\u7684 Emby Premiere \u8ba2\u9605\u7ee7\u7eed\u4f7f\u7528\u5b83\u3002",
    "HeaderSelectExternalPlayer": "\u9009\u62e9\u5916\u90e8\u64ad\u653e\u5668",
    "HeaderExternalPlayerPlayback": "\u5916\u90e8\u64ad\u653e\u5668\u64ad\u653e",
    "HeaderThankYou": "\u8c22\u8c22",
    "HeaderSelectUploadPath": "\u9009\u62e9\u4e0a\u4f20\u8def\u5f84",
    "ErrorMessageStartHourGreaterThanEnd": "\u7ed3\u675f\u65f6\u95f4\u5fc5\u987b\u5927\u4e8e\u5f00\u59cb\u65f6\u95f4\u3002",
    "MessagePluginConfigurationRequiresLocalAccess": "\u82e5\u8981\u914d\u7f6e\u6b64\u63d2\u4ef6\uff0c\u8bf7\u76f4\u63a5\u767b\u5f55\u5230\u672c\u5730\u670d\u52a1\u5668\u3002",
    "MovieLibraryHelp": "\u67e5\u770b {0}Emby \u7535\u5f71\u547d\u540d\u6307\u5357{1}\u3002",
    "TvLibraryHelp": "\u67e5\u770b {0}Emby \u7535\u89c6\u547d\u540d\u6307\u5357{1}\u3002",
    "BookLibraryHelp": "\u6587\u672c\u4e66\u7c4d\u73b0\u5df2\u652f\u6301\u3002\u67e5\u770b {0}Emby \u56fe\u4e66\u547d\u540d\u6307\u5357{1}\u3002",
    "MessageGamePluginRequired": "\u9700\u8981\u5b89\u88c5 GameBrowser \u63d2\u4ef6",
    "HeaderUnlockApp": "\u89e3\u9501\u5e94\u7528\u7a0b\u5e8f",
    "MessagePaymentServicesUnavailable": "\u652f\u4ed8\u670d\u52a1\u5f53\u524d\u4e0d\u53ef\u7528\u3002\u8bf7\u7a0d\u540e\u518d\u8bd5\u3002",
    "NoNewDevicesFound": "\u672a\u53d1\u73b0\u65b0\u7684\u8bbe\u5907\u3002\u82e5\u8981\u6dfb\u52a0\u65b0\u7684\u8c03\u8c10\u5668\uff0c\u8bf7\u5173\u95ed\u6b64\u5bf9\u8bdd\u6846\u5e76\u624b\u52a8\u8f93\u5165\u8bbe\u5907\u4fe1\u606f\u3002",
    "MessageConfirmDeleteTunerDevice": "\u60a8\u786e\u5b9a\u8981\u5220\u9664\u8fd9\u4e2a\u8bbe\u5907\u5417\uff1f",
    "MessageConfirmDeleteGuideProvider": "\u60a8\u786e\u5b9a\u8981\u5220\u9664\u8fd9\u4e2a\u6307\u5357\u63d0\u4f9b\u5546\u5417\uff1f",
    "HeaderDeleteProvider": "\u5220\u9664\u63d0\u4f9b\u5546",
    "ErrorAddingTunerDevice": "\u6dfb\u52a0\u8c03\u8c10\u5668\u8bbe\u5907\u65f6\u53d1\u751f\u9519\u8bef\u3002\u8bf7\u786e\u4fdd\u5b83\u53ef\u8bbf\u95ee\u540e\u91cd\u8bd5\u3002",
    "ErrorSavingTvProvider": "\u4fdd\u5b58\u7535\u89c6\u63d0\u4f9b\u5546\u65f6\u53d1\u751f\u9519\u8bef\u3002\u8bf7\u786e\u4fdd\u5b83\u53ef\u8bbf\u95ee\u540e\u91cd\u8bd5\u3002",
    "ErrorGettingTvLineups": "\u4e0b\u8f7d\u7535\u89c6\u8282\u76ee\u8868\u65f6\u51fa\u73b0\u9519\u8bef\u3002\u8bf7\u786e\u4fdd\u4fe1\u606f\u6b63\u786e\u540e\u91cd\u8bd5\u3002",
    "MessageCreateAccountAt": "\u5728 {0} \u4e0a\u521b\u5efa\u4e00\u4e2a\u5e10\u6237",
    "ErrorPleaseSelectLineup": "\u8bf7\u9009\u62e9\u4e00\u4e2a\u8868\u540e\u91cd\u8bd5\u3002\u5982\u679c\u6ca1\u6709\u53ef\u7528\u7684\u8868\uff0c\u8bf7\u68c0\u67e5\u60a8\u7684\u7528\u6237\u540d\u3001\u5bc6\u7801\u548c\u90ae\u653f\u7f16\u7801\u662f\u5426\u6b63\u786e\u3002",
    "ErrorValidatingSupporterInfo": "\u9a8c\u8bc1\u60a8\u7684 Emby Premiere \u4fe1\u606f\u65f6\u53d1\u751f\u9519\u8bef\u3002\u8bf7\u7a0d\u540e\u518d\u8bd5\u3002",
    "LabelLocalSyncStatusValue": "\u72b6\u6001\uff1a{0}",
    "HeaderTopPlugins": "\u70ed\u95e8\u63d2\u4ef6",
    "ForAdditionalLiveTvOptions": "\u6d4f\u89c8 Emby {0}\u63d2\u4ef6\u76ee\u5f55{1}\u4ee5\u5b89\u88c5\u5176\u4ed6\u7684\u76f4\u64ad\u7535\u89c6\u63d0\u4f9b\u5546\u3002",
    "AddUser": "\u6dfb\u52a0\u7528\u6237",
    "HeaderEmailAddress": "\u90ae\u7bb1\u5730\u5740",
    "NumLocationsValue": "{0} \u4e2a\u6587\u4ef6\u5939",
    "PleaseAddAtLeastOneFolder": "\u8bf7\u5355\u51fb \u201c\u6dfb\u52a0\u201d \u6309\u94ae\u5c06\u81f3\u5c11 1 \u4e2a\u6587\u4ef6\u5939\u6dfb\u52a0\u5230\u8be5\u5a92\u4f53\u5e93\u4e2d\u3002",
    "ErrorAddingMediaPathToVirtualFolder": "\u6dfb\u52a0\u5a92\u4f53\u8def\u5f84\u65f6\u51fa\u9519\u3002\u8bf7\u68c0\u67e5\u8def\u5f84\u662f\u5426\u6709\u6548\u4e14 Emby Server \u5bf9\u5176\u5177\u6709\u8bfb\u6743\u9650\u540e\u91cd\u8bd5\u3002",
    "ErrorAddingEmbyConnectAccount3": "Emby \u5e10\u6237\u5df2\u94fe\u63a5\u5230\u73b0\u6709\u672c\u5730\u7528\u6237\u3002\u6bcf\u4e2a Emby \u5e10\u6237\u53ea\u80fd\u94fe\u63a5\u5230\u4e00\u4e2a\u672c\u5730\u7528\u6237\u3002",
    "HeaderConfirmPluginInstallation": "\u786e\u8ba4\u5b89\u88c5\u63d2\u4ef6",
    "PleaseConfirmPluginInstallation": "\u8bf7\u5355\u51fb \u201c\u786e\u5b9a\u201d \u4ee5\u786e\u8ba4\u60a8\u5df2\u9605\u8bfb\u4ee5\u4e0a\u5185\u5bb9\uff0c\u5e76\u5e0c\u671b\u7ee7\u7eed\u8fdb\u884c\u5b89\u88c5\u63d2\u4ef6\u3002",
    "MessagePluginInstallDisclaimer": "Emby \u793e\u533a\u6210\u5458\u6784\u5efa\u7684\u63d2\u4ef6\u662f\u4e00\u79cd\u589e\u5f3a Emby \u4f53\u9a8c\u7684\u597d\u65b9\u6cd5\u901a\u8fc7\u5b89\u88c5\u5176\u4ed6\u989d\u5916\u529f\u80fd\u3002\u5728\u5b89\u88c5\u4e4b\u524d\uff0c\u8bf7\u6ce8\u610f\u5b83\u4eec\u53ef\u80fd\u4f1a\u5bf9 Emby Server \u4ea7\u751f\u7684\u5f71\u54cd\uff0c\u4f8b\u5982\u66f4\u957f\u7684\u5a92\u4f53\u5e93\u626b\u63cf\uff0c\u989d\u5916\u7684\u540e\u53f0\u5904\u7406\u4ee5\u53ca\u964d\u4f4e\u7cfb\u7edf\u7684\u7a33\u5b9a\u6027\u3002",
    "HardwareAccelerationWarning": "\u5728\u67d0\u4e9b\u73af\u5883\u4e2d\uff0c\u542f\u7528\u786c\u4ef6\u52a0\u901f\u53ef\u80fd\u4f1a\u5bfc\u81f4\u4e0d\u7a33\u5b9a\u3002\u786e\u4fdd\u60a8\u7684\u64cd\u4f5c\u7cfb\u7edf\u548c\u89c6\u9891\u9a71\u52a8\u7a0b\u5e8f\u662f\u6700\u65b0\u7684\u3002\u5982\u679c\u542f\u7528\u6b64\u9009\u9879\u540e\u64ad\u653e\u89c6\u9891\u65f6\u51fa\u73b0\u95ee\u9898\uff0c\u8bf7\u5c06\u8bbe\u7f6e\u66f4\u6539\u4e3a \u201c\u81ea\u52a8\u201d\u3002",
    "ValueExample": "\u4f8b\u5982\uff1a{0}",
    "LabelFileOrUrl": "\u6587\u4ef6\u6216 URL",
    "OptionEnableForAllTuners": "\u4e3a\u6240\u6709\u8c03\u8c10\u5668\u8bbe\u5907\u542f\u7528",
    "HeaderTuners": "\u8c03\u8c10\u5668",
    "DrmChannelsNotImported": "\u53d7 DRM \u4fdd\u62a4\u7684\u9891\u9053\u5c06\u4e0d\u4f1a\u5bfc\u5165\u3002",
    "LabelAllowHWTranscoding": "\u5141\u8bb8\u786c\u4ef6\u8f6c\u7801",
    "AllowHWTranscodingHelp": "\u5982\u679c\u542f\u7528\uff0c\u5219\u5141\u8bb8\u8c03\u8c10\u5668\u5bf9\u89c6\u9891\u6d41\u8fdb\u884c\u5b9e\u65f6\u8f6c\u7801\u3002\u8fd9\u53ef\u80fd\u6709\u52a9\u4e8e\u51cf\u5c11 Emby Server \u5bf9\u8f6c\u7801\u7684\u9700\u6c42\u3002",
    "MetadataSettingChangeHelp": "\u66f4\u6539\u5143\u6570\u636e\u8bbe\u7f6e\u5c06\u5f71\u54cd\u4ee5\u540e\u6dfb\u52a0\u7684\u65b0\u5185\u5bb9\u3002\u82e5\u8981\u5237\u65b0\u73b0\u6709\u5185\u5bb9\uff0c\u8bf7\u6253\u5f00 \u201c\u8be6\u7ec6\u4fe1\u606f\u201d \u540e\u5355\u51fb \u201c\u5237\u65b0\u201d \u6309\u94ae\uff0c\u6216\u4f7f\u7528\u5143\u6570\u636e\u7ba1\u7406\u5668\u6267\u884c\u6279\u91cf\u5237\u65b0\u3002",
    "RecordingPathChangeMessage": "\u66f4\u6539\u8bb0\u5f55\u6587\u4ef6\u5939\u4e0d\u4f1a\u5c06\u73b0\u6709\u8bb0\u5f55\u4ece\u65e7\u4f4d\u7f6e\u8fc1\u79fb\u5230\u65b0\u4f4d\u7f6e\u3002\u5982\u679c\u9700\u8981\uff0c\u60a8\u9700\u8981\u624b\u52a8\u79fb\u52a8\u5b83\u4eec\u3002",
    "LabelLocalIpAddress": "\u672c\u5730 IP \u5730\u5740",
    "LabelBindToLocalNetworkAddressHelp": "\u53ef\u9009\u7684\u3002\u5c06\u8986\u76d6 Emby \u670d\u52a1\u5668\u63d0\u4f9b\u7ed9 Emby \u5e94\u7528\u7a0b\u5e8f\u7684\u672c\u5730 IP \u5730\u5740\u3002\u5982\u679c\u7559\u7a7a\uff0c\u670d\u52a1\u5668\u5c06\u81ea\u52a8\u68c0\u6d4b\u672c\u5730 IP \u5730\u5740\u3002",
    "SettingsWarning": "\u66f4\u6539\u8fd9\u4e9b\u503c\u53ef\u80fd\u4f1a\u5bfc\u81f4\u4e0d\u7a33\u5b9a\u6216\u8fde\u63a5\u5931\u8d25\u3002\u5982\u679c\u60a8\u9047\u5230\u4efb\u4f55\u95ee\u9898\uff0c\u6211\u4eec\u5efa\u8bae\u5c06\u5176\u6062\u590d\u4e3a\u9ed8\u8ba4\u503c\u3002",
    "OptionSaveMetadataAsHiddenHelp": "\u66f4\u6539\u6b64\u8bbe\u7f6e\u5c06\u5e94\u7528\u4e8e\u4ee5\u540e\u4fdd\u5b58\u7684\u65b0\u5143\u6570\u636e\u3002\u73b0\u6709\u5143\u6570\u636e\u6587\u4ef6\u5c06\u5728 Emby Server \u4e0b\u6b21\u4fdd\u5b58\u65f6\u8fdb\u884c\u66f4\u65b0\u3002",
    "EnablePhotos": "\u542f\u7528\u7167\u7247",
    "EnablePhotosHelp": "\u7167\u7247\u5c06\u88ab\u68c0\u6d4b\u5230\u5e76\u4e0e\u5176\u4ed6\u5a92\u4f53\u6587\u4ef6\u4e00\u8d77\u663e\u793a\u3002",
    "ImportPlaylists": "\u5bfc\u5165\u64ad\u653e\u5217\u8868\u6587\u4ef6",
    "ImportPlaylistsHelp": "\u5728\u76ee\u5f55\u4e2d\u7684\u64ad\u653e\u5217\u8868\u53ef\u4ee5\u5bfc\u5165\u5230 Emby \u670d\u52a1\u5668\u4e2d\u3002",
    "SaveThumbnailImagesIntoMediaFolders": "\u5c06\u89c6\u9891\u9884\u89c8\u7f29\u7565\u56fe\u4fdd\u5b58\u5230\u5a92\u4f53\u6587\u4ef6\u5939\u4e2d",
    "LabelGenerateVideoPreviewThumbnails": "\u751f\u6210\u89c6\u9891\u9884\u89c8\u7f29\u7565\u56fe",
    "LabelEnableDebugLogging": "\u542f\u7528\u8c03\u8bd5\u65e5\u5fd7\u8bb0\u5f55",
    "OptionEnableExternalContentInSuggestions": "\u5728\u5efa\u8bae\u4e2d\u542f\u7528\u5916\u90e8\u5185\u5bb9",
    "OptionEnableExternalContentInSuggestionsHelp": "\u5141\u8bb8\u5c06\u4e92\u8054\u7f51\u9884\u544a\u7247\u548c\u7535\u89c6\u76f4\u64ad\u8282\u76ee\u5305\u542b\u5728\u5efa\u8bae\u7684\u5185\u5bb9\u4e2d\u3002",
    "LabelOptionalNetworkPath": "\uff08\u53ef\u9009\uff09\u5171\u4eab\u7684\u7f51\u7edc\u6587\u4ef6\u5939",
    "LabelOptionalNetworkPathHelp": "\u5982\u679c\u6b64\u6587\u4ef6\u5939\u5728\u7f51\u7edc\u4e0a\u5171\u4eab\uff0c\u5219\u63d0\u4f9b\u7f51\u7edc\u5171\u4eab\u8def\u5f84\u5373\u53ef\u4f7f Emby \u5e94\u7528\u7a0b\u5e8f\u5728\u5176\u4ed6\u8bbe\u5907\u4e0a\u76f4\u63a5\u8bbf\u95ee\u5a92\u4f53\u6587\u4ef6\u3002",
    "SynologyUpdateInstructions": "\u8bf7\u767b\u5f55 DSM \u5e76\u8f6c\u5230 \u201c\u5957\u4ef6\u4e2d\u5fc3\u201d \u8fdb\u884c\u66f4\u65b0\u3002",
    "HeaderRecordingPostProcessing": "\u5f55\u5236\u540e\u671f\u5904\u7406",
    "LabelPostProcessorArguments": "\u540e\u671f\u5904\u7406\u547d\u4ee4\u884c\u53c2\u6570",
    "PostProcessorArgumentsHelp": "\u547d\u4ee4\u884c\u4e2d\u652f\u6301\u4ee5\u4e0b\u53d8\u91cf\uff0c\u4ee5\u5141\u8bb8\u5c06\u6570\u636e\u4f20\u9012\u5230\u540e\u5904\u7406\u7a0b\u5e8f",
    "LabelPostProcessor": "\u540e\u671f\u5904\u7406\u5e94\u7528\u7a0b\u5e8f",
    "DvrPostProcessorPathArgument": "{path}\uff1a\u5f55\u5236\u6587\u4ef6\u7684\u5b8c\u6574\u8def\u5f84",
    "OptionAutomaticallyGroupSeries": "\u81ea\u52a8\u5408\u5e76\u5206\u5e03\u5728\u591a\u4e2a\u6587\u4ef6\u5939\u4e2d\u7684\u7535\u89c6\u5267",
    "OptionAutomaticallyGroupSeriesHelp": "\u5982\u679c\u542f\u7528\uff0c\u5206\u5e03\u5728\u6b64\u5a92\u4f53\u5e93\u5e93\u4e2d\u591a\u4e2a\u6587\u4ef6\u5939\u4e2d\u7684\u7535\u89c6\u5267\u5c06\u81ea\u52a8\u5408\u5e76\u4e3a\u4e00\u90e8\u3002",
    "WhenDidYouPurchaseApp": "\u60a8\u6700\u521d\u662f\u4f55\u65f6\u8d2d\u4e70\u6b64\u5e94\u7528\u7a0b\u5e8f\u7684\uff1f",
    "PreferEmbeddedTitlesOverFileNames": "\u4f18\u5148\u4f7f\u7528\u5185\u5d4c\u7684\u6807\u9898\u800c\u4e0d\u662f\u6587\u4ef6\u540d",
    "PreferEmbeddedTitlesOverFileNamesHelp": "\u5f53\u6ca1\u6709\u4e92\u8054\u7f51\u5143\u6570\u636e\u6216\u672c\u5730\u5143\u6570\u636e\u53ef\u7528\u65f6\uff0c\u5c06\u9ed8\u8ba4\u663e\u793a\u6807\u9898\u3002",
    "FriendlyNameForReferenceHelp": "\u7528\u4e8e\u663e\u793a\u7684\u53cb\u597d\u540d\u79f0\uff0c\u4f9b\u60a8\u53c2\u8003\u3002",
    "HeaderLiveTvTunerSetup": "\u7535\u89c6\u76f4\u64ad\u8c03\u8c10\u5668\u8bbe\u7f6e",
    "HeaderTVSourceSetup": "\u7535\u89c6\u6e90\u8bbe\u7f6e",
    "HeaderDetectMyDevices": "\u68c0\u6d4b\u8bbe\u5907",
    "MessagePleaseWait": "\u8bf7\u7a0d\u540e\u3002\u8fd9\u53ef\u80fd\u9700\u8981\u5927\u7ea6 1 \u5206\u949f\u7684\u65f6\u95f4\u3002",
    "DetectingDevices": "\u68c0\u6d4b\u8bbe\u5907\u4e2d",
    "LabelAutomaticallyRefreshInternetMetadataEvery": "\u521d\u6b21\u5bfc\u5165\u540e\uff0c\u81ea\u52a8\u4ece\u4e92\u8054\u7f51\u5237\u65b0\u5143\u6570\u636e",
    "LabelPlaceholderMetadataRefreshInternetMetadataEvery": "\u81ea\u52a8\u5237\u65b0\u5e26\u6709\u5360\u4f4d\u7b26\u6807\u9898\u5267\u96c6\u7684\u5143\u6570\u636e\uff0c\u4f8b\u5982 TBA",
    "EveryNDays": "\u6bcf {0} \u5929",
    "NDays": "{0} \u5929",
    "LabelCertificatePassword": "\u8bc1\u4e66\u5bc6\u7801",
    "LabelCertificatePasswordHelp": "\u5982\u679c\u60a8\u7684\u8bc1\u4e66\u9700\u8981\u5bc6\u7801\uff0c\u8bf7\u5728\u6b64\u5904\u8f93\u5165\u3002",
    "HeaderNewLibrary": "\u65b0\u5a92\u4f53\u5e93",
    "HttpsRequiresCert": "\u82e5\u8981\u542f\u7528\u5b89\u5168\u8fde\u63a5\uff0c\u60a8\u5c06\u9700\u8981\u63d0\u4f9b\u53d7\u4fe1\u4efb\u7684 SSL \u8bc1\u4e66\uff0c\u4f8b\u5982 Let\u2018s Encrypt\u3002\u8bf7\u63d0\u4f9b\u8bc1\u4e66\u6587\u4ef6\u6216\u7981\u7528\u5b89\u5168\u8fde\u63a5\u3002",
    "ServerRestartNeededAfterPluginInstall": "\u5728\u5b89\u88c5\u63d2\u4ef6\u540e\uff0cEmby Server \u5c06\u9700\u8981\u91cd\u542f\u3002",
    "PluginInstalledMessage": "\u6b64\u63d2\u4ef6\u5df2\u5b89\u88c5\u6210\u529f\u3002Emby Server \u5c06\u9700\u8981\u91cd\u542f\u624d\u80fd\u4f7f\u66f4\u6539\u751f\u6548\u3002",
    "MessagePremiereStatusGood": "\u60a8\u62e5\u6709\u4e00\u4e2a {0} Emby Premiere \u8ba1\u5212\u4e14\u60a8\u7684\u8bbe\u5907\u6570\u672a\u8fbe\u5230\u6700\u5927\u9650\u5236\u6570\u91cf\u3002",
    "MessagePremiereStatusClose": "\u60a8\u62e5\u6709\u4e00\u4e2a {0} Emby Premiere \u8ba1\u5212\u4e14\u60a8\u7684\u8bbe\u5907\u6570\u63a5\u8fd1\u6700\u5927\u9650\u5236\u6570\u91cf\u3002",
    "MessagePremiereExtendedPlans": "\u8003\u8651{0}\u8bbe\u5907\u6570\u6269\u5c55\u8ba1\u5212{1}",
    "MessagePremiereStatusOver": "\u60a8\u62e5\u6709\u4e00\u4e2a {0} Emby Premiere \u8ba1\u5212\u4f46\u60a8\u7684\u8bbe\u5907\u6570\u5df2\u8d85\u51fa\u6700\u5927\u9650\u5236\u6570\u91cf\u3002",
    "ListItemPremiereSub": "\u901a\u8fc7 {2} \u8d2d\u4e70\u7684 {0} \u8ba2\u9605\u5c06\u4e8e {1} \u8fc7\u671f",
    "LabelClickToCancel": "\u70b9\u51fb\u53d6\u6d88\u6b64\u8ba2\u9605",
    "LabelCancelInfo": "\u60a8\u53ef\u4ee5\u76f4\u63a5\u901a\u8fc7 {0} \u7ba1\u7406\u6b64\u8ba2\u9605",
    "LabelAlreadyCanceled": "\u6b64\u8ba2\u9605\u5df2\u88ab\u53d6\u6d88\u3002\u5bc6\u94a5\u5c06\u5728\u5230\u671f\u540e\u5931\u6548\u3002",
    "HeaderCancelSub": "\u53d6\u6d88 Emby Premiere",
    "MessageConfirmSubCancel": "\u4e0d\uff0c\u8bf7\u60a8\u4e0d\u8981\u79bb\u5f00\u2026 \u60a8\u5c06\u9519\u8fc7 Emby Premiere \u7684\u6240\u6709\u5f3a\u5927\u529f\u80fd\uff01",
    "ButtonCancelSub": "\u6211\u5df2\u4e86\u89e3\uff0c\u4f46\u4ecd\u8981\u53d6\u6d88",
    "ButtonDontCancelSub": "\u4fdd\u7559 Emby Premiere",
    "MessageSubCancelReqSent": "\u90ae\u4ef6\u5df2\u53d1\u9001\u7ed9\u6b64\u5bc6\u94a5\u7684\u6240\u6709\u8005\u3002\u8bf7\u6309\u7167\u8be5\u90ae\u4ef6\u4e2d\u7684\u8bf4\u660e\u5b8c\u6210\u6b64\u8ba2\u9605\u7684\u53d6\u6d88\u3002\u5e0c\u671b\u5f88\u5feb\u4e0e\u60a8\u518d\u6b21\u76f8\u9047\uff01",
    "MessageSubCancelError": "\u5c1d\u8bd5\u53d6\u6d88\u65f6\u51fa\u73b0\u95ee\u9898\u3002\u8bf7\u53d1\u9001\u90ae\u4ef6\u81f3 {0}\uff0c\u6211\u4eec\u5c06\u5e2e\u60a8\u89e3\u51b3",
    "LabelAlreadyCancelled": "\u6b64\u8ba2\u9605\u5df2\u88ab\u53d6\u6d88\u3002\u60a8\u65e0\u9700\u518d\u4ed8\u8d39\uff0c\u5728\u8ba2\u9605\u8fc7\u671f\u524d\u60a8\u80fd\u7ee7\u7eed\u4f7f\u7528\u8fd9\u4e9b\u529f\u80fd\u3002",
    "AllowOnTheFlySubtitleExtraction": "\u5141\u8bb8\u5b9e\u65f6\u63d0\u53d6\u5b57\u5e55",
    "AllowOnTheFlySubtitleExtractionHelp": "\u53ef\u4ee5\u4ece\u89c6\u9891\u4e2d\u63d0\u53d6\u5185\u5d4c\u5b57\u5e55\uff0c\u5e76\u4ee5\u7eaf\u6587\u672c\u683c\u5f0f\u5c06\u5176\u4f20\u9012\u7ed9 Emby \u5e94\u7528\u7a0b\u5e8f\uff0c\u4ee5\u9632\u6b62\u89c6\u9891\u8f6c\u7801\u3002\u5728\u67d0\u4e9b\u64cd\u4f5c\u7cfb\u7edf\u4e0a\uff0c\u8fd9\u53ef\u80fd\u9700\u8981\u5f88\u957f\u65f6\u95f4\u4e14\u4f1a\u5bfc\u81f4\u63d0\u53d6\u8fc7\u7a0b\u4e2d\u89c6\u9891\u64ad\u653e\u505c\u6b62\u3002\u5982\u679c\u5ba2\u6237\u7aef\u8bbe\u5907\u81ea\u8eab\u4e0d\u652f\u6301\u5185\u5d4c\u5b57\u5e55\uff0c\u8bf7\u7981\u7528\u6b64\u9009\u9879\u4ee5\u5c06\u5176\u4e0e\u89c6\u9891\u8f6c\u7801\u4e00\u8d77\u538b\u5236\u3002",
    "EnableDebugLoggingHelp": "\u8c03\u8bd5\u65e5\u5fd7\u8bb0\u5f55\u4ec5\u5e94\u6839\u636e\u9700\u8981\u542f\u7528\u4ee5\u8fdb\u884c\u6545\u969c\u6392\u9664\u3002\u8fd9\u53ef\u80fd\u4f1a\u5728\u67d0\u4e9b\u60c5\u51b5\u4e0b\u963b\u6b62\u8ba1\u7b97\u673a\u8fdb\u5165\u7761\u7720\u3002",
    "LabelSimultaneousConnectionLimit": "\u540c\u6b65\u6d41\u9650\u5236",
    "SimultaneousConnectionLimitHelp": "\u5141\u8bb8\u7684\u6700\u5927\u540c\u6b65\u6d41\u6570\u3002\u8f93\u5165 0 \u4e3a\u65e0\u9650\u5236\u3002",
    "LaunchWebAppOnStartup": "Emby Server \u542f\u52a8\u65f6\uff0c\u6253\u5f00\u6211\u7684 Web \u6d4f\u89c8\u5668\u5e76\u8bbf\u95ee Emby Web",
    "LaunchWebAppOnStartupHelp": "Emby Server \u9996\u6b21\u542f\u52a8\u65f6\uff0c\u4f1a\u6253\u5f00\u60a8\u7684\u9ed8\u8ba4 Web \u6d4f\u89c8\u5668\u5e76\u8bbf\u95ee Emby Web\u3002\u5728\u91cd\u542f\u670d\u52a1\u5668\u65f6\u4e0d\u4f1a\u53d1\u751f\u8fd9\u79cd\u60c5\u51b5\u3002",
    "LabelReferrerHeader": "\u5f15\u7528 HTTP \u6807\u5934",
    "LabelUserAgentHeader": "\u7528\u6237\u4ee3\u7406 HTTP \u6807\u5934",
    "SupplyCustomValueIfNeeded": "\u5982\u679c\u9700\u8981\uff0c\u8bf7\u63d0\u4f9b\u81ea\u5b9a\u4e49 HTTP \u6807\u5934\u503c\u3002",
    "HeaderConfigureRemoteAccess": "\u914d\u7f6e\u8fdc\u7a0b\u8bbf\u95ee",
    "LearnHowToCreateSynologyShares": "\u4e86\u89e3\u5982\u4f55\u5728\u7fa4\u6656\u4e2d\u5171\u4eab\u6587\u4ef6\u5939\u3002",
    "LabelAllowedRemoteAddresses": "\u8fdc\u7a0b IP \u5730\u5740\u8fc7\u6ee4\u5668",
    "LabelAllowedRemoteAddressesMode": "\u8fdc\u7a0b IP \u5730\u5740\u8fc7\u6ee4\u5668\u6a21\u5f0f",
    "Whitelist": "\u767d\u540d\u5355",
    "Blacklist": "\u9ed1\u540d\u5355",
    "AllowedRemoteAddressesHelp": "\u4f7f\u7528\u9017\u53f7\u5206\u9694\u7684 IP \u5730\u5740\u6216 IP\/\u5b50\u7f51\u63a9\u7801\u7684\u5217\u8868\u5c06\u88ab\u5141\u8bb8\u8fdb\u884c\u8fdc\u7a0b\u8fde\u63a5\u3002\u5982\u679c\u7559\u7a7a\uff0c\u5c06\u5141\u8bb8\u6240\u6709\u8fdc\u7a0b\u5730\u5740\u3002",
    "LabelLanNetworks": "\u5c40\u57df\u7f51",
    "LanNetworksHelp": "\u5f3a\u5236\u5e26\u5bbd\u9650\u5236\u65f6\uff0c\u4f7f\u7528\u9017\u53f7\u5206\u9694\u7684 IP \u5730\u5740\u6216 IP\/\u5b50\u7f51\u63a9\u7801\u7684\u5217\u8868\u5c06\u88ab\u9650\u5236\u3002\u5982\u679c\u8bbe\u7f6e\uff0c\u5219\u6240\u6709\u5176\u4ed6 IP \u5730\u5740\u5c06\u88ab\u89c6\u4e3a\u5728\u5916\u90e8\u7f51\u7edc\u4e0a\uff0c\u5e76\u4e14\u5c06\u53d7\u5916\u90e8\u5e26\u5bbd\u9650\u5236\u3002\u5982\u679c\u7559\u7a7a\uff0c\u5219\u4ec5\u5c06\u670d\u52a1\u5668\u7684\u5b50\u7f51\u548c\u5df2\u77e5\u7684\u79c1\u7f51 IP \u5b50\u7f51\uff0810.0.0.0\/8\u3001192.168.0.0\/24 \u7b49\uff09\u89c6\u4e3a\u5728\u672c\u5730\u7f51\u7edc\u4e0a\u3002",
    "LabelSecureConnectionsMode": "\u5b89\u5168\u8fde\u63a5\u6a21\u5f0f",
    "PreferredNotRequired": "\u9996\u9009\uff0c\u4f46\u4e0d\u662f\u5fc5\u9700\u7684",
    "RequiredForAllRemoteConnections": "\u6240\u6709\u8fdc\u7a0b\u8fde\u63a5\u90fd\u9700\u8981",
    "HandledByProxy": "\u7531\u53cd\u5411\u4ee3\u7406\u5904\u7406",
    "SaveSubtitlesIntoMediaFolders": "\u5c06\u5df2\u4e0b\u8f7d\u7684\u5b57\u5e55\u4fdd\u5b58\u5230\u5a92\u4f53\u6587\u4ef6\u5939\u4e2d",
    "SaveSubtitlesIntoMediaFoldersHelp": "\u5c06\u5b57\u5e55\u5b58\u50a8\u5728\u89c6\u9891\u6587\u4ef6\u65c1\u4f7f\u5b83\u4eec\u66f4\u6613\u4e8e\u7ba1\u7406\u3002",
    "AutomaticSubtitleDownloadInstructions": "\u82e5\u8981\u7ba1\u7406\u81ea\u52a8\u5b57\u5e55\u4e0b\u8f7d\uff0c\u8bf7\u5728 Emby \u4e2d\u5355\u51fb\u4e00\u4e2a\u5a92\u4f53\u5e93\u5e76\u7f16\u8f91\u8be5\u5e93\u7684\u5b57\u5e55\u4e0b\u8f7d\u8bbe\u7f6e\u3002",
    "ProviderNeedsSetupWithUrl": "{0} \u9700\u8981\u5728 Emby Server \u7684 {1} \u8bbe\u7f6e {2} \u4e2d\u8fdb\u884c\u989d\u5916\u914d\u7f6e\u3002",
    "LabelEnableHardwareAcceleration": "\u542f\u7528\u786c\u4ef6\u52a0\u901f\uff08\u5982\u679c\u53ef\u7528\uff09",
    "HeaderPreferredHardwareDecoders": "\u9996\u9009\u786c\u4ef6\u89e3\u7801\u5668",
    "HeaderPreferredHardwareEncoders": "\u9996\u9009\u786c\u4ef6\u7f16\u7801\u5668",
    "AllowChangingImageAndPassword": "\u5141\u8bb8\u8be5\u7528\u6237\u66f4\u6539\u5176\u5934\u50cf\u548c\u5bc6\u7801",
    "LabelSimultaneousStreamLimit": "\u6700\u5927\u540c\u6b65\u89c6\u9891\u6d41",
    "SimultaneousStreamLimitHelp": "\u9650\u5236\u5e76\u53d1\u89c6\u9891\u64ad\u653e\u4f1a\u8bdd\u6570\u3002",
    "LabelMusicFolderStructure": "\u97f3\u4e50\u6587\u4ef6\u5939\u7ed3\u6784",
    "LabelMusicFolderStructureHelp": "\u8fd9\u4e3a\u5e93\u626b\u63cf\u7a0b\u5e8f\u63d0\u4f9b\u4e86\u6709\u5173\u6587\u4ef6\u5939\u7ec4\u7ec7\u65b9\u5f0f\u7684\u63d0\u793a\u3002\u5982\u679c\u4e0d\u786e\u5b9a\uff0c\u6216\u8005\u6587\u4ef6\u5939\u4e0e\u5176\u4e2d\u4e00\u4e2a\u9009\u9879\u4e0d\u5b8c\u5168\u5339\u914d\uff0c\u8bf7\u9009\u62e9\u5176\u4ed6\u7684\u9ed8\u8ba4\u9009\u9879\u3002",
    "OtherOrUnstructured": "\u5176\u4ed6\u6216\u975e\u7ed3\u6784\u5316",
    "PerfectArtistAlbumTrack": "\u5b8c\u7f8e\u5730\u7ec4\u7ec7\u6210\u827a\u672f\u5bb6 \\ \u4e13\u8f91\u6587\u4ef6\u5939\uff0c\u6b4c\u66f2\u76f4\u63a5\u5b58\u653e\u5728\u4e13\u8f91\u6587\u4ef6\u5939\u4e2d\u3002",
    "PerfectAlbumTrack": "\u5b8c\u7f8e\u5730\u7ec4\u7ec7\u6210\u4e13\u8f91\u6587\u4ef6\u5939\uff0c\u6b4c\u66f2\u76f4\u63a5\u5b58\u653e\u5728\u4e13\u8f91\u6587\u4ef6\u5939\u4e2d\u3002",
    "LabelMinCollectionSize": "\u6700\u5c0f\u81ea\u52a8\u5408\u96c6\u5927\u5c0f",
    "PerfectAuthorAudioBookTrack": "\u5b8c\u6574\u7684\u7ec4\u7ec7\u5230\u4f5c\u8005\\\u4e66\u7c4d\u6587\u4ef6\u5939\u4e2d\uff0c\u66f2\u76ee\u76f4\u63a5\u5728\u4e66\u7c4d\u6587\u4ef6\u5939\u4e2d\u3002",
    "PerfectAudioBookTrack": "\u5b8c\u6574\u7684\u7ec4\u7ec7\u5230\u4e66\u7c4d\u6587\u4ef6\u5939\u4e2d\uff0c\u66f2\u76ee\u76f4\u63a5\u5728\u4e66\u7c4d\u6587\u4ef6\u5939\u4e2d\u3002",
    "MinCollectionSizeHelp": "\u5f53\u5e93\u4e2d\u81f3\u5c11\u6709\u9009\u5b9a\u6570\u91cf\u7684\u6807\u9898\u65f6\uff0c\u5c06\u81ea\u52a8\u521b\u5efa\u5408\u96c6\u3002\u66f4\u6539\u6b64\u503c\u5bf9\u4efb\u4f55\u73b0\u6709\u7684\u5408\u96c6\u6ca1\u6709\u4efb\u4f55\u5f71\u54cd\u3002",
    "LabelImportCollections": "\u4ece\u5143\u6570\u636e\u4e0b\u8f7d\u5668\u5bfc\u5165\u5408\u96c6\u4fe1\u606f",
    "LabelImportCollectionsHelp": "\u5f53\u542f\u7528\u65f6\uff0c\u5b83\u5c06\u4ece\u5df2\u542f\u7528\u7684\u5143\u6570\u636e\u4e0b\u8f7d\u5668\u4e2d\u5bfc\u5165\u5408\u96c6\u4fe1\u606f\u3002\u8fd9\u53ef\u80fd\u4f1a\u5bfc\u81f4\u81ea\u52a8\u521b\u5efa\u4e0d\u9700\u8981\u7684\u5408\u96c6\u3002\u7981\u7528\u5c06\u9632\u6b62\u540e\u7eed\u5408\u96c6\u7684\u81ea\u52a8\u521b\u5efa\uff0c\u4f46\u5bf9\u4efb\u4f55\u73b0\u6709\u7684\u5408\u96c6\u6ca1\u6709\u4efb\u4f55\u5f71\u54cd\u3002",
    "LabelAllowAdultMetadata": "\u5141\u8bb8\u6210\u4eba\u5143\u6570\u636e",
    "LabelAllowAdultMetadataHelp": "\u5141\u8bb8\u5728\u4e92\u8054\u7f51\u4e0a\u641c\u7d22\u5143\u6570\u636e\u65f6\u5339\u914d\u6210\u4eba\u6807\u9898\u3002",
    "HeaderVideoPreviewThumbnails": "\u89c6\u9891\u9884\u89c8\u7f29\u7565\u56fe",
    "LabelEnableHDRToneMapping": "\u542f\u7528 HDR \u8272\u8c03\u6620\u5c04",
    "EnableHDRToneMappingHelp": "\u5728\u5bf9 HDR \u5185\u5bb9\u8fdb\u884c\u8f6c\u7801\u65f6\uff0c\u8272\u8c03\u6620\u5c04\u5c06\u786e\u4fdd\u989c\u8272\u7684\u6b63\u786e\u8f6c\u6362\uff0c\u5426\u5219\u4f1a\u51fa\u73b0\u989c\u8272\u6697\u6de1\u548c\u4e0d\u9971\u548c\u3002\u5728\u542f\u7528\u6b64\u529f\u80fd\u65f6\uff0c\u53ef\u80fd\u9700\u8981\u989d\u5916\u7684\u9a71\u52a8\u7a0b\u5e8f\u4ee5\u652f\u6301\u786c\u4ef6\u52a0\u901f\u3002\u8be6\u60c5\u8bf7\u53c2\u9605\u6211\u4eec\u7684\u786c\u4ef6\u52a0\u901f\u8bbe\u7f6e\u6307\u5357\u3002",
    "WithHardwareAcceleratedTranscoding": "\u4ec5\u786c\u4ef6\u52a0\u901f",
    "TranscodingStillInitializing": "Emby Server \u8f6c\u7801\u670d\u52a1\u4ecd\u5728\u542f\u52a8\u4e2d\u3002\u5f53\u8f6c\u7801\u670d\u52a1\u5c31\u7eea\u65f6\uff0c\u5f53\u524d\u5c4f\u5e55\u5c06\u81ea\u52a8\u5237\u65b0\u3002",
    "WithEitherHardwareOrSoftwareTranscoding": "\u81ea\u52a8",
    "ToneMappingInHardwareDescription": "\u8272\u8c03\u6620\u5c04\u5c06\u5728\u529f\u80fd\u542f\u7528\u4e14\u786c\u4ef6\u652f\u6301\u7684\u60c5\u51b5\u4e0b\u4f7f\u7528\u786c\u4ef6\u52a0\u901f\u6765\u6267\u884c\uff0c\u5176\u4f59\u60c5\u51b5\u5c06\u81ea\u52a8\u8df3\u8fc7\u3002",
    "ToneMappingInSoftwareDescription": "\u8272\u8c03\u6620\u5c04\u5c06\u5728\u8f6f\u4ef6\u4e2d\u6267\u884c\u3002\u8fd9\u6bd4\u4f7f\u7528\u786c\u4ef6\u52a0\u901f\u8981\u6162\u5f97\u591a\uff0c\u4e14\u9700\u8981\u4e00\u4e2a\u975e\u5e38\u5f3a\u5927\u7684\u670d\u52a1\u5668\u3002",
    "ToneMappingInBothDescription": "\u8272\u8c03\u6620\u5c04\u5c06\u5728\u529f\u80fd\u542f\u7528\u4e14\u786c\u4ef6\u652f\u6301\u7684\u60c5\u51b5\u4e0b\u4f7f\u7528\u786c\u4ef6\u52a0\u901f\u6765\u6267\u884c\uff0c\u5176\u4f59\u60c5\u51b5\u5c06\u81ea\u52a8\u5728\u8f6f\u4ef6\u4e2d\u6267\u884c\u3002\u8fd9\u6bd4\u4f7f\u7528\u786c\u4ef6\u52a0\u901f\u8981\u6162\u5f97\u591a\uff0c\u4e14\u9700\u8981\u4e00\u4e2a\u975e\u5e38\u5f3a\u5927\u7684\u670d\u52a1\u5668\u3002",
    "AutoMapped": "\u81ea\u52a8\u6620\u5c04",
    "ManuallyMapped": "\u624b\u52a8\u6620\u5c04",
    "NotMappedToGuideData": "\u672a\u6620\u5c04\u5230\u6307\u5357\u6570\u636e",
    "MappedToValue": "\u6620\u5c04\u5230 {0}",
    "LabelAutomaticallyWakeServerForRecordings": "\u81ea\u52a8\u5524\u9192\u670d\u52a1\u5668\u4ee5\u6267\u884c\u5f55\u5236",
    "LabelAutomaticallyWakeServerForRecordingsHelp": "\u670d\u52a1\u5668\u64cd\u4f5c\u7cfb\u7edf\u5c06\u8ba1\u5212\u6267\u884c\u5524\u9192\u4e8b\u4ef6\u3002\u7981\u7528\u6b64\u9009\u9879\u5c06\u963b\u6b62\u540e\u7eed\u7684\u5524\u9192\u4e8b\u4ef6\uff0c\u4f46\u4e0d\u4f1a\u5220\u9664\u4efb\u4f55\u4ee5\u524d\u7684\u4e8b\u4ef6\u3002",
    "Database": "\u6570\u636e\u5e93",
    "LabelOptimizeDatabaseOnShutdown": "\u5c1d\u8bd5\u5728\u670d\u52a1\u5668\u5173\u95ed\u65f6\u4f18\u5316\u6570\u636e\u5e93",
    "LabelOptimizeDatabaseOnShutdownHelp": "\u6570\u636e\u5e93\u7684\u4f18\u5316\u64cd\u4f5c\u901a\u5e38\u662f\u65e0\u9700\u4eba\u5de5\u5e72\u9884\u7684\uff0c\u5982\u679c\u5bf9\u67e5\u8be2\u89c4\u5212\u5668\u6709\u7528\u7684\u8bdd\uff0c\u5b83\u5076\u5c14\u4f1a\u6267\u884c\u4e00\u4e2a\u5206\u6790\u4efb\u52a1\u3002\u8fd9\u53ef\u80fd\u4f1a\u4f7f Emby Server \u9700\u8981\u66f4\u957f\u7684\u65f6\u95f4\u6765\u5173\u95ed\u3002",
    "LabelDatabaseCacheSize": "\u6570\u636e\u5e93\u7f13\u5b58\u5927\u5c0f\uff08MB\uff09",
    "LabelDatabaseCacheSizeHelp": "\u8bbe\u7f6e\u6570\u636e\u5e93\u5728\u5185\u5b58\u4e2d\u4e00\u6b21\u6027\u4fdd\u5b58\u7684\u6bcf\u4e2a\u6570\u636e\u5e93\u6587\u4ef6\u7684\u6570\u636e\u91cf\u3002\u8f83\u5927\u7684\u503c\u6709\u52a9\u4e8e\u63d0\u9ad8 Emby Server \u7684\u6027\u80fd\u3002\u6b64\u8bbe\u7f6e\u5c06\u5728\u670d\u52a1\u5668\u4e0b\u6b21\u91cd\u542f\u540e\u751f\u6548\u3002",
    "LabelDatabaseAnalysisLimit": "\u5206\u6790\u884c\u9650\u5236",
    "LabelDatabaseAnalysisLimitHelp": "\u4f18\u5316\u6570\u636e\u5e93\u65f6\uff0c\u8fd9\u662f ANALYZE \u547d\u4ee4\u5728\u6bcf\u4e2a\u7d22\u5f15\u4e2d\u68c0\u67e5\u7684\u5927\u81f4\u884c\u6570\u3002 \u8f83\u5927\u7684\u503c\u4f1a\u589e\u52a0\u6570\u636e\u5e93\u4f18\u5316\u7684\u6709\u6548\u6027\uff0c\u4f46\u53ef\u80fd\u4f1a\u5bfc\u81f4 Emby Server \u9700\u8981\u66f4\u957f\u7684\u65f6\u95f4\u624d\u80fd\u5173\u95ed\u3002 ",
    "LabelVacuumDb": "\u5728\u4e0b\u6b21 Emby Server \u542f\u52a8\u65f6\u6e05\u7a7a\u6570\u636e\u5e93",
    "LabelVacuumDbHelp": "\u6e05\u7406\u64cd\u4f5c\u4f1a\u91cd\u5efa\u6570\u636e\u5e93\u6587\u4ef6\uff0c\u5c06\u5176\u91cd\u65b0\u6253\u5305\u5230\u6700\u5c0f\u7684\u78c1\u76d8\u7a7a\u95f4\u4e2d\u3002\u5728\u67d0\u4e9b\u60c5\u51b5\u4e0b\uff0c\u8fd9\u53ef\u80fd\u4f1a\u63d0\u9ad8Emby\u670d\u52a1\u5668\u7684\u6027\u80fd\u3002\u8bf7\u6ce8\u610f\uff0c\u5728\u8fdb\u884c\u6e05\u7406\u64cd\u4f5c\u671f\u95f4\uff0c\u60a8\u7684Emby\u670d\u52a1\u5668\u5c06\u65e0\u6cd5\u4f7f\u7528\uff0c\u4e5f\u65e0\u6cd5\u76d1\u63a7\u6e05\u7406\u7684\u8fdb\u5ea6\u3002\u8bf7\u907f\u514d\u5728\u6b64\u671f\u95f4\u5f3a\u5236\u5173\u95edEmby\u670d\u52a1\u5668\u8fdb\u7a0b\uff0c\u56e0\u4e3a\u8fd9\u53ef\u80fd\u4f1a\u5bfc\u81f4\u6570\u636e\u5e93\u635f\u574f\u3002\u8fd9\u662f\u4e00\u6b21\u6027\u64cd\u4f5c\uff0c\u6b64\u9009\u9879\u5c06\u5728\u4e0b\u6b21\u670d\u52a1\u5668\u542f\u52a8\u65f6\u6062\u590d\u4e3a\u672a\u9009\u4e2d\u72b6\u6001\u3002",
    "AdvancedOptionsWarning": "\u8fd9\u4e9b\u90fd\u662f\u9ad8\u7ea7\u9009\u9879\uff0c\u901a\u5e38\u5e94\u8be5\u4fdd\u7559\u9ed8\u8ba4\u503c\uff0c\u9664\u975e\u60a8\u6709\u66f4\u6539\u5b83\u4eec\u7684\u7406\u7531\u3002",
    "HeaderRecentlyActiveDevices": "\u8fd1\u671f\u6d3b\u52a8\u7684\u8bbe\u5907",
    "YesUntilServerRestart": "\u662f\u7684\uff0c\u76f4\u5230\u4e0b\u4e00\u6b21\u670d\u52a1\u5668\u91cd\u542f",
    "YesUntilLogRotate": "\u662f\u7684\uff0c\u76f4\u5230\u4e0b\u4e00\u6b21\u65e5\u5fd7\u6587\u4ef6\u8f6e\u6362",
    "LabelSubtitleDownloadMaxAge": "\u505c\u6b62\u5c1d\u8bd5\u81ea\u52a8\u4e0b\u8f7d\u65e9\u4e8e\u4ee5\u4e0b\u65f6\u95f4\u7684\u5b57\u5e55",
    "SubtitleDownloadMaxAgeHelp": "\u8fd9\u57fa\u4e8e\u5143\u6570\u636e\u4e2d\u6dfb\u52a0\u65e5\u671f\u7684\u503c\u3002",
    "NoAgeLimit": "\u65e0\u9650\u5236",
    "AnonymizeLogContents": "\u533f\u540d\u65e5\u5fd7",
    "Markers": "\u7247\u5934\u6807\u8bb0",
    "LabelGenerateIntroVideoMarkers": "\u751f\u6210\u7247\u5934\u6807\u8bb0",
    "GenerateIntroVideoMarkersHelp": "\u68c0\u6d4b\u7247\u5934\u5e76\u5728 Emby \u5e94\u7528\u7a0b\u5e8f\u4e2d\u663e\u793a \u201c\u8df3\u8fc7\u7247\u5934\u201d \u6309\u94ae\u3002\u7247\u5934\u68c0\u6d4b\u53ef\u80fd\u9700\u8981\u5f88\u957f\u65f6\u95f4\uff0c\u5e76\u5bfc\u81f4\u8f83\u9ad8\u7684 CPU \u6216\u78c1\u76d8\u4f7f\u7528\u7387\u3002",
    "LabelCopyFromUser": "\u590d\u5236\u4ee5\u4e0b\u7528\u6237\u8bbe\u7f6e",
    "CopyFromUserHelp": "\u53ef\u901a\u8fc7\u4ece\u73b0\u6709\u7528\u6237\u590d\u5236\u8bbe\u7f6e\u4ee5\u52a0\u5feb\u65b0\u7528\u6237\u7684\u521b\u5efa\u3002",
    "UserPolicy": "\u7528\u6237\u7b56\u7565\uff08\u5a92\u4f53\u5e93\u3001\u529f\u80fd\u8bbf\u95ee\u53ca\u5bb6\u957f\u63a7\u5236\u7b49\uff09",
    "UserConfiguration": "\u7528\u6237\u914d\u7f6e\uff08\u9996\u9009\u97f3\u9891\u3001\u5b57\u5e55\u8bed\u8a00\u53ca\u5a92\u4f53\u5e93\u987a\u5e8f\u7b49\uff09",
    "HeaderCopyOptions": "\u590d\u5236\u9009\u9879",
    "LabelMultiRestrictionMode": "\u591a\u9650\u5236\u6a21\u5f0f",
    "MultiRestrictionModeAll": "\u5141\u8bb8\u5185\u5bb9\u540c\u65f6\u5339\u914d\u5206\u7ea7\u548c\u6807\u8bb0\u9650\u5236",
    "MultiRestrictionModeAny": "\u5141\u8bb8\u4e0e\u5206\u7ea7\u6216\u6807\u8bb0\u9650\u5236\u5339\u914d\u7684\u5185\u5bb9",
    "AllowMappingByChannelNumber": "\u5141\u8bb8\u4f7f\u7528\u9891\u9053\u7f16\u53f7\u6620\u5c04\u6307\u5357\u6570\u636e",
    "AllowMappingByChannelNumberHelp": "\u5f53\u65e0\u6cd5\u6839\u636e\u9891\u9053\u540d\u79f0\u627e\u5230\u5339\u914d\u7684\u9891\u9053\u65f6\uff0c\u53ef\u4ee5\u5c06\u8c03\u8c10\u5668\u9891\u9053\u4e0e\u6307\u5357\u6570\u636e\u8fdb\u884c\u5339\u914d\u4f5c\u4e3a\u540e\u5907\u63aa\u65bd\u3002\u5982\u679c\u8c03\u8c10\u5668\u7684\u9891\u9053\u7f16\u53f7\u4e0d\u6b63\u786e\u65f6\uff0c\u8fd9\u53ef\u80fd\u4f1a\u5bfc\u81f4\u5339\u914d\u4e0d\u6b63\u786e\u3002",
    "LabelPreferredSourceForChannelLogos": "\u4f18\u5148\u4f7f\u7528\u6307\u5357\u6570\u636e\u4e2d\u7684\u9891\u9053\u6807\u8bc6\uff0c\u5373\u4f7f\u8c03\u8c10\u5668\u4e2d\u4e5f\u53ef\u7528",
    "LabelPreferredSourceForChannelNumbers": "\u4f18\u5148\u4f7f\u7528\u6307\u5357\u6570\u636e\u4e2d\u7684\u9891\u9053\u7f16\u53f7\uff0c\u5373\u4f7f\u8c03\u8c10\u5668\u4e2d\u4e5f\u53ef\u7528",
    "HeaderSoftwareEncoders": "\u8f6f\u4ef6\u7f16\u7801\u5668",
    "LabelProxyHeaderMode": "\u8bfb\u53d6\u4ee3\u7406\u6807\u5934\u4ee5\u786e\u5b9a\u5ba2\u6237\u7aef IP \u5730\u5740",
    "ProxyHeadersRemoteOnly": "\u4ec5\u5f53\u5b83\u4eec\u5305\u542b\u8fdc\u7a0b\u7f51\u7edc\u5730\u5740\u65f6",
    "ProxyHeaderModeHelp": "\u786e\u5b9a\u662f\u5426\u5e94\u4f7f\u7528\u8bf7\u6c42\u6807\u5934\uff08\u4f8b\u5982 {0} \u548c {1}\uff09\u6765\u786e\u5b9a\u8fde\u63a5\u8bbe\u5907\u7684 IP \u5730\u5740\u3002",
    "AllowCameraUpload": "\u5141\u8bb8\u76f8\u673a\u4e0a\u4f20",
    "AllowCameraUploadHelp": "\u5982\u679c\u5141\u8bb8\uff0c\u5e76\u4e14\u5728 Emby \u79fb\u52a8\u5e94\u7528\u7a0b\u5e8f\u4e2d\u542f\u7528\uff0c\u7528\u6237\u53ef\u4ee5\u81ea\u52a8\u5c06\u4ece\u76f8\u673a\u62cd\u6444\u7684\u7167\u7247\u548c\u89c6\u9891\u4e0a\u4f20\u5230\u6b64 Emby \u670d\u52a1\u5668",
    "CameraUploadMustBeGranted": "\u60a8\u8fd8\u5fc5\u987b\u83b7\u5f97\u670d\u52a1\u5668\u7ba1\u7406\u5458\u7684\u76f8\u673a\u4e0a\u4f20\u8bbf\u95ee\u6743\u9650\u3002",
    "EnableReadingAndWritingPeopleMetadata": "\u542f\u7528\u6f14\u804c\u4eba\u5458\u5143\u6570\u636e\u6587\u4ef6\u7684\u8bfb\u5199",
    "EnableReadingAndWritingPeopleMetadataHelp": "\u9700\u8981\u5b89\u88c5 Nfo \u5143\u6570\u636e\u63d2\u4ef6\u3002\u8fd9\u5c06\u5141\u8bb8\u5c06\u60a8\u7684\u6f14\u804c\u4eba\u5458\u7f16\u8f91\u4fdd\u5b58\u5230 nfo \u5143\u6570\u636e\u6587\u4ef6\uff0c\u4f46\u4f1a\u5bfc\u81f4\u5a92\u4f53\u5e93\u626b\u63cf\u65f6\u95f4\u66f4\u957f\u3002",
    "LabelIgnoreSampleFiles": "\u5982\u679c\u6587\u4ef6\u5927\u5c0f\u5c0f\u4e8e (MB)\uff0c\u5219\u5ffd\u7565\u6587\u4ef6\u540d\u4e2d\u5305\u542b\u201csample\u201d\u4e00\u8bcd\u7684\u6587\u4ef6",
    "PreferredChannelImageSource": "\u9996\u9009\u9891\u9053\u56fe\u50cf\u6765\u6e90",
    "PreferredChannelImageSourceHelp": "\u5f53\u8c03\u8c10\u5668\u548c\u6307\u5357\u6570\u636e\u90fd\u6709\u53ef\u7528\u56fe\u50cf\u65f6\uff0c\u9009\u62e9\u9996\u9009\u9891\u9053\u56fe\u50cf\u3002",
    "CacheImagesInServerData": "\u5728\u670d\u52a1\u5668\u7684\u5143\u6570\u636e\u6587\u4ef6\u5939\u4e2d\u4fdd\u7559\u56fe\u50cf\u7684\u7f13\u5b58\u526f\u672c",
    "CacheImagesInServerDataHelp": "\u5982\u679c\u60a8\u7684\u5a92\u4f53\u548c\u56fe\u50cf\u5b58\u50a8\u5728\u53e6\u4e00\u53f0\u8ba1\u7b97\u673a\u4e0a\uff0c\u5219\u5728\u670d\u52a1\u5668\u5143\u6570\u636e\u6587\u4ef6\u5939\u4e2d\u4fdd\u7559\u56fe\u50cf\u7684\u7f13\u5b58\u526f\u672c\u5c06\u51cf\u5c11\u7f51\u7edc\u8bbf\u95ee\u5e76\u53ef\u80fd\u63d0\u9ad8\u6027\u80fd\u3002\u521b\u5efa\u6b64\u7f13\u5b58\u7684\u6210\u672c\u662f\u5a92\u4f53\u5e93\u626b\u63cf\u901f\u5ea6\u4f1a\u53d8\u6162\uff0c\u5e76\u4e14\u670d\u52a1\u5668\u5143\u6570\u636e\u6587\u4ef6\u5939\u5c06\u6d88\u8017\u66f4\u591a\u7684\u78c1\u76d8\u7a7a\u95f4\u3002",
    "AllowSharingPersonalContent": "\u5141\u8bb8\u4e0e\u6b64\u670d\u52a1\u5668\u4e0a\u7684\u5176\u4ed6\u7528\u6237\u5171\u4eab\u4e2a\u4eba\u5185\u5bb9\uff0c\u4f8b\u5982\u64ad\u653e\u5217\u8868",
    "AllowSharingPersonalContentHelp": "\u5982\u679c\u83b7\u5f97\u6279\u51c6\uff0c\u8be5\u7528\u6237\u5c06\u80fd\u591f\u4e0e\u5176\u4ed6\u7528\u6237\u5171\u4eab\u4ed6\u4eec\u7684\u64ad\u653e\u5217\u8868\u3002\u64ad\u653e\u5217\u8868\u9879\u76ee\u4ecd\u5c06\u6839\u636e\u7528\u6237\u5a92\u4f53\u5e93\u8bbf\u95ee\u548c\u5bb6\u957f\u63a7\u5236\u53d7\u5230\u9650\u5236\u3002",
    "LiveBufferSizeHours": "\u76f4\u64ad\u7f13\u51b2\u533a\u5927\u5c0f\u9650\u5236\uff08\u5c0f\u65f6\uff09",
    "LiveBufferSizeHoursHelp": "\u8f83\u957f\u7684\u7f13\u51b2\u533a\u5c06\u63d0\u4f9b\u5728\u76f4\u64ad\u671f\u95f4\u5411\u524d\u548c\u5411\u540e\u641c\u7d22\u7684\u66f4\u5927\u80fd\u529b\uff0c\u4f46\u4f1a\u6d88\u8017\u66f4\u591a\u78c1\u76d8\u7a7a\u95f4\u3002"
}