{
    "LabelYoureDone": "\u5927\u529f\u544a\u6210\uff01",
    "ThisWizardWillGuideYou": "\u6b64\u6559\u5b78\u5354\u52a9\u60a8\u5b8c\u6210\u5b89\u88dd\u904e\u7a0b\u3002\u9996\u5148\uff0c\u8acb\u9078\u64c7\u60a8\u7684\u8a9e\u8a00\u3002",
    "HeaderCreateYourFirstUser": "\u5efa\u7acb\u60a8\u7684\u7b2c\u4e00\u500b\u7528\u6236",
    "ButtonQuickStartGuide": "\u5feb\u901f\u5165\u9580\u6307\u5357",
    "MoreUsersCanBeAddedLater": "\u7a0d\u5f8c\u5728Emby\u4f3a\u670d\u5668\u8a2d\u5b9a\u4e2d\u53ef\u4ee5\u6dfb\u52a0\u66f4\u591a\u7528\u6236\u3002",
    "UserProfilesIntro": "Emby \u5df2\u5167\u7f6e\u652f\u63f4\u7528\u6236\u8a2d\u5b9a\u6587\u4ef6\uff0c\u8b93\u6bcf\u500b\u7528\u6236\u90fd\u6709\u81ea\u5df1\u7684\u986f\u793a\u8a2d\u5b9a\uff0c\u64ad\u653e\u60c5\u6cc1\u548c\u5bb6\u9577\u76e3\u8b77\u3002",
    "WizardCompleted": "\u9019\u5c31\u662f\u6211\u5011\u6240\u9700\u8981\u7684\u3002 Emby \u5df2\u958b\u59cb\u6536\u96c6\u6709\u95dc\u60a8\u7684\u5a92\u9ad4\u5eab\u4fe1\u606f\u3002\u8acb\u770b\u770b\u6211\u5011\u4e00\u4e9b\u61c9\u7528\u7a0b\u5f0f\uff0c\u7136\u5f8c\u9ede\u64ca <b>\u5b8c\u6210<\/b> \u624d\u67e5\u770b <b>\u670d\u52d9\u5668\u5100\u8868\u677f<\/b> \u3002",
    "MessagePleaseAcceptTermsOfService": "\u7e7c\u7e8c\u4e4b\u524d\uff0c\u8acb\u5148\u63a5\u53d7\u670d\u52d9\u548c\u79c1\u96b1\u653f\u7b56\u689d\u6b3e\u3002",
    "OptionIAcceptTermsOfService": "\u6211\u9858\u610f\u63a5\u53d7\u670d\u52d9\u689d\u6b3e",
    "HeaderGuideDataSetup": "\u8cc7\u6599\u8a2d\u5b9a\u6307\u5357",
    "LabelGuideSource": "\u6307\u5357\u4f86\u6e90\uff1a",
    "SeeOurHwaGuide": "\u6aa2\u8996\u6211\u5011\u7684{0}\u786c\u9ad4\u52a0\u901f\u8a2d\u5b9a\u8aaa\u660e{1}",
    "HeaderEmbyServerReleaseNotes": "Emby \u4f3a\u670d\u5668\u767c\u5e03\u901a\u77e5",
    "AllowSubtitleDownloading": "\u5141\u8a31\u5b57\u5e55\u4e0b\u8f09",
    "AllowSubtitleManagement": "\u5141\u8a31\u522a\u9664\u73fe\u6709\u5b57\u5e55\u6587\u4ef6",
    "NewUserNameHelp": "\u9019\u662f\u6b64\u7528\u6236\u5c07\u5982\u4f55\u986f\u793a\u5728\u60a8\u7684\u4f3a\u670d\u5668\u4e0a\u3002",
    "ChapterMarkers": "\u7ae0\u7bc0\u6a19\u8a18",
    "LabelThumbnailImagesInterval": "\u7e2e\u5716\u5f71\u50cf\u6642\u9593\u9593\u9694: ",
    "ThumbnailImagesIntervalHelp": "\u7e2e\u5716\u9593\u9694\u6642\u9593\u8d8a\u77ed\uff0c\u9ad4\u9a57\u6548\u679c\u8d8a\u597d\uff0c\u4f46\u4e5f\u6d88\u8017\u66f4\u591a\u786c\u789f\u5bb9\u91cf\u548c\u6642\u9593\u4f86\u5efa\u7acb\u7e2e\u5716",
    "LabelAuthProvider": "\u8a8d\u8b49\u63d0\u4f9b\u8005\uff1a",
    "AuthProviderHelp": "\u7ba1\u7406\u54e1\u7d93\u5e38\u4f7f\u7528\u9810\u8a2d\u7684 Emby \u63d0\u4f9b\u8005\uff0c\u78ba\u4fdd\u4f60\u6c38\u4e0d\u88ab\u9396\u5b9a\u3002",
    "HeaderNewUser": "\u65b0\u7528\u6236",
    "ChangeServerDisplayName": "\u66f4\u6539\u670d\u52d9\u8cbb\u986f\u793a\u540d\u7a31",
    "ShowAdvancedSettings": "\u986f\u793a\u9032\u968e\u8a2d\u5b9a",
    "ChangingMetadataImageSettingsNewContent": "\u5c0d\u4e2d\u7e7c\u8cc7\u6599\u6216\u5716\u7247\u4e0b\u8f09\u8a2d\u5b9a\u7684\u66f4\u52d5\u50c5\u9069\u7528\u65b0\u6dfb\u52a0\u7684\u5167\u5bb9\u3002\u5982\u8981\u66f4\u6539\u65e2\u6709\u8cc7\u6599\uff0c\u9700\u624b\u52d5\u66f4\u65b0\u4e2d\u7e7c\u8cc7\u6599\u3002",
    "AllowRemoteAccess": "\u5141\u8a31\u8207\u6b64Emby\u4f3a\u670d\u5668\u9032\u884c\u9060\u7a0b\u9023\u63a5\u3002",
    "AllowRemoteAccessHelp": "\u5982\u672a\u52fe\u9078\uff0c\u6240\u6709\u9023\u7dda\u5c07\u88ab\u5c01\u963b\u3002",
    "Alerts": "\u8b66\u544a",
    "LabelTrackTitleDisplay": "\u986f\u793a\u5167\u5efa\u97f3\u8a0a\u6a19\u984c:",
    "GenerateUserFriendlyTrackTitles": "\u4f7f\u7528\u97f3\u8a0a\u8cc7\u8a0a\u7522\u751f\u6a19\u984c",
    "PreferOriginalTrackTitles": "\u512a\u5148\u4f7f\u7528\u5167\u5efa\u6a19\u984c",
    "TrackTitleDisplayHelp": "\u9078\u64c7\u986f\u793a\u97f3\u8a0a\u5167\u5efa\u6a19\u984c\u8207\u6b4c\u66f2\u3002\u4e0d\u5efa\u8b70\u8a2d\u70ba\u512a\u5148\u986f\u793a\u5167\u5efa\u8cc7\u8a0a\uff0c\u9664\u975e\u662f\u624b\u52d5\u7de8\u8f2f\u5167\u5efa\u97f3\u8ecc\u8cc7\u8a0a",
    "EnableTranscodingThrottle": "\u555f\u7528\u9650\u5236",
    "EnableTranscodingThrottleHelp": "Emby \u5c07\u52d5\u614b\u8abf\u6574\u8f49\u6a94\u901f\u5ea6\uff0c\u4ee5\u964d\u4f4e CPU \u4f7f\u7528\u7387\u3002",
    "HeaderTypeMetadataDownloaders": "{0}\u4e2d\u7e7c\u8cc7\u6599\u4e0b\u8f09\u5668",
    "HeaderTypeImageFetchers": "{0} \u5716\u7247\u64f7\u53d6\u5668",
    "HeaderImageOptions": "\u5f71\u50cf\u9078\u9805",
    "OptionBeta": "\u516c\u6e2c",
    "RegisterWithPayPal": "\u7531 PayPal \u8a3b\u518a",
    "LabelSyncTempPath": "\u81e8\u6642\u6587\u4ef6\u7684\u8def\u5f91\uff1a",
    "LabelSyncTempPathHelp": "\u9078\u64c7\u4e00\u500b\u81ea\u5b9a\u5de5\u4f5c\u6587\u4ef6\u593e\u3002\u5728\u8f49\u63db\u904e\u7a0b\u4e2d\u5efa\u7acb\u7684\u5a92\u9ad4\u5c07\u88ab\u5b58\u653e\u5230\u9019\u88e1\u3002",
    "LabelCustomCertificatePath": "\u6307\u5b9a SSL \u6191\u8b49\u5b58\u653e\u8def\u5f91\uff1a",
    "LabelCustomCertificatePathHelp": "\u5305\u542b\u6191\u8b49\u548c\u79c1\u9470\u7684 PKCS #12 \u6a94\u6848\u5b58\u653e\u8def\u5f91\uff0c\u7528\u65bcTLS\u5408\u898f\u7684\u81ea\u5b9a\u7db2\u57df\u3002",
    "HeaderSetupLibrary": "\u5efa\u7acb\u5a92\u9ad4\u5eab",
    "LabelTimeLimitHours": "\u6642\u9650\uff08\u5c0f\u6642\uff09\uff1a",
    "HeaderPreferredMetadataLanguage": "\u9996\u9078\u5143\u6578\u64da\u8a9e\u8a00",
    "LabelSaveLocalMetadata": "\u5132\u5b58\u5a92\u9ad4\u5716\u7247\u5230\u5a92\u9ad4\u6240\u5c6c\u7684\u6587\u4ef6\u593e",
    "LabelSaveLocalMetadataHelp": "\u5132\u5b58\u5a92\u9ad4\u5716\u7247\u5230\u5a92\u9ad4\u6587\u4ef6\u593e\uff0c\u8b93\u5132\u5b58\u548c\u7de8\u8f2f\u5de5\u4f5c\u66f4\u5bb9\u6613\u3002",
    "TabAccess": "\u5b58\u53d6",
    "HeaderDeviceAccess": "\u5141\u8a31\u88dd\u7f6e\u5b58\u53d6",
    "OptionEnableAccessFromAllDevices": "\u5141\u8a31\u6240\u6709\u88dd\u7f6e\u5b58\u53d6",
    "OptionEnableAccessToAllChannels": "\u5141\u8a31\u5b58\u53d6\u6240\u6709\u983b\u9053",
    "OptionEnableAccessToAllLibraries": "\u5141\u8a31\u5b58\u53d6\u6240\u6709\u5a92\u9ad4\u5eab",
    "DeviceAccessHelp": "\u904e\u6ffe\u7528\u6236\u88dd\u7f6e\u5b58\u53d6\u6703\u963b\u6b62\u7528\u6236\u4f7f\u7528\u65b0\u88dd\u7f6e\uff0c\u76f4\u5230\u5b83\u5011\u5728\u9019\u88cf\u88ab\u6279\u51c6\u3002",
    "LabelDisplayMissingEpisodesWithinSeasons": "\u986f\u793a\u6bcf\u5b63\u7f3a\u5c11\u7684\u96c6\u6578",
    "LabelDisplayMissingEpisodesWithinSeasonsHelp": "\u5fc5\u9808\u4e5f\u5728 Emby \u4f3a\u670d\u5668\u7684\u96fb\u8996\u5a92\u9ad4\u5eab\u8a2d\u5b9a\u4e2d\u555f\u7528\u6b64\u529f\u80fd\u3002",
    "ImportMissingEpisodesHelp": "\u5982\u679c\u555f\u7528\uff0c\u7f3a\u5c11\u7684\u96c6\u6578\u8cc7\u6599\u6703\u532f\u5165\u5230\u4f60\u7684 Emby \u6578\u64da\u5eab\u4e26\u5728\u5b63\u5ea6\u548c\u5287\u96c6\u9801\u9762\u4e2d\u986f\u793a\u3002\u9019\u6703\u4ee4\u6383\u63cf\u8cc7\u6599\u5eab\u82b1\u66f4\u9577\u6642\u9593\u3002",
    "MessageEnablingOptionLongerScans": "\u555f\u7528\u6b64\u9078\u9805\u53ef\u80fd\u6703\u82b1\u66f4\u9577\u7684\u6642\u9593\u6383\u63cf\u5a92\u9ad4\u5eab\u3002",
    "LabelMaxParentalRating": "\u6700\u5927\u5141\u8a31\u7684\u5bb6\u9577\u8a55\u7d1a\uff1a",
    "MaxParentalRatingHelp": "\u6b64\u7528\u6236\u6703\u88ab\u96b1\u85cf\u5177\u6709\u8f03\u9ad8\u8a55\u50f9\u7684\u5bb6\u9577\u8a55\u7d1a\u5167\u5bb9\u3002",
    "LibraryAccessHelp": "\u9078\u64c7\u8207\u6b64\u7528\u6236\u5171\u4eab\u5a92\u9ad4\u6587\u4ef6\u593e\u3002\u7ba1\u7406\u54e1\u5c07\u80fd\u5920\u4f7f\u7528\u5a92\u9ad4\u8cc7\u6599\u700f\u89bd\u5668\u7de8\u8f2f\u6240\u6709\u6587\u4ef6\u593e\u3002",
    "ChannelAccessHelp": "\u9078\u64c7\u6b64\u7528\u6236\u5171\u4eab\u983b\u9053\u3002\u7ba1\u7406\u54e1\u5c07\u80fd\u5920\u4f7f\u7528\u8cc7\u6599\u7ba1\u7406\u5668\u800c\u7de8\u8f2f\u6240\u6709\u6587\u4ef6\u593e\u3002",
    "ImageUploadAspectRatioHelp": "\u63a8\u85a6 1\uff1a1 \u9577\u5bec\u6bd4\u3002\u53ea\u9069\u7528\u65bc JPG\/ PNG\u3002",
    "AlreadyPaidHelp1": "\u5982\u679c\u60a8\u5df2\u7d93\u4ed8\u8cbb\u5b89\u88dd\u4e86\u820a\u7248\u672c\u7684Media Browser for Android\uff0c\u5247\u7121\u9700\u518d\u6b21\u4ed8\u8cbb\u5373\u53ef\u555f\u52d5\u6b64\u61c9\u7528\u7a0b\u5f0f\u3002\u55ae\u64ca\u201c\u78ba\u5b9a\u201d\u4ee5\u5411\u6211\u5011({0})\u767c\u9001\u96fb\u5b50\u90f5\u4ef6\uff0c\u6211\u5011\u5c07\u70ba\u60a8\u555f\u52d5\u5b83\u3002",
    "AlreadyPaidHelp2": "\u5df2\u662fEmby\u9ad8\u7d1a\u6703\u54e1? \u53d6\u6d88\u6b64\u5c0d\u8a71\uff0c\u5728Emby\u4f3a\u670d\u5668\u7e3d\u89bd\u9801\u4e2d\uff0c\u627e\u5230\u5e6b\u52a9(Help) -> Emby\u9ad8\u7d1a\u6703\u54e1\uff0c\u5c07\u81ea\u52d5\u89e3\u9396",
    "TabMyPlugins": "\u6211\u7684\u63d2\u4ef6",
    "TabCatalog": "\u76ee\u9304",
    "HeaderAutomaticUpdates": "\u81ea\u52d5\u66f4\u65b0",
    "Standard": "\u6a19\u6e96",
    "TabSupporterKey": "Emby Premiere \u5e8f\u865f",
    "OptionHideUserLocal": "\u5728\u5340\u57df\u7db2\u8def\u5167\uff0c\u767b\u5165\u756b\u9762\u5c07\u96b1\u85cf\u8a72\u4f7f\u7528\u8005",
    "OptionHideUserRemote": "\u9060\u7aef\u9023\u7dda\u6642\uff0c\u767b\u5165\u756b\u9762\u5c07\u96b1\u85cf\u8a72\u4f7f\u7528\u8005",
    "OptionHideUserFromLoginHelp": "\u6709\u6548\u79c1\u4eba\u6216\u96b1\u85cf\u7684\u7ba1\u7406\u54e1\u5e33\u6236\u3002\u7528\u6236\u9700\u624b\u52d5\u8f38\u5165\u7528\u6236\u540d\u548c\u5bc6\u78bc\u767b\u9304\u3002",
    "HideFromUnusedDevices": "\u5728\u672a\u66fe\u767b\u5165\u7684\u88dd\u7f6e\u4e2d\uff0c\u767b\u5165\u756b\u9762\u4e2d\u96b1\u85cf\u8a72\u4f7f\u7528\u8005",
    "OptionDisableUser": "\u7981\u7528\u6b64\u7528\u6236",
    "OptionDisableUserHelp": "\u5982\u679c\u7981\u7528\u6b64\u4f3a\u670d\u5668\uff0c\u5c07\u4e0d\u5141\u8a31\u6b64\u7528\u6236\u7684\u4efb\u4f55\u9023\u63a5\u3002\u73fe\u6709\u7684\u9023\u63a5\u5c07\u88ab\u5373\u6642\u7d42\u6b62\u3002",
    "OptionAllowUserToManageServer": "\u5141\u8a31\u6b64\u7528\u6236\u7ba1\u7406\u4f3a\u670d\u5668",
    "HeaderFeatureAccess": "\u53ef\u4f7f\u7528\u7684\u529f\u80fd",
    "OptionAllowMediaPlayback": "\u5141\u8a31\u5a92\u9ad4\u64ad\u653e",
    "AllLibraries": "\u6240\u6709\u5a92\u9ad4\u5eab",
    "HeaderAllowMediaDeletionFrom": "\u5141\u8a31\u522a\u9664\u5a92\u9ad4\u5f9e",
    "LiveTVRecordingManagement": "\u76f4\u64ad\u96fb\u8996\u9304\u5f71\u7ba1\u7406",
    "OptionAllowRemoteControlOthers": "\u5141\u8a31\u9060\u7a0b\u63a7\u5236\u5176\u4ed6\u7528\u6236",
    "OptionAllowRemoteSharedDevices": "\u5141\u8a31\u9060\u7a0b\u63a7\u5236\u5171\u4eab\u88dd\u7f6e",
    "OptionAllowRemoteSharedDevicesHelp": "DLNA \u88dd\u7f6e\u6703\u88ab\u8a8d\u70ba\u662f\u5171\u4eab\uff0c\u76f4\u5230\u7528\u6236\u9032\u884c\u63a7\u5236\u3002",
    "OptionAllowLinkSharing": "\u5141\u8a31\u793e\u4ea4\u5a92\u9ad4\u5206\u4eab",
    "OptionAllowLinkSharingHelp": "\u53ea\u6709\u5305\u542b\u5a92\u9ad4\u8cc7\u8a0a\u7684\u7db2\u9801\u53ef\u5171\u4eab\uff0c\u5a92\u9ad4\u6a94\u6848\u6c38\u4e0d\u516c\u958b\u5171\u4eab\u3002\u5171\u4eab\u6709\u6642\u6548\u6027\uff0c\u5c07\u5728{0}\u5929\u5f8c\u904e\u671f",
    "OptionRelease": "\u5b98\u65b9\u767c\u4f48",
    "LabelAllowServerAutoRestartPlugin": "\u5141\u8a31\u4f3a\u670d\u5668\u81ea\u52d5\u91cd\u555f\u4ee5\u5957\u7528\u66f4\u65b0",
    "LabelAllowServerAutoRestartServerOrPlugin": "\u5141\u8a31\u4f3a\u670d\u5668\u81ea\u52d5\u91cd\u555f\u4ee5\u5957\u7528\u4f3a\u670d\u5668\u6216\u9644\u52a0\u5143\u4ef6\u66f4\u65b0",
    "LabelAllowServerAutoRestartHelp": "\u53ea\u5728\u6c92\u6709\u6d3b\u8e8d\u7528\u6236\u548c\u7a7a\u6a94\u6642\u9593\u91cd\u65b0\u555f\u52d5\u3002",
    "LabelRunServerAtStartup": "\u555f\u52d5\u6642\u904b\u884c\u4f3a\u670d\u5668",
    "LabelRunServerAtStartupHelp": "\u5728Windows\u555f\u52d5\u6642\uff0c\u4e5f\u555f\u7528Emby\u6258\u76e4\u5716\u6a23\u3002\u5982\u672a\u52fe\u9078\uff0c\u4e26\u4e14\u8a2d\u70ba\u555f\u52d5Windows\u6642\u555f\u7528\u6b64\u670d\u52d9",
    "ButtonSelectDirectory": "\u9078\u64c7\u76ee\u9304",
    "LabelCachePath": "\u7de9\u5b58\u8def\u5f91\uff1a",
    "DefaultMetadataLangaugeDescription": "\u9019\u4e9b\u70ba\u9810\u8a2d\u503c\uff0c\u53ef\u5728\u500b\u5225\u5a92\u9ad4\u5eab\u57fa\u672c\u8a2d\u5b9a\u4e2d\u8abf\u6574",
    "LabelCachePathHelp": "\u9078\u64c7\u6307\u5b9a\u6240\u9700\u7684\u7de9\u5b58\u6587\u4ef6\u8def\u5f91\uff0c\u5982\u5716\u50cf\u3002\u4fdd\u7559\u7a7a\u767d\u4ee5\u4f7f\u7528\u9ed8\u8a8d\u8a2d\u5b9a\u3002",
    "LabelDefaultRecordingFolder": "Default recording folder",
    "LabelMovieRecordingFolder": "Movie recording folder",
    "LabelSeriesRecordingFolder": "Series recording folder",
    "LabelRecordingFolderOverrideHelp": "If left unspecified, the default recording folder will be used.",
    "HeaderProgramData": "\u7bc0\u76ee\u8cc7\u8a0a",
    "RecordingFolderHelp": "Select the default libary folder to save recordings into. If left unspecified, a library will be created within the server's data folder.",
    "LabelMetadataPath": "\u5a92\u9ad4\u8cc7\u6599\u5c6c\u6027\u8def\u5f91\uff1a",
    "LabelMetadataPathHelp": "\u9078\u64c7\u85dd\u8853\u4f5c\u54c1\u548c\u5a92\u9ad4\u8cc7\u6599\u5c6c\u6027\u4e0b\u8f09\u7684\u81ea\u5b9a\u4f4d\u7f6e\u3002",
    "LabelTranscodingTempPath": "\u81e8\u6642\u8f49\u78bc\u8def\u5f91\uff1a",
    "LabelTranscodingTempPathHelp": "\u6b64\u6587\u4ef6\u593e\u5305\u542b\u8f49\u63db\u5668\u9700\u8981\u7684\u6587\u4ef6\u3002\u9078\u64c7\u81ea\u5b9a\u8def\u5f91\uff0c\u4fdd\u7559\u7a7a\u767d\u4ee5\u4f7f\u7528\u9ed8\u8a8d\u4f3a\u670d\u5668\u7684\u6578\u64da\u6587\u4ef6\u593e\u3002",
    "GenerateVideoPreviewThumbnailsHelp": "\u5f71\u7247\u9810\u89bd\u7e2e\u5716\u5728\u6709\u652f\u63f4\u7684\u61c9\u7528\u7a0b\u5f0f\u4e2d\u641c\u7d22\u6642\uff0c\u6703\u63d0\u4f9b\u5be6\u6642\u756b\u9762\u3002 \u751f\u6210\u7e2e\u5716\u53ef\u80fd\u6703\u82b1\u8cbb\u5f88\u9577\u6642\u9593\uff0c\u5c0e\u81f4\u9ad8CPU\u4f7f\u7528\u7387\uff0c\u4e26\u4f54\u7528\u984d\u5916\u786c\u789f\u7a7a\u9593\u3002",
    "AsAScheduledTask": "\u4f5c\u70ba\u4e00\u500b\u6392\u7a0b\u4f5c\u696d",
    "AsAScheduledTaskAndMediaAdded": "\u7576\u6392\u7a0b\u4f5c\u696d\u548c\u7576\u5a92\u9ad4\u52a0\u5165\u6642",
    "ButtonRefreshGuideData": "\u91cd\u65b0\u6574\u7406\u96fb\u8996\u6307\u5357\u8cc7\u6599",
    "LabelNumberOfGuideDays": "\u4e0b\u8f09\u96fb\u8996\u6307\u5357\u65e5\u6578",
    "LabelNumberOfGuideDaysHelp": "\u4e0b\u8f09\u66f4\u591a\u65e5\u6578\u7684\u96fb\u8996\u6307\u5357\u8cc7\u6599\u6703\u589e\u52a0\u6642\u9593\u8868\u63d0\u4f9b\u7684\u6642\u6bb5\uff0c\u4f46\u4e0b\u8f09\u6642\u9593\u6703\u66f4\u9577\u3002\u81ea\u52d5\u9078\u64c7\u662f\u57fa\u65bc\u983b\u9053\u6578\u76ee\u3002\u8acb\u6ce8\u610f\uff0c\u7121\u8ad6\u4f60\u9078\u64c7\u591a\u5c11\u5929\uff0c\u8a72\u8cc7\u6599\u5fc5\u9808\u5b58\u5728\u65bc\u6307\u5357\u8cc7\u6599\u4f86\u6e90\u65b9\u80fd\u4e0b\u8f09\u3002 \u90e8\u5206\u6307\u5357\u8cc7\u6599\u63d0\u4f9b\u8005\u53ea\u6703\u63d0\u4f9b24\u5c0f\u6642\u3002Emby\u6307\u5357\u8cc7\u6599\u652f\u63f4\u6700\u591a14\u65e5\u3002",
    "HeaderFetchImages": "\u7372\u53d6\u5716\u50cf\uff1a",
    "LabelMaxBackdropsPerItem": "\u6bcf\u500b\u9805\u76ee\u6700\u591a\u7684\u80cc\u666f\u677f\u6578\u91cf\uff1a",
    "LabelMaxScreenshotsPerItem": "\u6bcf\u4ef6\u7269\u54c1\u7684\u6700\u5927\u622a\u5716\u6578\u91cf\uff1a",
    "LabelMinBackdropDownloadWidth": "\u4e0b\u8f09\u80cc\u666f\u677f\u7684\u6700\u5c0f\u5bec\u5ea6\uff1a",
    "LabelMinScreenshotDownloadWidth": "\u6700\u5c0f\u4e0b\u8f09\u622a\u5716\u5bec\u5ea6\uff1a",
    "ButtonAddScheduledTaskTrigger": "\u65b0\u589e\u89f8\u767c",
    "ButtonAdd": "\u65b0\u589e",
    "LabelTriggerType": "\u89f8\u767c\u985e\u578b\uff1a",
    "OptionDaily": "\u6bcf\u65e5",
    "OptionWeekly": "\u6bcf\u9031",
    "OptionOnInterval": "\u6bcf\u500b\u6642\u6bb5",
    "OptionOnAppStartup": "\u5728\u4f3a\u670d\u5668\u555f\u52d5\u6642",
    "OptionAfterSystemEvent": "\u7cfb\u7d71\u4e8b\u4ef6\u5f8c",
    "LabelDay": "\u65e5\u5b50\uff1a",
    "LabelTime": "\u6642\u9593\uff1a",
    "LabelEvent": "\u4e8b\u4ef6\uff1a",
    "OptionWakeFromSleep": "\u5f9e\u4f11\u7720\u4e2d\u6062\u5fa9",
    "LabelEveryXMinutes": "\u6bcf\u6b21\uff1a",
    "LabelEnableRealtimeMonitor": "\u555f\u7528\u5be6\u6642\u76e3\u63a7",
    "LabelEnableRealtimeMonitorHelp": "\u5728\u652f\u63f4\u7684\u6587\u4ef6\u7cfb\u7d71\u6240\u4f5c\u7684\u66f4\u6539\uff0c\u5c07\u6703\u7acb\u5373\u8655\u7406\u3002",
    "Community": "\u8ad6\u58c7",
    "HeaderEmbyNews": "Emby\u65b0\u805e",
    "LabelFriendlyServerName": "\u53cb\u597d\u4f3a\u670d\u5668\u540d\u7a31\uff1a",
    "LabelFriendlyServerNameHelp": "\u540d\u7a31\u7528\u65bc\u8b58\u8fa8\u4f3a\u670d\u5668\u3002\u5982\u679c\u7559\u7a7a\uff0c\u5c07\u4f7f\u7528\u672c\u6a5f(\u4f3a\u670d\u5668)\u540d\u7a31\u3002",
    "LabelPreferredDisplayLanguage": "\u9996\u9078\u8a9e\u8a00\uff1a",
    "LabelPreferredDisplayLanguageHelp": "\u7ffb\u8b6f Emby \u662f\u4e00\u500b\u9032\u884c\u4e2d\u7684\u9805\u76ee\u3002",
    "LabelReadHowYouCanContribute": "\u4e86\u89e3\u5982\u4f55\u4f5c\u51fa\u8ca2\u737b\u3002",
    "LabelCustomCss": "\u81ea\u8a02 CSS\uff1a",
    "LabelCustomCssHelp": "\u4f7f\u7528\u81ea\u8a02 CSS Web \u754c\u9762\u3002",
    "LabelLocalHttpServerPortNumber": "\u672c\u5730 http \u9023\u63a5\u57e0\u865f\u78bc\uff1a",
    "LabelLocalHttpServerPortNumberHelp": "TCP \u9023\u63a5\u57e0\u865f\u78bc\u61c9\u7d81\u5b9a\u5230 Emby http \u4f3a\u670d\u5668\u3002",
    "LabelPublicHttpPort": "\u516c\u5171 http \u9023\u63a5\u57e0\u865f\u78bc\uff1a",
    "LabelPublicHttpPortHelp": "\u516c\u5171\u9023\u63a5\u57e0\u865f\u78bc\u61c9\u6620\u5c04\u5230\u672c\u5730 http \u9023\u63a5\u57e0\u3002",
    "LabelPublicHttpsPort": "\u516c\u5171 https \u9023\u63a5\u57e0\u865f\u78bc\uff1a",
    "LabelPublicHttpsPortHelp": "\u516c\u5171\u9023\u63a5\u57e0\u865f\u78bc\u61c9\u6620\u5c04\u5230\u672c\u5730 https \u9023\u63a5\u57e0\u3002",
    "RequireHttps": "\u5c0d\u5916\u9023\u7dda\u9700\u70ba\u52a0\u5bc6\u7684https",
    "RequireHttpsHelp": "\u5982\u555f\u7528\uff0chttp\u9023\u7dda\u6703\u5c0e\u5411\u52a0\u5bc6https\u9023\u7dda",
    "LabelHttpsPort": "\u672c\u5730 https \u9023\u63a5\u57e0\u865f\u78bc\uff1a",
    "LabelHttpsPortHelp": "TCP \u9023\u63a5\u57e0\u865f\u78bc\u61c9\u7d81\u5b9a\u5230 Emby https \u4f3a\u670d\u5668\u3002",
    "LabelEnableAutomaticPortMap": "\u555f\u7528\u81ea\u52d5\u9023\u63a5\u57e0\u6620\u5c04",
    "LabelEnableAutomaticPortMapHelp": "\u81ea\u52d5\u5617\u8a66\u6620\u5c04\u516c\u5171\u9023\u63a5\u57e0\u5230 UPnP \u672c\u5730\u9023\u63a5\u57e0\u3002\u9019\u53ef\u80fd\u7121\u6cd5\u7528\u65bc\u67d0\u4e9b\u8def\u7531\u5668\u3002",
    "LabelExternalDDNS": "\u5916\u90e8\u7db2\u57df",
    "LabelExternalDDNSHelp": "\u5982\u6709\u52d5\u614b\u7db2\u57df\u4f3a\u670d\u5668\u6216\u7db2\u57df\u540d\u7a31\uff0c\u8acb\u5728\u6b64\u8f38\u5165\uff0c\u7121\u9700\u8f38\u5165\u5354\u5b9a\u6216\u57e0\u865f\uff0cEmby\u61c9\u7528\u7a0b\u5f0f\u5c07\u900f\u904e\u6b64\u8a2d\u5b9a\u9060\u7aef\u9023\u7dda\u3002\u7576\u4f7f\u7528\u81ea\u8a02SSL\u6191\u8b49\uff0c\u5982: mydomain.com\uff0c\u6b64\u70ba\u5fc5\u8981\u8a2d\u5b9a",
    "LabelMinResumePercentage": "\u6700\u5c11\u7e7c\u7e8c\u64ad\u653e\u767e\u5206\u6bd4",
    "LabelMaxResumePercentage": "\u6700\u5927\u7e7c\u7e8c\u64ad\u653e\u767e\u5206\u6bd4",
    "LabelMinResumeDuration": "\u6700\u5c11\u7e7c\u7e8c\u64ad\u653e\u6642\u9593\uff08\u79d2\uff09\uff1a",
    "LabelMinResumePercentageHelp": "\u5a92\u9ad4\u5982\u679c\u5728\u9019\u500b\u6642\u9593\u4e4b\u524d\u505c\u6b62\uff0c\u6703\u88ab\u8a8d\u5b9a\u70ba\u672a\u64ad\u653e\u3002",
    "LabelMaxResumePercentageHelp": "\u5a92\u9ad4\u5982\u679c\u5728\u9019\u500b\u6642\u9593\u4e4b\u5f8c\u505c\u6b62\uff0c\u6703\u88ab\u8a8d\u5b9a\u70ba\u5df2\u64ad\u653e\u3002",
    "LabelMinResumeDurationHelp": "\u5a92\u9ad4\u6bd4\u6b64\u66f4\u77ed\u5c07\u4e0d\u53ef\u6062\u5fa9\u64ad\u653e",
    "HeaderStatus": "\u72c0\u614b",
    "Subscriptions": "\u8a02\u95b1",
    "LabelFailed": "\u5931\u6557",
    "LabelEndingEpisodeNumber": "\u5df2\u5b8c\u7d50\u6232\u96c6\u96c6\u6578\uff1a",
    "LabelEndingEpisodeNumberHelp": "\u53ea\u9700\u591a\u5287\u96c6\u6587\u4ef6",
    "HeaderSupportTheTeam": "\u8d0a\u52a9\u6211\u5011\u7684\u5718\u968a",
    "HeaderSupportTheTeamHelp": "\u8acb\u8a02\u95b1Emby\u9ad8\u7d1a\u6703\u54e1\u4ee5\u652f\u6301\u672c\u5c08\u6848\u6c38\u7e8c\u767c\u5c55\u3002\u90e8\u5206\u6536\u5165\u7528\u4f86\u652f\u4ed8\u5176\u4ed6\u5c08\u6848\u76f8\u4f9d\u7684\u514d\u8cbb\u5de5\u5177",
    "DonationNextStep": "\u5b8c\u6210\u5f8c\uff0c\u8acb\u8fd4\u56de\u4e26\u8f38\u5165\u60a8\u96fb\u5b50\u90f5\u4ef6\u6536\u5230\u7684Emby Premiere\u5e8f\u865f\u3002",
    "HeaderRunningTasks": "\u904b\u884c\u4efb\u52d9",
    "ButtonUpdateNow": "\u7acb\u5373\u66f4\u65b0",
    "PleaseUpdateManually": "\u8acb\u95dc\u9589Emby\u4f3a\u670d\u5668\u4e26\u5b89\u88dd\u6700\u65b0\u7248\u672c",
    "ServerUpToDate": "\u5df2\u7d93\u662f\u6700\u65b0\u7248\u672c",
    "MessagePleaseRestartServerToFinishUpdating": "\u8acb\u91cd\u65b0\u555f\u52d5\u4ee5\u5b8c\u6210\u66f4\u65b0\u3002",
    "LabelDownMixAudioScale": "\u7e2e\u8ecc\u6df7\u97f3\u8981\u63d0\u5347\u97f3\u91cf",
    "LabelDownMixAudioScaleHelp": "\u7e2e\u8ecc\u6df7\u97f3\u8981\u63d0\u5347\u97f3\u91cf\u8acb\u8a2d\u70ba1\u4fdd\u7559\u539f\u59cb\u97f3\u91cf",
    "HeaderForgotKey": "\u5fd8\u8a18\u5bc6\u9470",
    "LabelSupporterEmailAddress": "\u7528\u65bc\u8cfc\u8cb7\u5e8f\u865f\u7684\u96fb\u90f5\u5730\u5740\u3002",
    "ButtonRetrieveKey": "\u53d6\u56de\u91d1\u9470",
    "LabelSupporterKey": "Emby Premiere \u5e8f\u865f (\u5f9e\u96fb\u5b50\u90f5\u4ef6\u8cbc\u4e0a)\uff1a",
    "LabelSupporterKeyHelp": "\u8f38\u5165\u60a8\u7684Emby\u9ad8\u7d1a\u6703\u54e1\u91d1\u9470\u958b\u59cb\u4eab\u53d7\u984d\u5916\u529f\u80fd",
    "MessageInvalidKey": "Emby\u9ad8\u7d1a\u6703\u54e1\u91d1\u9470\u907a\u5931\u6216\u5931\u6548",
    "ErrorMessageInvalidKey": "\u8a3b\u518a\u4efb\u4f55\u9032\u968e\u5167\u5bb9\uff0c\u7686\u9700\u6709\u6548\u7684Emby\u9ad8\u7d1a\u6703\u54e1\u8cc7\u683c",
    "LabelSkipIfGraphicalSubsPresent": "\u5982\u679c\u5f71\u7247\u5df2\u5167\u5d4c\u5b57\u5e55\u8acb\u8df3\u904e",
    "LabelSkipIfGraphicalSubsPresentHelp": "\u4fdd\u7559\u6587\u5b57\u7248\u672c\u7684\u5b57\u5e55\u6703\u66f4\u6709\u6548\u7387\u50b3\u905e\uff0c\u6e1b\u4f4e\u5f71\u7247\u8f49\u78bc\u7684\u6a5f\u6703\u3002",
    "HeaderDownloadLanguages": "\u4e0b\u8f09\u8a9e\u7cfb",
    "LabelSkipIfAudioTrackPresent": "\u5982\u679c\u9810\u8a2d\u97f3\u8ecc\u7b26\u5408\u4e0b\u8f09\u8a9e\u8a00\u5c07\u7701\u7565",
    "LabelSkipIfAudioTrackPresentHelp": "\u53d6\u6d88\u6b64\u9805\uff0c\u7121\u8ad6\u97f3\u8a0a\u8a9e\u8a00\u662f\u5426\u4e00\u81f4\uff0c\u6240\u6709\u5f71\u7247\u90fd\u6703\u78ba\u4fdd\u4e0b\u8f09\u5b57\u5e55\u3002",
    "SendMessage": "\u767c\u4fe1\u606f",
    "HeaderSendMessage": "\u767c\u4fe1\u606f",
    "ButtonSend": "\u767c\u9001",
    "LabelMessageText": "\u8a0a\u606f\u5167\u6587:",
    "LabelMessageTitle": "\u8a0a\u606f\u6a19\u984c:",
    "ButtonEditOtherUserPreferences": "\u7de8\u8f2f\u4f7f\u7528\u8005\u8cc7\u8a0a\uff0c\u982d\u50cf\uff0c\u548c\u500b\u4eba\u5316\u8a2d\u5b9a",
    "LabelLoginDisclaimer": "\u767b\u5165\u5b57\u53e5\uff1a",
    "LabelLoginDisclaimerHelp": "\u986f\u793a\u5728\u767b\u5165\u754c\u9762\u7684\u5e95\u90e8",
    "HeaderTranscodingTemporaryFiles": "\u8f49\u78bc\u66ab\u5b58\u6a94",
    "HeaderApiKeys": "API\u91d1\u9470",
    "HeaderApiKeysHelp": "\u5916\u90e8\u61c9\u7528\u7a0b\u5f0f\u9700\u8981\u6709API\u91d1\u9470\u4f86\u548cEmby\u4f3a\u670d\u5668\u6e9d\u901a\u3002\u4f7f\u7528Emby\u5e33\u865f\u767b\u5165\u53ef\u53d6\u5f97\u91d1\u9470\uff0c\u6216\u624b\u52d5\u6d3e\u767c\u91d1\u9470\u7d66\u61c9\u7528\u7a0b\u5f0f\u3002",
    "HeaderApiKey": "API\u91d1\u9470",
    "HeaderScheduledTasks": "\u6392\u7a0b\u4f5c\u696d",
    "HeaderResumeSettings": "\u7e7c\u7e8c\u64ad\u653e\u8a2d\u5b9a",
    "HeaderFetcherSettings": "\u64f7\u53d6\u8a2d\u5b9a",
    "HeaderActivity": "\u6d3b\u52d5",
    "ButtonPurchase": "\u8cfc\u8cb7",
    "HeaderInstall": "\u5b89\u88dd",
    "LabelSelectVersionToInstall": "\u9078\u64c7\u5b89\u88dd\u7248\u672c:",
    "LinkLearnMoreAboutSubscription": "\u4e86\u89e3Emby\u9ad8\u7d1a\u6703\u54e1",
    "MessagePluginRequiresSubscription": "\u6b64\u63d2\u4ef6\u572814\u5929\u514d\u8cbb\u8a66\u7528\u5f8c\uff0c\u5c07\u9700\u8981\u6709\u6548Emby\u9ad8\u7d1a\u6703\u54e1",
    "MessagePremiumPluginRequiresMembership": "\u6b64\u63d2\u4ef6\u572814\u5929\u514d\u8cbb\u8a66\u7528\u5f8c\uff0c\u5c07\u9700\u8981\u6709\u6548Emby\u9ad8\u7d1a\u6703\u54e1\u624d\u80fd\u8cfc\u8cb7",
    "HeaderDeveloperInfo": "\u958b\u767c\u8005\u4fe1\u606f",
    "HeaderRevisionHistory": "\u4fee\u8a02\u6b77\u53f2",
    "ButtonViewWebsite": "\u6aa2\u8996\u7db2\u7ad9",
    "OptionSaveMetadataAsHidden": "\u5c07\u4e2d\u7e7c\u8cc7\u6599\u548c\u5f71\u50cf\u5b58\u70ba\u96b1\u85cf\u6a94",
    "LabelConnectEmail": "(\u53ef\u9078) Emby Connect\u7528\u6236\u540d\u6216\u96fb\u90f5\u5730\u5740\uff1a",
    "LabelConnectEmailHelp": "\uff08\u53ef\u9078\uff09\u5c07\u6b64\u672c\u5730\u7528\u6236\u93c8\u63a5\u5230\u73fe\u6709\u7684 Emby Connect \u5e33\u6236\uff0c\u4ee5\u5f9e\u4efb\u4f55 Emby \u61c9\u7528\u8f15\u9b06\u767b\u9304\u5b58\u53d6\uff0c\u800c\u7121\u9700\u77e5\u9053\u4f3a\u670d\u5668IP\u5730\u5740\u3002",
    "ButtonLearnMoreAboutEmbyConnect": "\u4e86\u89e3\u66f4\u591a\u95dc\u65bcEmby Connect",
    "LabelDateAddedBehavior": "\u5c0d\u65bc\u65b0\u5167\u5bb9\u7684\u65b0\u589e\u65e5\u671f\u6a21\u5f0f",
    "OptionDateAddedImportTime": "\u4f7f\u7528\u52a0\u5165\u5a92\u9ad4\u5eab\u6642\u7684\u6383\u63cf\u65e5\u671f",
    "OptionDateAddedFileTime": "\u4f7f\u7528\u6a94\u6848\u5275\u5efa\u65e5\u671f",
    "LabelDateAddedBehaviorHelp": "\u5982\u679c\u4e2d\u7e7c\u8cc7\u6599\u65e5\u671f\u70ba\u73fe\u5728\uff0c\u5728\u9019\u4efb\u4e00\u9078\u9805\u4e4b\u524d\uff0c\u5c07\u4e00\u76f4\u5957\u7528",
    "HeaderLibrarySettings": "\u5a92\u9ad4\u5eab\u8a2d\u5b9a",
    "HeaderSubtitleDownloads": "\u5b57\u5e55\u4e0b\u8f09",
    "HeaderCameraUploadHelp": "Emby\u61c9\u7528\u7a0b\u5f0f\u81ea\u52d5\u4e0a\u50b3\u884c\u52d5\u8a2d\u5099\u4e2d\u7684\u7167\u7247\u5230Emby\u4f3a\u670d\u5668\u4e2d",
    "LabelCameraUploadPath": "\u76f8\u7247\u4e0a\u50b3\u8def\u5f91\uff1a",
    "LabelCameraUploadPathHelp": "\u81ea\u5b9a\u4e0a\u50b3\u8def\u5f91\uff0c\u6703\u8986\u84cb\u7167\u7247\u4e0a\u50b3\u4e2d\u7684\u9810\u8a2d\u8def\u5f91\u3002\u5982\u7559\u767d\uff0c\u4f7f\u7528\u9810\u8a2d\u8def\u5f91\u3002\u5982\u4f7f\u7528\u81ea\u8a02\u8def\u5f91\uff0c\u5728Emby\u8cc7\u6599\u5eab\u8a2d\u5b9a\u4e2d\uff0c\u9700\u8981\u65b0\u589e\u70ba\u8cc7\u6599\u5eab\u4e4b\u4e00",
    "DefaultCameraUploadPathHelp": "\u8acb\u9078\u81ea\u8a02\u4e0a\u50b3\u8def\u5f91\uff0c\u5982\u7559\u767d\uff0c\u5c07\u4f7f\u7528\u9810\u8a2d\u8def\u5f91\u3002\u5982\u4f7f\u7528\u81ea\u8a02\u8def\u5f91\uff0c\u5728Emby\u8cc7\u6599\u5eab\u8a2d\u5b9a\u4e2d\uff0c\u9700\u8981\u589e\u52a0\u70ba\u8cc7\u6599\u5eab\u4e4b\u4e00",
    "LabelCreateCameraUploadSubfolder": "\u5efa\u7acb\u6bcf\u500b\u88dd\u7f6e\u7684\u6587\u4ef6\u593e",
    "LabelCreateCameraUploadSubfolderHelp": "\u5f9e\u88dd\u7f6e\u9801\u9762\uff0c\u88dd\u7f6e\u80fd\u901a\u904e\u6240\u5c6c\u6587\u4ef6\u593e\u3002",
    "LabelCustomDeviceDisplayNameHelp": "\u63d0\u4f9b\u81ea\u8a02\u986f\u793a\u540d\u7a31\uff0c\u6216\u7559\u767d\u4ee5\u4f7f\u7528\u8a2d\u5099\u5831\u544a\u7684\u540d\u7a31",
    "TabParentalControl": "\u5bb6\u9577\u76e3\u8b77",
    "HeaderAccessSchedule": "\u5b58\u53d6\u6392\u7a0b",
    "HeaderAccessScheduleHelp": "\u5efa\u7acb\u5b58\u53d6\u6392\u7a0b\u4f86\u9650\u5236\u4f7f\u7528\u6642\u6578",
    "LabelAccessDay": "\u661f\u671f\u5e7e:",
    "HeaderLibraryAccess": "\u5a92\u9ad4\u5eab\u5b58\u53d6",
    "HeaderChannelAccess": "\u983b\u9053\u5b58\u53d6",
    "LabelForgotPasswordUsernameHelp": "\u5982\u679c\u60a8\u8a18\u5f97\uff0c\u8acb\u8f38\u5165\u60a8\u7684\u7528\u6236\u540d\u3002",
    "TitlePasswordReset": "\u91cd\u8a2d\u5bc6\u78bc",
    "HeaderBlockItemsWithNoRating": "\u963b\u6b62\u6c92\u6709\u6216\u7121\u6cd5\u8b58\u5225\u8a55\u7d1a\u4fe1\u606f\u7684\u9805\u76ee\uff1a",
    "LabelBlockContentWithTags": "\u9650\u5236\u5e36\u6709\u6a19\u7c64\u7684\u9805\u76ee",
    "LabelTagRestrictionMode": "\u6a19\u7c64\u9650\u5236\u6a21\u5f0f\uff1a",
    "BlockItemsWithTheseTags": "\u963b\u6b62\u5e36\u6709\u9019\u4e9b\u6a19\u7c64\u7684\u9805\u76ee",
    "AllowItemsWithTheseTags": "\u53ea\u5141\u8a31\u5e36\u6709\u9019\u4e9b\u6a19\u7c64\u7684\u9805\u76ee",
    "OptionAllowContentDownloading": "\u5141\u8a31\u5a92\u9ad4\u4e0b\u8f09",
    "LabelNewUserNameHelp": "\u7528\u6236\u540d\u53ef\u4ee5\u5305\u542b\u5b57\u6bcd\uff08a-z\uff09\uff0c\u6578\u5b57\uff080-9\uff09\uff0c\u7834\u6298\u865f\uff08-\uff09\uff0c\u4e0b\u5283\u7dda\uff08_\uff09\uff0c\u55ae\u5f15\u865f\uff08'\uff09\u548c\u9ede\u865f\uff08.\uff09\u3002",
    "HeaderThisUserIsCurrentlyDisabled": "\u8a72\u7528\u6236\u7576\u524d\u5df2\u88ab\u7981\u7528\u3002 \u8981\u555f\u7528\u8a72\u7528\u6236\uff0c\u8acb\u67e5\u770b\u672c\u9801\u5e95\u90e8\u7684\u9078\u9805\u3002",
    "OptionAllowSyncTranscoding": "\u5141\u8a31\u9700\u8981\u8f49\u78bc\u7684\u5a92\u9ad4\u4e0b\u8f09",
    "AllowMediaConversion": "\u5141\u8a31\u5a92\u9ad4\u8f49\u63db",
    "AllowMediaConversionHelp": "\u8a31\u53ef\u6216\u62d2\u7d55\u5b58\u53d6\u8f49\u63db\u5a92\u9ad4\u529f\u80fd",
    "OptionAllowAudioPlaybackTranscoding": "\u5982\u5fc5\u8981\uff0c\u5141\u8a31\u97f3\u8a0a\u8f49\u78bc\u5728\u5a92\u9ad4\u64ad\u653e\u671f\u9593",
    "OptionAllowVideoPlaybackTranscoding": "\u5982\u64ad\u653e\u6642\u9700\u8981\uff0c\u5141\u8a31\u5f71\u7247\u8f49\u78bc",
    "OptionAllowVideoPlaybackRemuxing": "Allow changing of container formats, if necessary, during media playback",
    "OptionAllowMediaPlaybackTranscodingHelp": "Restricting access to transcoding will disable quality selection and may cause playback failures in Emby apps due to unsupported media formats or insufficient network bandwidth.",
    "LabelRemoteClientBitrateLimit": "Internet streaming bitrate limit (Mbps)",
    "LabelRemoteClientBitrateLimitHelp": "An optional per-stream bitrate limit for all out of network devices. This is useful to prevent devices from requesting a higher bitrate than your internet connection can handle. This may result in increased CPU load on your server in order to transcode videos on the fly to a lower bitrate.",
    "LabelUserRemoteClientBitrateLimitHelp": "\u9032\u968e\u4f3a\u670d\u5668\u8a2d\u5b9a\u4e2d\u6703\u8986\u84cb\u9810\u8a2d\u5168\u57df\u8a2d\u5b9a\u503c",
    "OptionEnableFullSpeedConversion": "\u5141\u8a31\u5168\u901f\u8f49\u6a94",
    "OptionEnableFullSpeedConversionHelp": "\u8f49\u6a94\u9810\u8a2d\u4f4e\u901f\uff0c\u4ee5\u6e1b\u4f4e\u8cc7\u6e90\u6d88\u8017\u3002",
    "OptionEnableAutomaticServerUpdates": "\u555f\u7528\u81ea\u52d5\u66f4\u65b0\u4f3a\u670d\u5668",
    "HeaderTVSources": "\u96fb\u8996\u6e90",
    "HeaderAddTvSource": "\u65b0\u589e\u96fb\u8996\u6e90",
    "LabelTunerIpAddress": "\u8abf\u8ae7\u5668IP\u5730\u5740:",
    "HeaderGuideProviders": "\u7bc0\u76ee\u8868\u8cc7\u6599\u4f86\u6e90",
    "HeaderAddGuideSource": "\u65b0\u589e\u7bc0\u76ee\u8868\u8cc7\u6599\u4f86\u6e90",
    "LabelZipCode": "\u90f5\u7de8:",
    "LabelLineup": "Lineup",
    "LabelImportOnlyFavoriteChannels": "Restrict to channels marked as favorite",
    "ImportFavoriteChannelsHelp": "If enabled, only channels that are marked as favorite on the tuner device will be imported.",
    "HeaderDefaultRecordingSettings": "\u9810\u8a2d\u9304\u5f71\u8a2d\u5b9a",
    "LabelFolder": "\u6587\u4ef6\u593e\uff1a",
    "LabelDisplayName": "\u986f\u793a\u540d\u7a31\uff1a",
    "OptionDownloadImagesInAdvance": "Download images in advance",
    "OptionDownloadImagesInAdvanceHelp": "\u9ed8\u8a8d\u60c5\u6cc1\u4e0b\uff0c\u5927\u90e8\u5206\u5716\u50cf\u50c5\u5728Emby\u61c9\u7528\u7a0b\u5e8f\u8acb\u6c42\u6642\u4e0b\u8f09\u3002\u555f\u7528\u6b64\u9078\u9805\u5c07\u96a8\u8457\u5a92\u9ad4\u5c0e\u5165\u6642\u4e0b\u8f09\u6240\u6709\u5716\u50cf\u3002\u9019\u53ef\u80fd\u6703\u5c0e\u81f4\u66f4\u9577\u7684\u5a92\u9ad4\u5eab\u6383\u63cf\u6642\u9593\u3002",
    "MessageThankYouForSupporting": "\u611f\u8b1d\u60a8\u652f\u6301Emby\u3002",
    "FileReadCancelled": "The file read has been canceled.",
    "FileNotFound": "File not found.",
    "FileReadError": "An error occurred while reading the file.",
    "NoPluginConfigurationMessage": "This plugin has no settings to configure.",
    "HeaderNewApiKey": "\u65b0 API \u5bc6\u9470",
    "HeaderNewApiKeyHelp": "Grant an application permission to communicate with Emby Server.",
    "MessageKeyEmailedTo": "Key emailed to {0}.",
    "HeaderConfirmation": "Confirmation",
    "MessageKeyUpdated": "Thank you. Your Emby Premiere key has been updated.",
    "MessageKeyRemoved": "Thank you. Your Emby Premiere key has been removed.",
    "TextEnjoyBonusFeatures": "\u4eab\u53d7\u66f4\u591a\u529f\u80fd",
    "MessageErrorLoadingSupporterInfo": "There was an error loading Emby Premiere information. Please try again later.",
    "ValueTimeLimitSingleHour": "Time limit: 1 hour",
    "ValueTimeLimitMultiHour": "Time limit: {0} hours",
    "General": "\u4e00\u822c",
    "HeaderScreenSavers": "\u87a2\u5e55\u4fdd\u8b77\u7a0b\u5f0f",
    "Reporting": "Reporting",
    "LabelStopping": "Stopping",
    "HeaderSelectCertificatePath": "Select Certificate Path",
    "HeaderSupporterBenefit": "An active Emby Premiere subscription provides additional benefits such as access to Emby DVR, offline media, premium plugins, and more. {0}Learn more{1}.",
    "LabelAbortedByServerShutdown": "(Aborted by server shutdown)",
    "LabelScheduledTaskLastRan": "Last ran {0}, taking {1}.",
    "HeaderDeleteTaskTrigger": "Delete Task Trigger",
    "MessageDeleteTaskTrigger": "Are you sure you wish to delete this task trigger?",
    "MessageNoPluginsDueToAppStore": "To manage plugins, please use the Emby web app.",
    "LabelVersionInstalled": "\u5df2\u5b89\u88dd {0}",
    "HeaderSelectServerCachePath": "Select Server Cache Path",
    "HeaderSelectTranscodingPath": "Select Transcoding Temporary Path",
    "HeaderSelectMetadataPath": "Select Metadata Path",
    "HeaderSelectServerCachePathHelp": "Browse or enter the path to use for server cache files. The folder must be writeable.",
    "HeaderSelectTranscodingPathHelp": "Browse or enter the path to use for transcoding temporary files. The folder must be writeable.",
    "HeaderSelectMetadataPathHelp": "Browse or enter the path you'd like to store metadata within. The folder must be writeable.",
    "MessageConfirmRestart": "\u60a8\u78ba\u8a8d\u91cd\u65b0\u555f\u52d5\u4f3a\u670d\u5668?",
    "MessageConfirmShutdown": "Are you sure you wish to shutdown Emby Server?",
    "LabelLocalAccessUrl": "\u5bb6\u5ead\uff08LAN\uff09\u8a2a\u554f\uff1a{0}",
    "LabelRemoteAccessUrl": "\u9060\u7a0b\uff08WAN\uff09\u8a2a\u554f\uff1a{0}",
    "LabelRunningOnPort": "\u904b\u884c\u65bc http \u9023\u63a5\u57e0 {0}.",
    "LabelRunningOnPorts": "\u904b\u884c\u65bc http \u9023\u63a5\u57e0 {0}, \u548c https \u9023\u63a5\u57e0 {1}.",
    "LabelCurrentPath": "Current path",
    "HeaderSelectMediaPath": "Select Media Path",
    "HeaderSelectPath": "Select Path",
    "MessageDirectoryPickerInstruction": "\u5982\u679c\u201c\u7db2\u7d61\u201d\u6309\u9215\u627e\u4e0d\u5230\u60a8\u7684\u8a2d\u5099\uff0c\u53ef\u4ee5\u624b\u52d5\u8f38\u5165\u7db2\u7d61\u8def\u5f91\u3002\u4f8b\u5982\uff0c{0} \u6216 {1}\u3002",
    "MessageDirectoryPickerBSDInstruction": "For BSD, you may need to configure storage within your FreeNAS Jail in order to allow Emby to access it.",
    "MessageDirectoryPickerLinuxInstruction": "For Linux on Arch Linux, CentOS, Debian, Fedora, OpenSuse, or Ubuntu, you must grant the Emby system user at least read access to your storage locations.",
    "MetadataManager": "Metadata Manager",
    "OptionBlockLiveTvChannels": "Live TV Channels",
    "OptionBlockChannelContent": "Internet Channel Content",
    "ButtonRevoke": "Revoke",
    "MessageConfirmRevokeApiKey": "Are you sure you wish to revoke this api key? The application's connection to Emby Server will be abruptly terminated.",
    "HeaderConfirmRevokeApiKey": "Revoke Api Key",
    "MessagePleaseAcceptTermsOfServiceBeforeContinuing": "Please accept the terms of service before continuing.",
    "HeaderChangeFolderType": "Change Content Type",
    "HeaderChangeFolderTypeHelp": "To change the type, please remove and rebuild the library with the new type.",
    "HeaderAlert": "Alert",
    "MessagePleaseRestart": "\u8acb\u91cd\u65b0\u555f\u52d5\u4f86\u5b8c\u6210\u66f4\u65b0",
    "OptionHomeVideos": "Home videos & photos",
    "OptionBooks": "\u66f8\u7c4d",
    "HeaderMetadataReaders": "Metadata Readers",
    "LabelMetadataReadersHelp": "\u512a\u5148\u6392\u5e8f\u60a8\u7684\u9996\u9078\u8cc7\u6599\u5c6c\u6027\u4f86\u6e90\u3002\u9996\u500b\u627e\u5230\u7684\u6587\u4ef6\u5c07\u88ab\u8b80\u53d6\u3002",
    "HeaderSubtitleDownloaders": "Subtitle Downloaders",
    "SubtitleDownloadersHelp": "Enable and rank your preferred subtitle downloaders in order of priority. More subtitle providers can be installed using the Emby plugin catalog.",
    "LabelMetadataDownloaders": "\u5a92\u9ad4\u5c6c\u6027\u4e0b\u8f09\u5668\uff1a",
    "LabelMetadataDownloadersHelp": "\u555f\u7528\u5a92\u9ad4\u5c6c\u6027\u4e0b\u8f09\u5668\u7684\u512a\u5148\u6b21\u5e8f\uff0c\u6108\u4e0b\u6b21\u5e8f\u53ea\u6703\u7528\u4f86\u586b\u88dc\u7f3a\u5c11\u7684\u4fe1\u606f\u3002",
    "HeaderMetadataSavers": "Metadata Savers",
    "LabelMetadataSaversHelp": "Choose the file formats to save your metadata to.",
    "LabelImageFetchers": "\u5a92\u9ad4\u5716\u7247\u7372\u53d6\u7a0b\u5f0f\uff1a",
    "LabelImageFetchersHelp": "\u555f\u7528\u5a92\u9ad4\u5716\u7247\u7372\u53d6\u7a0b\u5f0f\u7684\u512a\u5148\u6b21\u5e8f",
    "PersonTypePerson": "Person",
    "HeaderRemoveMediaLocation": "Remove Media Location",
    "MessageConfirmRemoveMediaLocation": "Are you sure you wish to remove this location?",
    "LabelNewName": "New name",
    "HeaderRemoveLibrary": "Remove Library",
    "MessageAreYouSureYouWishToRemoveLibrary": "Are you sure you wish to remove the {0} library from your Emby Server? Your media files will not be affected.",
    "ButtonRename": "\u91cd\u65b0\u547d\u540d",
    "HeaderPluginInstallation": "Plugin Installation",
    "MessageTrialExpired": "The trial period for this feature has expired",
    "MessageTrialWillExpireIn": "The trial period for this feature will expire in {0} day(s)",
    "ValuePriceUSD": "Price: {0} (USD)",
    "MessageFeatureIncludedWithSupporter": "You are registered for this feature, and will be able to continue using it with an active Emby Premiere subscription.",
    "HeaderSelectExternalPlayer": "Select External Player",
    "HeaderExternalPlayerPlayback": "External Player Playback",
    "HeaderThankYou": "Thank You",
    "HeaderSelectUploadPath": "Select Upload Path",
    "ErrorMessageStartHourGreaterThanEnd": "End time must be greater than the start time.",
    "MessagePluginConfigurationRequiresLocalAccess": "To configure this plugin please sign in to your local server directly.",
    "MovieLibraryHelp": "\u67e5\u770b {0}Emby \u96fb\u5f71\u547d\u540d\u6307\u5357{1}\u3002",
    "TvLibraryHelp": "\u67e5\u770b {0}Emby \u96fb\u8996\u7bc0\u76ee\u547d\u540d\u6307\u5357{1}\u3002",
    "BookLibraryHelp": "Text books are supported. Review the {0}Emby Book naming guide{1}.",
    "MessageGamePluginRequired": "Requires installation of the GameBrowser plugin",
    "HeaderUnlockApp": "Unlock App",
    "MessagePaymentServicesUnavailable": "Payment services are currently unavailable. Please try again later.",
    "NoNewDevicesFound": "No new devices found. To add a new tuner, close this dialog and enter the device information manually.",
    "MessageConfirmDeleteTunerDevice": "Are you sure you wish to delete this device?",
    "MessageConfirmDeleteGuideProvider": "Are you sure you wish to delete this guide provider?",
    "HeaderDeleteProvider": "Delete Provider",
    "ErrorAddingTunerDevice": "There was an error adding the tuner device. Please ensure it is accessible and try again.",
    "ErrorSavingTvProvider": "There was an error saving the TV provider. Please ensure it is accessible and try again.",
    "ErrorGettingTvLineups": "There was an error downloading tv lineups. Please ensure your information is correct and try again.",
    "MessageCreateAccountAt": "Create an account at {0}",
    "ErrorPleaseSelectLineup": "Please select a lineup and try again. If no lineups are available, then please check that your username, password, and postal code is correct.",
    "HeaderTryEmbyPremiere": "Try Emby Premiere",
    "ErrorValidatingSupporterInfo": "There was an error validating your Emby Premiere information. Please try again later.",
    "LabelLocalSyncStatusValue": "Status: {0}",
    "HeaderTopPlugins": "Top Plugins",
    "ForAdditionalLiveTvOptions": "Browse the Emby {0}plugin catalog{1} to install additional Live TV providers.",
    "AddUser": "Add User",
    "HeaderEmailAddress": "E-Mail Address",
    "NumLocationsValue": "{0}\u500b\u6587\u4ef6\u593e",
    "PleaseAddAtLeastOneFolder": "Please add at least one folder to this library by clicking the Add button.",
    "ErrorAddingMediaPathToVirtualFolder": "There was an error adding the media path. Please ensure the path is valid and the Emby Server process has access to that location.",
    "ErrorAddingEmbyConnectAccount3": "The Emby account is already linked to an existing local user. An Emby account can only be linked to one local user at a time.",
    "HeaderConfirmPluginInstallation": "Confirm Plugin Installation",
    "PleaseConfirmPluginInstallation": "Please click OK to confirm you've read the above and wish to proceed with the plugin installation.",
    "MessagePluginInstallDisclaimer": "Plugins built by Emby community members are a great way to enhance your Emby experience with additional features and benefits. Before installing, please be aware of the effects they may have on your Emby Server, such as longer library scans, additional background processing, and decreased system stability.",
    "HardwareAccelerationWarning": "Enabling hardware acceleration may cause instability in some environments. Ensure that your operating system and video drivers are fully up to date. If you have difficulty playing video after enabling this, you'll need to change the setting back to Auto.",
    "ValueExample": "Example: {0}",
    "LabelFileOrUrl": "File or url",
    "OptionEnableForAllTuners": "Enable for all tuner devices",
    "HeaderTuners": "Tuners",
    "DrmChannelsNotImported": "Channels with DRM will not be imported.",
    "LabelAllowHWTranscoding": "Allow hardware transcoding",
    "AllowHWTranscodingHelp": "If enabled, allow the tuner to transcode streams on the fly. This may help reduce transcoding required by Emby Server.",
    "MetadataSettingChangeHelp": "Changing metadata settings will affect new content that is added going forward. To refresh existing content, open the detail screen and click the refresh button, or perform bulk refreshes using the metadata manager.",
    "RecordingPathChangeMessage": "Changing your recording folder will not migrate existing recordings from the old location to the new. You'll need to move them manually if desired.",
    "LabelLocalIpAddress": "\u672c\u6a5fIP\u4f4d\u5740\uff1a",
    "LabelBindToLocalNetworkAddressHelp": "Optional. Override the local IP address that Emby Server will present to Emby apps. If left blank, the server will automatically detect the local IP address.",
    "SettingsWarning": "Changing these values may cause instability or connectivity failures. If you experience any problems, we recommend changing them back to default.",
    "OptionSaveMetadataAsHiddenHelp": "Changing this will apply to new metadata saved going forward. Existing metadata files will be updated the next time they are saved by Emby Server.",
    "EnablePhotos": "Enable photos",
    "EnablePhotosHelp": "Photos will be detected and displayed alongside other media files.",
    "ImportPlaylists": "Import playlist files",
    "ImportPlaylistsHelp": "Playlists found in your media directories can be imported into Emby Server.",
    "SaveThumbnailImagesIntoMediaFolders": "Save video preview thumbnails into media folders",
    "LabelGenerateVideoPreviewThumbnails": "Generate video preview thumbnails",
    "LabelEnableDebugLogging": "\u555f\u7528\u8a18\u9304\u9664\u932f\u65e5\u8a8c",
    "OptionEnableExternalContentInSuggestions": "Enable external content in suggestions",
    "OptionEnableExternalContentInSuggestionsHelp": "Allow internet trailers and live tv programs to be included within suggested content.",
    "LabelOptionalNetworkPath": "\uff08\u53ef\u9078\uff09\u5171\u4eab\u7684\u7db2\u7d61\u6587\u4ef6\u593e\uff1a",
    "LabelOptionalNetworkPathHelp": "\u5982\u679c\u6b64\u6587\u4ef6\u593e\u5728\u60a8\u7684\u7db2\u7d61\u4e0a\u5171\u4eab\uff0c\u5247\u63d0\u4f9b\u7db2\u7d61\u5171\u4eab\u8def\u5f91\u53ef\u4ee5\u4f7f Emby \u61c9\u7528\u7a0b\u5e8f\u5728\u5176\u4ed6\u8a2d\u5099\u4e0a\u76f4\u63a5\u8a2a\u554f\u5a92\u9ad4\u6587\u4ef6\u3002",
    "SynologyUpdateInstructions": "Please login to DSM and go to Package Center to update.",
    "HeaderRecordingPostProcessing": "Recording Post Processing",
    "LabelPostProcessorArguments": "Post-processor command line arguments",
    "PostProcessorArgumentsHelp": "The following variables are supported in the command line to allow passing data to your post-processor",
    "LabelPostProcessor": "Post-processing application",
    "DvrPostProcessorPathArgument": "{path}: The full path to the new recording file",
    "OptionAutomaticallyGroupSeries": "Automatically merge series that are spread across multiple folders",
    "OptionAutomaticallyGroupSeriesHelp": "If enabled, series that are spread across multiple folders within this library will be automatically merged into a single series.",
    "WhenDidYouPurchaseApp": "When did you originally purchase this app?",
    "PreferEmbeddedTitlesOverFileNames": "Prefer embedded titles over filenames",
    "PreferEmbeddedTitlesOverFileNamesHelp": "This determines the default display title when no internet metadata or local metadata is available.",
    "FriendlyNameForReferenceHelp": "A friendly name used for display, for your own reference.",
    "HeaderLiveTvTunerSetup": "Live TV Tuner Setup",
    "HeaderTVSourceSetup": "TV Source Setup",
    "HeaderDetectMyDevices": "Detect Devices",
    "MessagePleaseWait": "\u8acb\u7a0d\u5019\u3002\u9019\u53ef\u80fd\u9700\u8981\u4e00\u4e9b\u6642\u9593\u3002",
    "DetectingDevices": "Detecting devices",
    "LabelAutomaticallyRefreshInternetMetadataEvery": "After the initial import, automatically refresh metadata from the internet",
    "LabelPlaceholderMetadataRefreshInternetMetadataEvery": "\u4efb\u610f\u5287\u96c6\u540d\u7a31\u5c07\u6703\u81ea\u52d5\u66f4\u65b0\u5287\u96c6\u7684\u4e2d\u7e7c\u8cc7\u6599\uff0c\u4f8b\u5982\u662fTBA:",
    "EveryNDays": "Every {0} days",
    "NDays": "{0} days",
    "LabelCertificatePassword": "Certificate password",
    "LabelCertificatePasswordHelp": "If your certificate requires a password, please enter it here.",
    "HeaderNewLibrary": "\u65b0\u5a92\u9ad4\u5eab",
    "HttpsRequiresCert": "\u8981\u555f\u7528\u5b89\u5168\u9023\u63a5\uff0c\u60a8\u5c07\u9700\u8981\u63d0\u4f9b\u53d7\u4fe1\u4efb\u7684SSL\u8b49\u66f8\uff0c\u4f8b\u5982Lets Encrypt\u3002\u8acb\u63d0\u4f9b\u8b49\u66f8\u6216\u7981\u7528\u5b89\u5168\u9023\u63a5\u3002",
    "ServerRestartNeededAfterPluginInstall": "\u5b89\u88dd\u63d2\u4ef6\u5f8c\uff0cEmby \u4f3a\u670d\u5668\u9700\u8981\u91cd\u65b0\u555f\u52d5\u3002",
    "PluginInstalledMessage": "\u8a72\u63d2\u4ef6\u5df2\u6210\u529f\u5b89\u88dd\u3002Emby \u4f3a\u670d\u5668\u9700\u8981\u91cd\u65b0\u555f\u52d5\u624d\u80fd\u751f\u6548\u3002",
    "MessagePremiereStatusGood": "You have a {0} Emby Premiere plan and your device usage is well within your limit.",
    "MessagePremiereStatusClose": "You have a {0} Emby Premiere plan, but your device usage is close to the limit.",
    "MessagePremiereExtendedPlans": "Consider an {0}extended device plan{1}",
    "MessagePremiereStatusOver": "You have a {0} Emby Premiere plan, but you are over your device limit!",
    "ListItemPremiereSub": "{0} subscription purchased via {2} expires {1}",
    "LabelClickToCancel": "\u9ede\u64ca\u53d6\u6d88\u6b64\u8a02\u95b1",
    "LabelCancelInfo": "You can manage this subscription directly with {0}",
    "LabelAlreadyCanceled": "This subscription has been canceled. Key will remain valid until expiration.",
    "HeaderCancelSub": "\u53d6\u6d88 Emby Premiere",
    "MessageConfirmSubCancel": "\u4e0d\uff0c\u8acb\u4e0d\u8981\u96e2\u958b...\u60a8\u6703\u932f\u904e Emby Premiere \u7684\u6240\u6709\u5f37\u5927\u529f\u80fd\uff01",
    "ButtonCancelSub": "I know, cancel it anyway",
    "ButtonDontCancelSub": "Keep Emby Premiere",
    "MessageSubCancelReqSent": "An email has been sent to the owner of the key. Please follow the instructions in that email to complete the cancellation of this subscription. We hope to see you back soon!",
    "MessageSubCancelError": "\u5617\u8a66\u53d6\u6d88\u6642\u51fa\u4e86\u9ede\u554f\u984c\u3002\u8acb\u767c\u9001\u96fb\u5b50\u90f5\u4ef6\u81f3{0}\uff0c\u6211\u5011\u6703\u5e6b\u52a9\u4f60\u3002",
    "LabelAlreadyCancelled": "This subscription has been cancelled. You will not be charged again but the features will work until the date above.",
    "AllowOnTheFlySubtitleExtraction": "Allow subtitle extraction on the fly",
    "AllowOnTheFlySubtitleExtractionHelp": "Embedded subtitles can be extracted from videos and delivered to Emby apps in plain text in order to help prevent video transcoding. On some systems this can take a long time and cause video playback to stall during the extraction process. Disable this to have embedded subtitles burned in with video transcoding when they are not natively supported by the client device.",
    "EnableDebugLoggingHelp": "Debug logging should only be enabled as needed for troubleshooting purposes. The increased file system access may prevent the server machine from being able to sleep in some environments.",
    "LabelSimultaneousConnectionLimit": "Simultaneous stream limit",
    "SimultaneousConnectionLimitHelp": "\u5141\u8a31\u540c\u6642\u4e32\u6d41\u7684\u6700\u5927\u6578\u91cf\u3002 0 \u70ba\u7121\u9650\u5236\u3002",
    "LaunchWebAppOnStartup": "Emby \u4f3a\u670d\u5668\u555f\u52d5\u6642\uff0c\u5728\u7db2\u9801\u700f\u89bd\u5668\u6253\u958b Emby \u7db2\u9801\u61c9\u7528\u7a0b\u5f0f",
    "LaunchWebAppOnStartupHelp": "This will open the web app in your default web browser when Emby Server initially starts. This will not occur when using the restart server function.",
    "LabelReferrerHeader": "Referrer http header",
    "LabelUserAgentHeader": "User agent http header",
    "SupplyCustomValueIfNeeded": "Supply a custom http header value, if necessary.",
    "HeaderConfigureRemoteAccess": "\u914d\u7f6e\u9060\u7a0b\u8a2a\u554f",
    "LearnHowToCreateSynologyShares": "\u4e86\u89e3\u5982\u4f55\u5728Synology\u4e2d\u5171\u4eab\u6587\u4ef6\u593e\u3002",
    "LabelAllowedRemoteAddresses": "\u9060\u7a0bIP\u5730\u5740\u904e\u6ffe\u5668\uff1a",
    "LabelAllowedRemoteAddressesMode": "\u9060\u7a0bIP\u5730\u5740\u904e\u6ffe\u65b9\u5f0f\uff1a",
    "Whitelist": "\u767d\u540d\u55ae",
    "Blacklist": "\u9ed1\u540d\u55ae",
    "AllowedRemoteAddressesHelp": "Comma separated list of IP addresses or IP\/netmask entries for networks that will be allowed to connect remotely. If left blank, all remote addresses will be allowed.",
    "LabelLanNetworks": "\u5340\u57df\u7db2\u7d61\uff1a",
    "LanNetworksHelp": "Comma separated list of IP addresses or IP\/netmask entries for networks that will be considered on local network when enforcing bandwidth restrictions. If set, all other IP addresses will be considered to be on the external network and will be subject to the external bandwidth restrictions. If left blank, only the server's subnet and common private IP subnets (10.0.0.0\/8, 192.168.0.0\/24, etc.) are considered to be on the local network.",
    "LabelSecureConnectionsMode": "\u5b89\u5168\u9023\u63a5\u6a21\u5f0f\uff1a",
    "PreferredNotRequired": "\u9996\u9078\uff0c\u4f46\u4e0d\u662f\u5fc5\u9700\u7684",
    "RequiredForAllRemoteConnections": "\u6240\u6709\u9060\u7a0b\u9023\u63a5\u90fd\u9700\u8981",
    "HandledByProxy": "Handled by reverse proxy",
    "SaveSubtitlesIntoMediaFolders": "Save downloaded subtitles into media folders",
    "SaveSubtitlesIntoMediaFoldersHelp": "Storing subtitles next to video files will allow them to be more easily managed.",
    "AutomaticSubtitleDownloadInstructions": "To manage automatic subtitle downloading, click on a library in Emby library setup, and edit the subtitle downloading settings for that library.",
    "ProviderNeedsSetupWithUrl": "{0} requires additional setup on the {1} settings screen{2} in Emby Server.",
    "LabelEnableHardwareAcceleration": "\u555f\u7528\u786c\u4ef6\u52a0\u901f\uff08\u5982\u679c\u53ef\u7528\uff09\uff1a",
    "HeaderPreferredHardwareDecoders": "\u9996\u9078\u786c\u4ef6\u89e3\u78bc\u5668",
    "HeaderPreferredHardwareEncoders": "\u9996\u9078\u786c\u4ef6\u7de8\u78bc\u5668",
    "AllowChangingImageAndPassword": "\u5141\u8a31\u8a72\u7528\u6236\u66f4\u6539\u5bc6\u78bc\u548c\u982d\u50cf",
    "LabelSimultaneousStreamLimit": "\u540c\u6642\u5f71\u7247\u4e32\u6d41\u6700\u5927\u6578\u91cf\uff1a",
    "SimultaneousStreamLimitHelp": "Limit the number of concurrent video playback sessions.",
    "LabelMusicFolderStructure": "Music folder structure",
    "LabelMusicFolderStructureHelp": "This provides a hint to the library scanner about the way your folders are organized. If you're unsure, or if your folders don't exactly match one of the options, then please select the default option of Other.",
    "OtherOrUnstructured": "Other or unstructured",
    "PerfectArtistAlbumTrack": "Perfectly organized into artist\\album folders, with tracks directly in the album folders.",
    "PerfectAlbumTrack": "Perfectly organized into album folders, with tracks directly in the album folders.",
    "LabelMinCollectionSize": "\u6700\u5c0f\u81ea\u52d5\u9078\u8f2f\u5bb9\u91cf:",
    "MinCollectionSizeHelp": "\u7576\u5728\u8cc7\u6599\u5eab\u4e2d\uff0c\u52fe\u9078\u6a19\u984c\u9054\u5230\u4e00\u5b9a\u6578\u91cf\uff0c\u6703\u81ea\u52d5\u7522\u751f\u9078\u8f2f\u3002\u66f4\u52d5\u8a72\u6578\u91cf\u7684\u6578\u503c\uff0c\u4e0d\u6703\u5f71\u97ff\u73fe\u6709\u7684\u9078\u96c6\u3002",
    "LabelImportCollections": "\u5f9e\u4e2d\u7e7c\u8cc7\u6599\u532f\u5165\u9078\u8f2f\u8cc7\u8a0a",
    "LabelImportCollectionsHelp": "\u7576\u555f\u7528\u6642\uff0c\u5c07\u6703\u5f9e\u555f\u7528\u7684\u4e2d\u7e7c\u8cc7\u6599\u4e0b\u8f09\u6e90\uff0c\u532f\u5165\u9078\u8f2f\u8cc7\u8a0a\u3002\u9019\u6709\u53ef\u80fd\u9020\u6210\u975e\u5fc5\u8981\u9078\u8f2f\u4e5f\u81ea\u52d5\u7522\u751f\u3002\u95dc\u9589\u6b64\u529f\u80fd\u53ef\u9632\u6b62\u672a\u4f86\u81ea\u52d5\u7522\u751f\u9078\u8f2f\uff0c\u4e14\u4e0d\u6703\u522a\u9664\u73fe\u5b58\u7684\u9078\u8f2f\u3002",
    "LabelAllowAdultMetadata": "Allow adult metadata",
    "LabelAllowAdultMetadataHelp": "Allow matching adult titles when searching for internet metadata.",
    "HeaderVideoPreviewThumbnails": "Video Preview Thumbnails",
    "LabelEnableHDRToneMapping": "Enable HDR tone mapping",
    "EnableHDRToneMappingHelp": "Tone mapping will ensure correct color conversion when transcoding HDR content, which will otherwise appear highly dimmed and desaturated. Additional driver components may be needed to support hardware acceleration with this feature enabled. Please see our hardware acceleration setup guide for details.",
    "WithHardwareAcceleratedTranscoding": "Yes, only with hardware acceleration",
    "TranscodingStillInitializing": "Emby Server transcoding services are still busy starting up. This screen will automatically refresh when transcoding services are ready.",
    "WithEitherHardwareOrSoftwareTranscoding": "Yes, with either hardware or software transcoding",
    "ToneMappingInHardwareDescription": "Tone mapping will be performed with hardware acceleration when it is enabled and supported by the hardware, and skipped in all other cases.",
    "ToneMappingInSoftwareDescription": "Tone mapping will be performed in software by the CPU. This is much slower than hardware accelerated tone mapping and will require a very powerful server machine.",
    "ToneMappingInBothDescription": "Tone mapping will be performed with hardware acceleration when it is enabled and supported by the hardware, and will fallback to software in all other cases. Tone mapping in software is much slower than hardware accelerated tone mapping and will require a very powerful server machine.",
    "AutoMapped": "Automatically mapped",
    "ManuallyMapped": "Manually mapped",
    "NotMappedToGuideData": "Not mapped to guide data",
    "MappedToValue": "Mapped to {0}",
    "LabelAutomaticallyWakeServerForRecordings": "Automatically wake the server machine to perform recordings",
    "LabelAutomaticallyWakeServerForRecordingsHelp": "Wake events will be scheduled with the server operating system. Disabling this option will prevent future wake events from being scheduled but will not remove any previously scheduled events.",
    "Database": "Database",
    "LabelOptimizeDatabaseOnShutdown": "Attempt to optimize the database on server shutdowns",
    "LabelOptimizeDatabaseOnShutdownHelp": "The database optimize operation is usually a no-op but it will occasionally run an analysis if it seems like doing so will be useful to the query planner. This may cause Emby Server to take longer to shutdown.",
    "LabelDatabaseCacheSize": "Database cache size (MB)",
    "LabelDatabaseCacheSizeHelp": "Sets the amount of data that the database will hold in memory at once, per database file. A larger value may help improve Emby Server performance. Requires a server restart to take effect.",
    "LabelDatabaseAnalysisLimit": "Analysis row limit",
    "LabelDatabaseAnalysisLimitHelp": "When the database is optimized, this is the approximate number of rows examined in each index by the ANALYZE command. A larger value will increase the effectiveness of the database optimization, but may cause Emby Server to take longer to shutdown.",
    "LabelVacuumDb": "Vacuum the database on the next Emby Server startup",
    "LabelVacuumDbHelp": "Vacuuming rebuilds the database file, repacking it into a minimal amount of disk space. In some cases this may improve Emby Server performance. Please note that your Emby Server will not be usable during the time of the vacuum operation, nor will there be any way to monitor the progress of the vacuum. Please avoid force closing the Emby Server process during this time as it may lead to database corruption. This is a one-time operation and this option will revert to unchecked on the next server startup.",
    "AdvancedOptionsWarning": "These are advanced options and should generally be left at defaults unless you have a reason to change them.",
    "HeaderRecentlyActiveDevices": "Recently Active Devices",
    "YesUntilServerRestart": "Yes, until the next server restart",
    "YesUntilLogRotate": "Yes, until the next log file rotation",
    "LabelSubtitleDownloadMaxAge": "Stop trying to automatically download subtitles for videos older than",
    "SubtitleDownloadMaxAgeHelp": "This is based on the date added metadata value.",
    "NoAgeLimit": "No age limit",
    "AnonymizeLogContents": "Anonymize log contents",
    "Markers": "Markers",
    "LabelGenerateIntroVideoMarkers": "Generate intro video markers",
    "GenerateIntroVideoMarkersHelp": "Detects show intros and displays the 'Skip Intro' button in Emby apps. Intro detection may take a long time and cause high CPU or disk usage.",
    "LabelCopyFromUser": "Copy settings from user",
    "CopyFromUserHelp": "Optional. Speed up new user creation by copying information from an existing user.",
    "UserPolicy": "User Policy (library and feature access, parental controls, etc.)",
    "UserConfiguration": "User Configuration (preferred audio and subtitle languages, library order, etc.)",
    "HeaderCopyOptions": "Copy Options",
    "LabelMultiRestrictionMode": "Multiple restriction mode",
    "MultiRestrictionModeAll": "Allow content matching both the rating and tag restrictions",
    "MultiRestrictionModeAny": "Allow content matching either the rating or tag restrictions",
    "AllowMappingByChannelNumber": "Allow mapping to guide data using channel numbers",
    "AllowMappingByChannelNumberHelp": "This can be used as a fallback to match tuner channels with guide data whenever a match can't be found based on the channel name. This may lead to inaccurate matching if channel numbers from the tuner are not correct.",
    "LabelPreferredSourceForChannelLogos": "Prefer channel logos from the guide data over the tuner when both have them available",
    "LabelPreferredSourceForChannelNumbers": "Prefer channel numbers from the guide data over the tuner when both have them available",
    "HeaderSoftwareEncoders": "\u8edf\u4ef6\u7de8\u78bc\u5668",
    "LabelProxyHeaderMode": "Read proxy headers to determine client IP addresses",
    "ProxyHeadersRemoteOnly": "Only when they contain remote network addresses",
    "ProxyHeaderModeHelp": "Determines if request headers such as {0} and {1} should be used to determine the IP address of connecting devices.",
    "AllowCameraUpload": "Allow camera upload",
    "AllowCameraUploadHelp": "If allowed, and if enabled in Emby mobile apps, users can automatically upload photos and videos taken from their camera to this Emby Server",
    "CameraUploadMustBeGranted": "You must also be granted access to camera upload by your server administrator.",
    "EnableReadingAndWritingPeopleMetadata": "Enable reading and writing of person metadata files",
    "EnableReadingAndWritingPeopleMetadataHelp": "Requires the Nfo Metadata plugin to be installed. This will allow saving your people edits to nfo metadata files but will result in longer library scans."
}