{
    "LabelPlaceholderMetadataRefreshInternetMetadataEvery": "\u4efb\u610f\u5287\u96c6\u540d\u7a31\u5c07\u6703\u81ea\u52d5\u66f4\u65b0\u5287\u96c6\u7684\u4e2d\u7e7c\u8cc7\u6599\uff0c\u4f8b\u5982\u662fTBA:",
    "LabelYoureDone": "\u5b8c\u6210\uff01",
    "ThisWizardWillGuideYou": "\u6b64\u5f15\u5c0e\u7cbe\u9748\u5c07\u6307\u5f15\u7528\u6236\u5b8c\u6210\u5b89\u88dd\u6b65\u9a5f\u3002\u9996\u5148\uff0c\u8acb\u9078\u64c7\u60a8\u6163\u7528\u8a9e\u8a00\u3002",
    "HeaderCreateYourFirstUser": "\u5efa\u7acb\u7b2c\u4e00\u500b\u4f7f\u7528\u8005",
    "ButtonQuickStartGuide": "\u5feb\u901f\u5165\u9580\u6307\u5357",
    "MoreUsersCanBeAddedLater": "\u7a0d\u5f8c\u53ef\u5728\u63a7\u5236\u53f0\u5167\u65b0\u589e\u66f4\u591a\u4f7f\u7528\u8005\u3002",
    "UserProfilesIntro": "Emby \u5167\u5efa\u500b\u5225\u5e33\u865f\u8cc7\u8a0a\uff0c\u4f7f\u6bcf\u500b\u5e33\u865f\u90fd\u53ef\u4ee5\u64c1\u6709\u81ea\u5df1\u7684\u986f\u793a\u8a2d\u5b9a\uff0c\u64ad\u653e\u72c0\u614b\u548c\u5bb6\u9577\u63a7\u5236\u6b0a\u3002",
    "WizardCompleted": "\u9019\u5c31\u662f\u6240\u9700\u7684\u5168\u90e8\u8cc7\u8a0a\uff0cEmby\u6b63\u958b\u59cb\u6383\u63cf\u4f60\u7684\u5a92\u9ad4\u8cc7\u6599\u6ac3\u8cc7\u8a0a\u3002\u4e0d\u59a8\u53c3\u8003\u6211\u5011\u63a8\u51fa\u7684\u61c9\u7528\u7a0b\u5f0f\uff0c\u6309\u4e0b<b>\u5b8c\u6210<\/b>\u6aa2\u8996<b>\u4f3a\u670d\u5668\u7e3d\u89bd<\/b>",
    "HeaderTermsOfService": "Emby \u670d\u52d9\u689d\u6b3e",
    "MessagePleaseAcceptTermsOfService": "\u8acb\u63a5\u53d7\u670d\u52d9\u689d\u6b3e\u53ca\u96b1\u79c1\u6b0a\u653f\u7b56\u4ee5\u4fbf\u7e7c\u7e8c",
    "OptionIAcceptTermsOfService": "\u6211\u63a5\u53d7\u670d\u52d9\u689d\u6b3e",
    "HeaderGuideDataSetup": "\u8cc7\u6599\u8a2d\u5b9a\u6307\u5357",
    "LabelGuideSource": "\u6307\u5357\u4f86\u6e90:",
    "SeeOurHwaGuide": "\u6aa2\u8996\u6211\u5011\u7684{0}\u786c\u9ad4\u52a0\u901f\u8a2d\u5b9a\u8aaa\u660e{1}",
    "HeaderEmbyServerReleaseNotes": "Emby \u4f3a\u670d\u5668\u66f4\u65b0\u8aaa\u660e",
    "AllowSubtitleDownloading": "\u5141\u8a31\u5b57\u5e55\u4e0b\u8f09",
    "AllowSubtitleManagement": "\u5141\u8a31\u522a\u9664\u73fe\u6709\u7684\u5b57\u5e55\u6587\u4ef6",
    "NewUserNameHelp": "\u9019\u662f\u6703\u54e1\u5982\u4f55\u51fa\u73fe\u5728\u60a8\u7684\u4f3a\u670d\u5668\u4e0a",
    "ChapterMarkers": "\u7ae0\u7bc0\u6a19\u8a18",
    "LabelThumbnailImagesInterval": "\u7e2e\u5716\u6642\u9593\u9593\u9694: ",
    "ThumbnailImagesIntervalHelp": "\u7e2e\u5716\u9593\u9694\u6642\u9593\u8d8a\u77ed\uff0c\u700f\u89bd\u6548\u679c\u8d8a\u597d\uff0c\u4f46\u4e5f\u6d88\u8017\u66f4\u591a\u786c\u789f\u5bb9\u91cf\u548c\u6642\u9593\u4f86\u5efa\u7acb\u7e2e\u5716",
    "LabelAuthProvider": "\u8a8d\u8b49\u63d0\u4f9b\u8005\uff1a",
    "AuthProviderHelp": "\u7ba1\u7406\u54e1\u59cb\u7d42\u4f7f\u7528\u9810\u8a2d\u7684 Emby \u63d0\u4f9b\u8005\uff0c\u78ba\u4fdd\u6c38\u4e0d\u88ab\u9396\u5b9a\u3002",
    "HeaderNewUser": "\u65b0\u4f7f\u7528\u8005",
    "ChangeServerDisplayName": "\u66f4\u6539\u4f3a\u670d\u5668\u986f\u793a\u540d\u7a31",
    "ShowAdvancedSettings": "\u986f\u793a\u9032\u968e\u8a2d\u5b9a",
    "ChangingMetadataImageSettingsNewContent": "\u5c0d\u4e2d\u7e7c\u8cc7\u6599\u6216\u5716\u7247\u4e0b\u8f09\u8a2d\u5b9a\u7684\u66f4\u52d5\u50c5\u9069\u7528\u65b0\u6dfb\u52a0\u7684\u5167\u5bb9\u3002\u5982\u8981\u66f4\u6539\u65e2\u6709\u8cc7\u6599\uff0c\u9700\u624b\u52d5\u66f4\u65b0\u4e2d\u7e7c\u8cc7\u6599\u3002",
    "AllowRemoteAccess": "\u5141\u8a31\u9060\u7aef\u9023\u7dda\u5230\u6b64 Emby\u4f3a\u670d\u5668\u3002",
    "AllowRemoteAccessHelp": "\u5982\u672a\u52fe\u9078\uff0c\u5c07\u963b\u64cb\u6240\u6709\u9023\u7dda\u3002",
    "Alerts": "\u8b66\u5831",
    "LabelTrackTitleDisplay": "\u986f\u793a\u5167\u5efa\u97f3\u8a0a\u6a19\u984c",
    "GenerateUserFriendlyTrackTitles": "\u4f7f\u7528\u97f3\u8a0a\u8cc7\u8a0a\u7522\u751f\u6a19\u984c",
    "PreferOriginalTrackTitles": "\u512a\u5148\u4f7f\u7528\u5167\u5efa\u6a19\u984c",
    "TrackTitleDisplayHelp": "\u9078\u64c7\u986f\u793a\u97f3\u8a0a\u5167\u5efa\u6a19\u984c\u8207\u66f2\u3002\u4e0d\u5efa\u8b70\u8a2d\u70ba\u512a\u5148\u986f\u793a\u5167\u5efa\u8cc7\u8a0a\uff0c\u9664\u975e\u662f\u624b\u52d5\u7de8\u8f2f\u5167\u5efa\u97f3\u8ecc\u8cc7\u8a0a",
    "EnableTranscodingThrottle": "\u555f\u7528\u9650\u5236",
    "EnableTranscodingThrottleHelp": "Emby \u5c07\u52d5\u614b\u8abf\u6574\u8f49\u6a94\u901f\u5ea6\uff0c\u4ee5\u964d\u4f4e CPU \u4f7f\u7528\u7387\u3002",
    "HeaderTypeMetadataDownloaders": "{0}\u4e2d\u7e7c\u8cc7\u6599\u4e0b\u8f09\u5668",
    "HeaderTypeImageFetchers": "{0} \u5716\u7247\u64f7\u53d6\u5668",
    "HeaderImageOptions": "\u5716\u7247\u9078\u9805",
    "OptionBeta": "\u516c\u6e2c\u7248\u672c",
    "HeaderTaskTriggers": "\u4efb\u52d9\u89f8\u767c\u5668",
    "Paths": "\u8def\u5f91",
    "RegisterWithPayPal": "\u4ee5 PayPal \u8a3b\u518a",
    "LabelSyncTempPath": "\u66ab\u5b58\u6a94\u6848\u8def\u5f91\uff1a",
    "LabelSyncTempPathHelp": "\u6307\u5b9a\u5de5\u4f5c\u5340\u8cc7\u6599\u593e\u3002\u8f49\u6a94\u904e\u7a0b\u6240\u7522\u751f\u7684\u6a94\u6848\uff0c\u5c07\u66ab\u5b58\u5728\u6b64",
    "LabelCustomCertificatePath": "\u6307\u5b9a SSL \u6191\u8b49\u5b58\u653e\u8def\u5f91\uff1a",
    "LabelCustomCertificatePathHelp": "\u5305\u542b\u6191\u8b49\u548c\u79c1\u9470\u7684 PKCS #12 \u6a94\u6848\u5b58\u653e\u8def\u5f91\uff0c\u7528\u65bcTLS\u5408\u898f\u7684\u81ea\u5b9a\u7db2\u57df\u3002",
    "HeaderSetupLibrary": "\u5efa\u7acb\u5a92\u9ad4\u5eab",
    "LabelTimeLimitHours": "\u6642\u9650(\u5c0f\u6642)\uff1a",
    "HeaderPreferredMetadataLanguage": "\u504f\u611b\u4e2d\u7e7c\u8cc7\u6599\u8a9e\u7cfb",
    "LabelSaveLocalMetadata": "\u5132\u5b58\u4f5c\u54c1\u5230\u5a92\u9ad4\u6587\u4ef6\u593e\u3002",
    "LabelSaveLocalMetadataHelp": "\u5c07\u4f5c\u54c1\u4fdd\u7559\u5728\u6613\u5b58\u53d6\u548c\u7de8\u8f2f\u7684\u5a92\u9ad4\u6587\u4ef6\u593e\u3002",
    "TabPassword": "\u5bc6\u78bc",
    "TabLibraryAccess": "\u5a92\u9ad4\u5eab\u6b0a\u9650",
    "TabAccess": "\u8b80\u53d6\u6b0a\u9650",
    "HeaderDeviceAccess": "\u88dd\u7f6e\u6b0a\u9650",
    "OptionEnableAccessFromAllDevices": "\u5141\u8a31\u6240\u6709\u88dd\u7f6e\u8b80\u53d6",
    "OptionEnableAccessToAllChannels": "\u5141\u8a31\u6240\u6709\u5e73\u53f0\u8b80\u53d6",
    "OptionEnableAccessToAllLibraries": "\u5141\u8a31\u8b80\u53d6\u6240\u6709\u5a92\u9ad4\u5eab",
    "DeviceAccessHelp": "\u7be9\u9078\u4f7f\u7528\u8005\u8a2d\u5099\u5b58\u53d6\uff0c\u5c07\u9650\u5236\u4f7f\u7528\u672a\u7372\u8a31\u53ef\u7684\u65b0\u8a2d\u5099",
    "LabelDisplayMissingEpisodesWithinSeasons": "\u986f\u793a\u672c\u5b63\u7f3a\u5c11\u7684\u7bc0\u76ee\u55ae\u5143",
    "LabelDisplayMissingEpisodesWithinSeasonsHelp": "\u5728Emby\u4f3a\u670d\u5668\u8a2d\u5b9a\u6642\uff0cTV\u8cc7\u6599\u5eab\u5fc5\u9808\u8a2d\u70ba\u555f\u7528",
    "ImportMissingEpisodesHelp": "\u82e5\u555f\u7528\uff0c\u5c07\u532f\u5165\u907a\u5931\u7684\u7bc0\u76ee\u5f71\u96c6\u5230Emby\u8cc7\u6599\u5eab\uff0c\u4e26\u5728\u5b63\u5ea6\u548c\u7cfb\u5217\u5f71\u96c6\u4e2d\u986f\u793a\u3002\u9019\u6703\u82b1\u66f4\u9577\u6642\u9593\u6383\u63cf\u8cc7\u6599\u5eab",
    "MessageEnablingOptionLongerScans": "\u555f\u7528\u6b64\u9078\u9805\u6703\u82b1\u66f4\u4e45\u6642\u9593\u6383\u63cf\u8cc7\u6599\u5eab",
    "HeaderCreatePassword": "\u5275\u5efa\u5bc6\u78bc",
    "LabelMaxParentalRating": "\u6700\u5927\u5141\u8a31\u7684\u5bb6\u9577\u8a55\u7d1a\uff1a",
    "MaxParentalRatingHelp": "\u5c0d\u6b64\u4f7f\u7528\u8005\uff0c\u5c07\u96b1\u85cf\u5177\u6709\u8f03\u9ad8\u5bb6\u9577\u8a55\u7d1a\u5167\u5bb9",
    "LibraryAccessHelp": "\u9078\u64c7\u8207\u7528\u6236\u5171\u4eab\u7684\u5a92\u9ad4\u6587\u4ef6\u593e\u3002\u7ba1\u7406\u54e1\u53ef\u4f7f\u7528\u4e2d\u7e7c\u8cc7\u6599\u7ba1\u7406\u54e1\u7de8\u8f2f\u6240\u6709\u6587\u4ef6\u593e\u3002",
    "ChannelAccessHelp": "\u9078\u64c7\u8207\u7528\u6236\u5171\u4eab\u7684\u983b\u9053\u3002\u7ba1\u7406\u54e1\u53ef\u4f7f\u7528\u4e2d\u7e7c\u8cc7\u6599\u7ba1\u7406\u54e1\u7de8\u8f2f\u6240\u6709\u983b\u9053\u3002",
    "LabelSelectUsers": "\u9078\u53d6\u4f7f\u7528\u8005\uff1a",
    "ImageUploadAspectRatioHelp": "\u63a8\u85a6\u4f7f\u67091:1\u5bec\u9ad8\u6bd4\u4f8b\u7684\u5716\u50cf\u3002\u53ea\u5141\u8a31JPG\/PNG\u683c\u5f0f",
    "AlreadyPaidHelp1": "\u5982\u5df2\u4ed8\u6b3e\u5b89\u88ddAndroid\u7cfb\u7d71\u820a\u7248\u672c\uff0c\u7121\u9808\u518d\u6b21\u4ed8\u6b3e\u5373\u53ef\u555f\u7528\u6b64\u61c9\u7528\u7a0b\u5f0f\u3002\u6309\u4e0bOK\u5bc4\u4fe1\u7d66\u6211\u5011 {0}\uff0c\u5c07\u70ba\u60a8\u555f\u7528",
    "AlreadyPaidHelp2": "\u5df2\u662fEmby\u9ad8\u7d1a\u6703\u54e1? \u53d6\u6d88\u6b64\u5c0d\u8a71\uff0c\u5728Emby\u4f3a\u670d\u5668\u7e3d\u89bd\u9801\u4e2d\uff0c\u627e\u5230\u5e6b\u52a9(Help) -> Emby\u9ad8\u7d1a\u6703\u54e1\uff0c\u5c07\u81ea\u52d5\u89e3\u9396",
    "TabMyPlugins": "\u6211\u7684\u63d2\u4ef6",
    "TabCatalog": "\u76ee\u9304",
    "HeaderAutomaticUpdates": "\u81ea\u52d5\u66f4\u65b0",
    "Standard": "\u6a19\u6e96",
    "TabSupporterKey": "Emby\u9ad8\u7d1a\u6703\u54e1\u91d1\u9470",
    "TabBecomeSupporter": "\u53d6\u5f97Emby\u9ad8\u7d1a\u6703\u54e1",
    "TabEmbyPremiere": "Emby\u9ad8\u7d1a\u6703\u54e1",
    "OptionHideUserLocal": "\u5728\u5340\u57df\u7db2\u8def\u5167\uff0c\u767b\u5165\u756b\u9762\u5c07\u96b1\u85cf\u8a72\u4f7f\u7528\u8005",
    "OptionHideUserRemote": "\u9060\u7aef\u9023\u7dda\u6642\uff0c\u767b\u5165\u756b\u9762\u5c07\u96b1\u85cf\u8a72\u4f7f\u7528\u8005",
    "OptionHideUserFromLoginHelp": "\u5c0d\u65bc\u79c1\u6709\u6216\u96b1\u85cf\u7ba1\u7406\u5e33\u865f\u662f\u6709\u7528\u7684\uff0c\u4f7f\u7528\u8005\u9700\u624b\u52d5\u8f38\u5165\u5e33\u865f\u5bc6\u78bc\u624d\u80fd\u767b\u5165",
    "HideFromUnusedDevices": "\u5728\u672a\u66fe\u767b\u5165\u7684\u8a2d\u5099\u4e2d\uff0c\u767b\u5165\u756b\u9762\u4e2d\u96b1\u85cf\u8a72\u4f7f\u7528\u8005",
    "OptionDisableUser": "\u7981\u7528\u6b64\u7528\u6236",
    "OptionDisableUserHelp": "\u88ab\u7981\u7528\u7684\u5e33\u865f\u5c07\u7121\u6cd5\u9023\u63a5\u4f3a\u670d\u5668\u3002\u73fe\u6709\u9023\u7dda\u4e5f\u7acb\u523b\u7d42\u6b62\u3002",
    "OptionAllowUserToManageServer": "\u5141\u8a31\u6b64\u5e33\u865f\u7ba1\u7406\u4f3a\u670d\u5668",
    "HeaderFeatureAccess": "\u53ef\u4ee5\u4f7f\u7528\u7684\u529f\u80fd",
    "OptionAllowMediaPlayback": "\u5141\u8a31\u5a92\u9ad4\u64ad\u653e",
    "AllLibraries": "\u6240\u6709\u5a92\u9ad4\u5eab",
    "HeaderAllowMediaDeletionFrom": "\u5141\u8a31\u522a\u9664\u5a92\u9ad4",
    "AllowDeletionFromAll": "\u5141\u8a31\u522a\u9664\u6240\u6709\u5a92\u9ad4\u5eab\u7684\u5a92\u9ad4",
    "LiveTVRecordingManagement": "\u76f4\u64ad\u96fb\u8996\u9304\u5f71\u7ba1\u7406",
    "OptionAllowRemoteControlOthers": "\u5141\u8a31\u9060\u7aef\u63a7\u5236\u5176\u4ed6\u4f7f\u7528\u8005",
    "OptionAllowRemoteSharedDevices": "\u5141\u8a31\u9060\u7aef\u63a7\u5236\u5171\u4eab\u88dd\u7f6e",
    "OptionAllowRemoteSharedDevicesHelp": "DLNA\u8a2d\u5099\u88ab\u8996\u70ba\u5171\u4eab\uff0c\u76f4\u5230\u6709\u4f7f\u7528\u8005\u63a7\u5236",
    "OptionAllowLinkSharing": "\u5141\u8a31\u793e\u7fa4\u5a92\u9ad4\u5206\u4eab",
    "OptionAllowLinkSharingHelp": "\u53ea\u6709\u5305\u542b\u5a92\u9ad4\u8cc7\u8a0a\u7684\u7db2\u9801\u53ef\u5171\u4eab\uff0c\u5a92\u9ad4\u6a94\u6848\u6c38\u4e0d\u516c\u958b\u5171\u4eab\u3002\u5171\u4eab\u6709\u6642\u6548\u6027\uff0c\u5c07\u5728{0}\u5929\u5f8c\u904e\u671f",
    "Cache": "\u66ab\u5b58\u5feb\u53d6",
    "OptionRelease": "\u5b98\u65b9\u767c\u5e03",
    "LabelAllowServerAutoRestartPlugin": "\u5141\u8a31\u4f3a\u670d\u5668\u53ef\u81ea\u52d5\u91cd\u555f\u4ee5\u5957\u7528\u66f4\u65b0",
    "LabelAllowServerAutoRestartServerOrPlugin": "\u5141\u8a31\u4f3a\u670d\u5668\u53ef\u81ea\u52d5\u91cd\u555f\u4ee5\u5957\u7528\u4f3a\u670d\u5668\u6216\u9644\u52a0\u5143\u4ef6\u66f4\u65b0",
    "LabelAllowServerAutoRestartHelp": "\u4f3a\u670d\u5668\u53ea\u6703\u5728\u7121\u7528\u6236\u4f7f\u7528\u7684\u7a7a\u6a94\u671f\u9593\u91cd\u65b0\u555f\u52d5\u3002",
    "LabelRunServerAtStartup": "\u5728\u7cfb\u7d71\u555f\u52d5\u6642\u904b\u884c\u4f3a\u670d\u5668",
    "LabelRunServerAtStartupHelp": "\u5728Windows\u555f\u52d5\u6642\uff0c\u4e5f\u555f\u7528Emby\u6258\u76e4\u5716\u6a23\u3002\u5982\u672a\u52fe\u9078\uff0c\u4e26\u4e14\u8a2d\u70ba\u555f\u52d5Windows\u6642\u555f\u7528\u6b64\u670d\u52d9\u3002",
    "ButtonSelectDirectory": "\u9078\u64c7\u76ee\u9304",
    "LabelCachePath": "\u66ab\u5b58\u8def\u5f91\uff1a",
    "DefaultMetadataLangaugeDescription": "\u9019\u4e9b\u70ba\u9810\u8a2d\u503c\uff0c\u53ef\u5728\u500b\u5225\u5a92\u9ad4\u5eab\u57fa\u672c\u8a2d\u5b9a\u4e2d\u8abf\u6574",
    "LabelCachePathHelp": "\u6307\u5b9a\u4f3a\u670d\u5668\u66ab\u5b58\u6a94\u6848(\u5982: \u5716\u50cf)\u5b58\u653e\u8def\u5f91\u3002\u7559\u767d\u5247\u4f7f\u7528\u4f3a\u670d\u5668\u9810\u8a2d\u503c",
    "LabelRecordingPath": "\u9810\u8a2d\u9304\u5f71\u6a94\u6848\u8def\u5f91\uff1a",
    "LabelMovieRecordingPath": "\u5f71\u7247\u9304\u5f71\u6a94\u8def\u5f91(\u9078\u586b):",
    "LabelSeriesRecordingPath": "\u7cfb\u5217\u7bc0\u76ee\u9304\u5f71\u6a94\u6848\u8def\u5f91(\u9078\u586b):",
    "HeaderProgramData": "\u7bc0\u76ee\u8cc7\u8a0a",
    "LabelRecordingPathHelp": "\u6307\u5b9a\u5b58\u653e\u9304\u5f71\u6a94\u8def\u5f91\uff0c\u5982\u7559\u767d\uff0c\u5c07\u4f7f\u7528\u4f3a\u670d\u5668\u7a0b\u5f0f\u8cc7\u6599\u593e",
    "LabelMetadataPath": "\u4e2d\u7e7c\u8cc7\u6599\u8def\u5f91\uff1a",
    "LabelMetadataPathHelp": "\u6307\u5b9a\u4e0b\u8f09\u4f5c\u54c1\u548c\u4e2d\u7e7c\u8cc7\u6599\u5b58\u653e\u8def\u5f91\uff0c\u6216\u4e0d\u586b\u5beb\u5957\u7528\u9810\u8a2d\u503c\u3002\u5982\u6709\u66f4\u6539\uff0c\u9700\u8981\u5c07\u539f\u8def\u5f91\u4e0b\u7684\u6a94\u6848\u81ea\u884c\u642c\u79fb\u81f3\u65b0\u8def\u5f91\u3002\u5982\u66fe\u7d93\u624b\u52d5\u6539\u904e\u4e2d\u7e7c\u8cc7\u6599\u593e\u5167\u5bb9\uff0c\u6703\u9700\u8981\u91cd\u65b0\u57f7\u884c{0}\u6383\u63cf\u4e2d\u7e7c\u8cc7\u6599\u593e\u6392\u7a0b\u5de5\u4f5c{1}",
    "LabelTranscodingTempPath": "\u8f49\u6a94\u66ab\u5b58\u8def\u5f91\uff1a",
    "LabelTranscodingTempPathHelp": "\u6b64\u6587\u4ef6\u593e\u5b58\u653e\u8f49\u6a94\u904e\u7a0b\u8cc7\u6599\u3002\u8acb\u6307\u5b9a\u8def\u5f91\uff0c\u6216\u7559\u767d\u4f7f\u7528\u9810\u8a2d\u4f3a\u670d\u5668\u8cc7\u6599\u593e",
    "GenerateVideoPreviewThumbnailsHelp": "\u5f71\u7247\u9810\u89bd\u7e2e\u5716\u5728\u6709\u652f\u63f4\u7684\u61c9\u7528\u7a0b\u5f0f\u4e2d\u641c\u7d22\u6642\uff0c\u6703\u63d0\u4f9b\u5be6\u6642\u756b\u9762\u3002 \u751f\u6210\u7e2e\u5716\u53ef\u80fd\u6703\u82b1\u8cbb\u5f88\u9577\u6642\u9593\uff0c\u5c0e\u81f4\u9ad8CPU\u4f7f\u7528\u7387\uff0c\u4e26\u4f54\u7528\u984d\u5916\u786c\u789f\u7a7a\u9593\u3002",
    "AsAScheduledTask": "\u4f5c\u70ba\u4e00\u500b\u6392\u7a0b\u4f5c\u696d",
    "AsAScheduledTaskAndMediaAdded": "\u7576\u6392\u7a0b\u4f5c\u696d\u548c\u7576\u5a92\u9ad4\u52a0\u5165\u6642",
    "ButtonRefreshGuideData": "\u66f4\u65b0\u96fb\u8996\u7bc0\u76ee\u8868",
    "LabelNumberOfGuideDays": "\u624b\u518a\u8cc7\u6599\u4e0b\u8f09\u5929\u6578",
    "LabelNumberOfGuideDaysHelp": "\u4e0b\u8f09\u66f4\u591a\u5929\u7684\u624b\u518a\u8cc7\u6599\uff0c\u53ef\u63d0\u4f9b\u9032\u4e00\u6b65\u5b9a\u6642\u529f\u80fd\u548c\u67e5\u770b\u5217\u8868\uff0c\u503c\u5f97\u82b1\u6642\u9593\u4e0b\u8f09\u3002\u81ea\u52d5\u9078\u64c7\u983b\u9053\u6578\u91cf\u3002\u8acb\u6ce8\u610f\uff0c\u4e0d\u7ba1\u9078\u64c7\u591a\u5c11\u5929\u6578\uff0c\u8cc7\u6599\u4f86\u6e90\u90fd\u5fc5\u9808\u5b58\u5728\u53ef\u4f9b\u4e0b\u8f09\u3002\u90e8\u5206\u624b\u518a\u8cc7\u6599\u4f86\u6e90\u53ea\u965024\u5c0f\u6642\u3002 Emby\u624b\u518a\u8cc7\u6599\u63d0\u4f9b14\u5929\u6642\u6548",
    "HeaderFetchImages": "\u6293\u53d6\u5716\u50cf\uff1a",
    "LabelMaxBackdropsPerItem": "\u6bcf\u500b\u9805\u76ee\u80cc\u666f\u7684\u6700\u5927\u6578\u76ee\uff1a",
    "LabelMaxScreenshotsPerItem": "\u6bcf\u4ef6\u7269\u54c1\u622a\u5716\u7684\u6700\u5927\u6578\u91cf\uff1a",
    "LabelMinBackdropDownloadWidth": "\u6700\u5c0f\u80cc\u666f\u4e0b\u8f09\u5bec\u5ea6\uff1a",
    "LabelMinScreenshotDownloadWidth": "\u6700\u5c0f\u622a\u5716\u4e0b\u8f09\u5bec\u5ea6\uff1a",
    "ButtonAddScheduledTaskTrigger": "\u65b0\u589e\u89f8\u767c\u4e8b\u4ef6",
    "HeaderAddScheduledTaskTrigger": "\u65b0\u589e\u89f8\u767c\u4e8b\u4ef6",
    "ButtonAdd": "\u65b0\u589e",
    "LabelTriggerType": "\u89f8\u767c\u985e\u578b:",
    "OptionDaily": "\u6bcf\u65e5",
    "OptionWeekly": "\u6bcf\u9031",
    "OptionOnInterval": "\u6bcf\u6642\u6bb5",
    "OptionOnAppStartup": "\u5728\u4f3a\u670d\u5668\u555f\u52d5",
    "OptionAfterSystemEvent": "\u7cfb\u7d71\u4e8b\u4ef6\u4e4b\u5f8c",
    "LabelDay": "\u65e5\uff1a",
    "LabelTime": "\u6642\u9593\uff1a",
    "LabelEvent": "\u4e8b\u4ef6\uff1a",
    "OptionWakeFromSleep": "\u5f9e\u4f11\u7720\u4e2d\u56de\u5fa9",
    "LabelEveryXMinutes": "\u6bcf\uff1a",
    "LabelSpecialSeasonsDisplayName": "\u7279\u5225\u5b63\u986f\u793a\u540d\u7a31:",
    "LabelEnableRealtimeMonitor": "\u555f\u7528\u5373\u6642\u76e3\u63a7",
    "LabelEnableRealtimeMonitorHelp": "\u5728\u652f\u63f4\u7684\u6a94\u6848\u7cfb\u7d71\u4e0a\uff0c\u4efb\u4f55\u6a94\u6848\u66f4\u65b0\uff0c\u90fd\u5c07\u7acb\u5373\u5957\u7528\u3002",
    "Community": "\u8ad6\u58c7",
    "HeaderEmbyNews": "Emby\u65b0\u805e",
    "LabelFriendlyServerName": "\u53cb\u597d\u4f3a\u670d\u5668\u540d\u7a31\uff1a",
    "LabelFriendlyServerNameHelp": "\u6b64\u540d\u7a31\u5c07\u7528\u65bc\u6a19\u8b58\u4f3a\u670d\u5668\u3002\u5982\u679c\u7559\u7a7a\uff0c\u8a08\u7b97\u6a5f\u540d\u7a31\u5c07\u88ab\u4f7f\u7528\u3002",
    "LabelPreferredDisplayLanguage": "\u504f\u611b\u986f\u793a\u8a9e\u7cfb:",
    "LabelPreferredDisplayLanguageHelp": "Emby\u7de8\u8b6f\u662f\u9805\u9032\u884c\u4e2d\u5c08\u6848",
    "LabelReadHowYouCanContribute": "\u67e5\u770b\u5982\u4f55\u8ca2\u737b",
    "LabelCustomCss": "\u81ea\u5b9a\u7fa9css:",
    "LabelCustomCssHelp": "\u5957\u7528\u81ea\u5b9a\u7fa9CSS\u5230\u7db2\u9801\u4ecb\u9762",
    "LabelLocalHttpServerPortNumber": "\u672c\u5730http\u57e0\u865f\u78bc",
    "LabelLocalHttpServerPortNumberHelp": "Emby http\u4f3a\u670d\u5668\u61c9\u7d81\u5b9atcp\u57e0\u865f\u78bc",
    "LabelPublicHttpPort": "\u5c0d\u5916http\u57e0\u865f\u78bc:",
    "LabelPublicHttpPortHelp": "\u5c0d\u5916\u57e0\u865f\u53ef\u81ea\u52d5\u5c0d\u6620\u5167\u90e8\u57e0\u865f",
    "LabelPublicHttpsPort": "\u5c0d\u5916\u52a0\u5bc6https\u57e0\u865f\u78bc:",
    "LabelPublicHttpsPortHelp": "\u5c0d\u5916\u52a0\u5bc6\u57e0\u865f\u53ef\u81ea\u52d5\u5c0d\u6620\u5167\u90e8\u52a0\u5bc6\u57e0\u865f",
    "RequireHttps": "\u5c0d\u5916\u9023\u7dda\u9700\u70ba\u52a0\u5bc6\u7684https",
    "RequireHttpsHelp": "\u5982\u555f\u7528\uff0chttp\u9023\u7dda\u6703\u5c0e\u5411\u52a0\u5bc6https\u9023\u7dda",
    "LabelHttpsPort": "\u672c\u5730\u52a0\u5bc6https\u57e0\u865f\u78bc:",
    "LabelHttpsPortHelp": "Emby \u52a0\u5bc6https\u4f3a\u670d\u5668\u61c9\u7d81\u5b9atcp\u57e0\u865f\u78bc",
    "LabelEnableAutomaticPortMap": "\u555f\u7528\u81ea\u52d5\u57e0\u865f\u6620\u5c04",
    "LabelEnableAutomaticPortMapHelp": "\u5728\u67d0\u4e9b\u8def\u7531\u6a21\u5f0f\u4e0b\uff0c\u7121\u6cd5\u900f\u904eUPnP\u81ea\u52d5\u7531\u5916\u90e8\u57e0\u865f\u5c0d\u61c9\u6210\u5167\u90e8\u672c\u5730\u57e0\u865f",
    "LabelExternalDDNS": "\u5916\u90e8\u7db2\u57df",
    "LabelExternalDDNSHelp": "\u5982\u6709\u52d5\u614b\u7db2\u57df\u4f3a\u670d\u5668\u6216\u7db2\u57df\u540d\u7a31\uff0c\u8acb\u5728\u6b64\u8f38\u5165\uff0c\u7121\u9700\u8f38\u5165\u5354\u5b9a\u6216\u57e0\u865f\uff0cEmby\u61c9\u7528\u7a0b\u5f0f\u5c07\u900f\u904e\u6b64\u8a2d\u5b9a\u9060\u7aef\u9023\u7dda\u3002\u7576\u4f7f\u7528\u81ea\u8a02SSL\u6191\u8b49\uff0c\u5982: mydomain.com\uff0c\u6b64\u70ba\u5fc5\u8981\u8a2d\u5b9a",
    "LabelMinResumePercentage": "\u6700\u5c11\u6062\u5fa9\u64ad\u653e\u767e\u5206\u6bd4:",
    "LabelMaxResumePercentage": "\u6700\u5927\u6062\u5fa9\u64ad\u653e\u767e\u5206\u6bd4:",
    "LabelMinResumeDuration": "\u6700\u5c11\u6062\u5fa9\u64ad\u653e\u6642\u9593(\u79d2):",
    "LabelMinResumePercentageHelp": "\u5982\u679c\u5728\u6b64\u6642\u9593\u4e4b\u524d\u505c\u6b62\uff0c\u5a92\u9ad4\u8996\u70ba\u672a\u64ad\u653e\u3002",
    "LabelMaxResumePercentageHelp": "\u5982\u679c\u5728\u6b64\u6642\u9593\u4e4b\u5f8c\u505c\u6b62\uff0c\u5a92\u9ad4\u8996\u70ba\u5df2\u64ad\u653e\u3002",
    "LabelMinResumeDurationHelp": "\u6bd4\u9019\u66f4\u77ed\u7684\u62ac\u982d\u4e0d\u53ef\u6062\u5fa9\u64ad\u653e",
    "HeaderStatus": "\u72c0\u614b",
    "Subscriptions": "\u8a02\u95b1",
    "HeaderProgram": "\u7bc0\u76ee",
    "HeaderClients": "\u4f7f\u7528\u7aef",
    "LabelCompleted": "\u5b8c\u6210",
    "LabelFailed": "\u5931\u6557",
    "LabelSkipped": "\u5df2\u8df3\u904e",
    "LabelSeries": "\u7cfb\u5217\u5f71\u96c6",
    "LabelEndingEpisodeNumber": "\u55ae\u5143\u5287\u6700\u5f8c\u96c6\u6578",
    "LabelEndingEpisodeNumberHelp": "\u53ea\u6709\u5f71\u96c6\u985e\u5f71\u7247\u9700\u8981",
    "HeaderSupportTheTeam": "\u7531 Emby\u5718\u968a\u652f\u63f4",
    "HeaderSupportTheTeamHelp": "\u8acb\u8a02\u95b1Emby\u9ad8\u7d1a\u6703\u54e1\u4ee5\u652f\u6301\u672c\u5c08\u6848\u6c38\u7e8c\u767c\u5c55\u3002\u90e8\u5206\u6536\u5165\u7528\u4f86\u652f\u4ed8\u5176\u4ed6\u5c08\u6848\u76f8\u4f9d\u7684\u514d\u8cbb\u5de5\u5177",
    "DonationNextStep": "\u4e00\u65e6\u5b8c\u6210\uff0c\u6536\u53d6\u96fb\u5b50\u90f5\u4ef6\uff0c\u5167\u9644Emby\u9ad8\u7d1a\u6703\u54e1\u91d1\u9470\uff0c\u8acb\u56de\u9801\u9762\u8f38\u5165",
    "LabelSeasonFolderPattern": "\u5f71\u5b63\u6587\u4ef6\u593e\u985e\u578b",
    "LabelSeasonZeroFolderName": "\u7b2c0\u5b63\u986f\u793a\u540d\u7a31:",
    "HeaderResult": "\u7d50\u679c",
    "LabelTransferMethod": "\u8f49\u78bc\u65b9\u6cd5",
    "HeaderLatestNews": "\u6700\u65b0\u6d88\u606f",
    "HeaderRunningTasks": "\u57f7\u884c\u4e2d\u5de5\u4f5c",
    "HeaderActiveDevices": "\u6709\u6548\u904b\u884c\u8a2d\u5099",
    "HeaderPendingInstallations": "\u7b49\u5f85\u5b89\u88dd",
    "ButtonRestartNow": "\u91cd\u65b0\u555f\u52d5",
    "ButtonShutdown": "\u95dc\u9589Emby\u4f3a\u670d\u5668",
    "ButtonUpdateNow": "\u7acb\u523b\u66f4\u65b0",
    "TabHosting": "\u7db2\u9801\u5bc4\u5b58",
    "PleaseUpdateManually": "\u95dc\u9589Emby\u4f3a\u670d\u5668\u4e26\u5b89\u88dd\u6700\u65b0\u7248\u672c",
    "ServerUpToDate": "Emby\u4f3a\u670d\u5668\u662f\u6700\u65b0\u7248",
    "LabelComponentsUpdated": "\u4e0b\u5217\u5143\u4ef6\u5df2\u5b8c\u6210\u5b89\u88dd\u6216\u66f4\u65b0",
    "MessagePleaseRestartServerToFinishUpdating": "\u8acb\u91cd\u555f\u4f3a\u670d\u5668\u5b8c\u6210\u66f4\u65b0",
    "LabelDownMixAudioScale": "\u7e2e\u8ecc\u6df7\u97f3\u8981\u63d0\u5347\u97f3\u91cf",
    "LabelDownMixAudioScaleHelp": "\u7e2e\u8ecc\u6df7\u97f3\u8981\u63d0\u5347\u97f3\u91cf\u8acb\u8a2d\u70ba1\u4fdd\u7559\u539f\u59cb\u97f3\u91cf",
    "LabelCurrentEmailAddress": "\u76ee\u524d\u7684\u96fb\u5b50\u90f5\u4ef6",
    "LabelCurrentEmailAddressHelp": "\u65b0\u91d1\u9470\u5df2\u50b3\u5230\u60a8\u96fb\u5b50\u90f5\u4ef6.",
    "HeaderForgotKey": "\u5fd8\u8a18\u5bc6\u9470",
    "LabelSupporterEmailAddress": "\u8cfc\u8cb7\u91d1\u9470\u6240\u9700\u7684\u96fb\u5b50\u90f5\u4ef6.",
    "ButtonRetrieveKey": "\u53d6\u56de\u91d1\u9470",
    "LabelSupporterKey": "Emby\u9ad8\u7d1a\u6703\u54e1\u91d1\u9470 (\u5f9e\u96fb\u5b50\u90f5\u4ef6\u8907\u88fd\u8cbc\u4e0a)",
    "LabelSupporterKeyHelp": "\u8f38\u5165\u60a8\u7684Emby\u9ad8\u7d1a\u6703\u54e1\u91d1\u9470\u958b\u59cb\u4eab\u53d7\u984d\u5916\u529f\u80fd",
    "MessageInvalidKey": "Emby\u9ad8\u7d1a\u6703\u54e1\u91d1\u9470\u907a\u5931\u6216\u5931\u6548",
    "ErrorMessageInvalidKey": "\u8a3b\u518a\u4efb\u4f55\u9032\u968e\u5167\u5bb9\uff0c\u7686\u9700\u6709\u6548\u7684Emby\u9ad8\u7d1a\u6703\u54e1\u8cc7\u683c",
    "HeaderRequireManualLogin": "\u9700\u8981\u624b\u52d5\u8f38\u5165\u5e33\u865f\u767b\u5165:",
    "HeaderRequireManualLoginHelp": "\u7576\u7981\u7528\uff0cEmby \u61c9\u7528\u7a0b\u5f0f\u53ef\u8b93\u4f7f\u7528\u8005\u4ee5\u5716\u5f62\u5316\u9078\u55ae\u4f5c\u70ba\u767b\u5165\u756b\u9762",
    "OptionOtherApps": "\u5176\u4ed6\u61c9\u7528\u7a0b\u5f0f",
    "OptionMobileApps": "\u79fb\u52d5\u8a2d\u5099\u4e0a\u61c9\u7528\u7a0b\u5f0f",
    "SendTestNotification": "\u5bc4\u767c\u6e2c\u8a66\u901a\u77e5",
    "NotificationSent": "\u901a\u77e5\u5df2\u9001\u51fa",
    "DeleteNotificationConfirmation": "\u4f60\u78ba\u5b9a\u8981\u522a\u9664\u6b64\u901a\u77e5\uff1f",
    "DeleteNotification": "\u522a\u9664\u901a\u77e5",
    "AddNotification": "\u589e\u52a0\u901a\u77e5",
    "EditNotification": "\u7de8\u8f2f\u901a\u77e5",
    "LimitUserEventsTo": "\u9650\u5236\u4f7f\u7528\u8005\u4e8b\u4ef6\u70ba:",
    "LimitLibraryEventsTo": "\u9650\u5236\u8cc7\u6599\u5eab\u4e8b\u4ef6\u70ba",
    "LabelSendNotificationToUsers": "\u5bc4\u9001\u901a\u77e5\u7d66:",
    "LabelMaxBitrate": "\u6700\u5927\u4f4d\u5143\u7387",
    "LabelMaxBitrateHelp": "\u5982\u679c\u8a2d\u5099\u6709\u983b\u5bec\u9650\u5236\uff0c\u5728\u6b64\u72c0\u614b\u4e2d\uff0c\u6307\u5b9a\u6700\u5927\u4f4d\u5143\u7387",
    "LabelMusicStaticBitrate": "\u97f3\u6a02\u540c\u6b65\u4f4d\u5143\u7387",
    "LabelMusicStaticBitrateHelp": "\u97f3\u6a02\u540c\u6b65\u6642\uff0c\u8acb\u6307\u5b9a\u6700\u5927\u4f4d\u5143\u7387",
    "LabelDeviceDescription": "\u8a2d\u5099\u8a02\u95b1",
    "HeaderDownloadSubtitlesFor": "\u4e0b\u8f09\u5b57\u5e55\u7d66:",
    "LabelSkipIfGraphicalSubsPresent": "\u5982\u679c\u5f71\u7247\u5df2\u5167\u9472\u5b57\u5e55\u8acb\u8df3\u904e",
    "LabelSkipIfGraphicalSubsPresentHelp": "\u4fdd\u6301\u5b57\u5e55\u7248\u672c\u6709\u8f03\u597d\u50b3\u8f38\uff0c\u4e5f\u964d\u4f4e\u5f71\u7247\u7de8\u78bc\u7684\u96dc\u8a0a",
    "HeaderDownloadLanguages": "\u4e0b\u8f09\u8a9e\u7cfb",
    "LabelSkipIfAudioTrackPresent": "\u5982\u679c\u9810\u8a2d\u97f3\u8ecc\u7b26\u5408\u4e0b\u8f09\u8a9e\u8a00\u5c07\u7701\u7565",
    "LabelSkipIfAudioTrackPresentHelp": "\u4e0d\u52fe\u9078\u6b64\u8a2d\u5b9a\uff0c\u53ef\u78ba\u4fdd\u6240\u6709\u5f71\u7247\u90fd\u6709\u5b57\u5e55\uff0c\u5373\u4fbf\u662f\u97f3\u8a0a",
    "SendMessage": "\u9001\u51fa\u8a0a\u606f",
    "HeaderSendMessage": "\u9001\u51fa\u8a0a\u606f",
    "ButtonSend": "\u9001\u51fa",
    "ViewPlaybackInfo": "\u67e5\u770b\u64ad\u653e\u8cc7\u8a0a",
    "LabelMessageText": "\u8a0a\u606f\u5167\u6587:",
    "LabelMessageTitle": "\u8a0a\u606f\u6a19\u984c:",
    "MessageNoAvailablePlugins": "\u7121\u53ef\u7528\u63d2\u4ef6",
    "HeaderTypeText": "\u8f38\u5165\u5167\u6587",
    "LabelTypeText": "\u5167\u6587",
    "OptionAuto": "\u81ea\u52d5",
    "ButtonEditOtherUserPreferences": "\u7de8\u8f2f\u4f7f\u7528\u8005\u8cc7\u8a0a\uff0c\u982d\u50cf\uff0c\u548c\u500b\u4eba\u5316\u8a2d\u5b9a",
    "ViewTypeMovies": "\u96fb\u5f71",
    "ViewTypeTvShows": "\u96fb\u8996\u7bc0\u76ee",
    "ViewTypeGames": "\u904a\u6232",
    "ViewTypeMusic": "\u97f3\u6a02",
    "ViewTypeMusicSongs": "\u6b4c\u66f2",
    "ViewTypeMusicFavorites": "\u6211\u7684\u6700\u611b",
    "ViewTypeMusicFavoriteAlbums": "\u6700\u611b\u5c08\u8f2f",
    "ViewTypeMusicFavoriteArtists": "\u6700\u611b\u6f14\u51fa\u8005",
    "ViewTypeMusicFavoriteSongs": "\u6700\u611b\u91d1\u66f2",
    "OptionLibraryFolders": "\u5a92\u9ad4\u8cc7\u6599\u593e",
    "TitleRemoteControl": "\u9060\u7aef\u9059\u63a7",
    "TabBranding": "\u54c1\u724c",
    "HeaderBrandingHelp": "\u5ba2\u88fd\u5316Emby\u5916\u89c0\u4ee5\u6eff\u8db3\u5718\u9ad4\u6216\u7d44\u7e54\u7684\u9700\u6c42",
    "LabelLoginDisclaimer": "\u653e\u68c4\u767b\u5165:",
    "LabelLoginDisclaimerHelp": "\u9019\u6703\u5728\u767b\u5165\u9801\u9762\u6700\u4e0b\u65b9\u5217\u51fa",
    "LabelMetadata": "\u4e2d\u7e7c\u8cc7\u6599:",
    "HeaderTranscodingTemporaryFiles": "\u8f49\u78bc\u66ab\u5b58\u6a94",
    "HeaderBranding": "\u54c1\u724c",
    "HeaderApiKeys": "API\u91d1\u9470",
    "HeaderApiKeysHelp": "\u5916\u90e8\u61c9\u7528\u7a0b\u5f0f\u9700\u8981\u6709API\u91d1\u9470\u4f86\u548cEmby\u4f3a\u670d\u5668\u6e9d\u901a\u3002\u4f7f\u7528Emby\u5e33\u865f\u767b\u5165\u53ef\u53d6\u5f97\u91d1\u9470\uff0c\u6216\u624b\u52d5\u6d3e\u767c\u91d1\u9470\u7d66\u61c9\u7528\u7a0b\u5f0f",
    "HeaderApiKey": "API\u91d1\u9470",
    "HeaderApp": "\u61c9\u7528\u7a0b\u5f0f",
    "HeaderDevice": "\u8a2d\u5099",
    "HeaderUser": "\u4f7f\u7528\u8005",
    "TabView": "\u6aa2\u8996",
    "ButtonView": "\u6aa2\u8996",
    "TabUsers": "\u4f7f\u7528\u8005",
    "HeaderFeatures": "\u529f\u80fd",
    "HeaderAdvanced": "\u9032\u968e",
    "HeaderScheduledTasks": "\u6392\u7a0b\u4f5c\u696d",
    "HeaderResumeSettings": "\u6062\u5fa9\u8a2d\u5b9a",
    "HeaderFetcherSettings": "\u64f7\u53d6\u8a2d\u5b9a",
    "HeaderActivity": "\u6d3b\u52d5",
    "MessageServerConfigurationUpdated": "\u4f3a\u670d\u5668\u8a2d\u5b9a\u5df2\u7d93\u66f4\u65b0",
    "MessageNamedServerConfigurationUpdatedWithValue": "\u4f3a\u670d\u5668\u8a2d\u5b9a\u4e2d\u7684\u9805\u76ee{0}\u5df2\u7d93\u66f4\u65b0",
    "ProviderValue": "\u8cc7\u6599\u63d0\u4f9b\u8005:{0}",
    "LabelAirTime:": "\u64ad\u653e\u6642\u9593:",
    "ButtonPurchase": "\u8cfc\u8cb7",
    "HeaderInstall": "\u5b89\u88dd",
    "LabelSelectVersionToInstall": "\u9078\u64c7\u5b89\u88dd\u7248\u672c:",
    "LinkLearnMoreAboutSubscription": "\u4e86\u89e3Emby\u9ad8\u7d1a\u6703\u54e1",
    "MessagePluginRequiresSubscription": "\u6b64\u63d2\u4ef6\u572814\u5929\u514d\u8cbb\u8a66\u7528\u5f8c\uff0c\u5c07\u9700\u8981\u6709\u6548Emby\u9ad8\u7d1a\u6703\u54e1",
    "MessagePremiumPluginRequiresMembership": "\u6b64\u63d2\u4ef6\u572814\u5929\u514d\u8cbb\u8a66\u7528\u5f8c\uff0c\u5c07\u9700\u8981\u6709\u6548Emby\u9ad8\u7d1a\u6703\u54e1\u624d\u80fd\u8cfc\u8cb7",
    "HeaderDeveloperInfo": "\u958b\u767c\u8005\u8cc7\u8a0a",
    "HeaderRevisionHistory": "\u6539\u7248\u6b77\u53f2",
    "ButtonViewWebsite": "\u7db2\u7ad9\u4e2d\u67e5\u770b",
    "OptionSaveMetadataAsHidden": "\u5c07\u4e2d\u7e7c\u8cc7\u6599\u548c\u5f71\u50cf\u5b58\u70ba\u96b1\u85cf\u6a94",
    "LabelConnectEmail": "(\u9078\u7528) Emby Connect \u6240\u7528\u7684\u96fb\u5b50\u90f5\u4ef6:",
    "LabelConnectEmailHelp": "\u53ef\u9078\u64c7\u5c07\u672c\u6a5f\u4f7f\u7528\u8005\u9023\u7d50\u5230\u73fe\u6709Emby Coonect\u5e33\u865f\uff0c\u8b93\u4eba\u8f15\u9b06\u767b\u5165\u4efb\u4f55Emby\u61c9\u7528\u7a0b\u5f0f\uff0c\u7121\u9808\u77e5\u9053\u4f3a\u670d\u5668\u7684\u7db2\u8def\u4f4d\u5740",
    "ButtonLearnMoreAboutEmbyConnect": "\u4e86\u89e3\u66f4\u591a\u6709\u95dcEmby Connect",
    "LabelDateAddedBehavior": "\u5c0d\u65bc\u65b0\u5167\u5bb9\u7684\u65b0\u589e\u65e5\u671f\u6a21\u5f0f",
    "OptionDateAddedImportTime": "\u4f7f\u7528\u63a2\u7d22\u65e5\u671f\u532f\u5165\u8cc7\u6599\u5eab",
    "OptionDateAddedFileTime": "\u4f7f\u7528\u6a94\u6848\u5275\u5efa\u65e5\u671f",
    "LabelDateAddedBehaviorHelp": "\u5982\u679c\u4e2d\u7e7c\u8cc7\u6599\u65e5\u671f\u70ba\u73fe\u5728\uff0c\u5728\u9019\u4efb\u4e00\u9078\u9805\u4e4b\u524d\uff0c\u5c07\u4e00\u76f4\u5957\u7528",
    "HeaderLibrarySettings": "\u8cc7\u6599\u5eab\u8a2d\u5b9a",
    "HeaderSubtitleDownloads": "\u5b57\u5e55\u4e0b\u8f09",
    "HeaderCameraUploadHelp": "Emby\u61c9\u7528\u7a0b\u5f0f\u81ea\u52d5\u4e0a\u50b3\u884c\u52d5\u8a2d\u5099\u4e2d\u7684\u7167\u7247\u5230Emby\u4f3a\u670d\u5668\u4e2d",
    "LabelCameraUploadPath": "\u7167\u7247\u4e0a\u50b3\u8def\u5f91:",
    "LabelCameraUploadPathHelp": "\u81ea\u5b9a\u4e0a\u50b3\u8def\u5f91\uff0c\u6703\u8986\u84cb\u7167\u7247\u4e0a\u50b3\u4e2d\u7684\u9810\u8a2d\u8def\u5f91\u3002\u5982\u7559\u767d\uff0c\u4f7f\u7528\u9810\u8a2d\u8def\u5f91\u3002\u5982\u4f7f\u7528\u81ea\u8a02\u8def\u5f91\uff0c\u5728Emby\u8cc7\u6599\u5eab\u8a2d\u5b9a\u4e2d\uff0c\u9700\u8981\u65b0\u589e\u70ba\u8cc7\u6599\u5eab\u4e4b\u4e00",
    "DefaultCameraUploadPathHelp": "\u8acb\u9078\u81ea\u8a02\u4e0a\u50b3\u8def\u5f91\uff0c\u5982\u7559\u767d\uff0c\u5c07\u4f7f\u7528\u9810\u8a2d\u8def\u5f91\u3002\u5982\u4f7f\u7528\u81ea\u8a02\u8def\u5f91\uff0c\u5728Emby\u8cc7\u6599\u5eab\u8a2d\u5b9a\u4e2d\uff0c\u9700\u8981\u589e\u52a0\u70ba\u8cc7\u6599\u5eab\u4e4b\u4e00",
    "LabelCreateCameraUploadSubfolder": "\u5c0d\u6bcf\u4e00\u8a2d\u5099\u5efa\u7acb\u5b50\u8cc7\u6599\u593e",
    "LabelCreateCameraUploadSubfolderHelp": "\u8a2d\u5099\u9801\u9762\u4e2d\uff0c\u53ef\u6309\u6b64\u4f86\u6307\u5b9a\u5206\u914d\u7d66\u8a2d\u5099\u7684\u8cc7\u6599\u593e",
    "LabelCustomDeviceDisplayNameHelp": "\u63d0\u4f9b\u81ea\u8a02\u64ad\u653e\u540d\u7a31\uff0c\u6216\u7559\u767d\uff0c\u4f7f\u7528\u8a2d\u5099\u56de\u50b3\u540d\u7a31",
    "TabParentalControl": "\u5bb6\u9577\u63a7\u5236",
    "HeaderAccessSchedule": "\u8b80\u53d6\u6392\u7a0b",
    "HeaderAccessScheduleHelp": "\u5efa\u7acb\u8b80\u53d6\u6392\u7a0b\u4f86\u9650\u5236\u4f7f\u7528\u6642\u6578",
    "LabelAccessDay": "\u4e00\u9031\u5929\u6578:",
    "LabelAccessStart": "\u958b\u59cb\u6642\u9593:",
    "LabelAccessEnd": "\u7d50\u675f\u6642\u9593:",
    "HeaderSchedule": "\u6392\u7a0b",
    "HeaderLibraryAccess": "\u8cc7\u6599\u5eab\u5b58\u53d6",
    "HeaderChannelAccess": "\u983b\u9053\u8b80\u53d6",
    "LabelForgotPasswordUsernameHelp": "\u8f38\u5165\u5e33\u865f\uff0c\u5982\u9084\u8a18\u5f97",
    "TitlePasswordReset": "\u5bc6\u78bc\u91cd\u8a2d",
    "HeaderBlockItemsWithNoRating": "\u963b\u64cb\u6c92\u5206\u7d1a\u6216\u7121\u6cd5\u8fa8\u8b58\u8cc7\u8a0a",
    "LabelBlockContentWithTags": "\u9650\u5236\u6709\u6a19\u7c64\u7684\u9805\u76ee",
    "LabelTagRestrictionMode": "\u6a19\u7c64\u9650\u5236\u6a21\u5f0f:",
    "BlockItemsWithTheseTags": "\u963b\u64cb\u542b\u6709\u9019\u4e9b\u6a19\u7c64\u7684\u9805\u76ee",
    "AllowItemsWithTheseTags": "\u5141\u8a31\u542b\u6709\u9019\u4e9b\u6a19\u7c64\u7684\u9805\u76ee",
    "OptionAllowContentDownloading": "\u5141\u8a31\u5a92\u9ad4\u4e0b\u8f09",
    "LabelNewUserNameHelp": "\u4f7f\u7528\u8005\u540d\u7a31\u53ef\u5305\u542b\u5b57\u6bcd(a-z)\uff0c\u6578\u5b57(0-9)\uff0c\u7834\u6298\u865f(-)\uff0c\u4e0b\u5e95\u7dda(_)\uff0c\u6487\u865f(')\uff0c\u548c\u53e5\u9ede(.)",
    "HeaderThisUserIsCurrentlyDisabled": "\u9019\u4f4d\u4f7f\u7528\u8005\u5df2\u88ab\u505c\u7528\uff0c\u5982\u8981\u555f\u7528\uff0c\u8acb\u898b\u672c\u9801\u4e0b\u65b9\u8aaa\u660e",
    "OptionEnableTranscodingThrottle": "\u555f\u7528\u7bc0\u6d41\u8abf\u7bc0\u529f\u80fd",
    "OptionEnableTranscodingThrottleHelp": "\u7bc0\u6d41\u8a2d\u5b9a\u6703\u81ea\u52d5\u8abf\u6574\u8f49\u6a94\u901f\u5ea6\uff0c\u5728\u64ad\u653e\u5f71\u7247\u540c\u6642\uff0c\u964d\u4f4e\u4f3a\u670d\u5668CPU \u4f7f\u7528\u7387\u3002",
    "OptionAllowSyncTranscoding": "\u5141\u8a31\u9700\u8981\u8f49\u78bc\u7684\u5a92\u9ad4\u4e0b\u8f09",
    "AllowMediaConversion": "\u5141\u8a31\u5a92\u9ad4\u8f49\u63db",
    "AllowMediaConversionHelp": "\u8a31\u53ef\u6216\u62d2\u7d55\u5b58\u53d6\u8f49\u63db\u5a92\u9ad4\u529f\u80fd",
    "OptionAllowAudioPlaybackTranscoding": "\u5982\u5fc5\u8981\uff0c\u5141\u8a31\u97f3\u8a0a\u8f49\u78bc\u5728\u5a92\u9ad4\u64ad\u653e\u671f\u9593",
    "OptionAllowVideoPlaybackTranscoding": "\u5141\u8a31\u9700\u8981\u8f49\u78bc\u7684\u5f71\u7247\u64ad\u653e",
    "OptionAllowVideoPlaybackRemuxing": "\u5141\u8a31\u6bcb\u9700\u518d\u7de8\u78bc\u4f86\u8f49\u63db\u7684\u5f71\u7247\u64ad\u653e",
    "OptionAllowMediaPlaybackTranscodingHelp": "\u9650\u5236\u5b58\u53d6\u8f49\u78bc\u4e5f\u7121\u6cd5\u9078\u64c7\u8f49\u78bc\u54c1\u8cea\uff0c\u6709\u53ef\u80fd\u9020\u6210Emby\u61c9\u7528\u7a0b\u5f0f\u64ad\u653e\u5931\u6557\uff0c\u56e0\u70ba\u4e0d\u652f\u63f4\u7684\u5a92\u9ad4\u683c\u5f0f\u6216\u4e0d\u8db3\u7684\u7db2\u8def\u983b\u5bec",
    "LabelRemoteClientBitrateLimit": "\u7db2\u8def\u4e32\u6d41\u6bd4\u7279\u7387\u9650\u5236(Mbps):",
    "LabelRemoteClientBitrateLimitHelp": "\u7db2\u4e0a\u8a2d\u5099\u53ef\u9078\u64c7\u500b\u5225\u9650\u5236\u4e32\u6d41\u6bd4\u7279\u7387\uff0c\u7528\u4f86\u907f\u514d\u8a2d\u5099\u8981\u6c42\u6bd4\u7db2\u901f\u9084\u9ad8\u7684\u6bd4\u7279\u7387\u3002\u9019\u53ef\u80fd\u6703\u52a0\u91cd\u4f3a\u670d\u5668\u4e0a\u7684\u4e2d\u592e\u8655\u7406\u5668\u8ca0\u8f09\uff0c\u70ba\u4e86\u56e0\u61c9\u5feb\u901f\u7684\u5f71\u7247\u8f49\u78bc\u800c\u964d\u5230\u66f4\u4f4e\u7684\u6bd4\u7279\u7387",
    "LabelUserRemoteClientBitrateLimitHelp": "\u9032\u968e\u4f3a\u670d\u5668\u8a2d\u5b9a\u4e2d\u6703\u8986\u84cb\u9810\u8a2d\u5168\u57df\u8a2d\u5b9a\u503c",
    "LabelConversionCpuCoreLimit": "\u4e2d\u5fc3\u8655\u7406\u5668\u6838\u5fc3\u6578\u9650\u5236:",
    "LabelConversionCpuCoreLimitHelp": "\u5728\u80cc\u666f\u57f7\u884c\u8f49\u63db\uff0c\u53ef\u9650\u5236\u4e2d\u592e\u8655\u7406\u5668\u6838\u5fc3\u6578",
    "OptionEnableFullSpeedConversion": "\u555f\u7528\u5168\u901f\u8f49\u63db",
    "OptionEnableFullSpeedConversionHelp": "\u9810\u8a2d\u4e0b\uff0c\u6703\u4ee5\u4f4e\u901f\u57f7\u884c\u8f49\u63db\u4ee5\u964d\u4f4e\u8cc7\u6e90\u8017\u7528",
    "OptionEnableAutomaticServerUpdates": "\u555f\u7528\u4f3a\u670d\u5668\u81ea\u52d5\u66f4\u65b0",
    "HeaderType": "\u985e\u578b",
    "HeaderTunerDevices": "\u6536\u97f3\u6a5f\u8a2d\u5099",
    "HeaderTVSources": "TV\u8a0a\u865f\u6e90",
    "HeaderAddTvSource": "\u589e\u52a0\u96fb\u8996\u4f86\u6e90",
    "HeaderAddDevice": "\u65b0\u589e\u8a2d\u5099",
    "HeaderExternalServices": "\u5916\u90e8\u670d\u52d9",
    "LabelTunerIpAddress": "\u6536\u97f3\u6a5f\u7db2\u8def\u4f4d\u5740:",
    "HeaderGuideProviders": "\u8cc7\u6599\u8a2d\u5b9a\u6307\u5357",
    "HeaderAddGuideSource": "\u589e\u52a0\u8cc7\u6599\u4f86\u6e90\u6307\u5357",
    "AddGuideProviderHelp": "\u65b0\u589e\u7bc0\u76ee\u8868\u63d0\u4f9b\u8005",
    "LabelZipCode": "\u90f5\u5730\u5340\u78bc:",
    "GuideProviderSelectListings": "\u9078\u64c7\u5217\u8868",
    "GuideProviderLogin": "\u767b\u5165",
    "LabelLineup": "\u6392\u5217:",
    "MessageTunerDeviceNotListed": "\u4f60\u7684\u8abf\u8ae7\u5668\u6c92\u6709\u5217\u5728\u6e05\u55ae\u4e2d\u55ce\uff1f\u8a66\u8457\u5b89\u88dd\u984d\u5916\u7684\u63d2\u4ef6\u4ee5\u53d6\u5f97\u66f4\u591a\u9078\u9805",
    "LabelImportOnlyFavoriteChannels": "\u9650\u5236\u6a19\u793a\u70ba\u6700\u611b\u7684\u983b\u9053",
    "ImportFavoriteChannelsHelp": "\u5982\u555f\u7528\uff0c\u53ea\u6709\u5728\u6536\u97f3\u6a5f\u4e2d\u6a19\u793a\u70ba\u6700\u611b\u7684\u983b\u9053\u624d\u88ab\u532f\u5165",
    "LabelEnableThisTuner": "\u555f\u7528\u6536\u97f3\u6a5f",
    "LabelEnableThisTunerHelp": "\u4e0d\u52fe\u9078\uff0c\u907f\u514d\u5f9e\u6536\u97f3\u6a5f\u532f\u5165\u983b\u9053",
    "LabelTranscodingThreadCount": "\u8f49\u78bc\u6240\u7528\u57f7\u884c\u7dd2\u6578\u91cf:",
    "LabelTranscodingThreadCountHelp": "\u8f49\u78bc\u6642\u9078\u64c7\u6700\u5927\u57f7\u884c\u7dd2\u4f86\u57f7\u884c\uff0c\u964d\u4f4e\u57f7\u884c\u7dd2\u53ef\u964d\u4f4eCPU\u4f7f\u7528\u7387\uff0c\u4f46\u56e0\u8f49\u78bc\u4e0d\u5920\u5feb\u901f\uff0c\u800c\u7121\u6cd5\u63d0\u4f9b\u6d41\u66a2\u7684\u64ad\u653e\u9ad4\u9a57\u3002\u4e26\u975e\u6240\u6709\u7de8\u78bc\u548c\u89e3\u78bc\u90fd\u6709\u652f\u63f4\u591a\u91cd\u57f7\u884c\u7dd2\uff0c\u56e0\u6b64\u9019\u5f71\u97ff\u50c5\u9650\u90e8\u5206\u60c5\u6cc1\uff0c\u4e0d\u6703\u5fc5\u7136\u767c\u751f",
    "OptionMax": "\u6700\u5927",
    "HeaderDefaultRecordingSettings": "\u9810\u8a2d\u9304\u5f71\u8a2d\u5b9a",
    "LabelHardwareAccelerationType": "\u786c\u9ad4\u52a0\u901f:",
    "LabelHardwareAccelerationTypeHelp": "\u53ea\u5728\u6709\u652f\u63f4\u7684\u7cfb\u7d71\u53ef\u7528",
    "LabelFolder": "\u8cc7\u6599\u593e:",
    "LabelDisplayName": "\u986f\u793a\u540d\u7a31:",
    "OptionDownloadImagesInAdvance": "\u662f\u5148\u4e0b\u8f09\u5f71\u50cf",
    "OptionDownloadImagesInAdvanceHelp": "\u9810\u8a2d\u503c\uff0c\u591a\u6578\u5f71\u50cf\u53ea\u5728Emby\u61c9\u7528\u7a0b\u5f0f\u8981\u6c42\u6642\u624d\u6703\u4e0b\u8f09\u3002\u555f\u7528\u6b64\u8a2d\u5b9a\uff0c\u65b0\u5a92\u9ad4\u532f\u5165\u6642\uff0c\u5c31\u9810\u5148\u4e0b\u8f09\u6240\u6709\u5f71\u50cf\u3002\u9019\u6703\u5927\u5e45\u5f71\u97ff\u5ef6\u9577\u8cc7\u6599\u5eab\u641c\u5c0b",
    "MessageThankYouForSupporting": "\u611f\u8b1d\u652f\u6301Emby",
    "FileReadCancelled": "\u5df2\u8b80\u6a94\u6848\u5df2\u522a",
    "FileNotFound": "\u672a\u627e\u5230\u6a94\u6848\u3002",
    "FileReadError": "\u5728\u8b80\u53d6\u6a94\u6848\u6642\u767c\u751f\u932f\u8aa4\u3002",
    "PinCodeResetComplete": "\u8b58\u5225\u78bc\u5df2\u91cd\u8a2d",
    "PinCodeResetConfirmation": "\u78ba\u5b9a\u8981\u91cd\u8a2d\u8b58\u5225\u78bc?",
    "HeaderPinCodeReset": "\u91cd\u8a2d\u8b58\u5225\u78bc",
    "NoPluginConfigurationMessage": "\u63d2\u4ef6\u7121\u9808\u8a2d\u5b9a",
    "HeaderNewApiKey": "\u65b0API\u91d1\u9470",
    "LabelAppName": "\u61c9\u7528\u7a0b\u5f0f\u540d\u7a31",
    "LabelAppNameExample": "\u7bc4\u4f8b: Sickbeard, NzbDrone",
    "HeaderNewApiKeyHelp": "\u5141\u8a31\u61c9\u7528\u7a0b\u5f0f\u8207Emby\u4f3a\u670d\u5668\u6e9d\u901a",
    "MessageKeyEmailedTo": "\u91d1\u9470\u5bc4\u9001\u5230{0}",
    "HeaderConfirmation": "\u78ba\u8a8d",
    "MessageKeyUpdated": "\u611f\u8b1d\u4f60\uff0c\u4f60\u7684Emby\u9ad8\u7d1a\u6703\u54e1\u91d1\u9470\u5df2\u66f4\u65b0",
    "MessageKeyRemoved": "\u611f\u8b1d\u4f60\uff0c\u4f60\u7684Emby\u9ad8\u7d1a\u6703\u54e1\u91d1\u9470\u5df2\u79fb\u9664",
    "TextEnjoyBonusFeatures": "\u4eab\u7528\u984d\u5916\u529f\u80fd",
    "MessageErrorLoadingSupporterInfo": "\u8f09\u5165Emby\u9ad8\u7d1a\u6703\u54e1\u8cc7\u8a0a\u6642\u767c\u751f\u932f\u8aa4\uff0c\u8acb\u91cd\u8a66\u3002",
    "ValueTimeLimitSingleHour": "\u6642\u9650: 1\u5c0f\u6642",
    "ValueTimeLimitMultiHour": "\u6642\u9650: {0}\u5c0f\u6642",
    "General": "\u4e00\u822c",
    "HeaderScreenSavers": "\u87a2\u5e55\u4fdd\u8b77\u7a0b\u5f0f",
    "Reporting": "\u5831\u544a",
    "LabelStopping": "\u505c\u6b62\u4e2d",
    "LabelCancelled": "\u5df2\u53d6\u6d88",
    "HeaderSelectCertificatePath": "\u9078\u64c7\u6191\u8b49\u5b58\u653e\u8def\u5f91",
    "HeaderSupporterBenefit": "\u6709\u6548\u7684Emby\u9ad8\u7d1a\u6703\u54e1\u53ef\u6709\u984d\u5916\u529f\u80fd\uff0c\u50cf\u662f\u5b58\u53d6 Emby DVR\uff0c\u96e2\u7dda\u5a92\u9ad4\uff0c\u4ed8\u8cbb\u63d2\u4ef6\uff0c\u548c\u66f4\u591a\u3002{0}\u67e5\u770b\u66f4\u591a{1}",
    "LabelAbortedByServerShutdown": "(\u56e0\u4f3a\u670d\u5668\u95dc\u9589\u800c\u4e2d\u65b7)",
    "LabelScheduledTaskLastRan": "\u4e0a\u6b21\u57f7\u884c{0}\u82b1\u8cbb{1}",
    "HeaderDeleteTaskTrigger": "\u522a\u9664\u5de5\u4f5c\u89f8\u767c",
    "MessageDeleteTaskTrigger": "\u4f60\u78ba\u5b9a\u8981\u522a\u9664\u9019\u5de5\u4f5c\u89f8\u767c\uff1f",
    "MessageNoPluginsDueToAppStore": "\u8acb\u4f7f\u7528Emby\u7db2\u9801\u61c9\u7528\u7a0b\u5f0f\u7ba1\u7406\u63d2\u4ef6",
    "LabelVersionInstalled": "{0}\u5df2\u5b89\u88dd",
    "HeaderSelectServerCachePath": "\u9078\u64c7\u4f3a\u670d\u5668\u5feb\u53d6\u8def\u5f91",
    "HeaderSelectTranscodingPath": "\u9078\u64c7\u8f49\u78bc\u66ab\u5b58\u8def\u5f91",
    "HeaderSelectMetadataPath": "\u9078\u64c7\u4e2d\u7e7c\u8cc7\u6599\u8def\u5f91",
    "HeaderSelectServerCachePathHelp": "\u700f\u89bd\u6216\u8f38\u5165\u4f3a\u670d\u5668\u66ab\u5b58\u6a94\u6848\u6240\u7528\u7684\u8def\u5f91\uff0c\u9019\u4e9b\u8cc7\u6599\u593e\u9700\u53ef\u5beb\u5165",
    "HeaderSelectTranscodingPathHelp": "\u700f\u89bd\u6216\u8f38\u5165\u8f49\u78bc\u66ab\u5b58\u6a94\u6848\u6240\u7528\u7684\u8def\u5f91\uff0c\u9019\u4e9b\u8cc7\u6599\u593e\u9700\u53ef\u5beb\u5165",
    "HeaderSelectMetadataPathHelp": "\u700f\u89bd\u6216\u8f38\u5165\u5b58\u653e\u4e2d\u7e7c\u8cc7\u6599\u6240\u7528\u8def\u5f91\uff0c\u9019\u4e9b\u8cc7\u6599\u593e\u9700\u53ef\u5beb\u5165",
    "MessageFileWillBeDeleted": "\u4e0b\u5217\u6a94\u6848\u5c07\u88ab\u522a\u9664:",
    "MessageSureYouWishToProceed": "\u78ba\u5b9a\u8981\u7e7c\u7e8c\u57f7\u884c\uff1f",
    "MessageFollowingFileWillBeMovedFrom": "\u4e0b\u5217\u6a94\u6848\u5c07\u88ab\u79fb\u9664:",
    "MessageDestinationTo": "\u5230:",
    "MessageConfirmRestart": "\u78ba\u5b9a\u8981\u91cd\u555fEmby\u4f3a\u670d\u5668?",
    "MessageConfirmShutdown": "\u78ba\u5b9a\u8981\u95dc\u9589Emby\u4f3a\u670d\u5668?",
    "LabelLocalAccessUrl": "\u5bb6\u4e2d(\u5340\u7db2)\u5b58\u53d6:{0}",
    "LabelRemoteAccessUrl": "\u9060\u7aef(\u5916\u7db2)\u5b58\u53d6:{0}",
    "LabelRunningOnPort": "\u57f7\u884c\u5728http\u57e0:{0}",
    "LabelRunningOnPorts": "\u57f7\u884c\u5728http\u57e0:{0}\u548chttps\u57e0:{1}",
    "LabelCurrentPath": "\u73fe\u884c\u8def\u5f91:",
    "HeaderSelectMediaPath": "\u9078\u64c7\u5a92\u9ad4\u8def\u5f91",
    "HeaderSelectPath": "\u9078\u64c7\u8def\u5f91",
    "MessageDirectoryPickerInstruction": "\u7576\u7db2\u8def\u6309\u9215\u5931\u6557\uff0c\u53ef\u624b\u52d5\u8f38\u5165\u7db2\u8def\u8def\u5f91\u4f86\u5b9a\u4f4d\u8a2d\u5099\u3002\u6bd4\u5982\uff0c{0}\u6216{1}",
    "MessageDirectoryPickerBSDInstruction": "\u5728BSD\u4f5c\u696d\u7cfb\u7d71\u4e2d\uff0c\u9700\u8981\u5728FreeNAS Jail\u4e2d\u8a2d\u5b9a\u5132\u5b58\u8a2d\u5099\uff0cEmby\u624d\u80fd\u5b58\u53d6",
    "MessageDirectoryPickerLinuxInstruction": "\u5728Linux on Arch Linux,entOS, Debian, Fedora, OpenSuse, or Ubuntu\u4f5c\u696d\u7cfb\u7d71\u4e2d\uff0c\u9700\u8981\u5141\u8a31 Emby\u4f7f\u7528\u8005\uff0c\u5c0d\u5132\u5b58\u8a2d\u5099\u4f4d\u7f6e\u81f3\u5c11\u6709\u8b80\u53d6\u6b0a\u9650",
    "MetadataManager": "\u4e2d\u7e7c\u8cc7\u6599\u7ba1\u7406\u54e1",
    "OptionBlockLiveTvChannels": "\u96fb\u8996\u983b\u9053",
    "OptionBlockChannelContent": "\u7db2\u8def\u983b\u9053\u5167\u5bb9",
    "ButtonRevoke": "\u64a4\u56de",
    "MessageConfirmRevokeApiKey": "\u78ba\u5b9a\u8981\u64a4\u56deAPI\u91d1\u9470? \u61c9\u7528\u7a0b\u5f0f\u8207Emby\u4f3a\u670d\u5668\u7684\u9023\u7dda\u5c07\u6703\u4e0d\u6b63\u5e38\u4e2d\u65b7",
    "HeaderConfirmRevokeApiKey": "\u64a4\u56deAPI\u91d1\u9470",
    "MessagePleaseAcceptTermsOfServiceBeforeContinuing": "\u8acb\u63a5\u53d7\u670d\u52d9\u689d\u6b3e\u4ee5\u4fbf\u7e7c\u7e8c",
    "HeaderChangeFolderType": "\u66f4\u6539\u5167\u5bb9\u985e\u578b",
    "HeaderChangeFolderTypeHelp": "\u6b32\u66f4\u6539\u985e\u578b\uff0c\u8acb\u79fb\u9664\uff0c\u4e26\u4ee5\u65b0\u985e\u578b\u91cd\u5efa\u8cc7\u6599\u5eab",
    "HeaderAlert": "\u8b66\u5831",
    "MessagePleaseRestart": "\u8acb\u91cd\u555f\u5b8c\u6210\u66f4\u65b0",
    "MessageSettingsSaved": "\u8a2d\u5b9a\u5df2\u5132\u5b58",
    "OptionHomeVideos": "\u5bb6\u5ead\u5f71\u7247\u548c\u76f8\u7247",
    "OptionBooks": "\u66f8\u7c4d",
    "HeaderMetadataReaders": "\u4e2d\u7e7c\u8cc7\u6599\u95b1\u8b80\u5668",
    "LabelMetadataReadersHelp": "\u6392\u5e8f\u4f60\u504f\u611b\u7684\u672c\u6a5f\u4e2d\u7e7c\u8cc7\u6599\u4f86\u6e90\uff0c\u7b2c\u4e00\u500b\u6a94\u6848\u5c07\u88ab\u8b80\u53d6",
    "HeaderSubtitleDownloaders": "\u5b57\u5e55\u4e0b\u8f09\u5668",
    "SubtitleDownloadersHelp": "\u555f\u7528\u4e26\u6392\u5e8f\u4f60\u504f\u611b\u7684\u5b57\u5e55\u4e0b\u8f09\u5668\u3002\u4f7f\u7528Emby\u63d2\u4ef6\u76ee\u9304\uff0c\u6709\u66f4\u591a\u7684\u5b57\u5e55\u4e0b\u8f09\u5668\u53ef\u5b89\u88dd",
    "LabelMetadataDownloaders": "\u4e2d\u7e7c\u8cc7\u6599\u4e0b\u8f09\u5668:",
    "LabelMetadataDownloadersHelp": "\u555f\u7528\u4e26\u6392\u5e8f\u4f60\u504f\u611b\u7684\u4e2d\u7e7c\u8cc7\u6599\u4e0b\u8f09\u5668\u3002\u6392\u540d\u5f8c\u65b9\u7684\u4e0b\u8f09\u5668\uff0c\u5728\u907a\u5931\u8cc7\u6599\u6642\uff0c\u53ef\u4f86\u586b\u88dc",
    "HeaderMetadataSavers": "\u4e2d\u7e7c\u8cc7\u6599\u5b58\u653e\u5668",
    "LabelMetadataSaversHelp": "\u9078\u64c7\u7528\u4f86\u5b58\u653e\u4e2d\u7e7c\u8cc7\u6599\u7684\u6a94\u6848\u683c\u5f0f",
    "LabelImageFetchers": "\u5716\u7247\u64f7\u53d6\u5668:",
    "LabelImageFetchersHelp": "\u555f\u7528\u4e26\u6392\u5e8f\u4f60\u504f\u611b\u7684\u5f71\u50cf\u64f7\u53d6\u5668",
    "PersonTypePerson": "\u4eba\u7269",
    "HeaderRemoveMediaLocation": "\u79fb\u9664\u5a92\u9ad4\u4f4d\u7f6e",
    "MessageConfirmRemoveMediaLocation": "\u78ba\u5b9a\u8981\u79fb\u9664\u6b64\u4f4d\u7f6e?",
    "LabelNewName": "\u65b0\u4eba\u540d",
    "HeaderRemoveLibrary": "\u79fb\u9664\u8cc7\u6599\u5eab",
    "MessageAreYouSureYouWishToRemoveLibrary": "\u60a8\u78ba\u5b9a\u8981\u5f9e\u60a8\u7684Emby\u4f3a\u670d\u5668\u4e2d\u522a\u9664\u201c{0}\u201d\u8cc7\u6599\u5eab\u55ce\uff1f\u60a8\u7684\u5a92\u9ad4\u6587\u4ef6\u4e0d\u6703\u53d7\u5230\u5f71\u97ff\u3002",
    "ButtonRename": "\u66f4\u540d",
    "HeaderPluginInstallation": "\u63d2\u4ef6\u5b89\u88dd",
    "MessageTrialExpired": "\u6b64\u529f\u80fd\u8a66\u7528\u671f\u5df2\u7d93\u5230\u671f",
    "MessageTrialWillExpireIn": "\u6b64\u529f\u80fd\u8a66\u7528\u671f\uff0c\u5c07\u5728{0}\u5929\u5167\u5230\u671f",
    "ValuePriceUSD": "\u50f9\u683c:{0}(\u7f8e\u91d1)",
    "MessageFeatureIncludedWithSupporter": "\u4f60\u5df2\u8a3b\u518a\u6b64\u529f\u80fd\uff0c\u5728E0mby\u9ad8\u7d1a\u6703\u54e1\u6709\u6548\u4e0b\u90fd\u80fd\u7e7c\u7e8c\u4f7f\u7528",
    "HeaderSelectExternalPlayer": "\u9078\u64c7\u5916\u90e8\u64ad\u653e\u88dd\u7f6e",
    "HeaderExternalPlayerPlayback": "\u5916\u90e8\u64ad\u653e\u5668\u64ad\u653e",
    "HeaderSelectCustomIntrosPath": "\u9078\u64c7\u81ea\u8a02\u4ecb\u7d39\u8def\u5f91",
    "HeaderThankYou": "\u611f\u8b1d\u60a8",
    "DeviceLastUsedByUserName": "\u4e0a\u6b21\u88ab{0}\u4f7f\u7528",
    "HeaderSelectUploadPath": "\u9078\u64c7\u4e0a\u50b3\u8def\u5f91",
    "ErrorMessageStartHourGreaterThanEnd": "\u7d50\u675f\u6642\u9593\u5fc5\u5927\u65bc\u8d77\u59cb\u6642\u9593",
    "MessagePluginConfigurationRequiresLocalAccess": "\u5982\u6b32\u8a2d\u5b9a\u63d2\u4ef6\uff0c\u8acb\u76f4\u63a5\u767b\u5165\u672c\u5730\u4f3a\u670d\u5668",
    "MovieLibraryHelp": "\u8a55\u8ad6 {0} Emby \u96fb\u5f71\u547d\u540d\u5b88\u5247{1}",
    "TvLibraryHelp": "\u8a55\u8ad6 {0} Emby \u96fb\u8996\u547d\u540d\u5b88\u5247{1}",
    "BookLibraryHelp": "\u652f\u63f4\u6587\u5b57\u66f8\uff0c\u8a55\u8ad6 {0} Emby \u66f8\u7c4d\u547d\u540d\u5b88\u5247{1}",
    "MessageGamePluginRequired": "\u9700\u8981\u5b89\u88ddGameBrowser\u63d2\u4ef6",
    "HeaderUnlockApp": "\u89e3\u9396\u61c9\u7528\u7a0b\u5f0f",
    "MessagePaymentServicesUnavailable": "\u76ee\u524d\u7121\u6cd5\u63d0\u4f9b\u8cfc\u8cb7\uff0c\u8acb\u7a0d\u5f8c\u91cd\u8a66",
    "NoNewDevicesFound": "\u7121\u65b0\u8a2d\u5099\uff0c\u5982\u8981\u65b0\u589e\u6536\u97f3\u6a5f\uff0c\u95dc\u9589\u5c0d\u8a71\uff0c\u624b\u4e2d\u8f38\u5165\u8a2d\u5099\u8cc7\u8a0a",
    "MessageConfirmDeleteTunerDevice": "\u78ba\u5b9a\u8981\u522a\u9664\u8a2d\u5099\u55ce\uff1f",
    "MessageConfirmDeleteGuideProvider": "\u4f60\u78ba\u5b9a\u8981\u522a\u9664\u6307\u5357\u63d0\u4f9b\u8005\uff1f",
    "HeaderDeleteProvider": "\u522a\u9664\u63d0\u4f9b\u8005",
    "ErrorAddingTunerDevice": "\u65b0\u589e\u6536\u97f3\u6a5f\u8a2d\u5099\u6642\u767c\u751f\u932f\u8aa4\uff0c\u8acb\u78ba\u5b9a\u80fd\u5b58\u53d6\u8a72\u8a2d\u5099\u5f8c\uff0c\u518d\u8a66\u4e00\u6b21",
    "ErrorSavingTvProvider": "\u5132\u5b58\u96fb\u8996\u63d0\u4f9b\u8005\u6642\u767c\u751f\u932f\u8aa4\uff0c\u8acb\u78ba\u5b9a\u80fd\u5b58\u53d6\u63d0\u4f9b\u8005\u5f8c\uff0c\u518d\u8a66\u4e00\u6b21",
    "ErrorGettingTvLineups": "\u4e0b\u8f09\u96fb\u8996\u7bc0\u76ee\u6642\u9593\u8868\u6642\u767c\u751f\u932f\u8aa4\uff0c\u8acb\u78ba\u5b9a\u4f60\u7684\u8cc7\u8a0a\u662f\u6b63\u78ba\u5f8c\uff0c\u518d\u8a66\u4e00\u6b21",
    "MessageCreateAccountAt": "\u5728{0}\u5efa\u7acb\u5e33\u865f",
    "ErrorPleaseSelectLineup": "\u8acb\u9078\u4e00\u500b\u96fb\u8996\u7bc0\u76ee\u6642\u9593\u8868\u5f8c\u518d\u8a66\u4e00\u6b21\u3002\u5982\u7121\u96fb\u8996\u7bc0\u76ee\u6642\u9593\u8868\uff0c\u8acb\u78ba\u8a8d\u4f7f\u7528\u8005\u540d\u7a31\uff0c\u5bc6\u78bc\uff0c\u548c\u90f5\u905e\u5340\u865f\u662f\u6b63\u78ba",
    "HeaderTryEmbyPremiere": "\u8a66\u8a66Emby\u8c6a\u83ef\u7248",
    "ErrorValidatingSupporterInfo": "\u9a57\u8b49Emby\u9ad8\u7d1a\u6703\u54e1\u8cc7\u8a0a\u6642\u767c\u751f\u932f\u8aa4\uff0c\u8acb\u91cd\u8a66\u3002",
    "LabelLocalSyncStatusValue": "\u72c0\u614b:{0}",
    "HeaderTopPlugins": "\u6700\u71b1\u9580\u63d2\u4ef6",
    "ForAdditionalLiveTvOptions": "\u700f\u89bdEmby{0}\u63d2\u4ef6\u76ee\u9304{1}\u4f86\u5b89\u88dd\u984d\u5916\u76f4\u64ad\u96fb\u8996\u7bc0\u76ee\u63d0\u4f9b\u8005",
    "AddUser": "\u6dfb\u52a0\u7528\u6236",
    "HeaderEmailAddress": "\u96fb\u5b50\u90f5\u4ef6",
    "NumLocationsValue": "{0}\u8cc7\u6599\u593e",
    "PleaseAddAtLeastOneFolder": "\u8acb\u6309\u4e0b\u65b0\u589e\u6309\u9215\uff0c\u81f3\u5c11\u65b0\u589e\u4e00\u8cc7\u6599\u593e\u5728\u8cc7\u6599\u5eab\u4e2d",
    "ErrorAddingMediaPathToVirtualFolder": "\u65b0\u589e\u5a92\u9ad4\u8def\u5f91\u767c\u751f\u932f\u8aa4\uff0c\u8acb\u78ba\u5b9a\u8def\u5f91\u6709\u6548\uff0c\u4e14Emby\u4f3a\u670d\u5668\u80fd\u5b58\u53d6\u8a72\u4f4d\u7f6e",
    "ErrorAddingEmbyConnectAccount3": "Emby\u5e33\u865f\u5df2\u9023\u7d50\u5230\u672c\u6a5f\u4f7f\u7528\u8005\uff0cEmby\u5e33\u865f\u4e00\u6b21\u4e4b\u53ea\u80fd\u9023\u7d50\u4e00\u4f4d\u672c\u6a5f\u4f7f\u7528\u8005\uff0c",
    "HeaderConfirmPluginInstallation": "\u78ba\u8a8d\u63d2\u4ef6\u5df2\u5b89\u88dd",
    "PleaseConfirmPluginInstallation": "\u8acb\u6309OK\u78ba\u8a8d\u5df2\u95b1\u8b80\u4ee5\u4e0a\u689d\u6587\uff0c\u4e26\u5e0c\u671b\u7e7c\u7e8c\u5b89\u88dd\u63d2\u4ef6",
    "MessagePluginInstallDisclaimer": "Emby\u8ad6\u58c7\u6703\u54e1\u6240\u5efa\u7acb\u7684\u63d2\u4ef6\uff0c\u662f\u589e\u52a0Emby\u9ad4\u9a57\u64c1\u6709\u66f4\u591a\u529f\u80fd\u548c\u512a\u9ede\uff0c\u5f88\u68d2\u7684\u7684\u65b9\u6cd5\u3002\u5b89\u88dd\u524d\uff0c\u8acb\u7559\u610f\u5c0dEmby\u4f3a\u670d\u5668\u7684\u5f71\u97ff\uff0c\u4f8b\u5982\u66f4\u4e45\u7684\u8cc7\u6599\u5eab\u6383\u63cf\uff0c\u66f4\u591a\u7684\u80cc\u666f\u904b\u7b97\u8655\u7406\uff0c\u5df2\u53ca\u964d\u4f4e\u7cfb\u7d71\u7a69\u5b9a\u5ea6",
    "TitleHardwareAcceleration": "\u786c\u9ad4\u52a0\u901f",
    "HardwareAccelerationWarning": "\u555f\u7528\u786c\u9ad4\u52a0\u901f\u5728\u67d0\u4e9b\u74b0\u5883\u4e0b\u53ef\u80fd\u6703\u9020\u6210\u4e0d\u7a69\u5b9a\uff0c\u8acb\u78ba\u5b9a\u4f5c\u696d\u7cfb\u7d71\u548c\u5f71\u50cf\u9a45\u52d5\u7a0b\u5f0f\u5df2\u662f\u6700\u65b0\u7248\u3002\u5982\u679c\u555f\u7528\u5f8c\u64ad\u653e\u5f71\u7247\u6709\u554f\u984c\uff0c\u8acb\u5c07\u8a2d\u5b9a\u6539\u56de\u81ea\u52d5",
    "ValueExample": "\u8209\u4f8b: {0}",
    "LabelFileOrUrl": "\u6a94\u6848\u6216\u9023\u7d50:",
    "OptionEnableForAllTuners": "\u5c0d\u6240\u6709\u6536\u97f3\u6a5f\u8a2d\u5099\u555f\u7528",
    "HeaderTuners": "\u8abf\u983b\u5668",
    "LabelOptionalM3uUrl": "M3U\u9023\u7d50(\u9078\u7528):",
    "LabelOptionalM3uUrlHelp": "\u67d0\u4e9b\u8a2d\u5099\u6709\u652f\u63f4M3U\u983b\u9053\u6e05\u55ae",
    "DrmChannelsNotImported": "\u6709DRM\u7684\u983b\u9053\u7121\u6cd5\u532f\u5165",
    "LabelAllowHWTranscoding": "\u5141\u8a31\u786c\u9ad4\u8f49\u78bc",
    "AllowHWTranscodingHelp": "\u5982\u555f\u7528\uff0c\u5141\u8a31\u8abf\u983b\u5668\u53ef\u7dda\u4e0a\u50b3\u8f38\u6642\u8f49\u78bc\uff0c\u53ef\u5354\u52a9\u6e1b\u5c11Emby\u4f3a\u670d\u5668\u8f49\u78bc\u8acb\u6c42",
    "MetadataSettingChangeHelp": "\u66f4\u6539\u4e2d\u7e7c\u8cc7\u6599\u8a2d\u5b9a\u53ea\u5f71\u97ff\u4e4b\u5f8c\u65b0\u589e\u7684\u5167\u5bb9\uff0c\u5982\u679c\u60f3\u66f4\u65b0\u73fe\u6709\u5167\u5bb9\uff0c\u8acb\u6253\u958b\u8a73\u7d30\u8cc7\u8a0a\u9801\u9762\uff0c\u6309\u4e0b\u66f4\u65b0\u6309\u9215\uff0c\u6216\u662f\u4f7f\u7528\u4e2d\u7e7c\u8cc7\u6599\u7ba1\u7406\u54e1\u57f7\u884c\u5168\u9762\u66f4\u65b0",
    "RecordingPathChangeMessage": "\u6539\u8b8a\u9304\u5f71\u8cc7\u6599\u593e\u4e0d\u6703\u642c\u52d5\u820a\u6709\u9304\u5f71\u6a94\u6848\u5230\u65b0\u8cc7\u6599\u593e\uff0c\u9700\u8981\u624b\u52d5\u642c\u79fb\u5982\u679c\u60f3\u8981\u7684\u8a71",
    "LabelLocalIpAddress": "\u4e3b\u6a5fIP\u4f4d\u5740",
    "LabelBindToLocalNetworkAddressHelp": "\u9078\u7528\u3002\u8986\u84cb\u5728Emby\u61c9\u7528\u7a0b\u5f0f\u4e2d\u986f\u793aEmby\u4f3a\u670d\u5668\u7684IP\u4f4d\u5740\u3002\u5982\u7559\u767d\uff0c\u4f3a\u670d\u5668\u5c07\u81ea\u52d5\u5075\u6e2c\u672c\u6a5fIP\u4f4d\u5740",
    "SettingsWarning": "\u6539\u8b8a\u9019\u4e9b\u53c3\u6578\u6703\u5f15\u8d77\u4e0d\u7a69\u5b9a\u6216\u9023\u7dda\u5931\u6557\uff0c\u5982\u679c\u767c\u751f\u932f\u8aa4\uff0c\u6211\u5011\u5efa\u8b70\u8abf\u56de\u9810\u8a2d\u503c",
    "MapChannels": "\u5730\u5716\u983b\u9053",
    "OptionSaveMetadataAsHiddenHelp": "\u5728\u6b64\u66f4\u52d5\u5c07\u5957\u7528\u4e4b\u5f8c\u7684\u65b0\u4e2d\u7e7c\u8cc7\u6599\uff0c\u73fe\u6709\u7684\u4e2d\u7e7c\u8cc7\u6599\u6a94\u6848\uff0c\u5728\u4e0b\u6b21Emby\u4f3a\u670d\u5668\u5b58\u5132\u6642\u66f4\u65b0",
    "EnablePhotos": "\u555f\u7528\u7167\u7247",
    "EnablePhotosHelp": "\u7167\u7247\u5c07\u96a8\u8457\u5176\u4ed6\u5a92\u9ad4\u8cc7\u6599\u88ab\u67e5\u8a62\u548c\u64ad\u653e",
    "ImportPlaylists": "\u5c0e\u5165\u64ad\u653e\u6e05\u55ae\u6a94\u6848",
    "ImportPlaylistsHelp": "\u5728\u5a92\u9ad4\u8cc7\u6599\u593e\u627e\u5230\u53ef\u5c0e\u5165\u64ad\u653e\u6e05\u55ae",
    "SaveThumbnailImagesIntoMediaFolders": "\u5132\u5b58\u5f71\u7247\u7e2e\u5716\u5230\u5a92\u9ad4\u8cc7\u6599\u593e\u3002",
    "LabelGenerateVideoPreviewThumbnails": "\u7522\u751f\u5f71\u7247\u9810\u89bd\u7e2e\u5716:",
    "LabelEnableDebugLogging": "\u8a18\u9304\u9664\u932f\u4fe1\u606f\u5230\u65e5\u8a8c",
    "OptionEnableExternalContentInSuggestions": "\u5efa\u8b70\u555f\u7528\u5916\u90e8\u5167\u5bb9",
    "OptionEnableExternalContentInSuggestionsHelp": "\u5141\u8a31\u7db2\u8def\u9810\u544a\u548c\u7dda\u4e0a\/\u76f4\u64ad\u96fb\u8996\u7bc0\u76ee\uff0c\u90fd\u542b\u62ec\u5728\u5efa\u8b70\u5167\u5bb9\u5167",
    "LabelH264EncodingPreset": "H264\u7de8\u78bc\u6e96\u5099:",
    "H264EncodingPresetHelp": "\u9078\u4e00\u8f03\u5927\u6578\u503c\u63d0\u5347\u6548\u80fd\uff0c\u6216\u8f03\u5c0f\u6578\u503c\u63d0\u9ad8\u54c1\u8cea",
    "LabelH264Crf": "H264\u7de8\u78bcCRF:",
    "H264CrfHelp": "CRF\u662fx264\u7de8\u78bc\u5668\u7684\u9810\u8a2d\u54c1\u8cea\u8a2d\u5b9a\uff0c\u53ef\u8a2d\u5b9a0\u523051\u6578\u503c\u4f86\u8abf\u6574\uff0c\u8f03\u5c0f\u6578\u5b57\u6709\u8f03\u597d\u54c1\u8cea(\u4e5f\u6709\u8f03\u5927\u6a94\u6848size)\uff0c\u8f03\u7a69\u5b9a\u7684\u6578\u5b57\u843d\u572818\u523028\u4e4b\u9593\u3002x264\u9810\u8a2d\u70ba23\uff0c\u6240\u4ee5\u53ef\u7528\u4f86\u7576\u4f5c\u8d77\u59cb\u503c",
    "LabelOptionalNetworkPath": "(\u9078\u7528)\u5171\u4eab\u7db2\u8def\u8cc7\u6599\u593e:",
    "LabelOptionalNetworkPathHelp": "\u5982\u679c\u7db2\u82b3\u4e0a\u5171\u7528\u6b64\u8cc7\u6599\u593e\uff0c\u63d0\u4f9b\u5171\u4eab\u7db2\u8def\u8cc7\u6599\u593e\u8def\u5f91\uff0c\u8b93\u8a2d\u5099\u4e0a\u7684Emby\u61c9\u7528\u7a0b\u5f0f\u4e5f\u80fd\u76f4\u63a5\u5b58\u53d6\u5a92\u9ad4\u6a94\u6848",
    "SynologyUpdateInstructions": "\u8acb\u767b\u5165DSM\u4e26\u5230\u63d2\u4ef6\u4e2d\u5fc3\u4f86\u8eab\u53ca",
    "HeaderRecordingPostProcessing": "\u9304\u5f71\u5f8c\u88fd\u4f5c",
    "LabelPostProcessorArguments": "\u5f8c\u88fd\u8655\u7406\u6307\u4ee4\u5217\u53c3\u6578",
    "PostProcessorArgumentsHelp": "\u547d\u4ee4\u884c\u4e2d\u652f\u63f4\u4ee5\u4e0b\u8b8a\u91cf\u4ee5\u5141\u8a31\u5c07\u6578\u64da\u50b3\u905e\u5230\u5f8c\u7f6e\u8655\u7406\u5668\uff1a",
    "LabelPostProcessor": "\u5f8c\u88fd\u8655\u7406\u61c9\u7528:",
    "DvrPostProcessorPathArgument": "{path}\uff1a\u65b0\u9304\u88fd\u6587\u4ef6\u7684\u5b8c\u6574\u8def\u5f91",
    "OptionAutomaticallyGroupSeries": "\u8de8\u8d8a\u4e0d\u540c\u8cc7\u6599\u593e\u7684\u7cfb\u5217\u5f71\u96c6\u53ef\u81ea\u52d5\u5408\u4f75",
    "OptionAutomaticallyGroupSeriesHelp": "\u5982\u555f\u7528\uff0c\u8cc7\u6599\u5eab\u4e2d\u8de8\u8d8a\u4e0d\u540c\u8cc7\u6599\u593e\u7684\u7cfb\u5217\u5f71\u96c6\uff0c\u5c07\u53ef\u81ea\u52d5\u5408\u4f75\u70ba\u55ae\u4e00\u7cfb\u5217",
    "WhenDidYouPurchaseApp": "\u5927\u7d04\u4f55\u6642\u521d\u6b21\u8cfc\u8cb7\u6b64\u61c9\u7528\u7a0b\u5f0f?",
    "PreferEmbeddedTitlesOverFileNames": "\u504f\u611b\u9472\u5d4c\u7684\u62ac\u982d\uff0c\u800c\u975e\u6a94\u540d",
    "PreferEmbeddedTitlesOverFileNamesHelp": "\u7576\u7121\u7db2\u8def\u7684\u4e2d\u7e7c\u8cc7\u6599\u6216\u672c\u4e2d\u7e7c\u8cc7\u6599\u53ef\u7528\u6642\uff0c\u9019\u6c7a\u5b9a\u9810\u8a2d\u986f\u793a\u62ac\u982d",
    "FriendlyNameForReferenceHelp": "\u4e00\u500b\u7528\u4f5c\u5c55\u793a\uff0c\u597d\u8a18\u61b6\u7684\u540d\u7a31\uff0c\u4f5c\u70ba\u81ea\u5df1\u53c3\u8003\u7528",
    "HeaderLiveTvTunerSetup": "\u76f4\u64ad\u96fb\u8996\u8abf\u983b\u8a2d\u5b9a",
    "HeaderTVSourceSetup": "\u96fb\u8996\u4f86\u6e90\u8a2d\u5b9a",
    "HeaderDetectMyDevices": "\u5075\u6e2c\u8a2d\u5099",
    "MessagePleaseWait": "\u8acb\u7b49\u5019\uff0c\u9019\u5c07\u9700\u8981\u9ede\u6642\u9593",
    "DetectingDevices": "\u5075\u6e2c\u8a2d\u5099\u4e2d",
    "LabelAutomaticallyRefreshInternetMetadataEvery": "\u521d\u59cb\u5316\uff0c\u81ea\u52d5\u532f\u5165\u4e0a\u8def\u5f8c\uff0c\u5c07\u81ea\u52d5\u5f9e\u7db2\u8def\u4e0a\u91cd\u6574\u4e2d\u7e7c\u8cc7\u6599:",
    "EveryNDays": "\u6bcf\u9694{0}\u5929",
    "NDays": "{0}\u5929",
    "HeaderNewDevices": "\u65b0\u8a2d\u5099",
    "LabelCertificatePassword": "\u6191\u8b49\u5bc6\u78bc:",
    "LabelCertificatePasswordHelp": "\u5982\u679c\u6191\u8b49\u9700\u8981\u5bc6\u78bc\uff0c\u8acb\u5728\u6b64\u8f38\u5165",
    "HeaderNewLibrary": "\u65b0\u8cc7\u6599\u5eab",
    "HttpsRequiresCert": "\u555f\u7528\u52a0\u5bc6\u9023\u7dda\uff0c\u5c07\u9700\u63d0\u4f9b\u4fe1\u4efb\u7684SSL\u6191\u8b49\uff0c\u4f8b\u5982Lets\u52a0\u5bc6\u3002\u8acb\u63d0\u4f9b\u6191\u8b49\uff0c\u6216\u662f\u4e0d\u555f\u7528\u52a0\u5bc6\u9023\u7dda",
    "ServerRestartNeededAfterPluginInstall": "\u5b89\u88dd\u63d2\u4ef6\u5f8c\uff0cEmby\u4f3a\u670d\u5668\u9700\u8981\u91cd\u65b0\u555f\u52d5",
    "PluginInstalledMessage": "\u63d2\u4ef6\u5df2\u6210\u529f\u5b89\u88dd\uff0cEmby\u4f3a\u670d\u5668\u9700\u8981\u91cd\u65b0\u555f\u52d5\u4ee5\u5957\u7528\u8b8a\u52d5",
    "Themes": "\u4e3b\u984c",
    "MessagePremiereStatusGood": "\u4f60\u6709{0}\u500bEmby\u9ad8\u7d1a\u6703\u54e1\u65b9\u6848\uff0c\u6240\u7528\u8a2d\u5099\u6578\u91cf\u5728\u7bc4\u570d\u5167",
    "MessagePremiereStatusClose": "\u4f60\u6709{0}\u500bEmby\u9ad8\u7d1a\u6703\u54e1\u65b9\u6848\uff0c\u4f46\u6240\u7528\u8a2d\u5099\u6578\u91cf\u63a5\u8fd1\u4e0a\u9650",
    "MessagePremiereExtendedPlans": "\u8003\u616e{0}\u5ef6\u4f38\u8a2d\u5099\u65b9\u6848{1}",
    "MessagePremiereStatusOver": "\u4f60\u6709{0}\u500bEmby\u9ad8\u7d1a\u6703\u54e1\u65b9\u6848\uff0c\u4f46\u6240\u7528\u8a2d\u5099\u6578\u91cf\u8d85\u904e\u4e0a\u9650",
    "ListItemPremiereSub": "\u900f\u904e{2}\u6240\u8cfc{0}\u8a02\u95b1\uff0c\u5c07\u5728{1}\u904e\u671f",
    "LabelClickToCancel": "\u6309\u4e00\u4e0b\u53d6\u6d88\u8a02\u95b1",
    "LabelCancelInfo": "\u4f60\u53ef\u5728{0}\u76f4\u63a5\u7ba1\u7406\u8a02\u95b1",
    "LabelAlreadyCanceled": "\u8a02\u95b1\u5c07\u88ab\u53d6\u6d88\uff0c\u91d1\u9470\u4f9d\u820a\u6709\u6548\u76f4\u5230\u904e\u671f\u65e5",
    "HeaderCancelSub": "\u53d6\u6d88Emby\u9ad8\u7d1a\u6703\u54e1",
    "MessageConfirmSubCancel": "\u4e0d\uff0c\u5343\u842c\u5225\u96e2\u958b...\u9019\u6703\u932f\u904e\u6240\u6709Emby\u9ad8\u7d1a\u6703\u54e1\u7684\u7279\u8272",
    "ButtonCancelSub": "\u6211\u61c2\uff0c\u5c31\u53d6\u6d88\u5427",
    "ButtonDontCancelSub": "\u4fdd\u7559Emby\u9ad8\u7d1a\u6703\u54e1",
    "MessageSubCancelReqSent": "\u96fb\u5b50\u90f5\u4ef6\u5c07\u8a08\u9001\u5230\u91d1\u9470\u64c1\u6709\u8005\uff0c\u8acb\u6839\u64da\u90f5\u4ef6\u4e2d\u6307\u793a\u5b8c\u6210\u53d6\u6d88\u8a02\u95b1\uff0c\u5f88\u5e0c\u671b\u898b\u4f60\u518d\u56de\u4f86",
    "MessageSubCancelError": "\u53d6\u6d88\u6642\u767c\u751f\u932f\u8aa4\uff0c\u8acb\u5bc4\u4fe1\u5230{0}\uff0c\u6211\u5011\u5c07\u7d66\u4f60\u6eff\u610f\u56de\u8986",
    "LabelAlreadyCancelled": "\u8a02\u95b1\u5df2\u53d6\u6d88\u3002\u5c07\u4e0d\u6703\u5728\u6263\u6b3e\uff0c\u529f\u80fd\u5728\u904e\u671f\u4e4b\u524d\u4ecd\u6709\u6548",
    "AllowOnTheFlySubtitleExtraction": "\u5141\u8a31\u50b3\u8f38\u4e2d\u53d6\u51fa\u5b57\u5e55",
    "AllowOnTheFlySubtitleExtractionHelp": "\u7531\u5f71\u7247\u4e2d\u64f7\u53d6\u7684\u5167\u9472\u5b57\u5e55\uff0c\u4ee5\u6587\u5730\u6a94\u50b3\u81f3Emby\u61c9\u7528\u7a0b\u5f0f\uff0c\u907f\u514d\u88ab\u5f71\u7247\u8f49\u78bc\u3002\u67d0\u4e9b\u7cfb\u7d71\u4e0b\uff0c\u64f7\u53d6\u5b57\u5e55\u76f8\u7576\u82b1\u6642\u9593\uff0c\u4e5f\u9020\u6210\u5f71\u7247\u64ad\u653e\u5ef6\u9072\u3002\u7576\u4f7f\u7528\u7aef\u8a2d\u5099\u7121\u539f\u751f\u652f\u63f4\u6642\uff0c\u8acb\u52ff\u555f\u7528\u5167\u9472\u5b57\u5e55\u8207\u5f71\u7247\u8f49\u78bc\u4e00\u8d77\u7f6e\u5165\u5f71\u7247\u4e2d",
    "EnableDebugLoggingHelp": "\u9664\u932f\u65e5\u8a8c\u5728\u6709\u6392\u9664\u969c\u7919\u9700\u6c42\u6642\u624d\u555f\u7528\uff0c\u9019\u6703\u63d0\u9ad8\u6a94\u6848\u7cfb\u7d71\u7684\u5b58\u53d6\uff0c\u5728\u67d0\u4e9b\u74b0\u5883\u4e0b\u6703\u4f7f\u4f3a\u670d\u5668\u7121\u6cd5\u9032\u5165\u7761\u7720\u72c0\u614b",
    "LabelSimultaneousConnectionLimit": "\u540c\u6b65\u4e32\u6d41\u9650\u5236:",
    "SimultaneousConnectionLimitHelp": "\u5141\u8a31\u540c\u6b65\u4e32\u6d41\u6700\u5927\u503c\uff0c0\u8868\u793a\u7121\u9650\u5236",
    "LaunchWebAppOnStartup": "Emby\u4f3a\u670d\u5668\u555f\u52d5\u6642\uff0c\u5728\u7db2\u9801\u700f\u89bd\u5668\u53eb\u51faEmby\u7db2\u9801\u61c9\u7528\u7a0b\u5f0f",
    "LaunchWebAppOnStartupHelp": "\u7576Emby\u4f3a\u670d\u5668\u521d\u59cb\u5316\u555f\u52d5\u5f8c\uff0c\u6703\u5728\u9810\u8a2d\u700f\u89bd\u5668\u4e2d\u958b\u555f\u7db2\u9801\u61c9\u7528\u7a0b\u5f0f\u3002\u4e4b\u5f8c\u91cd\u555f\u4f3a\u670d\u5668\uff0c\u4e26\u4e0d\u6703\u958b\u555f\u61c9\u7528\u7a0b\u5f0f",
    "LabelReferrerHeader": "http\u53c3\u7167\u4f4d\u5740\/\u6a19\u982d:",
    "LabelUserAgentHeader": "\u4f7f\u7528\u8005\u4ee3\u7406http\u4f4d\u5740\/\u6a19\u982d:",
    "SupplyCustomValueIfNeeded": "\u5982\u679c\u9700\u8981\uff0c\u63d0\u4f9b\u4e00\u500b\u81ea\u5b9a\u6a19\u982d\u5b57\u4e32:",
    "HeaderConfigureRemoteAccess": "\u8a2d\u5b9a\u9060\u7aef\u5b58\u53d6",
    "LearnHowToCreateSynologyShares": "\u5b78\u7fd2\u5982\u4f55\u5728Synology\u5171\u4eab\u8cc7\u6599\u593e",
    "LabelAllowedRemoteAddresses": "\u9060\u7aefIP\u4f4d\u5740\u904e\u6ffe:",
    "LabelAllowedRemoteAddressesMode": "\u9060\u7aefIP\u4f4d\u5740\u904e\u6ffe\u6a21\u5f0f:",
    "Whitelist": "\u767d\u540d\u55ae",
    "Blacklist": "\u9ed1\u540d\u55ae",
    "AllowedRemoteAddressesHelp": "\u4e00\u4e32\u53ef\u9060\u7aef\u9023\u7dda\u7684IP\u4f4d\u5740\u6216IP\/\u7db2\u8def\u906e\u7f69\u53ef\u4ee5\u9017\u865f\u4f86\u9694\u958b\u3002\u5982\u679c\u7559\u767d\uff0c\u8996\u70ba\u5141\u8a31\u6240\u6709\u9060\u7aefIP\u4f4d\u5740\u3002",
    "LabelLanNetworks": "\u5340\u57df\u7db2\u8def",
    "LanNetworksHelp": "\u4e00\u4e32IP\u4f4d\u5740\u6216IP\/\u7db2\u8def\u906e\u7f69\u53ef\u4ee5\u9017\u865f\u4f86\u5340\u5206\uff0c\u7576\u6709\u5f37\u5236\u983b\u5bec\u9650\u5236\u6642\uff0c\u9019\u4e9bIP\u6703\u88ab\u8996\u70ba\u5340\u57df\u7db2\u8def\u4f4d\u5740\u3002\u5982\u6709\u8a2d\u5b9a\uff0c\u5176\u4ed6\u6240\u6709IP\u4f4d\u5740\u5c07\u88ab\u8a8d\u5b9a\u70ba\u5916\u90e8\u7db2\u8def\uff0c\u4e26\u5957\u7528\u5916\u90e8\u7db2\u8def\u983b\u5bec\u9650\u5236\u3002\u5982\u679c\u7559\u767d\uff0c\u53ea\u6709\u4f3a\u670d\u5668\u7684\u5b50\u7db2\u57df\uff0c\u5df2\u53ca\u5e38\u7528\u7684\u79c1\u6709IP\u5b50\u7db2\u57df (\u4f8b\u5982: 10.0.0.0\/8, 192.168.0.0\/24)\u88ab\u8996\u70ba\u662f\u5340\u57df\u7db2\u8def",
    "LabelSecureConnectionsMode": "\u52a0\u5bc6\u9023\u7dda\u6a21\u5f0f:",
    "PreferredNotRequired": "\u504f\u597d\uff0c\u4f46\u975e\u5fc5\u8981",
    "RequiredForAllRemoteConnections": "\u6240\u6709\u9060\u7aef\u9023\u7dda\u7684\u5fc5\u8981\u8a2d\u5b9a",
    "HandledByProxy": "\u7531\u53cd\u5411\u4ee3\u7406\u4f3a\u670d\u5668\u63a7\u5236",
    "SaveSubtitlesIntoMediaFolders": "\u5132\u5b58\u4e0b\u8f09\u7684\u5b57\u5e55\u5230\u5a92\u9ad4\u6587\u4ef6\u593e",
    "SaveSubtitlesIntoMediaFoldersHelp": "\u5132\u5b58\u5b57\u5e55\u5728\u5f71\u7247\u6a94\u6848\u65c1\u4ee5\u65b9\u4fbf\u7ba1\u7406",
    "AutomaticSubtitleDownloadInstructions": "\u5982\u8981\u7ba1\u7406\u81ea\u52d5\u5b57\u5e55\u4e0b\u8f09\uff0c\u5728Emby\u8cc7\u6599\u5eab\u8a2d\u5b9a\u4e2d\uff0c\u6309\u5176\u4e2d\u7684\u5b57\u5e55\u4e0b\u8f09\u8a2d\u5b9a",
    "ProviderNeedsSetupWithUrl": "{0}\u9700\u8981\u984d\u5916\u8a2d\u5b9a\u5728{1}\u8a2d\u5b9a\u756b\u9762{2}",
    "LabelEnableHardwareAcceleration": "\u7576\u53ef\u7528\u6642\uff0c\u555f\u7528\u786c\u9ad4\u52a0\u901f:",
    "HeaderPreferredHardwareDecoders": "\u504f\u611b\u786c\u9ad4\u89e3\u78bc\u5668",
    "HeaderPreferredHardwareEncoders": "\u504f\u611b\u786c\u9ad4\u7de8\u78bc\u5668",
    "AllowChangingImageAndPassword": "\u8b93\u4f7f\u7528\u8005\u66f4\u6539\u5bc6\u78bc\u548c\u5e33\u865f\u5716\u50cf",
    "LabelSimultaneousStreamLimit": "\u540c\u6642\u5f71\u7247\u4e32\u6d41\u6700\u5927\u6578\u91cf:",
    "SimultaneousStreamLimitHelp": "\u9650\u5236\u7dda\u4e0a\u5f71\u7247\u64ad\u653e\u9023\u7dda\u7e3d\u6578",
    "LabelMusicFolderStructure": "\u97f3\u6a02\u8cc7\u6599\u593e\u7d50\u69cb:",
    "LabelMusicFolderStructureHelp": "\u5728\u6b64\u63d0\u4f9b\u95dc\u65bc\u8cc7\u6599\u9928\u6383\u63cf\u7684\u7dda\u7d22\uff0c\u95dc\u65bc\u8cc7\u6599\u593e\u5982\u4f55\u6574\u7406\u3002\u5982\u4e0d\u78ba\u5b9a\uff0c\u6216\u4e0d\u7b26\u5408\u4efb\u4e00\u9078\u9805\uff0c\u8acb\u9078 \u5176\u4ed6 \u4f5c\u70ba\u9810\u8a2d\u503c",
    "OtherOrUnstructured": "\u5176\u4ed6\u6216\u672a\u7d50\u69cb\u5316",
    "PerfectArtistAlbumTrack": "\u5c07\u6f14\u51fa\u8005\\\u5c08\u8f2f\u5b8c\u7f8e\u7d50\u69cb\u6574\u5408\uff0c\u76f4\u63a5\u5f9e\u5c08\u8f2f\u8cc7\u6599\u593e\u7684\u97f3\u8ecc\u958b\u59cb",
    "PerfectAlbumTrack": "\u5c07\u5c08\u8f2f\u5b8c\u7f8e\u7d50\u69cb\u6574\u5408\uff0c\u76f4\u63a5\u5f9e\u5c08\u8f2f\u8cc7\u6599\u593e\u7684\u97f3\u8ecc\u958b\u59cb",
    "LabelMinCollectionSize": "\u6700\u5c0f\u81ea\u52d5\u9078\u8f2f\u5bb9\u91cf:",
    "MinCollectionSizeHelp": "\u7576\u5728\u8cc7\u6599\u5eab\u4e2d\uff0c\u52fe\u9078\u6a19\u984c\u9054\u5230\u4e00\u5b9a\u6578\u91cf\uff0c\u6703\u81ea\u52d5\u7522\u751f\u9078\u8f2f\u3002\u66f4\u52d5\u8a72\u6578\u91cf\u7684\u6578\u503c\uff0c\u4e0d\u6703\u5f71\u97ff\u73fe\u6709\u7684\u9078\u96c6\u3002",
    "LabelImportCollections": "\u5f9e\u4e2d\u7e7c\u8cc7\u6599\u532f\u5165\u9078\u8f2f\u8cc7\u8a0a",
    "LabelImportCollectionsHelp": "\u7576\u555f\u7528\u6642\uff0c\u5c07\u6703\u5f9e\u555f\u7528\u7684\u4e2d\u7e7c\u8cc7\u6599\u4e0b\u8f09\u6e90\uff0c\u532f\u5165\u9078\u8f2f\u8cc7\u8a0a\u3002\u9019\u6709\u53ef\u80fd\u9020\u6210\u975e\u5fc5\u8981\u9078\u8f2f\u4e5f\u81ea\u52d5\u7522\u751f\u3002\u95dc\u9589\u6b64\u529f\u80fd\u53ef\u9632\u6b62\u672a\u4f86\u81ea\u52d5\u7522\u751f\u9078\u8f2f\uff0c\u4e14\u4e0d\u6703\u522a\u9664\u73fe\u5b58\u7684\u9078\u8f2f\u3002",
    "LabelAllowAdultMetadata": "\u5141\u8a31\u6210\u4eba\u4e2d\u7e7c\u8cc7\u6599",
    "LabelAllowAdultMetadataHelp": "\u7576\u5728\u7db2\u8def\u4e2d\u7e7c\u8cc7\u6599\u641c\u5c0b\u6642\uff0c\u5141\u8a31\u543b\u5408\u6210\u4eba\u6a19\u984c",
    "HeaderVideoPreviewThumbnails": "\u5f71\u7247\u9810\u89bd\u7e2e\u5716",
    "LabelEnableHDRToneMapping": "\u555f\u7528HDR\u9ad8\u52d5\u614b\u7bc4\u570d\u6210\u50cf\u7684\u8272\u8abf\u6620\u5c04:",
    "EnableHDRToneMappingHelp": "\u5728\u5c0dHDR\u5167\u5bb9\u9032\u884c\u8f49\u78bc\u6642\uff0c\u8272\u8abf\u6620\u5c04\u53ef\u78ba\u4fdd\u6b63\u78ba\u7684\u984f\u8272\u8f49\u63db\uff0c\u5426\u5247\u5c07\u986f\u5f97\u7570\u5e38\u6697\u6de1\u548c\u4e0d\u98fd\u548c\u3002 \u555f\u7528\u6b64\u529f\u80fd\uff0c\u53ef\u80fd\u9700\u8981\u5176\u4ed6\u9a45\u52d5\u5143\u4ef6\u4f86\u652f\u63f4\u786c\u9ad4\u52a0\u901f\u3002 \u6709\u95dc\u8a73\u7d30\u4fe1\u606f\uff0c\u8acb\u53c3\u95b1\u6211\u5011\u7684\u786c\u4ef6\u52a0\u901f\u8a2d\u7f6e\u6307\u5357\u3002",
    "WithHardwareAcceleratedTranscoding": "\u662f\uff0c\u53ea\u5728\u786c\u9ad4\u52a0\u901f\u4e0b",
    "TranscodingStillInitializing": "Emby\u4f3a\u670d\u5668\u8f49\u78bc\u670d\u52d9\u5728\u555f\u52d5\u6642\u5c31\u958b\u59cb\u5fd9\u788c\u57f7\u884c\uff0c\u6b64\u756b\u9762\u6703\u81ea\u52d5\u5237\u65b0\u7576\u8f49\u78bc\u670d\u52d9\u5b8c\u6210\u6642",
    "WithEitherHardwareOrSoftwareTranscoding": "\u662f\uff0c\u5728\u786c\u9ad4\u6216\u8edf\u9ad4\u8f49\u78bc\u4e0b",
    "ToneMappingInHardwareDescription": "\u786c\u9ad4\u52a0\u901f\u555f\u7528\u4e14\u6709\u652f\u63f4\u4e0b\uff0c\u65b9\u53ef\u4f7f\u7528\u8272\u8abf\u6620\u5c04\uff0c\u4e26\u7565\u904e\u5176\u4ed6\u8a2d\u5b9a\u60c5\u6cc1",
    "ToneMappingInSoftwareDescription": "\u8272\u8abf\u6620\u5c04\u5982\u679c\u662f\u8edf\u9ad4\u5728CPU\u4e2d\u57f7\u884c\uff0c\u9019\u6bd4\u786c\u9ad4\u52a0\u901f\u8981\u6162\u5f97\u8a31\u591a\uff0c\u4e14\u9700\u8981\u4e00\u53f0\u529f\u80fd\u5f37\u5927\u7684\u4f3a\u670d\u5668\u3002",
    "ToneMappingInBothDescription": "\u7576\u786c\u9ad4\u555f\u7528\u4e26\u652f\u63f4\u786c\u9ad4\u52a0\u901f\u4e0b\uff0c\u8272\u8abf\u6620\u5c04\u53ef\u5728\u786c\u9ad4\u5167\u57f7\u884c\uff0c\u4e26\u4e14\u4e2d\u65b7\u5728\u6240\u6709\u5176\u4ed6\u60c5\u6cc1\u4e0b\u57f7\u884c\u7684\u8edf\u9ad4\u3002 \u8edf\u9ad4\u4e2d\u7684\u8272\u8abf\u6620\u5c04\u8981\u6bd4\u786c\u9ad4\u52a0\u901f\u6162\u5f97\u591a\uff0c\u4e26\u4e14\u9700\u8981\u529f\u80fd\u975e\u5e38\u5f37\u5927\u7684\u4f3a\u670d\u5668\u3002",
    "AutoMapped": "\u81ea\u52d5\u5c0d\u61c9",
    "ManuallyMapped": "\u624b\u52d5\u5c0d\u61c9",
    "NotMappedToGuideData": "\u6307\u5357\u8cc7\u6599\u7121\u5c0d\u61c9",
    "MappedToValue": "\u5c0d\u61c9\u5230{0}",
    "LabelAutomaticallyWakeServerForRecordings": "\u81ea\u52d5\u559a\u9192\u4f3a\u670d\u5668\u555f\u52d5\u9304\u5f71",
    "LabelAutomaticallyWakeServerForRecordingsHelp": "\u559a\u9192\u4e8b\u4ef6\u53ef\u900f\u904e\u4f3a\u670d\u5668\u4f5c\u696d\u7cfb\u7d71\u4f86\u6392\u7a0b\u3002\u4e0d\u555f\u7528\u9078\u9805\u53ef\u9810\u9632\u672a\u4f86\u559a\u9192\u4e8b\u4ef6\u88ab\u66f4\u52d5\u6392\u7a0b\u6642\u9593\u6642\uff0c\u66f4\u4e4b\u524d\u7684\u6392\u7a0b\u4e8b\u4ef6\u4e0d\u6703\u56e0\u6b64\u88ab\u79fb\u9664",
    "Database": "\u8cc7\u6599\u5eab",
    "LabelOptimizeDatabaseOnShutdown": "\u8a66\u8457\u6700\u4f73\u5316\u8cc7\u6599\u5eab\u5728\u4f3a\u670d\u5668\u95dc\u6a5f\u6642",
    "LabelOptimizeDatabaseOnShutdownHelp": "\u8cc7\u6599\u5eab\u6700\u4f73\u5316\u7d93\u5e38\u7121\u5be6\u969b\u4f5c\u696d\uff0c\u50c5\u6709\u5c0d\u6700\u4f73\u5316\u67e5\u8a62\u6216\u67e5\u8a62\u8a08\u756b\u6709\u5be6\u969b\u52a9\u76ca\u6642\uff0c\u624d\u6703\u57f7\u884c\u5206\u6790\u3002\u9019\u6703\u8b93Emby\u4f3a\u670d\u5668\u82b1\u8f03\u4e45\u6642\u9593\u95dc\u6a5f",
    "LabelDatabaseCacheSize": "\u8cc7\u6599\u5eab\u5feb\u53d6\u5927\u5c0f(MB)",
    "LabelDatabaseCacheSizeHelp": "\u8a2d\u5b9a\u540c\u6642\u5728\u8a18\u61b6\u9ad4\u4e2d\u7684\u8cc7\u6599\u5eab\u6578\u91cf\uff0c\u6bcf\u4e00\u8cc7\u6599\u6578\u6a94\u6848\u6578\u3002\u8f03\u5927\u7684\u6578\u503c\u6703\u589e\u9032Emby\u4f3a\u670d\u5668\u6548\u80fd\uff0c\u9700\u8981\u91cd\u555f\u4f3a\u670d\u5668\u4f86\u555f\u7528",
    "LabelDatabaseAnalysisLimit": "\u5206\u6790\u5217\u9650\u5236",
    "LabelDatabaseAnalysisLimitHelp": "\u7576\u8cc7\u6599\u5eab\u6700\u4f73\u5316\u5f8c\uff0c\u5728\u6bcf\u500b\u7d22\u5f15\u4e2d\uff0c\u6703\u6709\u76f8\u7576\u591a\u7684\u8cc7\u6599\u7b46\u6578\u88ab\u5206\u6790\u6307\u4ee4\u6240\u6aa2\u9a57\u3002\u8cc7\u6599\u5eab\u6700\u4f73\u5316\u7684\u6548\u7387\u5c07\u6703\u5927\u5e45\u63d0\u9ad8\uff0c\u4f46\u537b\u8b93Emby\u4f3a\u670d\u5668\u95dc\u6a5f\u6642\u9593\u66f4\u4e45",
    "LabelVacuumDb": "\u4e0b\u6b21Emby\u4f3a\u670d\u5668\u555f\u52d5\u6642\u6e05\u7a7a\u8cc7\u6599\u5eab",
    "LabelVacuumDbHelp": "\u6e05\u7a7a\u6307\u4ee4\u91cd\u5efa\u8cc7\u6599\u5eab\u6a94\u6848\uff0c\u91cd\u65b0\u6253\u5305\u653e\u5230\u4e00\u500b\u8f03\u5c0f\u7684\u78c1\u789f\u7a7a\u9593\u3002\u67d0\u4e9b\u6642\u5019\u9019\u6703\u589e\u9032Emby\u4f3a\u670d\u5668\u6548\u80fd\u3002\u8acb\u6ce8\u610fEmby\u4f3a\u670d\u5668\u5728\u6e05\u7a7a\u4f5c\u696d\u6642\uff0c\u7121\u6cd5\u4f7f\u7528\uff0c\u4e14\u4e5f\u7121\u6cd5\u76e3\u63a7\u6e05\u7a7a\u4f5c\u696d\u9032\u5ea6\u3002\u8acb\u907f\u514d\u5f37\u5236Emby\u4f3a\u670d\u5668\u5728\u6b64\u6642\u95dc\u6a5f\uff0c\u9019\u53ef\u80fd\u5c0e\u81f4\u8cc7\u6599\u5eab\u640d\u6bc0\u3002\u9019\u662f\u50c5\u53ea\u4e00\u6b21\u4f5c\u696d\uff0c\u91cd\u958b\u6a5f\u4e4b\u5f8c\u6b64\u9078\u9805\u5c07\u6062\u5fa9\u4e0d\u52fe\u9078",
    "AdvancedOptionsWarning": "\u9019\u4e9b\u9032\u968e\u9078\u9805\u4e00\u822c\u61c9\u4f7f\u7528\u9810\u8a2d\u503c\uff0c\u9664\u975e\u771f\u6709\u7406\u7531\u9700\u66f4\u6539",
    "HeaderRecentlyActiveDevices": "\u8fd1\u671f\u4f7f\u7528\u88dd\u7f6e",
    "YesUntilServerRestart": "\u662f,\u76f4\u5230\u4e0b\u4e00\u6b21\u91cd\u555f\u670d\u52d9\u5668",
    "YesUntilLogRotate": "\u662f,\u76f4\u5230\u4e0b\u4e00\u500b\u65e5\u8a8c\u6587\u4ef6\u8f2a\u63db",
    "LabelSubtitleDownloadMaxAge": "\u82e5\u66f4\u65e9\u4e4b\u524d\uff0c\u5c31\u505c\u6b62\u8a66\u8457\u81ea\u52d5\u66ff\u5f71\u7247\u4e0b\u8f09\u5b57\u5e55",
    "SubtitleDownloadMaxAgeHelp": "\u6b64\u6839\u64da\u589e\u52a0\u65bc\u4e2d\u7e7c\u8cc7\u6599\u7684\u65e5\u671f",
    "NoAgeLimit": "\u7121\u5e74\u9f61\u9650\u5236",
    "AnonymizeLogContents": "\u65e5\u8a8c\u5167\u5bb9\u533f\u540d\u5316",
    "Markers": "\u6a19\u8a18",
    "LabelGenerateIntroVideoMarkers": "\u751f\u6210\u4ecb\u7d39\u5f71\u7247\u6a19\u8a18\uff1a",
    "GenerateIntroVideoMarkersHelp": "\u6aa2\u6e2c\u5f71\u96c6\u4ecb\u7d39\u4e26\u5728Emby\u61c9\u7528\u7a0b\u5e8f\u4e2d\u986f\u793a\u201c\u8df3\u904e\u4ecb\u7d39\u201d\u6309\u9215\u3002\u4ecb\u7d39\u6aa2\u6e2c\u53ef\u80fd\u9700\u8981\u5f88\u9577\u6642\u9593\u4e26\u5c0e\u81f4CPU\u6216\u78c1\u76e4\u4f7f\u7528\u7387\u904e\u9ad8\u3002",
    "LabelCopyFromUser": "\u5f9e\u7528\u6236\u8907\u88fd\u8a2d\u7f6e\uff1a",
    "CopyFromUserHelp": "\u53ef\u9078\u7684\u3002\u901a\u904e\u8907\u88fd\u73fe\u6709\u7528\u6236\u7684\u4fe1\u606f\u4f86\u52a0\u901f\u65b0\u7528\u6236\u7684\u5275\u5efa\u3002",
    "UserPolicy": "\u7528\u6236\u653f\u7b56\uff08\u8cc7\u6599\u5eab\u548c\u529f\u80fd\u8a2a\u554f\u3001\u5bb6\u9577\u63a7\u5236\u7b49\uff09",
    "UserConfiguration": "\u7528\u6236\u8a2d\u7f6e\uff08\u504f\u597d\u97f3\u8a0a\u548c\u5b57\u5e55\u8a9e\u8a00\u3001\u8cc7\u6599\u5eab\u9806\u5e8f\u7b49\uff09",
    "HeaderCopyOptions": "\u8907\u88fd\u9078\u9805",
    "LabelMultiRestrictionMode": "\u591a\u91cd\u9650\u5236\u6a21\u5f0f:",
    "MultiRestrictionModeAll": "\u5141\u8a31\u5167\u5bb9\u540c\u6642\u543b\u5408\u8a55\u5206\u548c\u6a19\u7c64\u9650\u5236",
    "MultiRestrictionModeAny": "\u5141\u8a31\u5167\u5bb9\u64c7\u4e00\u543b\u5408\u8a55\u5206\u548c\u6a19\u7c64\u9650\u5236",
    "AllowMappingByChannelNumber": "\u5141\u8a31\u6307\u5357\u8cc7\u6599\u6620\u896f\uff0c\u4f7f\u7528\u983b\u9053\u6578\u91cf",
    "AllowMappingByChannelNumberHelp": "\u7576\u7121\u6cd5\u5339\u914d\u983b\u9053\u540d\u7a31\u6642\uff0c\u53ef\u5c07\u8abf\u8ae7\u5668\u983b\u9053\u8207\u6307\u5357\u6578\u64da\u5339\u914d\uff0c\u4f5c\u70ba\u5099\u7528\u3002\u5982\u679c\u4f86\u81ea\u8abf\u8ae7\u5668\u7684\u983b\u9053\u7de8\u865f\u4e0d\u6b63\u78ba\uff0c\u9019\u53ef\u80fd\u6703\u5c0e\u81f4\u5339\u914d\u4e0d\u51c6\u78ba\u3002",
    "LabelPreferredSourceForChannelLogos": "\u7576\u5354\u8abf\u5668\u540c\u6642\u6709\u983b\u9053\u5fbd\u6a19\u548c\u6307\u5357\u6578\u64da\uff0c\u4ee5\u6307\u5357\u6578\u64da\u70ba\u512a\u5148",
    "LabelPreferredSourceForChannelNumbers": "\u7576\u5354\u8abf\u5668\u540c\u6642\u6709\u983b\u9053\u7de8\u865f\u548c\u6307\u5357\u6578\u64da\uff0c\u4ee5\u6307\u5357\u6578\u64da\u70ba\u512a\u5148",
    "HeaderSoftwareEncoders": "\u8edf\u9ad4\u7de8\u78bc\u5668"
}