{
    "SettingsSaved": "\uc124\uc815\uc774 \uc800\uc7a5\ub418\uc5c8\uc2b5\ub2c8\ub2e4.",
    "AddUser": "\uc0ac\uc6a9\uc790 \ucd94\uac00",
    "Users": "\uc0ac\uc6a9\uc790",
    "Delete": "\uc0ad\uc81c",
    "Administrator": "\uad00\ub9ac\uc790",
    "Password": "\ube44\ubc00\ubc88\ud638",
    "DeleteImage": "\uc774\ubbf8\uc9c0 \uc0ad\uc81c",
    "MessageThankYouForSupporting": "Thank you for supporting Emby.",
    "MessagePleaseSupportProject": "Please support Emby.",
    "DeleteImageConfirmation": "\uc774 \uc774\ubbf8\uc9c0\ub97c \uc0ad\uc81c\ud558\uaca0\uc2b5\ub2c8\uae4c?",
    "FileReadCancelled": "The file read has been canceled.",
    "FileNotFound": "\ud30c\uc77c\uc744 \ucc3e\uc744 \uc218 \uc5c6\uc2b5\ub2c8\ub2e4.",
    "FileReadError": "\ud30c\uc77c\uc744 \uc77d\ub294 \ub3d9\uc548 \uc624\ub958\uac00 \ubc1c\uc0dd\ud558\uc600\uc2b5\ub2c8\ub2e4.",
    "DeleteUser": "\uc0ac\uc6a9\uc790 \uc0ad\uc81c",
    "DeleteUserConfirmation": "\uc774 \uc0ac\uc6a9\uc790\ub97c \uc0ad\uc81c\ud558\uaca0\uc2b5\ub2c8\uae4c?",
    "PasswordResetHeader": "\ube44\ubc00\ubc88\ud638 \ucd08\uae30\ud654",
    "PasswordResetComplete": "\ube44\ubc00\ubc88\ud638\uac00 \ucd08\uae30\ud654\ub418\uc5c8\uc2b5\ub2c8\ub2e4.",
    "PinCodeResetComplete": "PIN \ucf54\ub4dc\uac00 \ucd08\uae30\ud654\ub418\uc5c8\uc2b5\ub2c8\ub2e4.",
    "PasswordResetConfirmation": "\ube44\ubc00\ubc88\ud638\ub97c \ucd08\uae30\ud654\ud558\uaca0\uc2b5\ub2c8\uae4c?",
    "PinCodeResetConfirmation": "PIN \ucf54\ub4dc\ub97c \ucd08\uae30\ud654\ud558\uaca0\uc2b5\ub2c8\uae4c?",
    "HeaderPinCodeReset": "PIN \ucf54\ub4dc \ucd08\uae30\ud654",
    "PasswordSaved": "\ube44\ubc00\ubc88\ud638\uac00 \uc800\uc7a5\ub418\uc5c8\uc2b5\ub2c8\ub2e4.",
    "PasswordMatchError": "\ube44\ubc00\ubc88\ud638\uc640 \ube44\ubc00\ubc88\ud638 \ud655\uc778\uc774 \uc77c\uce58\ud558\uc5ec\uc57c \ud569\ub2c8\ub2e4.",
    "OptionRelease": "\uacf5\uc2dd \ub9b4\ub9ac\uc988",
    "OptionBeta": "\ubca0\ud0c0",
    "OptionDev": "\uac1c\ubc1c (\ubd88\uc548\uc815)",
    "UninstallPluginHeader": "\ud50c\ub7ec\uadf8\uc778 \uc124\uce58 \uc81c\uac70",
    "UninstallPluginConfirmation": "{0} \uc744(\ub97c) \uc124\uce58 \uc81c\uac70\ud558\uaca0\uc2b5\ub2c8\uae4c?",
    "NoPluginConfigurationMessage": "\uc774 \ud50c\ub7ec\uadf8\uc778\uc740 \uc124\uc815\ud560 \uc218 \uc5c6\uc2b5\ub2c8\ub2e4.",
    "NoPluginsInstalledMessage": "\uc124\uce58\ud55c \ud50c\ub7ec\uadf8\uc778\uc774 \uc5c6\uc2b5\ub2c8\ub2e4.",
    "BrowsePluginCatalogMessage": "\uc0ac\uc6a9 \uac00\ub2a5\ud55c \ud50c\ub7ec\uadf8\uc778\uc744 \ubcf4\ub824\uba74 \ud50c\ub7ec\uadf8\uc778 \uce74\ud0c8\ub85c\uadf8\ub97c \ud0d0\uc0c9\ud558\uc138\uc694.",
    "MessageKeyEmailedTo": "\ud0a4\uac00 {0}\uc5d0\uac8c \uc774\uba54\uc77c\ub85c \uc804\uc1a1\ub418\uc5c8\uc2b5\ub2c8\ub2e4.",
    "MessageKeysLinked": "\ud0a4\uac00 \uc5f0\uacb0\ub418\uc5c8\uc2b5\ub2c8\ub2e4.",
    "HeaderConfirmation": "\ud655\uc778",
    "MessageKeyUpdated": "\uace0\ub9d9\uc2b5\ub2c8\ub2e4. \uadc0\ud558\uc758 Emby \ud504\ub9ac\ubbf8\uc5b4 \ud0a4\uac00 \uc5c5\ub370\uc774\ud2b8\ub418\uc5c8\uc2b5\ub2c8\ub2e4.",
    "MessageKeyRemoved": "\uace0\ub9d9\uc2b5\ub2c8\ub2e4. \uadc0\ud558\uc758 Emby \ud504\ub9ac\ubbf8\uc5b4 \ud0a4\uac00 \uc0ad\uc81c\ub418\uc5c8\uc2b5\ub2c8\ub2e4.",
    "HeaderSupportTheTeam": "Emby \ud300 \uc9c0\uc6d0",
    "TextEnjoyBonusFeatures": "\ubcf4\ub108\uc2a4 \uae30\ub2a5\uc744 \uc990\uae30\uc138\uc694",
    "TitleLiveTV": "TV \ubc29\uc1a1",
    "ButtonCancelSyncJob": "\ub3d9\uae30\ud654 \ucde8\uc18c",
    "HeaderAddTag": "\ud0dc\uadf8 \ucd94\uac00",
    "LabelTag": "\ud0dc\uadf8:",
    "ButtonSelectView": "\ubcf4\uae30 \uc120\ud0dd",
    "TitleSync": "\ub3d9\uae30\ud654",
    "OptionAutomatic": "\uc790\ub3d9",
    "HeaderSelectDate": "\ub0a0\uc9dc \uc120\ud0dd",
    "ButtonIdentify": "Identify",
    "HeaderIdentifyItem": "Identify Item",
    "LabelRecurringDonationCanBeCancelledHelp": "\uc815\uae30 \ud6c4\uc6d0\uc740 \uc5b8\uc81c\ub4e0\uc9c0 \uadc0\ud558\uc758 PayPal \uacc4\uc815\uc5d0\uc11c \ucde8\uc18c\ud560 \uc218 \uc788\uc2b5\ub2c8\ub2e4.",
    "LabelFromHelp": "Example: {0} (on the server)",
    "HeaderMyMedia": "\ub0b4 \ubbf8\ub514\uc5b4",
    "ButtonRemoveFromCollection": "\uceec\ub809\uc158\uc5d0\uc11c \uc0ad\uc81c",
    "LabelAutomaticUpdateLevel": "\uc790\ub3d9 \uc5c5\ub370\uc774\ud2b8 \uc218\uc900:",
    "LabelAutomaticUpdateLevelForPlugins": "\ud50c\ub7ec\uadf8\uc778 \uc790\ub3d9 \uc5c5\ub370\uc774\ud2b8 \uc218\uc900:",
    "TitleNotifications": "\uc54c\ub9bc",
    "ErrorLaunchingChromecast": "\ud06c\ub86c\uce90\uc2a4\ud2b8 \uc2e4\ud589\uc5d0 \uc624\ub958\uac00 \ubc1c\uc0dd\ud558\uc600\uc2b5\ub2c8\ub2e4. \uc7a5\uce58\uac00 \ubb34\uc120 \ub124\ud2b8\uc6cc\ud06c\uc5d0 \uc5f0\uacb0\ub418\uc5b4 \uc788\ub294\uc9c0 \ud655\uc778\ud558\uc138\uc694.",
    "MessageErrorLoadingSupporterInfo": "Emby \ud504\ub9ac\ubbf8\uc5b4 \uc815\ubcf4\ub97c \uac00\uc838\uc624\uae30\uc5d0 \uc624\ub958\uac00 \ubc1c\uc0dd\ud558\uc600\uc2b5\ub2c8\ub2e4. \ub2e4\uc2dc \uc2dc\ub3c4\ud574 \uc8fc\uc138\uc694.",
    "MessageLinkYourSupporterKey": "Link your Emby Premiere key with up to {0} Emby Connect members to enjoy free access to the following apps:",
    "HeaderConfirmRemoveUser": "\uc0ac\uc6a9\uc790 \uc0ad\uc81c",
    "MessageConfirmRemoveConnectSupporter": "Are you sure you wish to remove additional Emby Premiere benefits from this user?",
    "ValueTimeLimitSingleHour": "\uc2dc\uac04 \uc81c\ud55c: 1 \uc2dc\uac04",
    "ValueTimeLimitMultiHour": "\uc2dc\uac04 \uc81c\ud55c: {0} \uc2dc\uac04",
    "HeaderUsers": "\uc0ac\uc6a9\uc790",
    "PluginCategoryGeneral": "\uc77c\ubc18",
    "PluginCategoryContentProvider": "\ucf58\ud150\ud2b8 \uc81c\uacf5\uc790",
    "PluginCategoryScreenSaver": "\ud654\uba74 \ubcf4\ud638\uae30",
    "PluginCategoryTheme": "\ud14c\ub9c8",
    "PluginCategorySync": "\ub3d9\uae30\ud654",
    "PluginCategorySocialIntegration": "\uc18c\uc15c \ub124\ud2b8\uc6cc\ud06c",
    "PluginCategoryNotifications": "\uc54c\ub9bc",
    "PluginCategoryMetadata": "\uba54\ud0c0\ub370\uc774\ud130",
    "PluginCategoryLiveTV": "TV \ubc29\uc1a1",
    "PluginCategoryChannel": "\ucc44\ub110",
    "HeaderSearch": "\ucc3e\uae30",
    "ValueDateCreated": "\uc0dd\uc131 \ub0a0\uc9dc: {0}",
    "LabelArtist": "\uc544\ud2f0\uc2a4\ud2b8",
    "LabelMovie": "\uc601\ud654",
    "LabelMusicVideo": "\ubba4\uc9c1 \ube44\ub514\uc624",
    "LabelEpisode": "\uc5d0\ud53c\uc18c\ub4dc",
    "LabelSeries": "\uc2dc\ub9ac\uc988",
    "LabelStopping": "Stopping",
    "LabelCancelled": "(\ucde8\uc18c\ub428)",
    "LabelFailed": "(\uc2e4\ud328)",
    "ButtonHelp": "\ub3c4\uc6c0\ub9d0",
    "ButtonSave": "\uc800\uc7a5",
    "ButtonDownload": "\ub2e4\uc6b4\ub85c\ub4dc",
    "SyncJobStatusQueued": "\ub300\uae30",
    "SyncJobStatusConverting": "\ubcc0\ud658 \uc911",
    "SyncJobStatusFailed": "\uc2e4\ud328\ud568",
    "SyncJobStatusCancelled": "\ucde8\uc18c\ub428",
    "SyncJobStatusCompleted": "\ub3d9\uae30\ud654\ub428",
    "SyncJobStatusReadyToTransfer": "Ready to Transfer",
    "SyncJobStatusTransferring": "\uc804\uc1a1 \uc911",
    "SyncJobStatusCompletedWithError": "\ub3d9\uae30\ud654 \uc624\ub958",
    "SyncJobItemStatusReadyToTransfer": "Ready to Transfer",
    "LabelCollection": "\uceec\ub809\uc158",
    "HeaderAddToCollection": "\uceec\ub809\uc158\uc5d0 \ucd94\uac00",
    "HeaderNewCollection": "\uc0c8 \uceec\ub809\uc158",
    "NewCollectionNameExample": "Example: Star Wars Collection",
    "OptionSearchForInternetMetadata": "\uc778\ud130\ub137\uc5d0\uc11c \uc544\ud2b8\uc6cc\ud06c\uc640 \uba54\ud0c0\ub370\uc774\ud130 \uac80\uc0c9",
    "LabelSelectCollection": "\uceec\ub809\uc158 \uc120\ud0dd:",
    "HeaderDevices": "\uc7a5\uce58",
    "ButtonScheduledTasks": "\uc608\uc57d \uc791\uc5c5",
    "MessageItemsAdded": "\ud56d\ubaa9 \ucd94\uac00\ub428",
    "ButtonAddToCollection": "\uceec\ub809\uc158\uc5d0 \ucd94\uac00",
    "HeaderSelectCertificatePath": "Select Certificate Path",
    "ConfirmMessageScheduledTaskButton": "\uc774 \uc791\uc5c5\uc740 \uc77c\ubc18\uc801\uc73c\ub85c \uc608\uc57d \uc791\uc5c5\uc73c\ub85c \uc790\ub3d9 \uc2e4\ud589\ub418\ubbc0\ub85c \uc218\uc791\uc5c5\uc774 \ud544\uc694\uc5c6\uc2b5\ub2c8\ub2e4. \uc608\uc57d \uc791\uc5c5\uc744 \uc124\uc815\ud558\ub824\uba74 \ub2e4\uc74c\uc744 \ubcf4\uc138\uc694:",
    "HeaderSupporterBenefit": "An active Emby Premiere subscription provides additional benefits such as access to sync, premium plugins, internet channel content, and more. {0}Learn more{1}.",
    "LabelSyncNoTargetsHelp": "\ud604\uc7ac \ub3d9\uae30\ud654\ub97c \uc9c0\uc6d0\ud558\ub294 \uc571\uc774 \uc5c6\uc2b5\ub2c8\ub2e4.",
    "HeaderWelcomeToProjectServerDashboard": "Welcome to the Emby Server Dashboard",
    "HeaderWelcomeToProjectWebClient": "Welcome to Emby",
    "ButtonTakeTheTour": "\ub458\ub7ec \ubcf4\uae30",
    "HeaderWelcomeBack": "Welcome back!",
    "TitlePlugins": "\ud50c\ub7ec\uadf8\uc778",
    "ButtonTakeTheTourToSeeWhatsNew": "\uc0c8\ub85c\uc6b4 \ub0b4\uc6a9\uc744 \ub458\ub7ec \ubcf4\uc138\uc694",
    "MessageNoSyncJobsFound": "\ub3d9\uae30\ud654 \uc791\uc5c5\uc774 \uc5c6\uc2b5\ub2c8\ub2e4. \uc6f9 \uc778\ud130\ud398\uc774\uc2a4\uc5d0 \uc788\ub294 \ub3d9\uae30\ud654 \ubc84\ud2bc\uc744 \uc0ac\uc6a9\ud558\uc5ec \ub3d9\uae30\ud654 \uc791\uc5c5\uc744 \uc0dd\uc131\ud558\uc138\uc694.",
    "HeaderLibraryAccess": "\ub77c\uc774\ube0c\ub7ec\ub9ac \uc811\uc18d",
    "HeaderChannelAccess": "\ucc44\ub110 \uc811\uc18d",
    "HeaderDeviceAccess": "\uc7a5\uce58 \uc811\uc18d",
    "HeaderSelectDevices": "\uc7a5\uce58 \uc120\ud0dd",
    "ButtonCancelItem": "\ud56d\ubaa9 \ucde8\uc18c",
    "ButtonQueueForRetry": "Queue for retry",
    "ButtonReenable": "Re-enable",
    "ButtonLearnMore": "\ub354 \uc54c\uc544\ubcf4\uae30",
    "SyncJobItemStatusSyncedMarkForRemoval": "Marked for removal",
    "LabelAbortedByServerShutdown": "(\uc11c\ubc84\uac00 \uc885\ub8cc\ub418\uc5b4 \ucde8\uc18c\ub428)",
    "LabelScheduledTaskLastRan": "Last ran {0}, taking {1}.",
    "HeaderDeleteTaskTrigger": "\uc791\uc5c5 \ud2b8\ub9ac\uac70 \uc0ad\uc81c",
    "MessageDeleteTaskTrigger": "\uc774 \uc791\uc5c5 \ud2b8\ub9ac\uac70\ub97c \uc0ad\uc81c\ud558\uaca0\uc2b5\ub2c8\uae4c?",
    "MessageNoPluginsInstalled": "\uc124\uce58\ub41c \ud50c\ub7ec\uadf8\uc778\uc774 \uc5c6\uc2b5\ub2c8\ub2e4.",
    "MessageNoPluginsDueToAppStore": "To manage plugins, please use the Emby web app.",
    "LabelVersionInstalled": "{0} \uc124\uce58\ub428",
    "LabelNumberReviews": "{0} \ub9ac\ubdf0",
    "LabelFree": "\ubb34\ub8cc",
    "HeaderTo": "To",
    "HeaderPlaybackError": "\uc7ac\uc0dd \uc624\ub958",
    "MessagePlaybackErrorNotAllowed": "\uc774 \ucf58\ud150\ud2b8\ub97c \uc7ac\uc0dd\ud560 \uad8c\ud55c\uc774 \uc5c6\uc2b5\ub2c8\ub2e4. \uc790\uc138\ud55c \ub0b4\uc6a9\uc740 \uc2dc\uc2a4\ud15c \uad00\ub9ac\uc790\uc5d0\uac8c \ubb38\uc758\ud558\uc138\uc694.",
    "MessagePlaybackErrorNoCompatibleStream": "No compatible streams are currently available. Please try again later or contact your system administrator for details.",
    "MessagePlaybackErrorRateLimitExceeded": "Your playback rate limit has been exceeded. Please contact your system administrator for details.",
    "MessagePlaybackErrorPlaceHolder": "\uc120\ud0dd\ud55c \ucf58\ud150\ud2b8\ub294 \uc774 \uc7a5\uce58\uc5d0\uc11c \uc7ac\uc0dd\ud560 \uc218 \uc5c6\uc2b5\ub2c8\ub2e4.",
    "HeaderSelectAudio": "\uc624\ub514\uc624 \uc120\ud0dd",
    "HeaderSelectSubtitles": "\uc790\ub9c9 \uc120\ud0dd",
    "ButtonMarkForRemoval": "\uc7a5\uce58\uc5d0\uc11c \uc81c\uac70",
    "ButtonUnmarkForRemoval": "\uc7a5\uce58\uc5d0\uc11c \uc81c\uac70 \ucde8\uc18c",
    "LabelDefaultStream": "(\uae30\ubcf8)",
    "LabelForcedStream": "(Forced)",
    "LabelDefaultForcedStream": "(\uae30\ubcf8\/Forced)",
    "LabelUnknownLanguage": "\uc54c \uc218 \uc5c6\ub294 \uc5b8\uc5b4",
    "MessageConfirmSyncJobItemCancellation": "\uc774 \ud56d\ubaa9\uc744 \ucde8\uc18c\ud558\uaca0\uc2b5\ub2c8\uae4c?",
    "ButtonMute": "\uc74c\uc18c\uac70",
    "ButtonUnmute": "\uc74c\uc18c\uac70 \ucde8\uc18c",
    "ButtonStop": "\uc911\uc9c0",
    "ButtonNextTrack": "\ub2e4\uc74c \ud2b8\ub799",
    "ButtonPause": "\uc77c\uc2dc \uc911\uc9c0",
    "ButtonPlay": "\uc7ac\uc0dd",
    "ButtonEdit": "\ud3b8\uc9d1",
    "ButtonQueue": "\ub300\uae30\uc5f4 \ucd94\uac00",
    "ButtonPlayTrailer": "\uc608\uace0\ud3b8 \uc7ac\uc0dd",
    "ButtonPlaylist": "\uc7ac\uc0dd\ubaa9\ub85d",
    "ButtonPreviousTrack": "\uc774\uc804 \ud2b8\ub799",
    "LabelEnabled": "\uc0ac\uc6a9",
    "LabelDisabled": "\uc0ac\uc6a9 \uc548 \ud568",
    "ButtonMoreInformation": "\ucd94\uac00 \uc815\ubcf4",
    "LabelNoUnreadNotifications": "\uc77d\uc9c0 \uc54a\uc740 \uc54c\ub9bc\uc774 \uc5c6\uc2b5\ub2c8\ub2e4.",
    "ButtonViewNotifications": "\uc54c\ub9bc \ubcf4\uae30",
    "ButtonMarkTheseRead": "\uc77d\uc74c\uc73c\ub85c \ud45c\uc2dc",
    "ButtonClose": "\ub2eb\uae30",
    "LabelAllPlaysSentToPlayer": "All plays will be sent to the selected player.",
    "MessageInvalidUser": "\uc62c\ubc14\ub974\uc9c0 \uc54a\uc740 \uc0ac\uc6a9\uc790\uba85 \ub610\ub294 \ube44\ubc00\ubc88\ud638\uc785\ub2c8\ub2e4. \ub2e4\uc2dc \uc2dc\ub3c4\ud558\uc138\uc694.",
    "HeaderLoginFailure": "\ub85c\uadf8\uc778 \uc2e4\ud328",
    "HeaderAllRecordings": "\ubaa8\ub4e0 \ub179\ud654",
    "RecommendationBecauseYouLike": "{0} \uc744(\ub97c) \uc88b\uc544\ud558\uae30 \ub54c\ubb38\uc5d0",
    "RecommendationBecauseYouWatched": "{0} \uc744(\ub97c) \uc2dc\uccad\ud558\uc600\uae30 \ub54c\ubb38\uc5d0",
    "RecommendationDirectedBy": "{0} \uac10\ub3c5",
    "RecommendationStarring": "{0} \ucd9c\uc5f0",
    "HeaderConfirmRecordingCancellation": "\ub179\ud654 \ucde8\uc18c \ud655\uc778",
    "MessageConfirmRecordingCancellation": "\uc774 \ub179\ud654\ub97c \ucde8\uc18c\ud558\uaca0\uc2b5\ub2c8\uae4c?",
    "MessageRecordingCancelled": "\ub179\ud654\uac00 \ucde8\uc18c\ub418\uc5c8\uc2b5\ub2c8\ub2e4.",
    "MessageRecordingScheduled": "Recording scheduled.",
    "HeaderConfirmSeriesCancellation": "\uc2dc\ub9ac\uc988 \ucde8\uc18c \ud655\uc778",
    "MessageConfirmSeriesCancellation": "\uc774 \uc2dc\ub9ac\uc988\ub97c \ucde8\uc18c\ud558\uaca0\uc2b5\ub2c8\uae4c?",
    "MessageSeriesCancelled": "\uc2dc\ub9ac\uc988\uac00 \ucde8\uc18c\ub418\uc5c8\uc2b5\ub2c8\ub2e4.",
    "HeaderConfirmRecordingDeletion": "\ub179\ud654 \uc0ad\uc81c \ud655\uc778",
    "MessageConfirmRecordingDeletion": "\uc774 \ub179\ud654\ub97c \uc0ad\uc81c\ud558\uaca0\uc2b5\ub2c8\uae4c?",
    "MessageRecordingDeleted": "\ub179\ud654\uac00 \uc0ad\uc81c\ub418\uc5c8\uc2b5\ub2c8\ub2e4.",
    "ButonCancelRecording": "\ub179\ud654 \ucde8\uc18c",
    "MessageRecordingSaved": "\ub179\ud654\uac00 \uc800\uc7a5\ub418\uc5c8\uc2b5\ub2c8\ub2e4.",
    "OptionSunday": "\ub300\uae30",
    "OptionMonday": "\uc6d4\uc694\uc77c",
    "OptionTuesday": "\ud654\uc694\uc77c",
    "OptionWednesday": "\uc218\uc694\uc77c",
    "OptionThursday": "\ubaa9\uc694\uc77c",
    "OptionFriday": "\uae08\uc694\uc77c",
    "OptionSaturday": "\ud1a0\uc694\uc77c",
    "OptionEveryday": "\ub9e4\uc77c",
    "OptionWeekend": "\uc8fc\ub9d0",
    "OptionWeekday": "\uc8fc\uc911",
    "HeaderConfirmDeletion": "\uc0ad\uc81c \ud655\uc778",
    "MessageConfirmPathSubstitutionDeletion": "\uc774 \uacbd\ub85c \ub300\uccb4\ub97c \uc0ad\uc81c\ud558\uaca0\uc2b5\ub2c8\uae4c?",
    "LiveTvUpdateAvailable": "(\uc5c5\ub370\uc774\ud2b8 \uc0ac\uc6a9 \uac00\ub2a5)",
    "LabelVersionUpToDate": "\ucd5c\uc2e0 \uc0c1\ud0dc\uc785\ub2c8\ub2e4!",
    "ButtonResetTuner": "\ud29c\ub108 \ucd08\uae30\ud654",
    "HeaderResetTuner": "\ud29c\ub108 \ucd08\uae30\ud654",
    "MessageConfirmResetTuner": "\uc774 \ud29c\ub108\ub97c \ucd08\uae30\ud654\ud558\uaca0\uc2b5\ub2c8\uae4c? \ub3d9\uc791 \uc911\uc778 \ud50c\ub808\uc774\uc5b4 \ub610\ub294 \ub179\ud654\uac00 \uc608\uace0\uc5c6\uc774 \uc911\uc9c0\ub420 \uc218 \uc788\uc2b5\ub2c8\ub2e4.",
    "ButtonCancelSeries": "\uc2dc\ub9ac\uc988 \ucde8\uc18c",
    "HeaderSeriesRecordings": "\uc2dc\ub9ac\uc988 \ub179\ud654",
    "LabelAnytime": "\uc544\ubb34 \ub54c\ub098",
    "StatusRecording": "\ub179\ud654",
    "StatusWatching": "Watching",
    "StatusRecordingProgram": "Recording {0}",
    "StatusWatchingProgram": "Watching {0}",
    "HeaderSplitMedia": "\ubbf8\ub514\uc5b4 \ubd84\ud560",
    "MessageConfirmSplitMedia": "\ubbf8\ub514\uc5b4 \uc18c\uc2a4\ub97c \uac01\uac01\uc758 \ud56d\ubaa9\uc73c\ub85c \ubd84\ub9ac\ud558\uaca0\uc2b5\ub2c8\uae4c?",
    "HeaderError": "\uc624\ub958",
    "MessageChromecastConnectionError": "\ud06c\ub86c\uce90\uc2a4\ud2b8 \uc218\uc2e0\uae30\ub97c Emby \uc11c\ubc84\uc5d0 \uc5f0\uacb0\ud560 \uc218 \uc5c6\uc2b5\ub2c8\ub2e4. \uc5f0\uacb0 \uc0c1\ud0dc\ub97c \ud655\uc778\ud558\uace0 \ub2e4\uc2dc \uc2dc\ub3c4\ud558\uc138\uc694.",
    "MessagePleaseSelectOneItem": "\ucd5c\uc18c \ud55c \uac1c\uc758 \ud56d\ubaa9\uc744 \uc120\ud0dd\ud558\uc138\uc694.",
    "MessagePleaseSelectTwoItems": "\ucd5c\uc18c \ub450 \uac1c\uc758 \ud56d\ubaa9\uc744 \uc120\ud0dd\ud558\uc138\uc694.",
    "MessageTheSelectedItemsWillBeGrouped": "\uc120\ud0dd\ud55c \ube44\ub514\uc624\ub97c \ud55c \uac1c\uc758 \uac00\uc0c1 \ud56d\ubaa9\uc73c\ub85c \ubb36\uc2b5\ub2c8\ub2e4. Emby \uc571\uc774 \uc7a5\uce58\uc640 \ub124\ud2b8\uc6cc\ud06c \uc131\ub2a5\uc744 \uae30\uc900\uc73c\ub85c \uc790\ub3d9 \uc120\ud0dd\ud558\uc5ec \uc7ac\uc0dd\ud569\ub2c8\ub2e4. \uacc4\uc18d\ud558\uaca0\uc2b5\ub2c8\uae4c?",
    "HeaderResume": "\uc774\uc5b4\uc11c \uc7ac\uc0dd",
    "HeaderMyViews": "\ub0b4 \ubcf4\uae30",
    "HeaderLibraryFolders": "\ubbf8\ub514\uc5b4 \ud3f4\ub354",
    "HeaderLatestMedia": "\ucd5c\uadfc \ubbf8\ub514\uc5b4",
    "ButtonMoreItems": "More...",
    "ButtonMore": "More",
    "HeaderFavoriteMovies": "\uc990\uaca8\ucc3e\ub294 \uc601\ud654",
    "HeaderFavoriteShows": "\uc990\uaca8\ucc3e\ub294 \uc1fc",
    "HeaderFavoriteEpisodes": "\uc990\uaca8\ucc3e\ub294 \uc5d0\ud53c\uc18c\ub4dc",
    "HeaderFavoriteGames": "\uc990\uaca8\ucc3e\ub294 \uac8c\uc784",
    "HeaderRatingsDownloads": "\ud3c9\uc810 \/ \ub2e4\uc6b4\ub85c\ub4dc",
    "HeaderConfirmProfileDeletion": "\ud504\ub85c\ud30c\uc77c \uc0ad\uc81c \ud655\uc778",
    "MessageConfirmProfileDeletion": "\uc774 \ud504\ub85c\ud30c\uc77c\uc744 \uc0ad\uc81c\ud558\uaca0\uc2b5\ub2c8\uae4c?",
    "HeaderSelectServerCachePath": "\uc11c\ubc84 \uce90\uc2dc \uacbd\ub85c \uc120\ud0dd",
    "HeaderSelectTranscodingPath": "\ud2b8\ub79c\uc2a4\ucf54\ub529 \uc784\uc2dc \uacbd\ub85c \uc120\ud0dd",
    "HeaderSelectImagesByNamePath": "Select Images By Name Path",
    "HeaderSelectMetadataPath": "\uba54\ud0c0\ub370\uc774\ud130 \uacbd\ub85c \uc120\ud0dd",
    "HeaderSelectServerCachePathHelp": "\uc11c\ubc84 \uce90\uc2dc \ud30c\uc77c\uc5d0 \uc0ac\uc6a9\ud560 \uacbd\ub85c\ub97c \ud0d0\uc0c9 \ub610\ub294 \uc785\ub825\ud558\uc138\uc694. \uc4f0\uae30 \uac00\ub2a5\ud55c \ud3f4\ub354\uc5ec\uc57c \ud569\ub2c8\ub2e4.",
    "HeaderSelectTranscodingPathHelp": "\ud2b8\ub79c\uc2a4\ucf54\ub529 \uc784\uc2dc \ud30c\uc77c\uc5d0 \uc0ac\uc6a9\ud560 \uacbd\ub85c\ub97c \ud0d0\uc0c9 \ub610\ub294 \uc785\ub825\ud558\uc138\uc694. \uc4f0\uae30 \uac00\ub2a5\ud55c \ud3f4\ub354\uc5ec\uc57c \ud569\ub2c8\ub2e4.",
    "HeaderSelectImagesByNamePathHelp": "Browse or enter the path to your items by name folder. The folder must be writeable.",
    "HeaderSelectMetadataPathHelp": "\uba54\ud0c0\ub370\uc774\ud130\ub97c \ubcf4\uad00\ud560 \uacbd\ub85c\ub97c \ud0d0\uc0c9 \ub610\ub294 \uc785\ub825\ud558\uc138\uc694. \uc4f0\uae30 \uac00\ub2a5\ud55c \ud3f4\ub354\uc5ec\uc57c \ud569\ub2c8\ub2e4.",
    "HeaderSelectChannelDownloadPath": "\ucc44\ub110 \ub2e4\uc6b4\ub85c\ub4dc \uacbd\ub85c \uc120\ud0dd",
    "HeaderSelectChannelDownloadPathHelp": "\ucc44\ub110 \uce90\uc2dc \ud30c\uc77c\uc5d0 \uc0ac\uc6a9\ud560 \uacbd\ub85c\ub97c \ud0d0\uc0c9 \ub610\ub294 \uc785\ub825\ud558\uc138\uc694. \uc4f0\uae30 \uac00\ub2a5\ud55c \ud3f4\ub354\uc5ec\uc57c \ud569\ub2c8\ub2e4.",
    "OptionNewCollection": "New...",
    "ButtonAdd": "\ucd94\uac00",
    "ButtonRemove": "\uc81c\uac70",
    "LabelChapterDownloaders": "\ucc55\ud130 \ub2e4\uc6b4\ub85c\ub354:",
    "LabelChapterDownloadersHelp": "Enable and rank your preferred chapter downloaders in order of priority. Lower priority downloaders will only be used to fill in missing information.",
    "HeaderFavoriteAlbums": "\uc990\uaca8\ucc3e\ub294 \uc568\ubc94",
    "HeaderLatestChannelMedia": "\ucd5c\uadfc \ucc44\ub110 \ud56d\ubaa9",
    "ButtonOrganizeFile": "\ud30c\uc77c \uad6c\uc131",
    "ButtonDeleteFile": "\ud30c\uc77c \uc0ad\uc81c",
    "HeaderOrganizeFile": "\ud30c\uc77c \uad6c\uc131",
    "HeaderDeleteFile": "\ud30c\uc77c \uc0ad\uc81c",
    "StatusSkipped": "Skipped",
    "StatusFailed": "\uc2e4\ud328\ud568",
    "StatusSuccess": "\uc131\uacf5",
    "MessageFileWillBeDeleted": "\ub2e4\uc74c \ud30c\uc77c\uc744 \uc0ad\uc81c\ud569\ub2c8\ub2e4:",
    "MessageSureYouWishToProceed": "\uc9c4\ud589\ud558\uaca0\uc2b5\ub2c8\uae4c?",
    "MessageDuplicatesWillBeDeleted": "\ub2e4\uc74c \uc911\ubcf5 \ud30c\uc77c\uc744 \uc0ad\uc81c\ud569\ub2c8\ub2e4:",
    "MessageFollowingFileWillBeMovedFrom": "\ub2e4\uc74c \ud30c\uc77c\uc744 \uc774\ub3d9\ud569\ub2c8\ub2e4. \uc6d0 \uc704\uce58:",
    "MessageDestinationTo": "\uc774\ub3d9 \uc704\uce58:",
    "HeaderSelectWatchFolder": "Select Watch Folder",
    "HeaderSelectWatchFolderHelp": "Browse or enter the path to your watch folder. The folder must be writeable.",
    "OrganizePatternResult": "\uacb0\uacfc: {0}",
    "AutoOrganizeError": "\ud30c\uc77c \uad6c\uc131 \uc624\ub958",
    "ErrorOrganizingFileWithErrorCode": "\ud30c\uc77c \uad6c\uc131\uc5d0 \uc624\ub958\uac00 \uc788\uc2b5\ub2c8\ub2e4. \uc624\ub958 \ucf54\ub4dc: {0}.",
    "HeaderRestart": "\ub2e4\uc2dc \uc2dc\uc791",
    "HeaderShutdown": "\uc885\ub8cc",
    "MessageConfirmRestart": "Emby \uc11c\ubc84\ub97c \ub2e4\uc2dc \uc2dc\uc791\ud558\uaca0\uc2b5\ub2c8\uae4c?",
    "MessageConfirmShutdown": "Emby \uc11c\ubc84\ub97c \uc885\ub8cc\ud558\uaca0\uc2b5\ub2c8\uae4c?",
    "ButtonUpdateNow": "\uc9c0\uae08 \uc5c5\ub370\uc774\ud2b8",
    "ValueItemCount": "{0} \ud56d\ubaa9",
    "ValueItemCountPlural": "{0} \ud56d\ubaa9",
    "NewVersionOfSomethingAvailable": "{0} \uc758 \uc0c8 \ubc84\uc804\uc744 \uc0ac\uc6a9\ud560 \uc218 \uc788\uc2b5\ub2c8\ub2e4!",
    "VersionXIsAvailableForDownload": "\ubc84\uc804 {0} \uc744(\ub97c) \ub2e4\uc6b4\ub85c\ub4dc \ud560 \uc218 \uc788\uc2b5\ub2c8\ub2e4.",
    "LabelVersionNumber": "\ubc84\uc804 {0}",
    "LabelPlayMethodTranscoding": "\ud2b8\ub79c\uc2a4\ucf54\ub529",
    "LabelPlayMethodDirectStream": "\ub2e4\uc774\ub809\ud2b8 \uc2a4\ud2b8\ub9ac\ubc0d",
    "LabelPlayMethodDirectPlay": "\ub2e4\uc774\ub809\ud2b8 \uc7ac\uc0dd",
    "LabelAudioCodec": "\uc624\ub514\uc624: {0}",
    "LabelVideoCodec": "\ube44\ub514\uc624: {0}",
    "LabelLocalAccessUrl": "\ub85c\uceec \uc811\uc18d: {0}",
    "LabelRemoteAccessUrl": "\uc6d0\uaca9 \uc811\uc18d: {0}",
    "LabelRunningOnPort": "Running on http port {0}.",
    "LabelRunningOnPorts": "Running on http port {0}, and https port {1}.",
    "HeaderLatestFromChannel": "Latest from {0}",
    "LabelUnknownLanaguage": "\uc54c \uc218 \uc5c6\ub294 \uc5b8\uc5b4",
    "HeaderCurrentSubtitles": "\ud604\uc7ac \uc790\ub9c9",
    "MessageDownloadQueued": "\ub2e4\uc6b4\ub85c\ub4dc\uac00 \ub300\uae30\uc5f4\uc5d0 \ucd94\uac00\ub418\uc5c8\uc2b5\ub2c8\ub2e4.",
    "MessageAreYouSureDeleteSubtitles": "\uc774 \uc790\ub9c9 \ud30c\uc77c\uc744 \uc0ad\uc81c\ud558\uaca0\uc2b5\ub2c8\uae4c?",
    "ButtonRemoteControl": "\uc6d0\uaca9 \uc81c\uc5b4",
    "HeaderLatestTvRecordings": "\ucd5c\uadfc \ub179\ud654",
    "ButtonOk": "OK",
    "ButtonCancel": "\ucde8\uc18c",
    "ButtonRefresh": "\uc0c8\ub85c \uace0\uce68",
    "LabelCurrentPath": "\ud604\uc7ac \uacbd\ub85c:",
    "HeaderSelectMediaPath": "\ubbf8\ub514\uc5b4 \uacbd\ub85c \uc120\ud0dd",
    "HeaderSelectPath": "\uacbd\ub85c \uc120\ud0dd",
    "ButtonNetwork": "\ub124\ud2b8\uc6cc\ud06c",
    "MessageDirectoryPickerInstruction": "Network paths can be entered manually in the event the Network button fails to locate your devices. For example, {0} or {1}.",
    "MessageDirectoryPickerBSDInstruction": "For BSD, you may need to configure storage within your FreeNAS Jail in order to allow Emby to access it.",
    "MessageDirectoryPickerLinuxInstruction": "For Linux, you must grant the Emby system user at least read access to your storage locations.",
    "HeaderMenu": "\uba54\ub274",
    "ButtonOpen": "\uc5f4\uae30",
    "ButtonOpenInNewTab": "\uc0c8 \ud0ed\uc5d0\uc11c \uc5f4\uae30",
    "ButtonShuffle": "Shuffle",
    "ButtonInstantMix": "\uc778\uc2a4\ud134\ud2b8 \ubbf9\uc2a4",
    "ButtonResume": "\uc774\uc5b4\uc11c \uc7ac\uc0dd",
    "HeaderScenes": "\uc7a5\uba74",
    "HeaderAudioTracks": "\uc624\ub514\uc624 \ud2b8\ub799",
    "HeaderLibraries": "\ub77c\uc774\ube0c\ub7ec\ub9ac",
    "HeaderSubtitles": "\uc790\ub9c9",
    "HeaderVideoQuality": "\ube44\ub514\uc624 \ud488\uc9c8",
    "MessageErrorPlayingVideo": "\ube44\ub514\uc624 \uc7ac\uc0dd\uc5d0 \uc624\ub958\uac00 \uc788\uc2b5\ub2c8\ub2e4.",
    "MessageEnsureOpenTuner": "Please ensure there is an open tuner availalble.",
    "ButtonHome": "\ud648",
    "ButtonDashboard": "\ub300\uc2dc\ubcf4\ub4dc",
    "ButtonReports": "Reports",
    "ButtonMetadataManager": "\uba54\ud0c0\ub370\uc774\ud130 \uad00\ub9ac",
    "HeaderTime": "\uc2dc\uac01",
    "HeaderName": "Name",
    "HeaderAlbum": "\uc568\ubc94",
    "HeaderAlbumArtist": "\uc568\ubc94 \uc544\ud2f0\uc2a4\ud2b8",
    "HeaderArtist": "\uc544\ud2f0\uc2a4\ud2b8",
    "LabelAddedOnDate": "Added {0}",
    "ButtonStart": "\uc2dc\uc791",
    "HeaderChannels": "\ucc44\ub110",
    "HeaderMediaFolders": "\ubbf8\ub514\uc5b4 \ud3f4\ub354",
    "HeaderBlockItemsWithNoRating": "\ub4f1\uae09 \uc815\ubcf4\uac00 \uc5c6\ub294 \ucf58\ud150\ud2b8 \ucc28\ub2e8:",
    "OptionBlockOthers": "Others",
    "OptionBlockTvShows": "TV \uc1fc",
    "OptionBlockTrailers": "\uc608\uace0\ud3b8",
    "OptionBlockMusic": "\uc74c\uc545",
    "OptionBlockMovies": "\uc601\ud654",
    "OptionBlockBooks": "\ucc45",
    "OptionBlockGames": "\uac8c\uc784",
    "OptionBlockLiveTvPrograms": "TV \ubc29\uc1a1 \ud504\ub85c\uadf8\ub7a8",
    "OptionBlockLiveTvChannels": "TV \ubc29\uc1a1 \ucc44\ub110",
    "OptionBlockChannelContent": "\uc778\ud130\ub137 \ucc44\ub110 \ucf58\ud150\ud2b8",
    "ButtonRevoke": "Revoke",
    "MessageConfirmRevokeApiKey": "Are you sure you wish to revoke this api key? The application's connection to Emby Server will be abruptly terminated.",
    "HeaderConfirmRevokeApiKey": "Revoke Api Key",
    "ValueContainer": "\ucee8\ud14c\uc774\ub108: {0}",
    "ValueAudioCodec": "\uc624\ub514\uc624 \ucf54\ub371: {0}",
    "ValueVideoCodec": "\ube44\ub514\uc624 \ucf54\ub371: {0}",
    "ValueCodec": "\ucf54\ub371: {0}",
    "ValueConditions": "\uc870\uac74: {0}",
    "LabelAll": "\ubaa8\ub450",
    "HeaderDeleteImage": "\uc774\ubbf8\uc9c0 \uc0ad\uc81c",
    "MessageFileNotFound": "\ud30c\uc77c\uc744 \ucc3e\uc744 \uc218 \uc5c6\uc2b5\ub2c8\ub2e4.",
    "MessageFileReadError": "\uc774 \ud30c\uc77c\uc744 \uc77d\ub294 \ub370 \uc624\ub958\uac00 \ubc1c\uc0dd\ud558\uc600\uc2b5\ub2c8\ub2e4.",
    "ButtonNextPage": "\ub2e4\uc74c \ud398\uc774\uc9c0",
    "ButtonPreviousPage": "\uc774\uc804 \ud398\uc774\uc9c0",
    "ButtonMoveLeft": "\uc67c\ucabd\uc73c\ub85c \uc774\ub3d9",
    "ButtonMoveRight": "\uc624\ub978\ucabd\uc73c\ub85c \uc774\ub3d9",
    "ButtonBrowseOnlineImages": "\uc628\ub77c\uc778 \uc774\ubbf8\uc9c0 \ud0d0\uc0c9",
    "HeaderDeleteItem": "\ud56d\ubaa9 \uc0ad\uc81c",
    "ConfirmDeleteItem": "\uc774 \ud56d\ubaa9\uc744 \uc0ad\uc81c\ud558\uba74 \ud30c\uc77c \uc2dc\uc2a4\ud15c\uacfc \ub77c\uc774\ube0c\ub7ec\ub9ac \ubaa8\ub450\uc5d0\uc11c \uc0ad\uc81c\ub429\ub2c8\ub2e4. \uacc4\uc18d\ud558\uaca0\uc2b5\ub2c8\uae4c?",
    "HeaderDeleteItems": "Delete Items",
    "ConfirmDeleteItems": "Deleting these items will delete them from both the file system and your media library. Are you sure you wish to continue?",
    "MessagePleaseEnterNameOrId": "Please enter a name or an external Id.",
    "MessageValueNotCorrect": "\uc785\ub825\ud55c \uac12\uc774 \uc62c\ubc14\ub974\uc9c0 \uc54a\uc2b5\ub2c8\ub2e4. \ub2e4\uc2dc \uc2dc\ub3c4\ud558\uc138\uc694.",
    "MessageItemSaved": "\ud56d\ubaa9\uc774 \uc800\uc7a5\ub418\uc5c8\uc2b5\ub2c8\ub2e4.",
    "MessagePleaseAcceptTermsOfServiceBeforeContinuing": "\uc2dc\uc791\ud558\uae30 \uc804\uc5d0 \uc11c\ube44\uc2a4 \uc57d\uad00\uc5d0 \ub3d9\uc758\ud558\uc138\uc694.",
    "OptionEnded": "Ended",
    "OptionContinuing": "Continuing",
    "OptionOff": "Off",
    "OptionOn": "On",
    "ButtonSettings": "\uc124\uc815",
    "ButtonUninstall": "\uc124\uce58 \uc81c\uac70",
    "HeaderEnabledFields": "Enabled Fields",
    "HeaderEnabledFieldsHelp": "Uncheck a field to lock it and prevent it's data from being changed.",
    "HeaderLiveTV": "TV \ubc29\uc1a1",
    "MissingLocalTrailer": "Missing local trailer.",
    "MissingPrimaryImage": "Missing primary image.",
    "MissingBackdropImage": "Missing backdrop image.",
    "MissingLogoImage": "Missing logo image.",
    "MissingEpisode": "Missing episode.",
    "OptionScreenshots": "\uc2a4\ud06c\ub9b0\uc0f7",
    "OptionBackdrops": "\ubc30\uacbd",
    "OptionImages": "\uc774\ubbf8\uc9c0",
    "OptionKeywords": "\ud0a4\uc6cc\ub4dc",
    "OptionTags": "\ud0dc\uadf8",
    "OptionStudios": "\uc2a4\ud29c\ub514\uc624",
    "OptionName": "Name",
    "OptionOverview": "\uc904\uac70\ub9ac",
    "OptionGenres": "\uc7a5\ub974",
    "OptionParentalRating": "\ub4f1\uae09",
    "OptionPeople": "\uc778\ubb3c",
    "OptionRuntime": "\uc0c1\uc601 \uc2dc\uac04",
    "OptionProductionLocations": "Production Locations",
    "OptionBirthLocation": "\ucd9c\uc0dd\uc9c0",
    "LabelAllChannels": "\ubaa8\ub4e0 \ucc44\ub110",
    "LabelLiveProgram": "\ub77c\uc774\ube0c",
    "LabelNewProgram": "NEW",
    "LabelPremiereProgram": "PREMIERE",
    "LabelHDProgram": "HD",
    "HeaderChangeFolderType": "\ucf58\ud150\ud2b8 \uc885\ub958 \ubcc0\uacbd",
    "HeaderChangeFolderTypeHelp": "To change the type, please remove and rebuild the library with the new type.",
    "HeaderAlert": "\uacbd\uace0",
    "MessagePleaseRestart": "\uc5c5\ub370\uc774\ud2b8\ub97c \ub9c8\uce58\ub824\uba74 \ub2e4\uc2dc \uc2dc\uc791\ud558\uc138\uc694.",
    "ButtonRestart": "\ub2e4\uc2dc \uc2dc\uc791",
    "MessagePleaseRefreshPage": "Please refresh this page to receive new updates from Emby Server.",
    "ButtonHide": "\uc228\uae40",
    "MessageSettingsSaved": "\uc124\uc815\uc774 \uc800\uc7a5\ub418\uc5c8\uc2b5\ub2c8\ub2e4.",
    "ButtonSignOut": "\ub85c\uadf8\uc544\uc6c3",
    "ButtonMyProfile": "\ub0b4 \ud504\ub85c\ud30c\uc77c",
    "ButtonMyPreferences": "\ub0b4 \ud658\uacbd\uc124\uc815",
    "MessageBrowserDoesNotSupportWebSockets": "\uc774 \ube0c\ub77c\uc6b0\uc800\ub294 \uc6f9 \uc18c\ucf13\uc744 \uc9c0\uc6d0\ud558\uc9c0 \uc54a\uc2b5\ub2c8\ub2e4. \ud5a5\uc0c1\ub41c \uacbd\ud5d8\uc744 \uc704\ud558\uc5ec Chrome, Firefox, IE 10+, Safari (iOS), Opera \uac19\uc740 \ucd5c\uc2e0 \ube0c\ub77c\uc6b0\uc800\ub97c \uc0ac\uc6a9\ud558\uc138\uc694.",
    "LabelInstallingPackage": "{0} \uc124\uce58 \uc911",
    "LabelPackageInstallCompleted": "{0} \uc124\uce58 \uc644\ub8cc.",
    "LabelPackageInstallFailed": "{0} \uc124\uce58 \uc2e4\ud328.",
    "LabelPackageInstallCancelled": "{0} \uc124\uce58 \ucde8\uc18c.",
    "TabServer": "\uc11c\ubc84",
    "TabUsers": "\uc0ac\uc6a9\uc790",
    "TabLibrary": "\ub77c\uc774\ube0c\ub7ec\ub9ac",
    "TabMetadata": "\uba54\ud0c0\ub370\uc774\ud130",
    "TabDLNA": "DLNA",
    "TabLiveTV": "TV \ubc29\uc1a1",
    "TabAutoOrganize": "\uc790\ub3d9 \uad6c\uc131",
    "TabPlugins": "\ud50c\ub7ec\uadf8\uc778",
    "TabAdvanced": "\uace0\uae09",
    "TabHelp": "\ub3c4\uc6c0\ub9d0",
    "TabScheduledTasks": "\uc608\uc57d \uc791\uc5c5",
    "ButtonFullscreen": "\uc804\uccb4 \ud654\uba74",
    "ButtonAudioTracks": "\uc624\ub514\uc624 \ud2b8\ub799",
    "ButtonSubtitles": "\uc790\ub9c9",
    "ButtonScenes": "\uc7a5\uba74",
    "ButtonQuality": "\ud488\uc9c8",
    "HeaderNotifications": "\uc54c\ub9bc",
    "HeaderSelectPlayer": "\ud50c\ub808\uc774\uc5b4 \uc120\ud0dd",
    "ButtonSelect": "\uc120\ud0dd",
    "ButtonNew": "New",
    "MessageInternetExplorerWebm": "Internet Explorer\uc5d0\uc11c \ucd5c\uc0c1\uc758 \uacb0\uacfc\ub97c \uc704\ud574 WebM \uc7ac\uc0dd \ud50c\ub7ec\uadf8\uc778\uc744 \uc124\uce58\ud558\uc138\uc694.",
    "HeaderVideoError": "\ube44\ub514\uc624 \uc624\ub958",
    "ButtonAddToPlaylist": "\uc7ac\uc0dd\ubaa9\ub85d\uc5d0 \ucd94\uac00",
    "HeaderAddToPlaylist": "\uc7ac\uc0dd\ubaa9\ub85d\uc5d0 \ucd94\uac00",
    "LabelName": "Name:",
    "ButtonSubmit": "\uc804\uc1a1",
    "LabelSelectPlaylist": "\uc7ac\uc0dd\ubaa9\ub85d:",
    "OptionNewPlaylist": "\uc0c8 \uc7ac\uc0dd\ubaa9\ub85d...",
    "MessageAddedToPlaylistSuccess": "OK",
    "ButtonView": "\ubcf4\uae30",
    "ButtonViewSeriesRecording": "\uc2dc\ub9ac\uc988 \ub179\ud654 \ubcf4\uae30",
    "ValueOriginalAirDate": "\ucd5c\ucd08 \ubc29\uc1a1\uc77c: {0}",
    "ButtonRemoveFromPlaylist": "\uc7ac\uc0dd\ubaa9\ub85d\uc5d0\uc11c \uc81c\uac70",
    "HeaderSpecials": "\uc2a4\ud398\uc15c",
    "HeaderTrailers": "\uc608\uace0\ud3b8",
    "HeaderAudio": "\uc624\ub514\uc624",
    "HeaderResolution": "\ud574\uc0c1\ub3c4",
    "HeaderVideo": "\ube44\ub514\uc624",
    "HeaderRuntime": "\uc0c1\uc601 \uc2dc\uac04",
    "HeaderCommunityRating": "\ucee4\ubba4\ub2c8\ud2f0 \ud3c9\uc810",
    "HeaderPasswordReset": "\ube44\ubc00\ubc88\ud638 \ucd08\uae30\ud654",
    "HeaderParentalRating": "\uc790\ub140 \ubcf4\ud638 \ub4f1\uae09",
    "HeaderReleaseDate": "\uac1c\ubd09\uc77c",
    "HeaderDateAdded": "\ucd94\uac00\ud55c \ub0a0\uc9dc",
    "HeaderSeries": "\uc2dc\ub9ac\uc988",
    "HeaderSeason": "\uc2dc\uc98c",
    "HeaderSeasonNumber": "\uc2dc\uc98c \ubc88\ud638",
    "HeaderNetwork": "\ub124\ud2b8\uc6cc\ud06c",
    "HeaderYear": "\uc5f0\ub3c4",
    "HeaderGameSystem": "\uac8c\uc784 \uc2dc\uc2a4\ud15c",
    "HeaderPlayers": "\ud50c\ub808\uc774\uc5b4",
    "HeaderEmbeddedImage": "\ub0b4\uc7a5 \uc774\ubbf8\uc9c0",
    "HeaderTrack": "\ud2b8\ub799",
    "HeaderDisc": "\ub514\uc2a4\ud06c",
    "OptionMovies": "\uc601\ud654",
    "OptionCollections": "\uceec\ub809\uc158",
    "OptionSeries": "\uc2dc\ub9ac\uc988",
    "OptionSeasons": "\uc2dc\uc98c",
    "OptionEpisodes": "\uc5d0\ud53c\uc18c\ub4dc",
    "OptionGames": "\uac8c\uc784",
    "OptionGameSystems": "\uac8c\uc784 \uc2dc\uc2a4\ud15c",
    "OptionMusicArtists": "\uc74c\uc545 \uc544\ud2f0\uc2a4\ud2b8",
    "OptionMusicAlbums": "\uc74c\uc545 \uc568\ubc94",
    "OptionMusicVideos": "\ubba4\uc9c1 \ube44\ub514\uc624",
    "OptionSongs": "\ub178\ub798",
    "OptionHomeVideos": "\ud648 \ube44\ub514\uc624",
    "OptionBooks": "\ucc45",
    "OptionAdultVideos": "\uc131\uc778 \ube44\ub514\uc624",
    "ButtonUp": "Up",
    "ButtonDown": "Down",
    "LabelMetadataReaders": "Metadata readers:",
    "LabelMetadataReadersHelp": "Rank your preferred local metadata sources in order of priority. The first file found will be read.",
    "LabelMetadataDownloaders": "\uba54\ud0c0\ub370\uc774\ud130 \ub2e4\uc6b4\ub85c\ub354:",
    "LabelMetadataDownloadersHelp": "\uc120\ud638\ud558\ub294 \uba54\ud0c0\ub370\uc774\ud130 \ub2e4\uc6b4\ub85c\ub354\ub97c \uc6b0\uc120 \uc21c\uc704\uc5d0 \ub530\ub77c \uc815\ub82c\ud569\ub2c8\ub2e4. \ub0ae\uc740 \uc6b0\uc120 \uc21c\uc704\uc758 \ub2e4\uc6b4\ub85c\ub354\ub294 \ub204\ub77d\ub41c \uc815\ubcf4\ub97c \uac00\uc838\uc624\ub294 \ub370\ub9cc \uc0ac\uc6a9\ud569\ub2c8\ub2e4.",
    "LabelMetadataSavers": "\uba54\ud0c0\ub370\uc774\ud130 \uc11c\ubc84",
    "LabelMetadataSaversHelp": "\uba54\ud0c0\ub370\uc774\ud130\ub97c \uc800\uc7a5\ud560 \ud615\uc2dd\uc744 \uc120\ud0dd\ud569\ub2c8\ub2e4.",
    "LabelImageFetchers": "\uc774\ubbf8\uc9c0 \ub2e4\uc6b4\ub85c\ub354:",
    "LabelImageFetchersHelp": "\uc120\ud638\ud558\ub294 \uc774\ubbf8\uc9c0 \ub2e4\uc6b4\ub85c\ub354\ub97c \uc6b0\uc120 \uc21c\uc704\uc5d0 \ub77c \uc815\ub82c\ud569\ub2c8\ub2e4.",
    "ButtonQueueAllFromHere": "\uc5ec\uae30\ubd80\ud130 \ubaa8\ub450 \ub300\uae30\uc5f4\uc5d0 \ucd94\uac00",
    "ButtonPlayAllFromHere": "\uc5ec\uae30\ubd80\ud130 \ubaa8\ub450 \uc7ac\uc0dd",
    "LabelDynamicExternalId": "{0} Id:",
    "HeaderIdentify": "Identify Item",
    "PersonTypePerson": "\uc778\ubb3c",
    "LabelTitleDisplayOrder": "\uc81c\ubaa9 \ud45c\uc2dc \uc21c\uc11c:",
    "OptionSortName": "\uc815\ub82c \uc81c\ubaa9",
    "OptionReleaseDate": "\uac1c\ubd09\uc77c",
    "LabelSeasonNumber": "\uc2dc\uc98c \ubc88\ud638:",
    "LabelDiscNumber": "\ub514\uc2a4\ud06c \ubc88\ud638",
    "LabelParentNumber": "Parent number",
    "LabelEpisodeNumber": "\uc5d0\ud53c\uc18c\ub4dc \ubc88\ud638:",
    "LabelTrackNumber": "\ud2b8\ub799 \ubc88\ud638:",
    "LabelNumber": "\ubc88\ud638:",
    "LabelReleaseDate": "\uac1c\ubd09\uc77c:",
    "LabelEndDate": "End date:",
    "LabelYear": "\uc5f0\ub3c4:",
    "LabelDateOfBirth": "\uc0dd\uc77c:",
    "LabelBirthYear": "\uc0dd\ub144:",
    "LabelBirthDate": "\uc0dd\uc77c:",
    "LabelDeathDate": "\uc0ac\ub9dd\uc77c:",
    "HeaderRemoveMediaLocation": "\ubbf8\ub514\uc5b4 \uc704\uce58 \uc81c\uac70",
    "MessageConfirmRemoveMediaLocation": "\uc774 \ubbf8\ub514\uc5b4 \uc704\uce58\ub97c \uc81c\uac70\ud558\uaca0\uc2b5\ub2c8\uae4c?",
    "HeaderRenameMediaFolder": "\ubbf8\ub514\uc5b4 \ud3f4\ub354 \uc774\ub984 \ubcc0\uacbd",
    "LabelNewName": "\uc0c8 \uc774\ub984:",
    "HeaderAddMediaFolder": "\ubbf8\ub514\uc5b4 \ud3f4\ub354 \ucd94\uac00",
    "HeaderAddMediaFolderHelp": "\uc774\ub984 (\uc601\ud654, \uc74c\uc545, TV, \uae30\ud0c0):",
    "HeaderRemoveMediaFolder": "\ubbf8\ub514\uc5b4 \ud3f4\ub354 \uc81c\uac70",
    "MessageTheFollowingLocationWillBeRemovedFromLibrary": "\ub2e4\uc74c \ubbf8\ub514\uc5b4 \ud3f4\ub354\uac00 \ub77c\uc774\ube0c\ub7ec\ub9ac\uc5d0\uc11c \uc81c\uac70\ub429\ub2c8\ub2e4:",
    "MessageAreYouSureYouWishToRemoveMediaFolder": "\ubbf8\ub514\uc5b4 \ud3f4\ub354\ub97c \uc81c\uac70\ud558\uaca0\uc2b5\ub2c8\uae4c?",
    "ButtonRename": "\uc774\ub984 \ubcc0\uacbd",
    "ButtonChangeContentType": "\ucf58\ud150\ud2b8 \uc885\ub958 \ubcc0\uacbd",
    "HeaderMediaLocations": "\ubbf8\ub514\uc5b4 \uc704\uce58",
    "LabelContentTypeValue": "\ucf58\ud150\ud2b8 \uc885\ub958: {0}",
    "LabelPathSubstitutionHelp": "Optional: Path substitution can map server paths to network shares that clients can access for direct playback.",
    "FolderTypeUnset": "Unset (mixed content)",
    "FolderTypeMovies": "\uc601\ud654",
    "FolderTypeMusic": "\uc74c\uc545",
    "FolderTypeAdultVideos": "\uc131\uc778 \ube44\ub514\uc624",
    "FolderTypePhotos": "\uc0ac\uc9c4",
    "FolderTypeMusicVideos": "\ubba4\uc9c1 \ube44\ub514\uc624",
    "FolderTypeHomeVideos": "\ud648 \ube44\ub514\uc624",
    "FolderTypeGames": "\uac8c\uc784",
    "FolderTypeBooks": "\ucc45",
    "FolderTypeTvShows": "TV",
    "TabMovies": "\uc601\ud654",
    "TabSeries": "\uc2dc\ub9ac\uc988",
    "TabEpisodes": "\uc5d0\ud53c\uc18c\ub4dc",
    "TabTrailers": "\uc608\uace0\ud3b8",
    "TabGames": "\uac8c\uc784",
    "TabAlbums": "\uc568\ubc94",
    "TabSongs": "\ub178\ub798",
    "TabMusicVideos": "\ubba4\uc9c1 \ube44\ub514\uc624",
    "BirthPlaceValue": "\ucd9c\uc0dd\uc9c0: {0}",
    "DeathDateValue": "\uc0ac\ub9dd: {0}",
    "BirthDateValue": "\ucd9c\uc0dd: {0}",
    "HeaderLatestReviews": "\ucd5c\uadfc \ub9ac\ubdf0",
    "HeaderPluginInstallation": "\ud50c\ub7ec\uadf8\uc778 \uc124\uce58",
    "MessageAlreadyInstalled": "\uc774 \ubc84\uc804\uc740 \uc774\ubbf8 \uc124\uce58\ub418\uc5b4 \uc788\uc2b5\ub2c8\ub2e4.",
    "ValueReviewCount": "{0} \ub9ac\ubdf0",
    "MessageYouHaveVersionInstalled": "You currently have version {0} installed.",
    "MessageTrialExpired": "\uc774 \uae30\ub2a5\uc758 \uc2dc\ud5d8 \uc0ac\uc6a9 \uae30\uac04\uc774 \ub9cc\ub8cc\ub418\uc5c8\uc2b5\ub2c8\ub2e4",
    "MessageTrialWillExpireIn": "\uc774 \uae30\ub2a5\uc758 \uc2dc\ud5d8 \uc0ac\uc6a9 \uae30\uac04\uc774 {0} \uc77c \uc548\uc5d0 \ub9cc\ub8cc\ub429\ub2c8\ub2e4",
    "MessageInstallPluginFromApp": "This plugin must be installed from with in the app you intend to use it in.",
    "ValuePriceUSD": "\uac00\uaca9: {0} (USD)",
    "MessageFeatureIncludedWithSupporter": "You are registered for this feature, and will be able to continue using it with an active Emby Premiere subscription.",
    "MessageChangeRecurringPlanConfirm": "After completing this transaction you will need to cancel your previous recurring donation from within your PayPal account. Thank you for supporting Emby.",
    "ButtonDelete": "\uc0ad\uc81c",
    "HeaderEmbyAccountAdded": "Emby \uacc4\uc815 \ucd94\uac00\ub428",
    "MessageEmbyAccountAdded": "\uc774 \uc0ac\uc6a9\uc790\uc5d0\uac8c Emby \uacc4\uc815\uc774 \ucd94\uac00\ub418\uc5c8\uc2b5\ub2c8\ub2e4.",
    "MessagePendingEmbyAccountAdded": "\uc774 \uc0ac\uc6a9\uc790\uc5d0\uac8c Emby \uacc4\uc815\uc774 \ucd94\uac00\ub418\uc5c8\uc2b5\ub2c8\ub2e4. \uacc4\uc815 \uc18c\uc720\uc790\uc5d0\uac8c \uc774\uba54\uc77c\uc774 \ubc1c\uc1a1\ub429\ub2c8\ub2e4. \ucd08\ub300\ub294 \uc774\uba54\uc77c\uc5d0 \ud3ec\ud568\ub41c \ub9c1\ud06c\ub97c \ud074\ub9ad\ud558\uc5ec \ud655\uc778\ud558\uc5ec\uc57c \ud569\ub2c8\ub2e4.",
    "HeaderEmbyAccountRemoved": "Emby \uacc4\uc815 \uc81c\uac70\ub428",
    "MessageEmbyAccontRemoved": "\uc774 \uc0ac\uc6a9\uc790\uc758 Emby \uacc4\uc815\uc774 \uc81c\uac70\ub418\uc5c8\uc2b5\ub2c8\ub2e4.",
    "TooltipLinkedToEmbyConnect": "Emby Connect\uc5d0 \uc5f0\uacb0\ub428",
    "HeaderUnrated": "Unrated",
    "ValueDiscNumber": "\ub514\uc2a4\ud06c {0}",
    "HeaderUnknownDate": "Unknown Date",
    "HeaderUnknownYear": "Unknown Year",
    "ValueMinutes": "{0} \ubd84",
    "ButtonPlayExternalPlayer": "\uc678\ubd80 \ud50c\ub808\uc774\uc5b4\ub85c \uc7ac\uc0dd",
    "HeaderSelectExternalPlayer": "\uc678\ubd80 \ud50c\ub808\uc774\uc5b4 \uc120\ud0dd",
    "HeaderExternalPlayerPlayback": "\uc678\ubd80 \ud50c\ub808\uc774\uc5b4 \uc7ac\uc0dd",
    "ButtonImDone": "I'm Done",
    "OptionWatched": "\uc2dc\uccad\ud568",
    "OptionUnwatched": "\uc2dc\uccad \uc548 \ud568",
    "ExternalPlayerPlaystateOptionsHelp": "Specify how you would like to resume playing this video next time.",
    "LabelMarkAs": "Mark as:",
    "OptionInProgress": "In-Progress",
    "LabelResumePoint": "Resume point:",
    "ValueOneMovie": "1 \uc601\ud654",
    "ValueMovieCount": "{0} \uc601\ud654",
    "ValueOneTrailer": "1 \uc608\uace0\ud3b8",
    "ValueTrailerCount": "{0} \uc608\uace0\ud3b8",
    "ValueOneSeries": "1 \uc2dc\ub9ac\uc988",
    "ValueSeriesCount": "{0} \uc2dc\ub9ac\uc988",
    "ValueOneEpisode": "1 \uc5d0\ud53c\uc18c\ub4dc",
    "ValueEpisodeCount": "{0} \uc5d0\ud53c\uc18c\ub4dc",
    "ValueOneGame": "1 \uac8c\uc784",
    "ValueGameCount": "{0} \uac8c\uc784",
    "ValueOneAlbum": "1 \uc568\ubc94",
    "ValueAlbumCount": "{0} \uc568\ubc94",
    "ValueOneSong": "1 \ub178\ub798",
    "ValueSongCount": "{0} \ub178\ub798",
    "ValueOneMusicVideo": "1 \ubba4\uc9c1 \ube44\ub514\uc624",
    "ValueMusicVideoCount": "{0} \ubba4\uc9c1 \ube44\ub514\uc624",
    "HeaderOffline": "\uc624\ud504\ub77c\uc778",
    "HeaderUnaired": "Unaired",
    "HeaderMissing": "\ub204\ub77d",
    "ButtonWebsite": "\uc6f9\uc0ac\uc774\ud2b8",
    "TooltipFavorite": "Favorite",
    "TooltipLike": "\uc88b\uc544\ud568",
    "TooltipDislike": "\uc2eb\uc5b4\ud568",
    "TooltipPlayed": "\uc7ac\uc0dd",
    "ValueSeriesYearToPresent": "{0}-Present",
    "ValueAwards": "Awards: {0}",
    "ValueBudget": "Budget: {0}",
    "ValueRevenue": "Revenue: {0}",
    "ValuePremiered": "Premiered {0}",
    "ValuePremieres": "Premieres {0}",
    "ValueStudio": "\uc2a4\ud29c\ub514\uc624: {0}",
    "ValueStudios": "\uc2a4\ud29c\ub514\uc624: {0}",
    "ValueStatus": "Status: {0}",
    "ValueSpecialEpisodeName": "Special - {0}",
    "LabelLimit": "Limit:",
    "ValueLinks": "Links: {0}",
    "HeaderPeople": "People",
    "HeaderCastAndCrew": "Cast & Crew",
    "ValueArtist": "\uc544\ud2f0\uc2a4\ud2b8: {0}",
    "ValueArtists": "\uc544\ud2f0\uc2a4\ud2b8: {0}",
    "HeaderTags": "\ud0dc\uadf8",
    "MediaInfoCameraMake": "\uce74\uba54\ub77c \uc81c\uc870\uc0ac",
    "MediaInfoCameraModel": "\uce74\uba54\ub77c \ubaa8\ub378",
    "MediaInfoAltitude": "Altitude",
    "MediaInfoAperture": "\uc870\ub9ac\uac1c",
    "MediaInfoExposureTime": "\ub178\ucd9c \uc2dc\uac04",
    "MediaInfoFocalLength": "Focal length",
    "MediaInfoOrientation": "Orientation",
    "MediaInfoIsoSpeedRating": "Iso speed rating",
    "MediaInfoLatitude": "Latitude",
    "MediaInfoLongitude": "Longitude",
    "MediaInfoShutterSpeed": "\uc154\ud130 \uc18d\ub3c4",
    "MediaInfoSoftware": "\uc18c\ud504\ud2b8\uc6e8\uc5b4",
    "HeaderIfYouLikeCheckTheseOut": "If you like {0}, check these out...",
    "HeaderPlotKeywords": "\uc904\uac70\ub9ac \ud0a4\uc6cc\ub4dc",
    "HeaderMovies": "\uc601\ud654",
    "HeaderAlbums": "\uc568\ubc94",
    "HeaderGames": "\uac8c\uc784",
    "HeaderBooks": "\ucc45",
    "HeaderEpisodes": "\uc5d0\ud53c\uc18c\ub4dc",
    "HeaderSeasons": "\uc2dc\uc98c",
    "HeaderTracks": "\ud2b8\ub799",
    "HeaderItems": "\ud56d\ubaa9",
    "HeaderOtherItems": "Other Items",
    "ButtonFullReview": "\uc0c1\uc138 \ub9ac\ubdf0",
    "ValueAsRole": "as {0}",
    "ValueGuestStar": "Guest star",
    "MediaInfoSize": "Size",
    "MediaInfoPath": "\uacbd\ub85c",
    "MediaInfoFile": "File",
    "MediaInfoFormat": "\ud615\uc2dd",
    "MediaInfoContainer": "\ucee8\ud14c\uc774\ub108",
    "MediaInfoDefault": "\uae30\ubcf8",
    "MediaInfoForced": "Forced",
    "MediaInfoExternal": "\uc678\ubd80",
    "MediaInfoTimestamp": "Timestamp",
    "MediaInfoPixelFormat": "Pixel format",
    "MediaInfoBitDepth": "Bit depth",
    "MediaInfoSampleRate": "\uc0d8\ud50c \ub808\uc774\ud2b8",
    "MediaInfoBitrate": "\ube44\ud2b8\ub808\uc774\ud2b8",
    "MediaInfoChannels": "\ucc44\ub110",
    "MediaInfoLayout": "\ub808\uc774\uc544\uc6c3",
    "MediaInfoLanguage": "\uc5b8\uc5b4",
    "MediaInfoCodec": "\ucf54\ub371",
    "MediaInfoCodecTag": "\ucf54\ub371 \ud0dc\uadf8",
    "MediaInfoProfile": "\ud504\ub85c\ud30c\uc77c",
    "MediaInfoLevel": "Level",
    "MediaInfoAspectRatio": "\ud654\uba74\ube44",
    "MediaInfoResolution": "\ud574\uc0c1\ub3c4",
    "MediaInfoAnamorphic": "\uc544\ub098\ubab0\ud53d",
    "MediaInfoInterlaced": "\uc778\ud130\ub808\uc774\uc2a4",
    "MediaInfoFramerate": "\ud504\ub808\uc784 \ub808\uc774\ud2b8",
    "MediaInfoStreamTypeAudio": "\uc624\ub514\uc624",
    "MediaInfoStreamTypeData": "\ub0a0\uc9dc",
    "MediaInfoStreamTypeVideo": "\ube44\ub514\uc624",
    "MediaInfoStreamTypeSubtitle": "\uc790\ub9c9",
    "MediaInfoStreamTypeEmbeddedImage": "\ub0b4\uc7a5 \uc774\ubbf8\uc9c0",
    "MediaInfoRefFrames": "Ref frames",
    "TabPlayback": "\uc7ac\uc0dd",
    "TabNotifications": "\uc54c\ub9bc",
    "TabExpert": "Expert",
    "HeaderSelectCustomIntrosPath": "Select Custom Intros Path",
    "HeaderRateAndReview": "\ud3c9\uc810 \ubc0f \ub9ac\ubdf0",
    "HeaderThankYou": "Thank You",
    "MessageThankYouForYourReview": "Thank you for your review.",
    "LabelYourRating": "\ub0b4 \ud3c9\uc810:",
    "LabelFullReview": "\uc0c1\uc138 \ub9ac\ubdf0:",
    "LabelShortRatingDescription": "Short rating summary:",
    "OptionIRecommendThisItem": "\uc774 \ud56d\ubaa9 \ucd94\ucc9c",
    "WebClientTourContent": "View your recently added media, next episodes, and more. The green circles indicate how many unplayed items you have.",
    "WebClientTourMovies": "Play movies, trailers and more from any device with a web browser",
    "WebClientTourMouseOver": "Hold the mouse over any poster for quick access to important information",
    "WebClientTourTapHold": "Tap and hold or right click any poster for a context menu",
    "WebClientTourMetadataManager": "Click edit to open the metadata manager",
    "WebClientTourPlaylists": "Easily create playlists and instant mixes, and play them on any device",
    "WebClientTourCollections": "Create movie collections to group box sets together",
    "WebClientTourUserPreferences1": "User preferences allow you to customize the way your library is presented in all of your Emby apps",
    "WebClientTourUserPreferences2": "Configure your audio and subtitle language settings once, for every Emby app",
    "WebClientTourUserPreferences3": "Design the web client home page to your liking",
    "WebClientTourUserPreferences4": "Configure backdrops, theme songs and external players",
    "WebClientTourMobile1": "The web client works great on smartphones and tablets...",
    "WebClientTourMobile2": "and easily controls other devices and Emby apps",
    "WebClientTourMySync": "Sync your personal media to your devices for offline viewing.",
    "MessageEnjoyYourStay": "Enjoy your stay",
    "DashboardTourDashboard": "The server dashboard allows you to monitor your server and your users. You'll always know who is doing what and where they are.",
    "DashboardTourHelp": "In-app help provides easy buttons to open wiki pages relating to the on-screen content.",
    "DashboardTourUsers": "Easily create user accounts for your friends and family, each with their own permissions, library access, parental controls and more.",
    "DashboardTourCinemaMode": "Cinema mode brings the theater experience straight to your living room with the ability to play trailers and custom intros before the main feature.",
    "DashboardTourChapters": "Enable chapter image generation for your videos for a more pleasing presentation while viewing.",
    "DashboardTourSubtitles": "Automatically download subtitles for your videos in any language.",
    "DashboardTourPlugins": "Install plugins such as internet video channels, live tv, metadata scanners, and more.",
    "DashboardTourNotifications": "Automatically send notifications of server events to your mobile device, email and more.",
    "DashboardTourScheduledTasks": "Easily manage long running operations with scheduled tasks. Decide when they run, and how often.",
    "DashboardTourMobile": "The Emby Server dashboard works great on smartphones and tablets. Manage your server from the palm of your hand anytime, anywhere.",
    "DashboardTourSync": "Sync your personal media to your devices for offline viewing.",
    "MessageRefreshQueued": "Refresh queued",
    "TabDevices": "Devices",
    "TabExtras": "Extras",
    "HeaderUploadImage": "Upload Image",
    "DeviceLastUsedByUserName": "Last used by {0}",
    "HeaderDeleteDevice": "Delete Device",
    "DeleteDeviceConfirmation": "Are you sure you wish to delete this device? It will reappear the next time a user signs in with it.",
    "LabelEnableCameraUploadFor": "Enable camera upload for:",
    "HeaderSelectUploadPath": "Select Upload Path",
    "LabelEnableCameraUploadForHelp": "Uploads will occur automatically in the background when signed into Emby.",
    "ErrorMessageStartHourGreaterThanEnd": "End time must be greater than the start time.",
    "ButtonLibraryAccess": "Library access",
    "ButtonParentalControl": "Parental control",
    "HeaderInvitationSent": "Invitation Sent",
    "MessageInvitationSentToUser": "An email has been sent to {0}, inviting them to accept your sharing invitation.",
    "MessageInvitationSentToNewUser": "An email has been sent to {0} inviting them to sign up with Emby.",
    "HeaderConnectionFailure": "\uc5f0\uacb0 \uc2e4\ud328",
    "MessageUnableToConnectToServer": "\uc120\ud0dd\ud55c \uc11c\ubc84\uc5d0 \uc5f0\uacb0\ud560 \uc218 \uc5c6\uc2b5\ub2c8\ub2e4. \uc11c\ubc84\uac00 \uc2e4\ud589 \uc911\uc778\uc9c0 \ud655\uc778\ud6c4 \ub2e4\uc2dc \uc2dc\ub3c4\ud558\uc138\uc694.",
    "ButtonSelectServer": "\uc11c\ubc84 \uc120\ud0dd",
    "MessagePluginConfigurationRequiresLocalAccess": "To configure this plugin please sign in to your local server directly.",
    "MessageLoggedOutParentalControl": "\uc811\uadfc\uc774 \uc81c\ud55c\ub418\uc5c8\uc2b5\ub2c8\ub2e4. \ub2e4\uc2dc \uc2dc\ub3c4\ud558\uc138\uc694.",
    "DefaultErrorMessage": "\uc694\uad6c \ucc98\ub9ac \uacfc\uc815\uc5d0 \uc624\ub958\uac00 \ubc1c\uc0dd\ud558\uc600\uc2b5\ub2c8\ub2e4. \ub2e4\uc2dc \uc2dc\ub3c4\ud558\uc138\uc694.",
    "ButtonAccept": "\uc218\ub77d",
    "ButtonReject": "\uac70\uc808",
    "HeaderForgotPassword": "\ube44\ubc00\ubc88\ud638 \ubd84\uc2e4",
    "MessageContactAdminToResetPassword": "\ube44\ubc00\ubc88\ud638\ub97c \ucd08\uae30\ud654\ud558\ub824\uba74 \uc2dc\uc2a4\ud15c \uad00\ub9ac\uc790\uc5d0\uac8c \ubb38\uc758\ud558\uc138\uc694.",
    "MessageForgotPasswordInNetworkRequired": "\ube44\ubc00\ubc88\ud638 \ucd08\uae30\ud654\ub97c \uc9c4\ud589\ud558\ub824\uba74 \uadc0\ud558\uc758 \ud648 \ub124\ud2b8\uc6cc\ud06c\uc5d0\uc11c \ub2e4\uc2dc \uc2dc\ub3c4\ud558\uc138\uc694.",
    "MessageForgotPasswordFileCreated": "\uc9c4\ud589 \ubc29\ubc95\uc774 \uc124\uba85\ub41c \ub2e4\uc74c\uc758 \ud30c\uc77c\uc774 \uadc0\ud558\uc758 \uc11c\ubc84\uc5d0 \uc0dd\uc131\ub418\uc5c8\uc2b5\ub2c8\ub2e4.",
    "MessageForgotPasswordFileExpiration": "\ucd08\uae30\ud654 PIN \ucf54\ub4dc\uac00 {0}\uc5d0 \ub9cc\ub8cc\ub429\ub2c8\ub2e4.",
    "MessageInvalidForgotPasswordPin": "\uc62c\ubc14\ub974\uc9c0 \uc54a\uac70\ub098 \ub9cc\ub8cc\ub41c PIN \ucf54\ub4dc\uc785\ub2c8\ub2e4. \ub2e4\uc2dc \uc2dc\ub3c4\ud558\uc138\uc694.",
    "MessagePasswordResetForUsers": "\ub2e4\uc74c \uc0ac\uc6a9\uc790\uc758 \ube44\ubc00\ubc88\ud638\uac00 \uc0ad\uc81c\ub418\uc5c8\uc2b5\ub2c8\ub2e4. \ube48 \ube44\ubc00\ubc88\ud638\ub85c \ub85c\uadf8\uc778\ud558\uc138\uc694.",
    "HeaderInviteGuest": "\uc190\ub2d8 \ucd08\ub300",
    "ButtonLinkMyEmbyAccount": "\uc9c0\uae08 \ub0b4 \uacc4\uc815 \uc5f0\uacb0",
    "MessageConnectAccountRequiredToInviteGuest": "\uc190\ub2d8\uc744 \ucd08\ub300\ud558\ub824\uba74 \uba3c\uc800 \uadc0\ud558\uc758 Emby \uacc4\uc815\uc744 \uc774 \uc11c\ubc84\uc5d0 \uc5f0\uacb0\ud558\uc5ec\uc57c \ud569\ub2c8\ub2e4.",
    "ButtonSync": "\ub3d9\uae30\ud654",
    "SyncMedia": "\ubbf8\ub514\uc5b4 \ub3d9\uae30\ud654",
    "HeaderCancelSyncJob": "\ub3d9\uae30\ud654 \ucde8\uc18c",
    "CancelSyncJobConfirmation": "\ub3d9\uae30\ud654 \uc791\uc5c5\uc744 \ucde8\uc18c\ud558\uba74 \ub2e4\uc74c \ub3d9\uae30\ud654\ub97c \uc9c4\ud589\ud560 \ub54c \ub3d9\uae30\ud654 \ub41c \ubbf8\ub514\uc5b4\ub97c \uc7a5\uce58\uc5d0\uc11c \uc0ad\uc81c\ud569\ub2c8\ub2e4. \uc9c4\ud589\ud558\uaca0\uc2b5\ub2c8\uae4c?",
    "TabSync": "\ub3d9\uae30\ud654",
    "MessagePleaseSelectDeviceToSyncTo": "\ub3d9\uae30\ud654 \ud560 \uc7a5\uce58\ub97c \uc120\ud0dd\ud558\uc138\uc694.",
    "MessageSyncJobCreated": "\ub3d9\uae30\ud654 \uc791\uc5c5\uc774 \uc0dd\uc131\ub418\uc5c8\uc2b5\ub2c8\ub2e4.",
    "LabelSyncTo": "\ub3d9\uae30\ud654 \uc7a5\uce58:",
    "LabelSyncJobName": "\ub3d9\uae30\ud654 \uc791\uc5c5 \uc774\ub984:",
    "LabelQuality": "\ud488\uc9c8:",
    "HeaderSettings": "\uc124\uc815",
    "OptionAutomaticallySyncNewContent": "\uc0c8 \ucf58\ud150\ud2b8 \uc790\ub3d9 \ub3d9\uae30\ud654",
    "OptionAutomaticallySyncNewContentHelp": "\uc0c8 \ucf58\ud150\ud2b8\uac00 \uc7a5\uce58\ub85c \ub3d9\uae30\ud654\ub418\uc5b4 \uc790\ub3d9\uc73c\ub85c \ucd94\uac00\ub429\ub2c8\ub2e4.",
    "OptionSyncUnwatchedVideosOnly": "\uc2dc\uccad\ud558\uc9c0 \uc54a\uc740 \ube44\ub514\uc624\ub9cc \ub3d9\uae30\ud654",
    "OptionSyncUnwatchedVideosOnlyHelp": "\uc2dc\uccad\ud558\uc9c0 \uc54a\uc740 \ube44\ub514\uc624\ub9cc \ub3d9\uae30\ud654\ub418\uba70 \uc2dc\uccad\ud55c \ube44\ub514\uc624\ub294 \uc7a5\uce58\uc5d0\uc11c \uc0ad\uc81c\ub429\ub2c8\ub2e4.",
    "LabelItemLimit": "\ud56d\ubaa9 \uc81c\ud55c:",
    "LabelItemLimitHelp": "\uc120\ud0dd\uc0ac\ud56d. \ub3d9\uae30\ud654 \ud560 \ud56d\ubaa9 \uc218\ub97c \uc81c\ud55c\ud569\ub2c8\ub2e4.",
    "MessageBookPluginRequired": "Bookshelf \ud50c\ub7ec\uadf8\uc778 \uc124\uce58 \ud544\uc694",
    "MessageGamePluginRequired": "GameBrowser \ud50c\ub7ec\uadf8\uc778 \uc124\uce58 \ud544\uc694",
    "MessageUnsetContentHelp": "\ucf58\ud150\ud2b8\uac00 \uc77c\ubc18 \ud3f4\ub354\ub85c \ud45c\uc2dc\ub429\ub2c8\ub2e4. \ucd5c\uc0c1\uc758 \uacb0\uacfc\ub97c \uc704\ud574 \uba54\ud0c0\ub370\uc774\ud130 \uad00\ub9ac\uc790\ub97c \uc0ac\uc6a9\ud558\uc5ec \ud558\uc704 \ud3f4\ub354\uc758 \ucf58\ud150\ud2b8 \uc885\ub958\ub97c \uc124\uc815\ud558\uc138\uc694.",
    "SyncJobItemStatusQueued": "Queued",
    "SyncJobItemStatusConverting": "Converting",
    "SyncJobItemStatusTransferring": "Transferring",
    "SyncJobItemStatusSynced": "Synced",
    "SyncJobItemStatusFailed": "Failed",
    "SyncJobItemStatusRemovedFromDevice": "\uc7a5\uce58\uc5d0\uc11c \uc0ad\uc81c\ub428",
    "SyncJobItemStatusCancelled": "Cancelled",
    "LabelProfile": "\ud504\ub85c\ud30c\uc77c:",
    "LabelBitrateMbps": "\ube44\ud2b8\ub808\uc774\ud2b8 (Mbps):",
    "EmbyIntroDownloadMessage": "Emby \uc11c\ubc84\ub97c \ub2e4\uc6b4\ub85c\ub4dc\ud558\uace0 \uc124\uce58\ud558\ub824\uba74 {0} \uc744(\ub97c) \ubc29\ubb38\ud558\uc138\uc694.",
    "ButtonNewServer": "\uc0c8 \uc11c\ubc84",
    "ButtonSignInWithConnect": "Sign in with Emby Connect",
    "HeaderNewServer": "\uc0c8 \uc11c\ubc84",
    "MyDevice": "\ub0b4 \uc7a5\uce58",
    "ButtonRemote": "\uc6d0\uaca9",
    "TabInfo": "\uc815\ubcf4",
    "TabCast": "\ubc30\uc5ed",
    "TabScenes": "\uc7a5\uba74",
    "HeaderUnlockApp": "\uc571 \uc81c\ud55c \ud480\uae30",
    "HeaderUnlockSync": "Emby \ub3d9\uae30\ud654 \uc81c\ud55c \ud480\uae30",
    "MessageUnlockAppWithPurchaseOrSupporter": "\uc774 \uae30\ub2a5\uc758 \uc81c\ud55c\uc744 \ud480\ub824\uba74 \uad6c\ub9e4\ud558\uac70\ub098 Emby \ud504\ub9ac\ubbf8\uc5b4\ub97c \uad6c\ub3c5\ud558\uc5ec\uc57c \ud569\ub2c8\ub2e4.",
    "MessageUnlockAppWithSupporter": "Emby \ud504\ub9ac\ubbf8\uc5b4 \uad6c\ub3c5\uc73c\ub85c \uc774 \uae30\ub2a5\uc758 \uc81c\ud55c\uc744 \ud489\ub2c8\ub2e4.",
    "MessageToValidateSupporter": "If you have an active Emby Premiere subscription, simply sign into the app once using your Wifi connection within your home network.",
    "MessagePaymentServicesUnavailable": "\ud604\uc7ac \uacb0\uc81c \uc11c\ube44\uc2a4\ub97c \uc0ac\uc6a9\ud560 \uc218 \uc5c6\uc2b5\ub2c8\ub2e4. \ub098\uc911\uc5d0 \ub2e4\uc2dc \uc2dc\ub3c4\ud558\uc138\uc694.",
    "MessagePleaseSignInLocalNetwork": "\uc9c4\ud589\ud558\uae30 \uc804\uc5d0 WiFi \ub610\ub294 LAN \uc5f0\uacb0\uc744 \ud1b5\ud574 \uadc0\ud558\uc758 \ub85c\uceec \ub124\ud2b8\uc6cc\ud06c\uc5d0 \uc5f0\uacb0\ub418\uc5b4 \uc788\ub294\uc9c0 \ud655\uc778\ud558\uc138\uc694.",
    "ButtonUnlockWithPurchase": "\uad6c\ub9e4\ud558\uc5ec \uc81c\ud55c \ud480\uae30",
    "ButtonUnlockPrice": "\uc81c\ud55c \ud480\uae30 {0}",
    "MessageLiveTvGuideRequiresUnlock": "TV \ubc29\uc1a1 \uac00\uc774\ub4dc\ub294 \ud604\uc7ac {0} \ucc44\ub110\uc5d0 \uc81c\ud55c\ub418\uc5b4 \uc788\uc2b5\ub2c8\ub2e4. \uc81c\ud55c \ud480\uae30 \ubc84\ud2bc\uc744 \ud074\ub9ad\ud558\uc5ec \ubaa8\ub4e0 \uacbd\ud5d8\uc744 \uc990\uae30\uc138\uc694.",
    "OptionEnableFullscreen": "\uc804\uccb4 \ud654\uba74 \uc0ac\uc6a9",
    "ButtonServer": "\uc11c\ubc84",
    "HeaderAdmin": "\uad00\ub9ac\uc790",
    "HeaderLibrary": "\ub77c\uc774\ube0c\ub7ec\ub9ac",
    "HeaderMedia": "\ubbf8\ub514\uc5b4",
    "ButtonInbox": "\uc218\uc2e0\ud568",
    "HeaderAdvanced": "\uace0\uae09",
    "HeaderGroupVersions": "\uadf8\ub8f9 \ubc84\uc804",
    "HeaderSaySomethingLike": "Say Something Like...",
    "ButtonTryAgain": "\ub2e4\uc2dc \uc2dc\ub3c4\ud558\uc138\uc694",
    "HeaderYouSaid": "You Said...",
    "MessageWeDidntRecognizeCommand": "We're sorry, we didn't recognize that command.",
    "MessageIfYouBlockedVoice": "If you denied voice access to the app you'll need to reconfigure before trying again.",
    "MessageNoItemsFound": "\ud56d\ubaa9\uc774 \uc5c6\uc2b5\ub2c8\ub2e4.",
    "ButtonManageServer": "\uc11c\ubc84 \uad00\ub9ac",
    "ButtonEditSubtitles": "\uc790\ub9c9 \ud3b8\uc9d1",
    "ButtonPreferences": "\ud658\uacbd \uc124\uc815",
    "ButtonViewArtist": "\uc544\ud2f0\uc2a4\ud2b8 \ubcf4\uae30",
    "ButtonViewAlbum": "\uc568\ubc94 \ubcf4\uae30",
    "ButtonEditImages": "\uc774\ubbf8\uc9c0 \ud3b8\uc9d1",
    "ErrorMessagePasswordNotMatchConfirm": "\ube44\ubc00\ubc88\ud638\uc640 \ube44\ubc00\ubc88\ud638 \ud655\uc778\uc774 \uc77c\uce58\ud558\uc5ec\uc57c \ud569\ub2c8\ub2e4.",
    "ErrorMessageUsernameInUse": "\uc774\ubbf8 \uc0ac\uc6a9 \uc911\uc778 \uc0ac\uc6a9\uc790\uba85\uc785\ub2c8\ub2e4. \ub2e4\ub978 \uc774\ub984\uc73c\ub85c \ub2e4\uc2dc \uc2dc\ub3c4\ud558\uc138\uc694.",
    "ErrorMessageEmailInUse": "\uc774\ubbf8 \uc0ac\uc6a9 \uc911\uc778 \uc774\uba54\uc77c \uc8fc\uc18c\uc785\ub2c8\ub2e4. \ub2e4\ub978 \uc774\uba54\uc77c \uc8fc\uc18c\ub85c \ub2e4\uc2dc \uc2dc\ub3c4\ud558\uac70\ub098 \ube44\ubc00\ubc88\ud638 \ubd84\uc2e4 \uae30\ub2a5\uc744 \uc0ac\uc6a9\ud558\uc138\uc694.",
    "MessageThankYouForConnectSignUp": "Thank you for signing up for Emby Connect. An email will be sent to your address with instructions on how to confirm your new account. Please confirm the account and then return here to sign in.",
    "HeaderShare": "\uacf5\uc720",
    "ButtonShareHelp": "Share a web page containing media information with social media. Media files are never shared publicly.",
    "ButtonShare": "\uacf5\uc720",
    "HeaderConfirm": "Confirm",
    "ButtonAdvancedRefresh": "Advanced Refresh",
    "MessageConfirmDeleteTunerDevice": "\uc774 \uc7a5\uce58\ub97c \uc0ad\uc81c\ud558\uaca0\uc2b5\ub2c8\uae4c?",
    "MessageConfirmDeleteGuideProvider": "\uc774 \uac00\uc774\ub4dc \uc81c\uacf5\uc790\ub97c \uc0ad\uc81c\ud558\uaca0\uc2b5\ub2c8\uae4c?",
    "HeaderDeleteProvider": "\uc81c\uacf5\uc790 \uc0ad\uc81c",
    "HeaderAddProvider": "\uc81c\uacf5\uc790 \ucd94\uac00",
    "ErrorAddingTunerDevice": "\ud29c\ub108 \uc7a5\uce58\ub97c \ucd94\uac00\ud558\ub294\ub370 \uc624\ub958\uac00 \ubc1c\uc0dd\ud558\uc600\uc2b5\ub2c8\ub2e4. \uc811\uc18d \uac00\ub2a5\ud55c\uc9c0 \ud655\uc778\ud558\uace0 \ub2e4\uc2dc \uc2dc\ub3c4\ud558\uc138\uc694.",
    "ErrorSavingTvProvider": "TV \uc81c\uacf5\uc790\ub97c \uc800\uc7a5\ud558\ub294\ub370 \uc624\ub958\uac00 \ubc1c\uc0dd\ud558\uc600\uc2b5\ub2c8\ub2e4. \uc811\uc18d \uac00\ub2a5\ud55c\uc9c0 \ud655\uc778\ud558\uace0 \ub2e4\uc2dc \uc2dc\ub3c4\ud558\uc138\uc694.",
    "ErrorGettingTvLineups": "There was an error downloading tv lineups. Please ensure your information is correct and try again.",
    "MessageCreateAccountAt": "Create an account at {0}",
    "ErrorPleaseSelectLineup": "Please select a lineup and try again. If no lineups are available, then please check that your username, password, and postal code is correct.",
    "HeaderTryEmbyPremiere": "Try Emby Premiere",
    "ButtonBecomeSupporter": "Get Emby Premiere",
    "ButtonClosePlayVideo": "Close and play my media",
    "MessageDidYouKnowCinemaMode": "Did you know that with Emby Premiere, you can enhance your experience with features like Cinema Mode?",
    "MessageDidYouKnowCinemaMode2": "Cinema Mode gives you the true cinema experience with trailers and custom intros before the main feature.",
    "OptionEnableDisplayMirroring": "Enable display mirroring",
    "HeaderSyncRequiresSupporterMembership": "Sync requires an active Emby Premiere subscription.",
    "HeaderSyncRequiresSupporterMembershipAppVersion": "Sync requires connecting to an Emby Server with an active Emby Premiere subscription.",
    "ErrorValidatingSupporterInfo": "There was an error validating your Emby Premiere information. Please try again later.",
    "HeaderSync": "Sync",
    "LabelLocalSyncStatusValue": "Status: {0}",
    "MessageSyncStarted": "Sync started",
    "OptionPoster": "\ud3ec\uc2a4\ud130",
    "OptionPosterCard": "\ud3ec\uc2a4\ud130 \uce74\ub4dc",
    "OptionTimeline": "Timeline",
    "OptionList": "\ubaa9\ub85d",
    "OptionThumb": "\uc378\ub124\uc77c",
    "OptionThumbCard": "\uc378\ub124\uc77c \uce74\ub4dc",
    "OptionBanner": "\ubc30\ub108",
    "NoSlideshowContentFound": "\uc2ac\ub77c\uc774\ub4dc \uc1fc \uc774\ubbf8\uc9c0\uac00 \uc5c6\uc2b5\ub2c8\ub2e4.",
    "OptionPhotoSlideshow": "\uc0ac\uc9c4 \uc2ac\ub77c\uc774\ub4dc \uc1fc",
    "OptionBackdropSlideshow": "\ubc30\uacbd \uc2ac\ub77c\uc774\ub4dc \uc1fc",
    "HeaderTopPlugins": "\ucd5c\uace0 \ud50c\ub7ec\uadf8\uc778",
    "ButtonRecord": "\ub179\ud654",
    "ButtonOther": "Other",
    "HeaderSortBy": "\uc815\ub82c \uae30\uc900:",
    "HeaderSortOrder": "\uc815\ub82c \uc21c\uc11c:",
    "OptionAscending": "\uc624\ub984\ucc28\uc21c",
    "OptionDescending": "\ub0b4\ub9bc\ucc28\uc21c",
    "OptionNameSort": "\uc81c\ubaa9",
    "OptionTvdbRating": "TVDb \ud3c9\uc810",
    "OptionPremiereDate": "Premiere Date",
    "OptionImdbRating": "IMDb \ud3c9\uc810",
    "OptionDatePlayed": "Date Played",
    "OptionDateAdded": "\ucd94\uac00\ud55c \ub0a0\uc9dc",
    "OptionPlayCount": "\uc7ac\uc0dd \ud69f\uc218",
    "ButtonDisconnect": "\uc5f0\uacb0 \ud574\uc81c",
    "OptionAlbumArtist": "\uc568\ubc94 \uc544\ud2f0\uc2a4\ud2b8",
    "OptionArtist": "\uc544\ud2f0\uc2a4\ud2b8",
    "OptionAlbum": "\uc568\ubc94",
    "OptionTrackName": "\ud2b8\ub799 \uc81c\ubaa9",
    "OptionCommunityRating": "\ucee4\ubba4\ub2c8\ud2f0 \ud3c9\uc810",
    "ButtonSort": "\uc815\ub82c",
    "ButtonMenu": "\uba54\ub274",
    "OptionDefaultSort": "\uae30\ubcf8",
    "ButtonFilter": "\ud544\ud130",
    "OptionCriticRating": "Critic \ud3c9\uc810",
    "OptionVideoBitrate": "\ube44\ub514\uc624 \ube44\ud2b8\ub808\uc774\ud2b8",
    "OptionMetascore": "Metascore",
    "OptionRevenue": "\uc218\uc775",
    "OptionBudget": "\uc608\uc0b0",
    "ForAdditionalLiveTvOptions": "For additional Live TV providers, click on the External Services tab to see the available options.",
    "ButtonGuide": "\uac00\uc774\ub4dc",
    "ButtonRecordedTv": "TV \ub179\ud654",
    "HeaderDisconnectFromPlayer": "Disconnect from Player",
    "ConfirmEndPlayerSession": "Would you like to close Emby on the device?",
    "ButtonYes": "\uc608",
    "ButtonNo": "\uc544\ub2c8\uc624",
    "ButtonRestorePreviousPurchase": "\uad6c\ub9e4 \ubcf5\uc6d0",
    "AlreadyPaid": "Already Paid?",
    "AlreadyPaidHelp1": "If you already paid to install an older version of Media Browser for Android, you don't need to pay again in order to activate this app. Click OK to send us an email at {0} and we'll get it activated for you.",
    "AlreadyPaidHelp2": "Got Emby Premiere? Just cancel this dialog, sign into the app from within your home WIFI network, and it will be unlocked automatically.",
    "ButtonForYou": "For You",
    "ButtonLibrary": "\ub77c\uc774\ube0c\ub7ec\ub9ac",
    "ButtonSearch": "\ucc3e\uae30",
    "ButtonNowPlaying": "\uc9c0\uae08 \uc7ac\uc0dd \uc911",
    "ButtonViewNewApp": "\uc0c8 \uc571 \ubcf4\uae30",
    "HeaderEmbyForAndroidHasMoved": "Emby for Android has moved!",
    "MessageEmbyForAndroidHasMoved": "Emby for Android has moved to a new home in the app store. Please consider checking out the new app. You may continue to use this app for as long as you wish.",
    "HeaderNextUp": "Next Up",
    "HeaderLatestMovies": "Latest Movies",
    "HeaderLatestEpisodes": "Latest Episodes",
    "EmbyPremiereMonthly": "Emby Premiere Monthly",
    "EmbyPremiereMonthlyWithPrice": "Emby Premiere Monthly {0}",
    "HeaderEmailAddress": "\uc774\uba54\uc77c \uc8fc\uc18c",
    "TextPleaseEnterYourEmailAddressForSubscription": "Please enter your e-mail address.",
    "LoginDisclaimer": "Emby is designed to help you manage your personal media library, such as home videos and photos. Please see our terms of use. The use of any Emby software constitutes acceptance of these terms.",
    "TermsOfUse": "Terms of use",
    "HeaderTryMultiSelect": "Try Multi-Select",
    "TryMultiSelectMessage": "To edit multiple media items, just click and hold any poster and select the items you want to manage. Try it!",
    "NumLocationsValue": "{0} folders",
    "ButtonAddMediaLibrary": "Add Media Library",
    "ButtonManageFolders": "Manage folders",
    "HeaderTryDragAndDrop": "Try Drag and Drop",
    "TryDragAndDropMessage": "To re-arrange playlist items, just drag and drop. Try it!",
    "HeaderTryMicrosoftEdge": "Try Microsoft Edge",
    "MessageTryMicrosoftEdge": "For a better experience on Windows 10, try the new Microsoft Edge Browser.",
    "HeaderTryModernBrowser": "Try a Modern Web Browser",
    "MessageTryModernBrowser": "For a better experience on Windows, try a modern web browser such as Google Chrome, Firefox, or Opera.",
    "ErrorAddingListingsToSchedulesDirect": "There was an error adding the lineup to your Schedules Direct account. Schedules Direct only allows a limited number of lineups per account. You may need to log into the Schedules Direct website and remove others listings from your account before proceeeding.",
    "PleaseAddAtLeastOneFolder": "Please add at least one folder to this library by clicking the Add button.",
    "ErrorAddingMediaPathToVirtualFolder": "There was an error adding the media path. Please ensure the path is valid and the Emby Server process has access to that location.",
    "ErrorRemovingEmbyConnectAccount": "There was an error removing the Emby Connect account. Please ensure you have an active internet connection and try again.",
    "ErrorAddingEmbyConnectAccount1": "There was an error adding the Emby Connect account. Have you created an Emby account? Sign up at {0}.",
    "ErrorAddingEmbyConnectAccount2": "Please ensure the Emby account has been activated by following the instructions in the email sent after creating the account. If you did not receive this email then please send an email to {0} from the email address used with the Emby account.",
    "HeaderFavoriteArtists": "Favorite Artists",
    "HeaderFavoriteSongs": "Favorite Songs",
    "HeaderConfirmPluginInstallation": "Confirm Plugin Installation",
    "PleaseConfirmPluginInstallation": "Please click OK to confirm you've read the above and wish to proceed with the plugin installation.",
    "MessagePluginInstallDisclaimer": "Plugins built by Emby community members are a great way to enhance your Emby experience with additional features and benefits. Before installing, please be aware of the effects they may have on your Emby Server, such as longer library scans, additional background processing, and decreased system stability.",
    "ButtonPlayOneMinute": "Play one minute",
    "ThankYouForTryingEnjoyOneMinute": "Please enjoy one minute of playback. Thank you for trying Emby.",
    "HeaderTryPlayback": "Try Playback",
    "HeaderBenefitsEmbyPremiere": "Benefits of Emby Premiere",
    "MobileSyncFeatureDescription": "Sync your media to your smart phones and tablets for easy offline access.",
    "CoverArtFeatureDescription": "Cover Art creates fun covers and other treatments to help you personalize your media images.",
    "HeaderMobileSync": "Mobile Sync",
    "HeaderCloudSync": "Cloud Sync",
    "CloudSyncFeatureDescription": "Sync your media to the cloud for easy backup, archiving, and converting.",
    "HeaderFreeApps": "Free Emby Apps",
    "FreeAppsFeatureDescription": "Enjoy free access to select Emby apps for your devices.",
    "HeaderCinemaMode": "\uc2dc\ub124\ub9c8 \ubaa8\ub4dc",
    "CinemaModeFeatureDescription": "Cinema Mode gives you the true cinema experience with trailers and custom intros before the feature.",
    "CoverArt": "Cover Art",
    "ButtonOff": "Off",
    "TitleHardwareAcceleration": "Hardware Acceleration",
    "HardwareAccelerationWarning": "Enabling hardware acceleration may cause instability in some environments. If you have difficulty playing video after enabling this, you'll need to change the setting back to Auto.",
    "HeaderSelectCodecIntrosPath": "Select Codec Intros Path"
}