{
    "SettingsSaved": "Settings saved.",
    "AddUser": "Add User",
    "Users": "\u7528\u6236",
    "Delete": "Delete",
    "Administrator": "Administrator",
    "Password": "Password",
    "DeleteImage": "Delete Image",
    "MessageThankYouForSupporting": "Thank you for supporting Emby.",
    "MessagePleaseSupportProject": "\u652f\u6301 Emby \u767c\u5c55.",
    "DeleteImageConfirmation": "Are you sure you wish to delete this image?",
    "FileReadCancelled": "The file read has been canceled.",
    "FileNotFound": "File not found.",
    "FileReadError": "An error occurred while reading the file.",
    "DeleteUser": "Delete User",
    "DeleteUserConfirmation": "Are you sure you wish to delete this user?",
    "PasswordResetHeader": "Reset Password",
    "PasswordResetComplete": "The password has been reset.",
    "PinCodeResetComplete": "The pin code has been reset.",
    "PasswordResetConfirmation": "Are you sure you wish to reset the password?",
    "PinCodeResetConfirmation": "Are you sure you wish to reset the pin code?",
    "HeaderPinCodeReset": "Reset Pin Code",
    "PasswordSaved": "Password saved.",
    "PasswordMatchError": "Password and password confirmation must match.",
    "OptionRelease": "\u5b98\u65b9\u767c\u4f48",
    "OptionBeta": "\u516c\u6e2c",
    "OptionDev": "\u958b\u767c\uff08\u4e0d\u7a69\u5b9a\uff09",
    "UninstallPluginHeader": "Uninstall Plugin",
    "UninstallPluginConfirmation": "Are you sure you wish to uninstall {0}?",
    "NoPluginConfigurationMessage": "This plugin has nothing to configure.",
    "NoPluginsInstalledMessage": "You have no plugins installed.",
    "BrowsePluginCatalogMessage": "Browse our plugin catalog to view available plugins.",
    "MessageKeyEmailedTo": "Key emailed to {0}.",
    "MessageKeysLinked": "Keys linked.",
    "HeaderConfirmation": "Confirmation",
    "MessageKeyUpdated": "Thank you. Your Emby Premiere key has been updated.",
    "MessageKeyRemoved": "Thank you. Your Emby Premiere key has been removed.",
    "HeaderSupportTheTeam": "\u8d0a\u52a9\u6211\u5011\u7684\u5718\u968a",
    "TextEnjoyBonusFeatures": "\u4eab\u53d7\u66f4\u591a\u529f\u80fd",
    "TitleLiveTV": "\u96fb\u8996\u76f4\u64ad",
    "ButtonCancelSyncJob": "Cancel sync",
    "HeaderAddTag": "Add Tag",
    "LabelTag": "Tag:",
    "ButtonSelectView": "Select view",
    "TitleSync": "Sync",
    "OptionAutomatic": "\u81ea\u52d5",
    "HeaderSelectDate": "\u9078\u64c7\u65e5\u671f",
    "ButtonIdentify": "Identify",
    "HeaderIdentifyItem": "Identify Item",
    "LabelRecurringDonationCanBeCancelledHelp": "\u60a8\u53ef\u4ee5\u5728\u4efb\u4f55\u6642\u9593\u65bc PayPal \u8cec\u6236\u5167\u53d6\u6d88\u5b9a\u671f\u6350\u8d08\u3002",
    "LabelFromHelp": "Example: {0} (on the server)",
    "HeaderMyMedia": "My Media",
    "ButtonRemoveFromCollection": "Remove from Collection",
    "LabelAutomaticUpdateLevel": "Automatic update level:",
    "LabelAutomaticUpdateLevelForPlugins": "Automatic update level for plugins:",
    "TitleNotifications": "\u901a\u77e5",
    "ErrorLaunchingChromecast": "There was an error launching chromecast. Please ensure your device is connected to your wireless network.",
    "MessageErrorLoadingSupporterInfo": "There was an error loading Emby Premiere information. Please try again later.",
    "MessageLinkYourSupporterKey": "Link your Emby Premiere key with up to {0} Emby Connect members to enjoy free access to the following apps:",
    "HeaderConfirmRemoveUser": "Remove User",
    "MessageConfirmRemoveConnectSupporter": "Are you sure you wish to remove additional Emby Premiere benefits from this user?",
    "ValueTimeLimitSingleHour": "Time limit: 1 hour",
    "ValueTimeLimitMultiHour": "Time limit: {0} hours",
    "HeaderUsers": "\u7528\u6236",
    "PluginCategoryGeneral": "General",
    "PluginCategoryContentProvider": "Content Providers",
    "PluginCategoryScreenSaver": "Screen Savers",
    "PluginCategoryTheme": "Themes",
    "PluginCategorySync": "Sync",
    "PluginCategorySocialIntegration": "Social Networks",
    "PluginCategoryNotifications": "\u901a\u77e5",
    "PluginCategoryMetadata": "Metadata",
    "PluginCategoryLiveTV": "Live TV",
    "PluginCategoryChannel": "Channels",
    "HeaderSearch": "Search",
    "ValueDateCreated": "Date created: {0}",
    "LabelArtist": "Artist",
    "LabelMovie": "Movie",
    "LabelMusicVideo": "MV",
    "LabelEpisode": "Episode",
    "LabelSeries": "\u96fb\u8996\u5287",
    "LabelStopping": "Stopping",
    "LabelCancelled": "(cancelled)",
    "LabelFailed": "(failed)",
    "ButtonHelp": "\u5e6b\u52a9",
    "ButtonSave": "\u5132\u5b58",
    "ButtonDownload": "Download",
    "SyncJobStatusQueued": "Queued",
    "SyncJobStatusConverting": "Converting",
    "SyncJobStatusFailed": "Failed",
    "SyncJobStatusCancelled": "Cancelled",
    "SyncJobStatusCompleted": "Synced",
    "SyncJobStatusReadyToTransfer": "Ready to Transfer",
    "SyncJobStatusTransferring": "Transferring",
    "SyncJobStatusCompletedWithError": "Synced with errors",
    "SyncJobItemStatusReadyToTransfer": "Ready to Transfer",
    "LabelCollection": "Collection",
    "HeaderAddToCollection": "\u6dfb\u52a0\u5230\u6536\u85cf\u5eab",
    "HeaderNewCollection": "\u65b0\u6536\u85cf\u5eab",
    "NewCollectionNameExample": "\u4f8b\u5982\uff1a\u661f\u7403\u5927\u6230\u6536\u85cf\u5eab",
    "OptionSearchForInternetMetadata": "\u5f9e\u4e92\u806f\u7db2\u641c\u5c0b\u76f8\u95dc\u5716\u7247\u548c\u8cc7\u6599\u5c6c\u6027",
    "LabelSelectCollection": "\u9078\u64c7\u6536\u85cf\u5eab",
    "HeaderDevices": "\u88dd\u7f6e",
    "ButtonScheduledTasks": "Scheduled tasks",
    "MessageItemsAdded": "Items added",
    "ButtonAddToCollection": "Add to collection",
    "HeaderSelectCertificatePath": "Select Certificate Path",
    "ConfirmMessageScheduledTaskButton": "This operation normally runs automatically as a scheduled task and does not require any manual effort. To configure the scheduled task, see:",
    "HeaderSupporterBenefit": "An active Emby Premiere subscription provides additional benefits such as access to sync, premium plugins, internet channel content, and more. {0}Learn more{1}.",
    "LabelSyncNoTargetsHelp": "It looks like you don't currently have any apps that support sync.",
    "HeaderWelcomeToProjectServerDashboard": "\u6b61\u8fce\u4f86\u5230 Emby \u4f3a\u670d\u5668\u72c0\u614b\u9801",
    "HeaderWelcomeToProjectWebClient": "Welcome to Emby",
    "ButtonTakeTheTour": "\u6aa2\u67e5\u72c0\u6cc1",
    "HeaderWelcomeBack": "Welcome back!",
    "TitlePlugins": "\u63d2\u4ef6",
    "ButtonTakeTheTourToSeeWhatsNew": "Take the tour to see what's new",
    "MessageNoSyncJobsFound": "No sync jobs found. Create sync jobs using the Sync buttons found throughout the web interface.",
    "HeaderLibraryAccess": "Library Access",
    "HeaderChannelAccess": "Channel Access",
    "HeaderDeviceAccess": "\u5141\u8a31\u88dd\u7f6e\u901a\u884c",
    "HeaderSelectDevices": "Select Devices",
    "ButtonCancelItem": "Cancel item",
    "ButtonQueueForRetry": "Queue for retry",
    "ButtonReenable": "Re-enable",
    "ButtonLearnMore": "Learn more",
    "SyncJobItemStatusSyncedMarkForRemoval": "Marked for removal",
    "LabelAbortedByServerShutdown": "(Aborted by server shutdown)",
    "LabelScheduledTaskLastRan": "Last ran {0}, taking {1}.",
    "HeaderDeleteTaskTrigger": "Delete Task Trigger",
    "MessageDeleteTaskTrigger": "Are you sure you wish to delete this task trigger?",
    "MessageNoPluginsInstalled": "You have no plugins installed.",
    "MessageNoPluginsDueToAppStore": "To manage plugins, please use the Emby web app.",
    "LabelVersionInstalled": "{0} installed",
    "LabelNumberReviews": "{0} Reviews",
    "LabelFree": "Free",
    "HeaderTo": "\u5230",
    "HeaderPlaybackError": "Playback Error",
    "MessagePlaybackErrorNotAllowed": "You're currently not authorized to play this content. Please contact your system administrator for details.",
    "MessagePlaybackErrorNoCompatibleStream": "No compatible streams are currently available. Please try again later or contact your system administrator for details.",
    "MessagePlaybackErrorRateLimitExceeded": "Your playback rate limit has been exceeded. Please contact your system administrator for details.",
    "MessagePlaybackErrorPlaceHolder": "The content chosen is not playable from this device.",
    "HeaderSelectAudio": "Select Audio",
    "HeaderSelectSubtitles": "\u9078\u64c7\u5b57\u5e55",
    "ButtonMarkForRemoval": "Remove from device",
    "ButtonUnmarkForRemoval": "Cancel removal from device",
    "LabelDefaultStream": "(Default)",
    "LabelForcedStream": "(Forced)",
    "LabelDefaultForcedStream": "(Default\/Forced)",
    "LabelUnknownLanguage": "Unknown language",
    "MessageConfirmSyncJobItemCancellation": "Are you sure you wish to cancel this item?",
    "ButtonMute": "Mute",
    "ButtonUnmute": "Unmute",
    "ButtonStop": "Stop",
    "ButtonNextTrack": "Next Track",
    "ButtonPause": "Pause",
    "ButtonPlay": "\u64ad\u653e",
    "ButtonEdit": "\u7de8\u8f2f",
    "ButtonQueue": "Queue",
    "ButtonPlayTrailer": "Play trailer",
    "ButtonPlaylist": "Playlist",
    "ButtonPreviousTrack": "Previous Track",
    "LabelEnabled": "Enabled",
    "LabelDisabled": "Disabled",
    "ButtonMoreInformation": "More Information",
    "LabelNoUnreadNotifications": "No unread notifications.",
    "ButtonViewNotifications": "View notifications",
    "ButtonMarkTheseRead": "Mark these read",
    "ButtonClose": "Close",
    "LabelAllPlaysSentToPlayer": "All plays will be sent to the selected player.",
    "MessageInvalidUser": "Invalid username or password. Please try again.",
    "HeaderLoginFailure": "Login Failure",
    "HeaderAllRecordings": "\u6240\u6709\u9304\u5f71",
    "RecommendationBecauseYouLike": "Because you like {0}",
    "RecommendationBecauseYouWatched": "Because you watched {0}",
    "RecommendationDirectedBy": "Directed by {0}",
    "RecommendationStarring": "Starring {0}",
    "HeaderConfirmRecordingCancellation": "Confirm Recording Cancellation",
    "MessageConfirmRecordingCancellation": "Are you sure you wish to cancel this recording?",
    "MessageRecordingCancelled": "Recording cancelled.",
    "MessageRecordingScheduled": "Recording scheduled.",
    "HeaderConfirmSeriesCancellation": "Confirm Series Cancellation",
    "MessageConfirmSeriesCancellation": "Are you sure you wish to cancel this series?",
    "MessageSeriesCancelled": "\u5df2\u53d6\u6d88\u96fb\u8996\u5287",
    "HeaderConfirmRecordingDeletion": "Confirm Recording Deletion",
    "MessageConfirmRecordingDeletion": "Are you sure you wish to delete this recording?",
    "MessageRecordingDeleted": "Recording deleted.",
    "ButonCancelRecording": "Cancel Recording",
    "MessageRecordingSaved": "Recording saved.",
    "OptionSunday": "\u661f\u671f\u65e5",
    "OptionMonday": "\u661f\u671f\u4e00",
    "OptionTuesday": "\u661f\u671f\u4e8c",
    "OptionWednesday": "\u661f\u671f\u4e09",
    "OptionThursday": "\u661f\u671f\u56db",
    "OptionFriday": "\u661f\u671f\u4e94",
    "OptionSaturday": "\u661f\u671f\u516d",
    "OptionEveryday": "Every day",
    "OptionWeekend": "Weekends",
    "OptionWeekday": "Weekdays",
    "HeaderConfirmDeletion": "Confirm Deletion",
    "MessageConfirmPathSubstitutionDeletion": "Are you sure you wish to delete this path substitution?",
    "LiveTvUpdateAvailable": "(Update available)",
    "LabelVersionUpToDate": "\u8acb\u76e1\u5feb\u66f4\u65b0",
    "ButtonResetTuner": "Reset tuner",
    "HeaderResetTuner": "Reset Tuner",
    "MessageConfirmResetTuner": "Are you sure you wish to reset this tuner? Any active players or recordings will be abruptly stopped.",
    "ButtonCancelSeries": "\u5df2\u53d6\u6d88\u96fb\u8996\u5287",
    "HeaderSeriesRecordings": "\u96fb\u8996\u5287\u9304\u5f71",
    "LabelAnytime": "Any time",
    "StatusRecording": "Recording",
    "StatusWatching": "Watching",
    "StatusRecordingProgram": "Recording {0}",
    "StatusWatchingProgram": "Watching {0}",
    "HeaderSplitMedia": "Split Media Apart",
    "MessageConfirmSplitMedia": "Are you sure you wish to split the media sources into separate items?",
    "HeaderError": "Error",
    "MessageChromecastConnectionError": "Your Chromecast receiver is unable to connect to your Emby Server. Please check their connections and try again.",
    "MessagePleaseSelectOneItem": "Please select at least one item.",
    "MessagePleaseSelectTwoItems": "Please select at least two items.",
    "MessageTheSelectedItemsWillBeGrouped": "The selected videos will be grouped into one virtual item. Emby apps will automatically choose which version to play based on device and network performance. Are you sure you wish to continue?",
    "HeaderResume": "\u6062\u5fa9\u64ad\u653e",
    "HeaderMyViews": "My Views",
    "HeaderLibraryFolders": "Media Folders",
    "HeaderLatestMedia": "Latest Media",
    "ButtonMoreItems": "More...",
    "ButtonMore": "More",
    "HeaderFavoriteMovies": "Favorite Movies",
    "HeaderFavoriteShows": "Favorite Shows",
    "HeaderFavoriteEpisodes": "\u6211\u7684\u6700\u611b\u5287\u96c6",
    "HeaderFavoriteGames": "\u6211\u7684\u6700\u611b\u904a\u6232",
    "HeaderRatingsDownloads": "Rating \/ Downloads",
    "HeaderConfirmProfileDeletion": "Confirm Profile Deletion",
    "MessageConfirmProfileDeletion": "Are you sure you wish to delete this profile?",
    "HeaderSelectServerCachePath": "Select Server Cache Path",
    "HeaderSelectTranscodingPath": "Select Transcoding Temporary Path",
    "HeaderSelectImagesByNamePath": "Select Images By Name Path",
    "HeaderSelectMetadataPath": "Select Metadata Path",
    "HeaderSelectServerCachePathHelp": "Browse or enter the path to use for server cache files. The folder must be writeable.",
    "HeaderSelectTranscodingPathHelp": "Browse or enter the path to use for transcoding temporary files. The folder must be writeable.",
    "HeaderSelectImagesByNamePathHelp": "Browse or enter the path to your items by name folder. The folder must be writeable.",
    "HeaderSelectMetadataPathHelp": "Browse or enter the path you'd like to store metadata within. The folder must be writeable.",
    "HeaderSelectChannelDownloadPath": "Select Channel Download Path",
    "HeaderSelectChannelDownloadPathHelp": "Browse or enter the path to use for storing channel cache files. The folder must be writeable.",
    "OptionNewCollection": "New...",
    "ButtonAdd": "\u65b0\u589e",
    "ButtonRemove": "\u6e05\u9664",
    "LabelChapterDownloaders": "Chapter downloaders:",
    "LabelChapterDownloadersHelp": "\u555f\u7528\u7ae0\u7bc0\u4e0b\u8f09\u5668\u7684\u512a\u5148\u6b21\u5e8f\uff0c\u6108\u4e0b\u6b21\u5e8f\u53ea\u6703\u7528\u4f86\u586b\u88dc\u7f3a\u5c11\u7684\u4fe1\u606f\u3002",
    "HeaderFavoriteAlbums": "Favorite Albums",
    "HeaderLatestChannelMedia": "Latest Channel Items",
    "ButtonOrganizeFile": "Organize File",
    "ButtonDeleteFile": "Delete File",
    "HeaderOrganizeFile": "Organize File",
    "HeaderDeleteFile": "Delete File",
    "StatusSkipped": "Skipped",
    "StatusFailed": "Failed",
    "StatusSuccess": "Success",
    "MessageFileWillBeDeleted": "The following file will be deleted:",
    "MessageSureYouWishToProceed": "Are you sure you wish to proceed?",
    "MessageDuplicatesWillBeDeleted": "In addition the following dupliates will be deleted:",
    "MessageFollowingFileWillBeMovedFrom": "The following file will be moved from:",
    "MessageDestinationTo": "to:",
    "HeaderSelectWatchFolder": "Select Watch Folder",
    "HeaderSelectWatchFolderHelp": "Browse or enter the path to your watch folder. The folder must be writeable.",
    "OrganizePatternResult": "Result: {0}",
    "AutoOrganizeError": "Error Organizing File",
    "ErrorOrganizingFileWithErrorCode": "There was an error organizing the file. Error code: {0}.",
    "HeaderRestart": "\u91cd\u65b0\u555f\u52d5",
    "HeaderShutdown": "Shutdown",
    "MessageConfirmRestart": "\u60a8\u78ba\u8a8d\u91cd\u65b0\u555f\u52d5\u4f3a\u670d\u5668?",
    "MessageConfirmShutdown": "Are you sure you wish to shutdown Emby Server?",
    "ButtonUpdateNow": "Update Now",
    "ValueItemCount": "{0} item",
    "ValueItemCountPlural": "{0} items",
    "NewVersionOfSomethingAvailable": "A new version of {0} is available!",
    "VersionXIsAvailableForDownload": "Version {0} is now available for download.",
    "LabelVersionNumber": "Version {0}",
    "LabelPlayMethodTranscoding": "Transcoding",
    "LabelPlayMethodDirectStream": "Direct Streaming",
    "LabelPlayMethodDirectPlay": "Direct Playing",
    "LabelAudioCodec": "\u97f3\u8a0a\uff1a{0}",
    "LabelVideoCodec": "\u5f71\u7247\uff1a{0}",
    "LabelLocalAccessUrl": "\u672c\u5730\u5730\u5740: {0}",
    "LabelRemoteAccessUrl": "\u9060\u7aef\u5730\u5740: {0}",
    "LabelRunningOnPort": "\u904b\u884c\u65bc http \u9023\u63a5\u57e0 {0}.",
    "LabelRunningOnPorts": "\u904b\u884c\u65bc http \u9023\u63a5\u57e0 {0}, \u548c https \u9023\u63a5\u57e0 {1}.",
    "HeaderLatestFromChannel": "Latest from {0}",
    "LabelUnknownLanaguage": "Unknown language",
    "HeaderCurrentSubtitles": "\u73fe\u6642\u5b57\u5e55",
    "MessageDownloadQueued": "The download has been queued.",
    "MessageAreYouSureDeleteSubtitles": "\u60a8\u78ba\u5b9a\u5e0c\u671b\u522a\u9664\u6b64\u5b57\u5e55\u6587\u4ef6\uff1f",
    "ButtonRemoteControl": "Remote Control",
    "HeaderLatestTvRecordings": "Latest Recordings",
    "ButtonOk": "\u78ba\u5b9a",
    "ButtonCancel": "\u53d6\u6d88",
    "ButtonRefresh": "\u91cd\u65b0\u6574\u7406",
    "LabelCurrentPath": "Current path:",
    "HeaderSelectMediaPath": "Select Media Path",
    "HeaderSelectPath": "Select Path",
    "ButtonNetwork": "Network",
    "MessageDirectoryPickerInstruction": "Network paths can be entered manually in the event the Network button fails to locate your devices. For example, {0} or {1}.",
    "MessageDirectoryPickerBSDInstruction": "For BSD, you may need to configure storage within your FreeNAS Jail in order to allow Emby to access it.",
    "MessageDirectoryPickerLinuxInstruction": "For Linux, you must grant the Emby system user at least read access to your storage locations.",
    "HeaderMenu": "Menu",
    "ButtonOpen": "Open",
    "ButtonOpenInNewTab": "Open in new tab",
    "ButtonShuffle": "Shuffle",
    "ButtonInstantMix": "Instant mix",
    "ButtonResume": "Resume",
    "HeaderScenes": "\u5834\u666f",
    "HeaderAudioTracks": "Audio Tracks",
    "HeaderLibraries": "Libraries",
    "HeaderSubtitles": "\u5b57\u5e55",
    "HeaderVideoQuality": "\u5f71\u7247\u8cea\u7d20",
    "MessageErrorPlayingVideo": "There was an error playing the video.",
    "MessageEnsureOpenTuner": "Please ensure there is an open tuner availalble.",
    "ButtonHome": "Home",
    "ButtonDashboard": "\u72c0\u614b",
    "ButtonReports": "Reports",
    "ButtonMetadataManager": "Metadata Manager",
    "HeaderTime": "Time",
    "HeaderName": "\u540d\u7a31",
    "HeaderAlbum": "Album",
    "HeaderAlbumArtist": "Album Artist",
    "HeaderArtist": "Artist",
    "LabelAddedOnDate": "Added {0}",
    "ButtonStart": "Start",
    "HeaderChannels": "\u983b\u9053",
    "HeaderMediaFolders": "\u5a92\u9ad4\u6587\u4ef6\u593e",
    "HeaderBlockItemsWithNoRating": "Block content with no rating information:",
    "OptionBlockOthers": "Others",
    "OptionBlockTvShows": "TV Shows",
    "OptionBlockTrailers": "Trailers",
    "OptionBlockMusic": "Music",
    "OptionBlockMovies": "Movies",
    "OptionBlockBooks": "\u66f8\u7c4d",
    "OptionBlockGames": "\u904a\u6232",
    "OptionBlockLiveTvPrograms": "Live TV Programs",
    "OptionBlockLiveTvChannels": "Live TV Channels",
    "OptionBlockChannelContent": "Internet Channel Content",
    "ButtonRevoke": "Revoke",
    "MessageConfirmRevokeApiKey": "Are you sure you wish to revoke this api key? The application's connection to Emby Server will be abruptly terminated.",
    "HeaderConfirmRevokeApiKey": "Revoke Api Key",
    "ValueContainer": "Container: {0}",
    "ValueAudioCodec": "Audio Codec: {0}",
    "ValueVideoCodec": "Video Codec: {0}",
    "ValueCodec": "Codec: {0}",
    "ValueConditions": "Conditions: {0}",
    "LabelAll": "All",
    "HeaderDeleteImage": "Delete Image",
    "MessageFileNotFound": "File not found.",
    "MessageFileReadError": "An error occurred reading this file.",
    "ButtonNextPage": "Next Page",
    "ButtonPreviousPage": "Previous Page",
    "ButtonMoveLeft": "Move left",
    "ButtonMoveRight": "Move right",
    "ButtonBrowseOnlineImages": "Browse online images",
    "HeaderDeleteItem": "Delete Item",
    "ConfirmDeleteItem": "Deleting this item will delete it from both the file system and your media library. Are you sure you wish to continue?",
    "HeaderDeleteItems": "Delete Items",
    "ConfirmDeleteItems": "Deleting these items will delete them from both the file system and your media library. Are you sure you wish to continue?",
    "MessagePleaseEnterNameOrId": "Please enter a name or an external Id.",
    "MessageValueNotCorrect": "The value entered is not correct. Please try again.",
    "MessageItemSaved": "Item saved.",
    "MessagePleaseAcceptTermsOfServiceBeforeContinuing": "Please accept the terms of service before continuing.",
    "OptionEnded": "\u5b8c\u6210",
    "OptionContinuing": "\u7e7c\u7e8c",
    "OptionOff": "Off",
    "OptionOn": "On",
    "ButtonSettings": "Settings",
    "ButtonUninstall": "Uninstall",
    "HeaderEnabledFields": "Enabled Fields",
    "HeaderEnabledFieldsHelp": "Uncheck a field to lock it and prevent it's data from being changed.",
    "HeaderLiveTV": "Live TV",
    "MissingLocalTrailer": "Missing local trailer.",
    "MissingPrimaryImage": "Missing primary image.",
    "MissingBackdropImage": "Missing backdrop image.",
    "MissingLogoImage": "Missing logo image.",
    "MissingEpisode": "Missing episode.",
    "OptionScreenshots": "Screenshots",
    "OptionBackdrops": "Backdrops",
    "OptionImages": "Images",
    "OptionKeywords": "Keywords",
    "OptionTags": "Tags",
    "OptionStudios": "Studios",
    "OptionName": "Name",
    "OptionOverview": "Overview",
    "OptionGenres": "Genres",
    "OptionParentalRating": "\u5bb6\u9577\u8a55\u7d1a",
    "OptionPeople": "\u5e55\u5f8c\u73ed\u5e95",
    "OptionRuntime": "\u904b\u884c\u6642\u9593",
    "OptionProductionLocations": "Production Locations",
    "OptionBirthLocation": "Birth Location",
    "LabelAllChannels": "All channels",
    "LabelLiveProgram": "LIVE",
    "LabelNewProgram": "NEW",
    "LabelPremiereProgram": "PREMIERE",
    "LabelHDProgram": "HD",
    "HeaderChangeFolderType": "Change Content Type",
    "HeaderChangeFolderTypeHelp": "To change the type, please remove and rebuild the library with the new type.",
    "HeaderAlert": "Alert",
    "MessagePleaseRestart": "\u8acb\u91cd\u65b0\u555f\u52d5\u4f86\u5b8c\u6210\u66f4\u65b0",
    "ButtonRestart": "\u91cd\u65b0\u555f\u52d5",
    "MessagePleaseRefreshPage": "Please refresh this page to receive new updates from Emby Server.",
    "ButtonHide": "Hide",
    "MessageSettingsSaved": "Settings saved.",
    "ButtonSignOut": "\u767b\u51fa",
    "ButtonMyProfile": "My Profile",
    "ButtonMyPreferences": "My Preferences",
    "MessageBrowserDoesNotSupportWebSockets": "This browser does not support web sockets. For a better experience, try a newer browser such as Chrome, Firefox, IE10+, Safari (iOS) or Opera.",
    "LabelInstallingPackage": "Installing {0}",
    "LabelPackageInstallCompleted": "{0} installation completed.",
    "LabelPackageInstallFailed": "{0} installation failed.",
    "LabelPackageInstallCancelled": "{0} installation cancelled.",
    "TabServer": "\u4f3a\u670d\u5668",
    "TabUsers": "\u7528\u6236",
    "TabLibrary": "\u5a92\u9ad4\u5eab",
    "TabMetadata": "\u5a92\u9ad4\u8cc7\u6599\u5c6c\u6027",
    "TabDLNA": "DLNA",
    "TabLiveTV": "Live TV",
    "TabAutoOrganize": "Auto-Organize",
    "TabPlugins": "Plugins",
    "TabAdvanced": "\u9032\u968e",
    "TabHelp": "Help",
    "TabScheduledTasks": "Scheduled Tasks",
    "ButtonFullscreen": "Fullscreen",
    "ButtonAudioTracks": "Audio Tracks",
    "ButtonSubtitles": "\u5b57\u5e55",
    "ButtonScenes": "Scenes",
    "ButtonQuality": "Quality",
    "HeaderNotifications": "\u901a\u77e5",
    "HeaderSelectPlayer": "Select Player",
    "ButtonSelect": "\u9078\u64c7",
    "ButtonNew": "\u6700\u65b0",
    "MessageInternetExplorerWebm": "For best results with Internet Explorer please install the WebM playback plugin.",
    "HeaderVideoError": "Video Error",
    "ButtonAddToPlaylist": "Add to playlist",
    "HeaderAddToPlaylist": "Add to Playlist",
    "LabelName": "\u540d\u7a31\uff1a",
    "ButtonSubmit": "\u63d0\u4ea4",
    "LabelSelectPlaylist": "Playlist:",
    "OptionNewPlaylist": "New playlist...",
    "MessageAddedToPlaylistSuccess": "Ok",
    "ButtonView": "View",
    "ButtonViewSeriesRecording": "\u67e5\u770b\u96fb\u8996\u5287\u9304\u5f71",
    "ValueOriginalAirDate": "Original air date: {0}",
    "ButtonRemoveFromPlaylist": "Remove from playlist",
    "HeaderSpecials": "Specials",
    "HeaderTrailers": "Trailers",
    "HeaderAudio": "\u97f3\u8a0a",
    "HeaderResolution": "Resolution",
    "HeaderVideo": "\u5f71\u7247",
    "HeaderRuntime": "Runtime",
    "HeaderCommunityRating": "Community rating",
    "HeaderPasswordReset": "Password Reset",
    "HeaderParentalRating": "Parental rating",
    "HeaderReleaseDate": "Release date",
    "HeaderDateAdded": "Date added",
    "HeaderSeries": "\u96fb\u8996\u5287",
    "HeaderSeason": "\u5287\u96c6\u5b63\u5ea6",
    "HeaderSeasonNumber": "\u5287\u96c6\u5b63\u5ea6\u6578\u76ee",
    "HeaderNetwork": "Network",
    "HeaderYear": "Year",
    "HeaderGameSystem": "\u904a\u6232\u7cfb\u7d71",
    "HeaderPlayers": "Players",
    "HeaderEmbeddedImage": "Embedded image",
    "HeaderTrack": "Track",
    "HeaderDisc": "Disc",
    "OptionMovies": "\u96fb\u5f71",
    "OptionCollections": "\u85cf\u54c1",
    "OptionSeries": "\u96fb\u8996\u5287",
    "OptionSeasons": "\u5287\u96c6\u5b63\u5ea6",
    "OptionEpisodes": "\u5287\u96c6",
    "OptionGames": "\u904a\u6232",
    "OptionGameSystems": "\u904a\u6232\u7cfb\u7d71",
    "OptionMusicArtists": "\u6b4c\u624b",
    "OptionMusicAlbums": "\u5c08\u8f2f",
    "OptionMusicVideos": "MV",
    "OptionSongs": "\u6b4c\u66f2",
    "OptionHomeVideos": "\u500b\u4eba\u5f71\u7247",
    "OptionBooks": "\u66f8\u7c4d",
    "OptionAdultVideos": "\u6210\u4eba\u5f71\u7247",
    "ButtonUp": "Up",
    "ButtonDown": "Down",
    "LabelMetadataReaders": "\u8cc7\u6599\u5c6c\u6027\u95b1\u8b80\u5668\uff1a",
    "LabelMetadataReadersHelp": "\u512a\u5148\u6392\u5e8f\u60a8\u7684\u9996\u9078\u8cc7\u6599\u5c6c\u6027\u4f86\u6e90\u3002\u9996\u500b\u627e\u5230\u7684\u6587\u4ef6\u5c07\u88ab\u8b80\u53d6\u3002",
    "LabelMetadataDownloaders": "\u5a92\u9ad4\u5c6c\u6027\u4e0b\u8f09\u5668\uff1a",
    "LabelMetadataDownloadersHelp": "\u555f\u7528\u5a92\u9ad4\u5c6c\u6027\u4e0b\u8f09\u5668\u7684\u512a\u5148\u6b21\u5e8f\uff0c\u6108\u4e0b\u6b21\u5e8f\u53ea\u6703\u7528\u4f86\u586b\u88dc\u7f3a\u5c11\u7684\u4fe1\u606f\u3002",
    "LabelMetadataSavers": "Metadata savers:",
    "LabelMetadataSaversHelp": "Choose the file formats to save your metadata to.",
    "LabelImageFetchers": "\u5a92\u9ad4\u5716\u7247\u7372\u53d6\u7a0b\u5f0f\uff1a",
    "LabelImageFetchersHelp": "\u555f\u7528\u5a92\u9ad4\u5716\u7247\u7372\u53d6\u7a0b\u5f0f\u7684\u512a\u5148\u6b21\u5e8f",
    "ButtonQueueAllFromHere": "Queue all from here",
    "ButtonPlayAllFromHere": "Play all from here",
    "LabelDynamicExternalId": "{0} Id:",
    "HeaderIdentify": "Identify Item",
    "PersonTypePerson": "Person",
    "LabelTitleDisplayOrder": "Title display order:",
    "OptionSortName": "Sort name",
    "OptionReleaseDate": "Release date",
    "LabelSeasonNumber": "\u5b63\u5ea6\u5287\u96c6",
    "LabelDiscNumber": "Disc number",
    "LabelParentNumber": "Parent number",
    "LabelEpisodeNumber": "Episode number:",
    "LabelTrackNumber": "Track number:",
    "LabelNumber": "Number:",
    "LabelReleaseDate": "Release date:",
    "LabelEndDate": "End date:",
    "LabelYear": "Year:",
    "LabelDateOfBirth": "Date of birth:",
    "LabelBirthYear": "Birth year:",
    "LabelBirthDate": "Birth date:",
    "LabelDeathDate": "Death date:",
    "HeaderRemoveMediaLocation": "Remove Media Location",
    "MessageConfirmRemoveMediaLocation": "Are you sure you wish to remove this location?",
    "HeaderRenameMediaFolder": "\u91cd\u65b0\u547d\u540d\u5a92\u9ad4\u6587\u4ef6\u593e",
    "LabelNewName": "New name:",
    "HeaderAddMediaFolder": "Add Media Folder",
    "HeaderAddMediaFolderHelp": "Name (Movies, Music, TV, etc):",
    "HeaderRemoveMediaFolder": "Remove Media Folder",
    "MessageTheFollowingLocationWillBeRemovedFromLibrary": "The following media locations will be removed from your library:",
    "MessageAreYouSureYouWishToRemoveMediaFolder": "Are you sure you wish to remove this media folder?",
    "ButtonRename": "\u91cd\u65b0\u547d\u540d",
    "ButtonChangeContentType": "Change content type",
    "HeaderMediaLocations": "\u5a92\u9ad4\u8def\u5f91",
    "LabelContentTypeValue": "\u5167\u5bb9\u985e\u578b\uff1a{0}",
    "LabelPathSubstitutionHelp": "\u81ea\u9078\uff1a\u66f4\u6539\u8def\u5f91\u53ef\u4ee5\u8b93\u5141\u8a31\u76f4\u63a5\u64ad\u653e\u7684\u5ba2\u6236\u7aef\u9032\u884c\u9023\u63a5\u3002",
    "FolderTypeUnset": "Unset (mixed content)",
    "FolderTypeMovies": "\u96fb\u5f71",
    "FolderTypeMusic": "\u97f3\u6a02",
    "FolderTypeAdultVideos": "\u6210\u4eba\u5f71\u7247",
    "FolderTypePhotos": "\u76f8\u7247",
    "FolderTypeMusicVideos": "MV",
    "FolderTypeHomeVideos": "\u500b\u4eba\u5f71\u7247",
    "FolderTypeGames": "\u904a\u6232",
    "FolderTypeBooks": "\u66f8\u85c9",
    "FolderTypeTvShows": "\u96fb\u8996\u7bc0\u76ee",
    "TabMovies": "\u96fb\u5f71",
    "TabSeries": "\u96fb\u8996\u5287",
    "TabEpisodes": "\u5287\u96c6",
    "TabTrailers": "\u9810\u544a",
    "TabGames": "\u904a\u6232",
    "TabAlbums": "\u5c08\u8f2f",
    "TabSongs": "\u6b4c\u66f2",
    "TabMusicVideos": "MV",
    "BirthPlaceValue": "Birth place: {0}",
    "DeathDateValue": "Died: {0}",
    "BirthDateValue": "Born: {0}",
    "HeaderLatestReviews": "Latest Reviews",
    "HeaderPluginInstallation": "Plugin Installation",
    "MessageAlreadyInstalled": "This version is already installed.",
    "ValueReviewCount": "{0} Reviews",
    "MessageYouHaveVersionInstalled": "You currently have version {0} installed.",
    "MessageTrialExpired": "The trial period for this feature has expired",
    "MessageTrialWillExpireIn": "The trial period for this feature will expire in {0} day(s)",
    "MessageInstallPluginFromApp": "This plugin must be installed from with in the app you intend to use it in.",
    "ValuePriceUSD": "Price: {0} (USD)",
    "MessageFeatureIncludedWithSupporter": "You are registered for this feature, and will be able to continue using it with an active Emby Premiere subscription.",
    "MessageChangeRecurringPlanConfirm": "After completing this transaction you will need to cancel your previous recurring donation from within your PayPal account. Thank you for supporting Emby.",
    "ButtonDelete": "\u5220\u9664",
    "HeaderEmbyAccountAdded": "Emby Account Added",
    "MessageEmbyAccountAdded": "The Emby account has been added to this user.",
    "MessagePendingEmbyAccountAdded": "The Emby account has been added to this user. An email will be sent to the owner of the account. The invitation will need to be confirmed by clicking a link within the email.",
    "HeaderEmbyAccountRemoved": "Emby Account Removed",
    "MessageEmbyAccontRemoved": "The Emby account has been removed from this user.",
    "TooltipLinkedToEmbyConnect": "Linked to Emby Connect",
    "HeaderUnrated": "Unrated",
    "ValueDiscNumber": "Disc {0}",
    "HeaderUnknownDate": "Unknown Date",
    "HeaderUnknownYear": "Unknown Year",
    "ValueMinutes": "{0} min",
    "ButtonPlayExternalPlayer": "Play with external player",
    "HeaderSelectExternalPlayer": "Select External Player",
    "HeaderExternalPlayerPlayback": "External Player Playback",
    "ButtonImDone": "I'm Done",
    "OptionWatched": "Watched",
    "OptionUnwatched": "Unwatched",
    "ExternalPlayerPlaystateOptionsHelp": "Specify how you would like to resume playing this video next time.",
    "LabelMarkAs": "Mark as:",
    "OptionInProgress": "In-Progress",
    "LabelResumePoint": "Resume point:",
    "ValueOneMovie": "1 movie",
    "ValueMovieCount": "{0} movies",
    "ValueOneTrailer": "1 trailer",
    "ValueTrailerCount": "{0} trailers",
    "ValueOneSeries": "1 \u5287\u96c6",
    "ValueSeriesCount": "{0} \u5287\u96c6",
    "ValueOneEpisode": "1 episode",
    "ValueEpisodeCount": "{0} \u5287\u96c6",
    "ValueOneGame": "1 game",
    "ValueGameCount": "{0} \u904a\u6232",
    "ValueOneAlbum": "1 album",
    "ValueAlbumCount": "{0} albums",
    "ValueOneSong": "1 song",
    "ValueSongCount": "{0} \u9996\u6b4c",
    "ValueOneMusicVideo": "1\u500b MV",
    "ValueMusicVideoCount": "{0} \u500b MV",
    "HeaderOffline": "Offline",
    "HeaderUnaired": "Unaired",
    "HeaderMissing": "Missing",
    "ButtonWebsite": "Website",
    "TooltipFavorite": "Favorite",
    "TooltipLike": "Like",
    "TooltipDislike": "Dislike",
    "TooltipPlayed": "Played",
    "ValueSeriesYearToPresent": "{0}-Present",
    "ValueAwards": "Awards: {0}",
    "ValueBudget": "Budget: {0}",
    "ValueRevenue": "Revenue: {0}",
    "ValuePremiered": "Premiered {0}",
    "ValuePremieres": "Premieres {0}",
    "ValueStudio": "Studio: {0}",
    "ValueStudios": "Studios: {0}",
    "ValueStatus": "Status: {0}",
    "ValueSpecialEpisodeName": "Special - {0}",
    "LabelLimit": "Limit:",
    "ValueLinks": "Links: {0}",
    "HeaderPeople": "\u4eba\u7269",
    "HeaderCastAndCrew": "Cast & Crew",
    "ValueArtist": "Artist: {0}",
    "ValueArtists": "Artists: {0}",
    "HeaderTags": "Tags",
    "MediaInfoCameraMake": "Camera make",
    "MediaInfoCameraModel": "Camera model",
    "MediaInfoAltitude": "Altitude",
    "MediaInfoAperture": "Aperture",
    "MediaInfoExposureTime": "Exposure time",
    "MediaInfoFocalLength": "Focal length",
    "MediaInfoOrientation": "Orientation",
    "MediaInfoIsoSpeedRating": "Iso speed rating",
    "MediaInfoLatitude": "Latitude",
    "MediaInfoLongitude": "Longitude",
    "MediaInfoShutterSpeed": "Shutter speed",
    "MediaInfoSoftware": "Software",
    "HeaderIfYouLikeCheckTheseOut": "If you like {0}, check these out...",
    "HeaderPlotKeywords": "Plot Keywords",
    "HeaderMovies": "Movies",
    "HeaderAlbums": "Albums",
    "HeaderGames": "\u904a\u6232",
    "HeaderBooks": "\u66f8\u7c4d",
    "HeaderEpisodes": "\u5287\u96c6",
    "HeaderSeasons": "\u5b63\u5ea6\u5287\u96c6",
    "HeaderTracks": "Tracks",
    "HeaderItems": "Items",
    "HeaderOtherItems": "Other Items",
    "ButtonFullReview": "Full review",
    "ValueAsRole": "as {0}",
    "ValueGuestStar": "\u7279\u7d04\u660e\u661f",
    "MediaInfoSize": "Size",
    "MediaInfoPath": "\u8def\u5f91",
    "MediaInfoFile": "File",
    "MediaInfoFormat": "Format",
    "MediaInfoContainer": "Container",
    "MediaInfoDefault": "Default",
    "MediaInfoForced": "Forced",
    "MediaInfoExternal": "External",
    "MediaInfoTimestamp": "Timestamp",
    "MediaInfoPixelFormat": "Pixel format",
    "MediaInfoBitDepth": "Bit depth",
    "MediaInfoSampleRate": "Sample rate",
    "MediaInfoBitrate": "Bitrate",
    "MediaInfoChannels": "Channels",
    "MediaInfoLayout": "Layout",
    "MediaInfoLanguage": "Language",
    "MediaInfoCodec": "Codec",
    "MediaInfoCodecTag": "Codec tag",
    "MediaInfoProfile": "Profile",
    "MediaInfoLevel": "Level",
    "MediaInfoAspectRatio": "Aspect ratio",
    "MediaInfoResolution": "Resolution",
    "MediaInfoAnamorphic": "Anamorphic",
    "MediaInfoInterlaced": "Interlaced",
    "MediaInfoFramerate": "Framerate",
    "MediaInfoStreamTypeAudio": "\u97f3\u8a0a",
    "MediaInfoStreamTypeData": "Data",
    "MediaInfoStreamTypeVideo": "\u5f71\u7247",
    "MediaInfoStreamTypeSubtitle": "Subtitle",
    "MediaInfoStreamTypeEmbeddedImage": "Embedded Image",
    "MediaInfoRefFrames": "Ref frames",
    "TabPlayback": "Playback",
    "TabNotifications": "\u901a\u77e5",
    "TabExpert": "Expert",
    "HeaderSelectCustomIntrosPath": "Select Custom Intros Path",
    "HeaderRateAndReview": "Rate and Review",
    "HeaderThankYou": "Thank You",
    "MessageThankYouForYourReview": "Thank you for your review.",
    "LabelYourRating": "Your rating:",
    "LabelFullReview": "Full review:",
    "LabelShortRatingDescription": "Short rating summary:",
    "OptionIRecommendThisItem": "I recommend this item",
    "WebClientTourContent": "\u67e5\u770b\u6700\u8fd1\u6dfb\u52a0\u7684\u5a92\u9ad4\uff0c\u4e0b\u96c6\u5287\u96c6\uff0c\u548c\u5176\u4ed6\u8cc7\u8a0a\u3002\u7da0\u8272\u5713\u5708\u6703\u63d0\u793a\u5c1a\u672a\u64ad\u653e\u7684\u9805\u76ee\u3002",
    "WebClientTourMovies": "Play movies, trailers and more from any device with a web browser",
    "WebClientTourMouseOver": "Hold the mouse over any poster for quick access to important information",
    "WebClientTourTapHold": "Tap and hold or right click any poster for a context menu",
    "WebClientTourMetadataManager": "Click edit to open the metadata manager",
    "WebClientTourPlaylists": "Easily create playlists and instant mixes, and play them on any device",
    "WebClientTourCollections": "Create movie collections to group box sets together",
    "WebClientTourUserPreferences1": "User preferences allow you to customize the way your library is presented in all of your Emby apps",
    "WebClientTourUserPreferences2": "Configure your audio and subtitle language settings once, for every Emby app",
    "WebClientTourUserPreferences3": "Design the web client home page to your liking",
    "WebClientTourUserPreferences4": "\u8a2d\u5b9a\u80cc\u666f\uff0c\u4e3b\u984c\u66f2\u548c\u5916\u7f6e\u64ad\u653e\u5668",
    "WebClientTourMobile1": "The web client works great on smartphones and tablets...",
    "WebClientTourMobile2": "and easily controls other devices and Emby apps",
    "WebClientTourMySync": "Sync your personal media to your devices for offline viewing.",
    "MessageEnjoyYourStay": "Enjoy your stay",
    "DashboardTourDashboard": "The server dashboard allows you to monitor your server and your users. You'll always know who is doing what and where they are.",
    "DashboardTourHelp": "In-app help provides easy buttons to open wiki pages relating to the on-screen content.",
    "DashboardTourUsers": "Easily create user accounts for your friends and family, each with their own permissions, library access, parental controls and more.",
    "DashboardTourCinemaMode": "Cinema mode brings the theater experience straight to your living room with the ability to play trailers and custom intros before the main feature.",
    "DashboardTourChapters": "Enable chapter image generation for your videos for a more pleasing presentation while viewing.",
    "DashboardTourSubtitles": "\u81ea\u52d5\u70ba\u60a8\u4efb\u4f55\u8a9e\u8a00\u7684\u5f71\u7247\u4e0b\u8f09\u5b57\u5e55\u3002",
    "DashboardTourPlugins": "Install plugins such as internet video channels, live tv, metadata scanners, and more.",
    "DashboardTourNotifications": "Automatically send notifications of server events to your mobile device, email and more.",
    "DashboardTourScheduledTasks": "Easily manage long running operations with scheduled tasks. Decide when they run, and how often.",
    "DashboardTourMobile": "The Emby Server dashboard works great on smartphones and tablets. Manage your server from the palm of your hand anytime, anywhere.",
    "DashboardTourSync": "Sync your personal media to your devices for offline viewing.",
    "MessageRefreshQueued": "Refresh queued",
    "TabDevices": "\u88dd\u7f6e",
    "TabExtras": "Extras",
    "HeaderUploadImage": "Upload Image",
    "DeviceLastUsedByUserName": "Last used by {0}",
    "HeaderDeleteDevice": "Delete Device",
    "DeleteDeviceConfirmation": "Are you sure you wish to delete this device? It will reappear the next time a user signs in with it.",
    "LabelEnableCameraUploadFor": "\u5141\u8a31\u76f8\u7247\u4e0a\u50b3\uff1a",
    "HeaderSelectUploadPath": "Select Upload Path",
    "LabelEnableCameraUploadForHelp": "\u767b\u5165 Emby \u5f8c\uff0c\u81ea\u52d5\u5728\u80cc\u666f\u9032\u884c\u4e0a\u50b3\u3002",
    "ErrorMessageStartHourGreaterThanEnd": "End time must be greater than the start time.",
    "ButtonLibraryAccess": "Library access",
    "ButtonParentalControl": "Parental control",
    "HeaderInvitationSent": "Invitation Sent",
    "MessageInvitationSentToUser": "An email has been sent to {0}, inviting them to accept your sharing invitation.",
    "MessageInvitationSentToNewUser": "An email has been sent to {0} inviting them to sign up with Emby.",
    "HeaderConnectionFailure": "Connection Failure",
    "MessageUnableToConnectToServer": "We're unable to connect to the selected server right now. Please ensure it is running and try again.",
    "ButtonSelectServer": "Select Server",
    "MessagePluginConfigurationRequiresLocalAccess": "To configure this plugin please sign in to your local server directly.",
    "MessageLoggedOutParentalControl": "Access is currently restricted. Please try again later.",
    "DefaultErrorMessage": "There was an error processing the request. Please try again later.",
    "ButtonAccept": "Accept",
    "ButtonReject": "Reject",
    "HeaderForgotPassword": "Forgot Password",
    "MessageContactAdminToResetPassword": "Please contact your system administrator to reset your password.",
    "MessageForgotPasswordInNetworkRequired": "Please try again within your home network to initiate the password reset process.",
    "MessageForgotPasswordFileCreated": "The following file has been created on your server and contains instructions on how to proceed:",
    "MessageForgotPasswordFileExpiration": "The reset pin will expire at {0}.",
    "MessageInvalidForgotPasswordPin": "An invalid or expired pin was entered. Please try again.",
    "MessagePasswordResetForUsers": "Passwords have been removed for the following users. To login, sign in with a blank password.",
    "HeaderInviteGuest": "Invite Guest",
    "ButtonLinkMyEmbyAccount": "Link my account now",
    "MessageConnectAccountRequiredToInviteGuest": "In order to invite guests you need to first link your Emby account to this server.",
    "ButtonSync": "Sync",
    "SyncMedia": "Sync Media",
    "HeaderCancelSyncJob": "Cancel Sync",
    "CancelSyncJobConfirmation": "Cancelling the sync job will remove synced media from the device during the next sync process. Are you sure you wish to proceed?",
    "TabSync": "Sync",
    "MessagePleaseSelectDeviceToSyncTo": "Please select a device to sync to.",
    "MessageSyncJobCreated": "Sync job created.",
    "LabelSyncTo": "Sync to:",
    "LabelSyncJobName": "Sync job name:",
    "LabelQuality": "Quality:",
    "HeaderSettings": "Settings",
    "OptionAutomaticallySyncNewContent": "Automatically sync new content",
    "OptionAutomaticallySyncNewContentHelp": "New content added to will be automatically synced to the device.",
    "OptionSyncUnwatchedVideosOnly": "Sync unwatched videos only",
    "OptionSyncUnwatchedVideosOnlyHelp": "Only unwatched videos will be synced, and videos will be removed from the device as they are watched.",
    "LabelItemLimit": "Item limit:",
    "LabelItemLimitHelp": "Optional. Set a limit to the number of items that will be synced.",
    "MessageBookPluginRequired": "\u9700\u8981\u5b89\u88dd\u66f8\u67b6\u985e\u63d2\u4ef6",
    "MessageGamePluginRequired": "Requires installation of the GameBrowser plugin",
    "MessageUnsetContentHelp": "Content will be displayed as plain folders. For best results use the metadata manager to set the content types of sub-folders.",
    "SyncJobItemStatusQueued": "Queued",
    "SyncJobItemStatusConverting": "Converting",
    "SyncJobItemStatusTransferring": "Transferring",
    "SyncJobItemStatusSynced": "Synced",
    "SyncJobItemStatusFailed": "Failed",
    "SyncJobItemStatusRemovedFromDevice": "Removed from device",
    "SyncJobItemStatusCancelled": "Cancelled",
    "LabelProfile": "Profile:",
    "LabelBitrateMbps": "Bitrate (Mbps):",
    "EmbyIntroDownloadMessage": "To download and install Emby Server visit {0}.",
    "ButtonNewServer": "New Server",
    "ButtonSignInWithConnect": "Sign in with Emby Connect",
    "HeaderNewServer": "New Server",
    "MyDevice": "My Device",
    "ButtonRemote": "Remote",
    "TabInfo": "\u8cc7\u8a0a",
    "TabCast": "Cast",
    "TabScenes": "Scenes",
    "HeaderUnlockApp": "Unlock App",
    "HeaderUnlockSync": "Unlock Emby Sync",
    "MessageUnlockAppWithPurchaseOrSupporter": "Unlock this feature with a small one-time purchase, or with an active Emby Premiere subscription.",
    "MessageUnlockAppWithSupporter": "Unlock this feature with an active Emby Premiere subscription.",
    "MessageToValidateSupporter": "If you have an active Emby Premiere subscription, simply sign into the app once using your Wifi connection within your home network.",
    "MessagePaymentServicesUnavailable": "Payment services are currently unavailable. Please try again later.",
    "MessagePleaseSignInLocalNetwork": "Before proceeding, please ensure that you're connected to your local network using a Wifi or LAN connection.",
    "ButtonUnlockWithPurchase": "Unlock with Purchase",
    "ButtonUnlockPrice": "Unlock {0}",
    "MessageLiveTvGuideRequiresUnlock": "The Live TV Guide is currently limited to {0} channels. Click the unlock button to learn how to enjoy the full experience.",
    "OptionEnableFullscreen": "Enable Fullscreen",
    "ButtonServer": "Server",
    "HeaderAdmin": "Admin",
    "HeaderLibrary": "\u5a92\u9ad4\u5eab",
    "HeaderMedia": "Media",
    "ButtonInbox": "Inbox",
    "HeaderAdvanced": "\u9032\u968e",
    "HeaderGroupVersions": "Group Versions",
    "HeaderSaySomethingLike": "Say Something Like...",
    "ButtonTryAgain": "Try Again",
    "HeaderYouSaid": "You Said...",
    "MessageWeDidntRecognizeCommand": "We're sorry, we didn't recognize that command.",
    "MessageIfYouBlockedVoice": "If you denied voice access to the app you'll need to reconfigure before trying again.",
    "MessageNoItemsFound": "No items found.",
    "ButtonManageServer": "Manage Server",
    "ButtonEditSubtitles": "\u7de8\u8f2f\u5b57\u5e55",
    "ButtonPreferences": "Preferences",
    "ButtonViewArtist": "View artist",
    "ButtonViewAlbum": "View album",
    "ButtonEditImages": "Edit images",
    "ErrorMessagePasswordNotMatchConfirm": "The password and password confirmation must match.",
    "ErrorMessageUsernameInUse": "The username is already in use. Please choose a new name and try again.",
    "ErrorMessageEmailInUse": "The email address is already in use. Please enter a new email address and try again, or use the forgot password feature.",
    "MessageThankYouForConnectSignUp": "Thank you for signing up for Emby Connect. An email will be sent to your address with instructions on how to confirm your new account. Please confirm the account and then return here to sign in.",
    "HeaderShare": "Share",
    "ButtonShareHelp": "Share a web page containing media information with social media. Media files are never shared publicly.",
    "ButtonShare": "Share",
    "HeaderConfirm": "Confirm",
    "ButtonAdvancedRefresh": "\u9032\u968e\u91cd\u65b0\u6574\u7406",
    "MessageConfirmDeleteTunerDevice": "Are you sure you wish to delete this device?",
    "MessageConfirmDeleteGuideProvider": "Are you sure you wish to delete this guide provider?",
    "HeaderDeleteProvider": "Delete Provider",
    "HeaderAddProvider": "Add Provider",
    "ErrorAddingTunerDevice": "There was an error adding the tuner device. Please ensure it is accessible and try again.",
    "ErrorSavingTvProvider": "There was an error saving the TV provider. Please ensure it is accessible and try again.",
    "ErrorGettingTvLineups": "There was an error downloading tv lineups. Please ensure your information is correct and try again.",
    "MessageCreateAccountAt": "Create an account at {0}",
    "ErrorPleaseSelectLineup": "Please select a lineup and try again. If no lineups are available, then please check that your username, password, and postal code is correct.",
    "HeaderTryEmbyPremiere": "Try Emby Premiere",
    "ButtonBecomeSupporter": "Get Emby Premiere",
    "ButtonClosePlayVideo": "Close and play my media",
    "MessageDidYouKnowCinemaMode": "Did you know that with Emby Premiere, you can enhance your experience with features like Cinema Mode?",
    "MessageDidYouKnowCinemaMode2": "Cinema Mode gives you the true cinema experience with trailers and custom intros before the main feature.",
    "OptionEnableDisplayMirroring": "Enable display mirroring",
    "HeaderSyncRequiresSupporterMembership": "Sync requires an active Emby Premiere subscription.",
    "HeaderSyncRequiresSupporterMembershipAppVersion": "Sync requires connecting to an Emby Server with an active Emby Premiere subscription.",
    "ErrorValidatingSupporterInfo": "There was an error validating your Emby Premiere information. Please try again later.",
    "HeaderSync": "\u540c\u6b65",
    "LabelLocalSyncStatusValue": "Status: {0}",
    "MessageSyncStarted": "Sync started",
    "OptionPoster": "\u6d77\u5831",
    "OptionPosterCard": "\u6d77\u5831\u5361\u7247",
    "OptionTimeline": "\u6642\u9593\u8ef8",
    "OptionList": "List",
    "OptionThumb": "\u7e2e\u5716",
    "OptionThumbCard": "\u7e2e\u5716\u5361\u7247",
    "OptionBanner": "\u6a6b\u5e45",
    "NoSlideshowContentFound": "No slideshow images were found.",
    "OptionPhotoSlideshow": "Photo slideshow",
    "OptionBackdropSlideshow": "Backdrop slideshow",
    "HeaderTopPlugins": "Top Plugins",
    "ButtonRecord": "\u9304\u5f71",
    "ButtonOther": "Other",
    "HeaderSortBy": "\u6392\u5e8f\u65b9\u5f0f\uff1a",
    "HeaderSortOrder": "\u6392\u5e8f\uff1a",
    "OptionAscending": "\u905e\u5347",
    "OptionDescending": "\u905e\u964d",
    "OptionNameSort": "\u540d\u7a31",
    "OptionTvdbRating": "Tvdb \u8a55\u5206",
    "OptionPremiereDate": "\u9996\u6620\u65e5\u671f",
    "OptionImdbRating": "IMDB \u8a55\u5206",
    "OptionDatePlayed": "\u5df2\u64ad\u653e\u65e5\u671f",
    "OptionDateAdded": "\u5df2\u6dfb\u52a0\u65e5\u671f",
    "OptionPlayCount": "\u64ad\u653e\u6b21\u6578",
    "ButtonDisconnect": "Disconnect",
    "OptionAlbumArtist": "\u5531\u7247\u6b4c\u624b",
    "OptionArtist": "\u6b4c\u624b",
    "OptionAlbum": "\u5531\u7247",
    "OptionTrackName": "\u66f2\u76ee\u540d\u7a31",
    "OptionCommunityRating": "\u8a0e\u8ad6\u5340\u8a55\u5206",
    "ButtonSort": "\u6392\u5e8f",
    "ButtonMenu": "Menu",
    "OptionDefaultSort": "Default",
    "ButtonFilter": "\u904e\u6ffe",
    "OptionCriticRating": "\u8a55\u8ad6\u5bb6\u8a55\u5206",
    "OptionVideoBitrate": "\u5f71\u7247\u6bd4\u7279\u7387",
    "OptionMetascore": "\u5c08\u6b04\u8a55\u5206",
    "OptionRevenue": "\u6536\u5165",
    "OptionBudget": "\u9810\u7b97",
    "ForAdditionalLiveTvOptions": "For additional Live TV providers, click on the External Services tab to see the available options.",
    "ButtonGuide": "Guide",
    "ButtonRecordedTv": "Recorded TV",
    "HeaderDisconnectFromPlayer": "Disconnect from Player",
    "ConfirmEndPlayerSession": "Would you like to close Emby on the device?",
    "ButtonYes": "\u662f",
    "ButtonNo": "\u5426",
    "ButtonRestorePreviousPurchase": "Restore Purchase",
    "AlreadyPaid": "Already Paid?",
    "AlreadyPaidHelp1": "If you already paid to install an older version of Media Browser for Android, you don't need to pay again in order to activate this app. Click OK to send us an email at {0} and we'll get it activated for you.",
    "AlreadyPaidHelp2": "Got Emby Premiere? Just cancel this dialog, sign into the app from within your home WIFI network, and it will be unlocked automatically.",
    "ButtonForYou": "For You",
    "ButtonLibrary": "\u5a92\u9ad4\u5eab",
    "ButtonSearch": "Search",
    "ButtonNowPlaying": "Now Playing",
    "ButtonViewNewApp": "View new app",
    "HeaderEmbyForAndroidHasMoved": "Emby for Android has moved!",
    "MessageEmbyForAndroidHasMoved": "Emby for Android has moved to a new home in the app store. Please consider checking out the new app. You may continue to use this app for as long as you wish.",
    "HeaderNextUp": "\u63a5\u4e0b\u4f86",
    "HeaderLatestMovies": "\u6700\u65b0\u96fb\u5f71",
    "HeaderLatestEpisodes": "\u6700\u65b0\u5287\u96c6",
    "EmbyPremiereMonthly": "Emby Premiere Monthly",
    "EmbyPremiereMonthlyWithPrice": "Emby Premiere Monthly {0}",
    "HeaderEmailAddress": "E-Mail Address",
    "TextPleaseEnterYourEmailAddressForSubscription": "Please enter your e-mail address.",
    "LoginDisclaimer": "Emby is designed to help you manage your personal media library, such as home videos and photos. Please see our terms of use. The use of any Emby software constitutes acceptance of these terms.",
    "TermsOfUse": "Terms of use",
    "HeaderTryMultiSelect": "Try Multi-Select",
    "TryMultiSelectMessage": "To edit multiple media items, just click and hold any poster and select the items you want to manage. Try it!",
    "NumLocationsValue": "{0} folders",
    "ButtonAddMediaLibrary": "Add Media Library",
    "ButtonManageFolders": "Manage folders",
    "HeaderTryDragAndDrop": "Try Drag and Drop",
    "TryDragAndDropMessage": "To re-arrange playlist items, just drag and drop. Try it!",
    "HeaderTryMicrosoftEdge": "Try Microsoft Edge",
    "MessageTryMicrosoftEdge": "For a better experience on Windows 10, try the new Microsoft Edge Browser.",
    "HeaderTryModernBrowser": "Try a Modern Web Browser",
    "MessageTryModernBrowser": "For a better experience on Windows, try a modern web browser such as Google Chrome, Firefox, or Opera.",
    "ErrorAddingListingsToSchedulesDirect": "There was an error adding the lineup to your Schedules Direct account. Schedules Direct only allows a limited number of lineups per account. You may need to log into the Schedules Direct website and remove others listings from your account before proceeeding.",
    "PleaseAddAtLeastOneFolder": "Please add at least one folder to this library by clicking the Add button.",
    "ErrorAddingMediaPathToVirtualFolder": "There was an error adding the media path. Please ensure the path is valid and the Emby Server process has access to that location.",
    "ErrorRemovingEmbyConnectAccount": "There was an error removing the Emby Connect account. Please ensure you have an active internet connection and try again.",
    "ErrorAddingEmbyConnectAccount1": "There was an error adding the Emby Connect account. Have you created an Emby account? Sign up at {0}.",
    "ErrorAddingEmbyConnectAccount2": "Please ensure the Emby account has been activated by following the instructions in the email sent after creating the account. If you did not receive this email then please send an email to {0} from the email address used with the Emby account.",
    "HeaderFavoriteArtists": "Favorite Artists",
    "HeaderFavoriteSongs": "Favorite Songs",
    "HeaderConfirmPluginInstallation": "Confirm Plugin Installation",
    "PleaseConfirmPluginInstallation": "Please click OK to confirm you've read the above and wish to proceed with the plugin installation.",
    "MessagePluginInstallDisclaimer": "Plugins built by Emby community members are a great way to enhance your Emby experience with additional features and benefits. Before installing, please be aware of the effects they may have on your Emby Server, such as longer library scans, additional background processing, and decreased system stability.",
    "ButtonPlayOneMinute": "Play one minute",
    "ThankYouForTryingEnjoyOneMinute": "Please enjoy one minute of playback. Thank you for trying Emby.",
    "HeaderTryPlayback": "Try Playback",
    "HeaderBenefitsEmbyPremiere": "Benefits of Emby Premiere",
    "MobileSyncFeatureDescription": "Sync your media to your smart phones and tablets for easy offline access.",
    "CoverArtFeatureDescription": "Cover Art creates fun covers and other treatments to help you personalize your media images.",
    "HeaderMobileSync": "Mobile Sync",
    "HeaderCloudSync": "Cloud Sync",
    "CloudSyncFeatureDescription": "Sync your media to the cloud for easy backup, archiving, and converting.",
    "HeaderFreeApps": "Free Emby Apps",
    "FreeAppsFeatureDescription": "Enjoy free access to select Emby apps for your devices.",
    "HeaderCinemaMode": "Cinema Mode",
    "CinemaModeFeatureDescription": "Cinema Mode gives you the true cinema experience with trailers and custom intros before the feature.",
    "CoverArt": "Cover Art",
    "ButtonOff": "Off",
    "TitleHardwareAcceleration": "Hardware Acceleration",
    "HardwareAccelerationWarning": "Enabling hardware acceleration may cause instability in some environments. If you have difficulty playing video after enabling this, you'll need to change the setting back to Auto.",
    "HeaderSelectCodecIntrosPath": "Select Codec Intros Path"
}