{
    "SettingsSaved": "\u8a2d\u7f6e\u5df2\u4fdd\u5b58\u3002",
    "AddUser": "\u6dfb\u52a0\u7528\u6236",
    "Users": "\u7528\u6236",
    "Delete": "\u522a\u9664",
    "Administrator": "\u7ba1\u7406\u54e1",
    "Password": "\u5bc6\u78bc",
    "DeleteImage": "\u522a\u9664\u5716\u50cf",
    "MessageThankYouForSupporting": "Thank you for supporting Emby.",
    "MessagePleaseSupportProject": "Please support Emby.",
    "DeleteImageConfirmation": "\u4f60\u78ba\u5b9a\u8981\u522a\u9664\u9019\u5f35\u5716\u50cf\uff1f",
    "FileReadCancelled": "The file read has been canceled.",
    "FileNotFound": "\u672a\u627e\u5230\u6a94\u6848\u3002",
    "FileReadError": "\u5728\u8b80\u53d6\u6a94\u6848\u6642\u767c\u751f\u932f\u8aa4\u3002",
    "DeleteUser": "\u522a\u9664\u7528\u6236",
    "DeleteUserConfirmation": "Are you sure you wish to delete this user?",
    "PasswordResetHeader": "Reset Password",
    "PasswordResetComplete": "\u5bc6\u78bc\u5df2\u91cd\u8a2d",
    "PinCodeResetComplete": "The pin code has been reset.",
    "PasswordResetConfirmation": "\u4f60\u78ba\u5b9a\u8981\u91cd\u8a2d\u5bc6\u78bc\uff1f",
    "PinCodeResetConfirmation": "Are you sure you wish to reset the pin code?",
    "HeaderPinCodeReset": "Reset Pin Code",
    "PasswordSaved": "\u5bc6\u78bc\u5df2\u4fdd\u5b58\u3002",
    "PasswordMatchError": "\u5bc6\u78bc\u548c\u5bc6\u78bc\u78ba\u8a8d\u5fc5\u9808\u4e00\u81f4\u3002",
    "OptionRelease": "Official Release",
    "OptionBeta": "\u516c\u6e2c\u7248\u672c",
    "OptionDev": "Dev (Unstable)",
    "UninstallPluginHeader": "\u5378\u8f09\u63d2\u4ef6",
    "UninstallPluginConfirmation": "\u4f60\u78ba\u5b9a\u8981\u5378\u8f09{0}\uff1f",
    "NoPluginConfigurationMessage": "\u9019\u500b\u63d2\u4ef6\u6c92\u6709\u8a2d\u5b9a\u9078\u9805\u3002",
    "NoPluginsInstalledMessage": "\u4f60\u6c92\u6709\u5b89\u88dd\u63d2\u4ef6\u3002",
    "BrowsePluginCatalogMessage": "\u700f\u89bd\u6211\u5011\u7684\u63d2\u4ef6\u76ee\u9304\u4f86\u67e5\u770b\u53ef\u7528\u7684\u63d2\u4ef6\u3002",
    "MessageKeyEmailedTo": "Key emailed to {0}.",
    "MessageKeysLinked": "Keys linked.",
    "HeaderConfirmation": "Confirmation",
    "MessageKeyUpdated": "Thank you. Your supporter key has been updated.",
    "MessageKeyRemoved": "Thank you. Your supporter key has been removed.",
    "HeaderSupportTheTeam": "Support the Emby Team",
    "TextEnjoyBonusFeatures": "Enjoy Bonus Features",
    "TitleLiveTV": "\u96fb\u8996\u529f\u80fd",
    "ButtonCancelSyncJob": "Cancel sync job",
    "TitleSync": "Sync",
    "HeaderSelectDate": "Select Date",
    "ButtonDonate": "Donate",
    "LabelRecurringDonationCanBeCancelledHelp": "Recurring donations can be cancelled at any time from within your PayPal account.",
    "HeaderMyMedia": "My Media",
    "TitleNotifications": "Notifications",
    "ErrorLaunchingChromecast": "There was an error launching chromecast. Please ensure your device is connected to your wireless network.",
    "MessageErrorLoadingSupporterInfo": "There was an error loading supporter information. Please try again later.",
    "MessageLinkYourSupporterKey": "Link your supporter key with up to {0} Emby Connect members to enjoy free access to the following apps:",
    "HeaderConfirmRemoveUser": "Remove User",
    "MessageSwipeDownOnRemoteControl": "Welcome to remote control. Select the device to control by clicking the cast icon in the upper right corner. Swipe down anywhere on this screen to go back to where you came from.",
    "MessageConfirmRemoveConnectSupporter": "Are you sure you wish to remove additional supporter benefits from this user?",
    "ValueTimeLimitSingleHour": "Time limit: 1 hour",
    "ValueTimeLimitMultiHour": "Time limit: {0} hours",
    "HeaderUsers": "\u7528\u6236",
    "PluginCategoryGeneral": "General",
    "PluginCategoryContentProvider": "Content Providers",
    "PluginCategoryScreenSaver": "Screen Savers",
    "PluginCategoryTheme": "Themes",
    "PluginCategorySync": "Sync",
    "PluginCategorySocialIntegration": "Social Networks",
    "PluginCategoryNotifications": "Notifications",
    "PluginCategoryMetadata": "Metadata",
    "PluginCategoryLiveTV": "Live TV",
    "PluginCategoryChannel": "Channels",
    "HeaderSearch": "Search",
    "ValueDateCreated": "Date created: {0}",
    "LabelArtist": "Artist",
    "LabelMovie": "Movie",
    "LabelMusicVideo": "Music Video",
    "LabelEpisode": "Episode",
    "LabelSeries": "Series",
    "LabelStopping": "Stopping",
    "LabelCancelled": "(cancelled)",
    "LabelFailed": "(failed)",
    "ButtonHelp": "Help",
    "ButtonSave": "\u4fdd\u5b58",
    "ButtonDownload": "Download",
    "SyncJobStatusQueued": "Queued",
    "SyncJobStatusConverting": "Converting",
    "SyncJobStatusFailed": "Failed",
    "SyncJobStatusCancelled": "Cancelled",
    "SyncJobStatusCompleted": "Synced",
    "SyncJobStatusReadyToTransfer": "Ready to Transfer",
    "SyncJobStatusTransferring": "Transferring",
    "SyncJobStatusCompletedWithError": "Synced with errors",
    "SyncJobItemStatusReadyToTransfer": "Ready to Transfer",
    "LabelCollection": "Collection",
    "HeaderAddToCollection": "Add to Collection",
    "NewCollectionNameExample": "\u4f8b\u5b50\uff1a\u661f\u7403\u5927\u6230\u5408\u96c6",
    "OptionSearchForInternetMetadata": "\u5728\u4e92\u806f\u7db2\u4e0a\u641c\u7d22\u5a92\u9ad4\u5716\u50cf\u548c\u8cc7\u6599",
    "LabelSelectCollection": "Select collection:",
    "HeaderDevices": "Devices",
    "ButtonScheduledTasks": "Scheduled tasks",
    "MessageItemsAdded": "Items added",
    "ButtonAddToCollection": "Add to collection",
    "HeaderSelectCertificatePath": "Select Certificate Path",
    "ConfirmMessageScheduledTaskButton": "This operation normally runs automatically as a scheduled task. It can also be run manually here. To configure the scheduled task, see:",
    "HeaderSupporterBenefit": "A supporter membership provides additional benefits such as access to sync, premium plugins, internet channel content, and more. {0}Learn more{1}.",
    "LabelSyncNoTargetsHelp": "It looks like you don't currently have any apps that support sync.",
    "HeaderWelcomeToProjectServerDashboard": "Welcome to the Emby Server Dashboard",
    "HeaderWelcomeToProjectWebClient": "Welcome to Emby",
    "ButtonTakeTheTour": "Take the tour",
    "HeaderWelcomeBack": "Welcome back!",
    "TitlePlugins": "Plugins",
    "ButtonTakeTheTourToSeeWhatsNew": "Take the tour to see what's new",
    "MessageNoSyncJobsFound": "No sync jobs found. Create sync jobs using the Sync buttons found throughout the web interface.",
    "HeaderLibraryAccess": "Library Access",
    "HeaderChannelAccess": "Channel Access",
    "HeaderDeviceAccess": "Device Access",
    "HeaderSelectDevices": "Select Devices",
    "ButtonCancelItem": "Cancel item",
    "ButtonQueueForRetry": "Queue for retry",
    "ButtonReenable": "Re-enable",
    "ButtonLearnMore": "Learn more",
    "SyncJobItemStatusSyncedMarkForRemoval": "Marked for removal",
    "LabelAbortedByServerShutdown": "(Aborted by server shutdown)",
    "LabelScheduledTaskLastRan": "Last ran {0}, taking {1}.",
    "HeaderDeleteTaskTrigger": "Delete Task Trigger",
    "HeaderTaskTriggers": "Task Triggers",
    "MessageDeleteTaskTrigger": "Are you sure you wish to delete this task trigger?",
    "MessageNoPluginsInstalled": "You have no plugins installed.",
    "LabelVersionInstalled": "{0} installed",
    "LabelNumberReviews": "{0} Reviews",
    "LabelFree": "Free",
    "HeaderPlaybackError": "Playback Error",
    "MessagePlaybackErrorNotAllowed": "You're currently not authorized to play this content. Please contact your system administrator for details.",
    "MessagePlaybackErrorNoCompatibleStream": "No compatible streams are currently available. Please try again later or contact your system administrator for details.",
    "MessagePlaybackErrorRateLimitExceeded": "Your playback rate limit has been exceeded. Please contact your system administrator for details.",
    "MessagePlaybackErrorPlaceHolder": "The content chosen is not playable from this device.",
    "HeaderSelectAudio": "Select Audio",
    "HeaderSelectSubtitles": "Select Subtitles",
    "ButtonMarkForRemoval": "Remove from device",
    "ButtonUnmarkForRemoval": "Cancel removal from device",
    "LabelDefaultStream": "(Default)",
    "LabelForcedStream": "(Forced)",
    "LabelDefaultForcedStream": "(Default\/Forced)",
    "LabelUnknownLanguage": "Unknown language",
    "MessageConfirmSyncJobItemCancellation": "Are you sure you wish to cancel this item?",
    "ButtonMute": "Mute",
    "ButtonUnmute": "Unmute",
    "ButtonStop": "Stop",
    "ButtonNextTrack": "Next Track",
    "ButtonPause": "Pause",
    "ButtonPlay": "\u64ad\u653e",
    "ButtonEdit": "\u7de8\u8f2f",
    "ButtonQueue": "Queue",
    "ButtonPlayTrailer": "Play trailer",
    "ButtonPlaylist": "Playlist",
    "ButtonPreviousTrack": "Previous Track",
    "LabelEnabled": "Enabled",
    "LabelDisabled": "Disabled",
    "ButtonMoreInformation": "More Information",
    "LabelNoUnreadNotifications": "No unread notifications.",
    "ButtonViewNotifications": "View notifications",
    "ButtonMarkTheseRead": "Mark these read",
    "ButtonClose": "Close",
    "LabelAllPlaysSentToPlayer": "All plays will be sent to the selected player.",
    "MessageInvalidUser": "Invalid username or password. Please try again.",
    "HeaderLoginFailure": "Login Failure",
    "HeaderAllRecordings": "\u6240\u6709\u9304\u5f71",
    "RecommendationBecauseYouLike": "Because you like {0}",
    "RecommendationBecauseYouWatched": "Because you watched {0}",
    "RecommendationDirectedBy": "Directed by {0}",
    "RecommendationStarring": "Starring {0}",
    "HeaderConfirmRecordingCancellation": "Confirm Recording Cancellation",
    "MessageConfirmRecordingCancellation": "Are you sure you wish to cancel this recording?",
    "MessageRecordingCancelled": "Recording cancelled.",
    "HeaderConfirmSeriesCancellation": "Confirm Series Cancellation",
    "MessageConfirmSeriesCancellation": "Are you sure you wish to cancel this series?",
    "MessageSeriesCancelled": "Series cancelled.",
    "HeaderConfirmRecordingDeletion": "Confirm Recording Deletion",
    "MessageConfirmRecordingDeletion": "Are you sure you wish to delete this recording?",
    "MessageRecordingDeleted": "Recording deleted.",
    "ButonCancelRecording": "Cancel Recording",
    "MessageRecordingSaved": "Recording saved.",
    "OptionSunday": "\u661f\u671f\u5929",
    "OptionMonday": "\u661f\u671f\u4e00",
    "OptionTuesday": "\u661f\u671f\u4e8c",
    "OptionWednesday": "\u661f\u671f\u4e09",
    "OptionThursday": "\u661f\u671f\u56db",
    "OptionFriday": "\u661f\u671f\u4e94",
    "OptionSaturday": "\u661f\u671f\u516d",
    "OptionEveryday": "Every day",
    "OptionWeekend": "Weekends",
    "OptionWeekday": "Weekdays",
    "HeaderConfirmDeletion": "Confirm Deletion",
    "MessageConfirmPathSubstitutionDeletion": "Are you sure you wish to delete this path substitution?",
    "LiveTvUpdateAvailable": "(Update available)",
    "LabelVersionUpToDate": "Up to date!",
    "ButtonResetTuner": "Reset tuner",
    "HeaderResetTuner": "Reset Tuner",
    "MessageConfirmResetTuner": "Are you sure you wish to reset this tuner? Any active players or recordings will be abruptly stopped.",
    "ButtonCancelSeries": "Cancel Series",
    "HeaderSeriesRecordings": "Series Recordings",
    "LabelAnytime": "Any time",
    "StatusRecording": "Recording",
    "StatusWatching": "Watching",
    "StatusRecordingProgram": "Recording {0}",
    "StatusWatchingProgram": "Watching {0}",
    "HeaderSplitMedia": "Split Media Apart",
    "MessageConfirmSplitMedia": "Are you sure you wish to split the media sources into separate items?",
    "HeaderError": "Error",
    "MessageChromecastConnectionError": "Your Chromecast receiver is unable to connect to your Emby Server. Please check their connections and try again.",
    "MessagePleaseSelectOneItem": "Please select at least one item.",
    "MessagePleaseSelectTwoItems": "Please select at least two items.",
    "MessageTheFollowingItemsWillBeGrouped": "The following titles will be grouped into one item:",
    "MessageConfirmItemGrouping": "Emby apps will automatically choose the optimal version to play based on device and network performance. Are you sure you wish to continue?",
    "HeaderResume": "Resume",
    "HeaderMyViews": "My Views",
    "HeaderLibraryFolders": "Media Folders",
    "HeaderLatestMedia": "Latest Media",
    "ButtonMoreItems": "More...",
    "ButtonMore": "More",
    "HeaderFavoriteMovies": "Favorite Movies",
    "HeaderFavoriteShows": "Favorite Shows",
    "HeaderFavoriteEpisodes": "Favorite Episodes",
    "HeaderFavoriteGames": "Favorite Games",
    "HeaderRatingsDownloads": "Rating \/ Downloads",
    "HeaderConfirmProfileDeletion": "Confirm Profile Deletion",
    "MessageConfirmProfileDeletion": "Are you sure you wish to delete this profile?",
    "HeaderSelectServerCachePath": "Select Server Cache Path",
    "HeaderSelectTranscodingPath": "Select Transcoding Temporary Path",
    "HeaderSelectImagesByNamePath": "Select Images By Name Path",
    "HeaderSelectMetadataPath": "Select Metadata Path",
    "HeaderSelectServerCachePathHelp": "Browse or enter the path to use for server cache files. The folder must be writeable.",
    "HeaderSelectTranscodingPathHelp": "Browse or enter the path to use for transcoding temporary files. The folder must be writeable.",
    "HeaderSelectImagesByNamePathHelp": "Browse or enter the path to your items by name folder. The folder must be writeable.",
    "HeaderSelectMetadataPathHelp": "Browse or enter the path you'd like to store metadata within. The folder must be writeable.",
    "HeaderSelectChannelDownloadPath": "Select Channel Download Path",
    "HeaderSelectChannelDownloadPathHelp": "Browse or enter the path to use for storing channel cache files. The folder must be writeable.",
    "OptionNewCollection": "New...",
    "ButtonAdd": "\u6dfb\u52a0",
    "ButtonRemove": "\u6e05\u9664",
    "LabelChapterDownloaders": "Chapter downloaders:",
    "LabelChapterDownloadersHelp": "Enable and rank your preferred chapter downloaders in order of priority. Lower priority downloaders will only be used to fill in missing information.",
    "HeaderFavoriteAlbums": "Favorite Albums",
    "HeaderLatestChannelMedia": "Latest Channel Items",
    "ButtonOrganizeFile": "Organize File",
    "ButtonDeleteFile": "Delete File",
    "HeaderOrganizeFile": "Organize File",
    "HeaderDeleteFile": "Delete File",
    "StatusSkipped": "Skipped",
    "StatusFailed": "Failed",
    "StatusSuccess": "Success",
    "MessageFileWillBeDeleted": "The following file will be deleted:",
    "MessageSureYouWishToProceed": "Are you sure you wish to proceed?",
    "MessageDuplicatesWillBeDeleted": "In addition the following dupliates will be deleted:",
    "MessageFollowingFileWillBeMovedFrom": "The following file will be moved from:",
    "MessageDestinationTo": "to:",
    "HeaderSelectWatchFolder": "Select Watch Folder",
    "HeaderSelectWatchFolderHelp": "Browse or enter the path to your watch folder. The folder must be writeable.",
    "OrganizePatternResult": "Result: {0}",
    "HeaderRestart": "Restart",
    "HeaderShutdown": "Shutdown",
    "MessageConfirmRestart": "Are you sure you wish to restart Emby Server?",
    "MessageConfirmShutdown": "Are you sure you wish to shutdown Emby Server?",
    "ButtonUpdateNow": "Update Now",
    "ValueItemCount": "{0} item",
    "ValueItemCountPlural": "{0} items",
    "NewVersionOfSomethingAvailable": "A new version of {0} is available!",
    "VersionXIsAvailableForDownload": "Version {0} is now available for download.",
    "LabelVersionNumber": "Version {0}",
    "LabelPlayMethodTranscoding": "Transcoding",
    "LabelPlayMethodDirectStream": "Direct Streaming",
    "LabelPlayMethodDirectPlay": "Direct Playing",
    "LabelEpisodeNumber": "Episode number:",
    "LabelAudioCodec": "Audio: {0}",
    "LabelVideoCodec": "Video: {0}",
    "LabelLocalAccessUrl": "Local access: {0}",
    "LabelRemoteAccessUrl": "Remote access: {0}",
    "LabelRunningOnPort": "Running on http port {0}.",
    "LabelRunningOnPorts": "Running on http port {0}, and https port {1}.",
    "HeaderLatestFromChannel": "Latest from {0}",
    "LabelUnknownLanaguage": "Unknown language",
    "HeaderCurrentSubtitles": "Current Subtitles",
    "MessageDownloadQueued": "The download has been queued.",
    "MessageAreYouSureDeleteSubtitles": "Are you sure you wish to delete this subtitle file?",
    "ButtonRemoteControl": "Remote Control",
    "HeaderLatestTvRecordings": "Latest Recordings",
    "ButtonOk": "OK",
    "ButtonCancel": "\u53d6\u6d88",
    "ButtonRefresh": "Refresh",
    "LabelCurrentPath": "Current path:",
    "HeaderSelectMediaPath": "Select Media Path",
    "HeaderSelectPath": "Select Path",
    "ButtonNetwork": "Network",
    "MessageDirectoryPickerInstruction": "Network paths can be entered manually in the event the Network button fails to locate your devices. For example, {0} or {1}.",
    "MessageDirectoryPickerBSDInstruction": "For BSD, you may need to configure storage within your FreeNAS Jail in order to allow Emby to access it.",
    "HeaderMenu": "Menu",
    "ButtonOpen": "Open",
    "ButtonOpenInNewTab": "Open in new tab",
    "ButtonShuffle": "Shuffle",
    "ButtonInstantMix": "Instant mix",
    "ButtonResume": "Resume",
    "HeaderScenes": "\u5834\u666f",
    "HeaderAudioTracks": "Audio Tracks",
    "HeaderLibraries": "Libraries",
    "HeaderSubtitles": "Subtitles",
    "HeaderVideoQuality": "Video Quality",
    "MessageErrorPlayingVideo": "There was an error playing the video.",
    "MessageEnsureOpenTuner": "Please ensure there is an open tuner availalble.",
    "ButtonHome": "Home",
    "ButtonDashboard": "Dashboard",
    "ButtonReports": "Reports",
    "ButtonMetadataManager": "Metadata Manager",
    "HeaderTime": "Time",
    "HeaderName": "Name",
    "HeaderAlbum": "Album",
    "HeaderAlbumArtist": "Album Artist",
    "HeaderArtist": "Artist",
    "LabelAddedOnDate": "Added {0}",
    "ButtonStart": "Start",
    "LabelSeasonNumber": "Season number:",
    "HeaderChannels": "\u983b\u5ea6",
    "HeaderMediaFolders": "\u5a92\u9ad4\u6587\u4ef6\u593e",
    "HeaderBlockItemsWithNoRating": "Block content with no rating information:",
    "OptionBlockOthers": "Others",
    "OptionBlockTvShows": "TV Shows",
    "OptionBlockTrailers": "Trailers",
    "OptionBlockMusic": "Music",
    "OptionBlockMovies": "Movies",
    "OptionBlockBooks": "Books",
    "OptionBlockGames": "Games",
    "OptionBlockLiveTvPrograms": "Live TV Programs",
    "OptionBlockLiveTvChannels": "Live TV Channels",
    "OptionBlockChannelContent": "Internet Channel Content",
    "ButtonRevoke": "Revoke",
    "MessageConfirmRevokeApiKey": "Are you sure you wish to revoke this api key? The application's connection to Emby Server will be abruptly terminated.",
    "HeaderConfirmRevokeApiKey": "Revoke Api Key",
    "ValueContainer": "Container: {0}",
    "ValueAudioCodec": "Audio Codec: {0}",
    "ValueVideoCodec": "Video Codec: {0}",
    "ValueCodec": "Codec: {0}",
    "ValueConditions": "Conditions: {0}",
    "LabelAll": "All",
    "HeaderDeleteImage": "Delete Image",
    "MessageFileNotFound": "File not found.",
    "MessageFileReadError": "An error occurred reading this file.",
    "ButtonNextPage": "Next Page",
    "ButtonPreviousPage": "Previous Page",
    "ButtonMoveLeft": "Move left",
    "ButtonMoveRight": "Move right",
    "ButtonBrowseOnlineImages": "Browse online images",
    "HeaderDeleteItem": "Delete Item",
    "ConfirmDeleteItem": "Deleting this item will delete it from both the file system and your media library. Are you sure you wish to continue?",
    "MessagePleaseEnterNameOrId": "Please enter a name or an external Id.",
    "MessageValueNotCorrect": "The value entered is not correct. Please try again.",
    "MessageItemSaved": "Item saved.",
    "MessagePleaseAcceptTermsOfServiceBeforeContinuing": "Please accept the terms of service before continuing.",
    "OptionEnded": "\u5b8c\u7d50",
    "OptionContinuing": "\u6301\u7e8c",
    "OptionOff": "\u95dc\u9589",
    "OptionOn": "\u958b\u555f",
    "ButtonSettings": "Settings",
    "ButtonUninstall": "Uninstall",
    "HeaderEnabledFields": "Enabled Fields",
    "HeaderEnabledFieldsHelp": "Uncheck a field to lock it and prevent it's data from being changed.",
    "HeaderLiveTV": "Live TV",
    "MissingLocalTrailer": "Missing local trailer.",
    "MissingPrimaryImage": "Missing primary image.",
    "MissingBackdropImage": "Missing backdrop image.",
    "MissingLogoImage": "Missing logo image.",
    "MissingEpisode": "Missing episode.",
    "OptionScreenshots": "Screenshots",
    "OptionBackdrops": "Backdrops",
    "OptionImages": "Images",
    "OptionKeywords": "Keywords",
    "OptionTags": "Tags",
    "OptionStudios": "Studios",
    "OptionName": "Name",
    "OptionOverview": "Overview",
    "OptionGenres": "Genres",
    "OptionParentalRating": "\u5bb6\u9577\u8a55\u7d1a",
    "OptionPeople": "People",
    "OptionRuntime": "\u64ad\u653e\u9577\u5ea6",
    "OptionProductionLocations": "Production Locations",
    "OptionBirthLocation": "Birth Location",
    "LabelAllChannels": "All channels",
    "LabelLiveProgram": "LIVE",
    "LabelNewProgram": "NEW",
    "LabelPremiereProgram": "PREMIERE",
    "LabelHDProgram": "HD",
    "HeaderChangeFolderType": "Change Content Type",
    "HeaderChangeFolderTypeHelp": "To change the type, please remove and rebuild the folder with the new type.",
    "HeaderAlert": "Alert",
    "MessagePleaseRestart": "Please restart to finish updating.",
    "ButtonRestart": "Restart",
    "MessagePleaseRefreshPage": "Please refresh this page to receive new updates from the server.",
    "ButtonHide": "Hide",
    "MessageSettingsSaved": "Settings saved.",
    "ButtonSignOut": "Sign Out",
    "ButtonMyProfile": "My Profile",
    "ButtonMyPreferences": "My Preferences",
    "MessageBrowserDoesNotSupportWebSockets": "This browser does not support web sockets. For a better experience, try a newer browser such as Chrome, Firefox, IE10+, Safari (iOS) or Opera.",
    "LabelInstallingPackage": "Installing {0}",
    "LabelPackageInstallCompleted": "{0} installation completed.",
    "LabelPackageInstallFailed": "{0} installation failed.",
    "LabelPackageInstallCancelled": "{0} installation cancelled.",
    "TabServer": "\u4f3a\u670d\u5668",
    "TabUsers": "Users",
    "TabLibrary": "Library",
    "TabMetadata": "\u5a92\u9ad4\u8cc7\u6599",
    "TabDLNA": "DLNA",
    "TabLiveTV": "Live TV",
    "TabAutoOrganize": "Auto-Organize",
    "TabPlugins": "Plugins",
    "TabAdvanced": "\u9032\u968e",
    "TabHelp": "Help",
    "TabScheduledTasks": "Scheduled Tasks",
    "ButtonFullscreen": "Fullscreen",
    "ButtonAudioTracks": "Audio Tracks",
    "ButtonSubtitles": "Subtitles",
    "ButtonScenes": "Scenes",
    "ButtonQuality": "Quality",
    "HeaderNotifications": "Notifications",
    "HeaderSelectPlayer": "Select Player",
    "ButtonSelect": "\u9078\u64c7",
    "ButtonNew": "\u5275\u5efa",
    "MessageInternetExplorerWebm": "For best results with Internet Explorer please install the WebM playback plugin.",
    "HeaderVideoError": "Video Error",
    "ButtonAddToPlaylist": "Add to playlist",
    "HeaderAddToPlaylist": "Add to Playlist",
    "LabelName": "\u540d\u5b57\uff1a",
    "ButtonSubmit": "Submit",
    "LabelSelectPlaylist": "Playlist:",
    "OptionNewPlaylist": "New playlist...",
    "MessageAddedToPlaylistSuccess": "Ok",
    "ButtonView": "View",
    "ButtonViewSeriesRecording": "View series recording",
    "ValueOriginalAirDate": "Original air date: {0}",
    "ButtonRemoveFromPlaylist": "Remove from playlist",
    "HeaderSpecials": "Specials",
    "HeaderTrailers": "Trailers",
    "HeaderAudio": "Audio",
    "HeaderResolution": "Resolution",
    "HeaderVideo": "Video",
    "HeaderRuntime": "Runtime",
    "HeaderCommunityRating": "Community rating",
    "HeaderPasswordReset": "Password Reset",
    "HeaderParentalRating": "Parental rating",
    "HeaderReleaseDate": "Release date",
    "HeaderDateAdded": "Date added",
    "HeaderSeries": "Series",
    "HeaderSeason": "Season",
    "HeaderSeasonNumber": "Season number",
    "HeaderNetwork": "Network",
    "HeaderYear": "Year",
    "HeaderGameSystem": "Game system",
    "HeaderPlayers": "Players",
    "HeaderEmbeddedImage": "Embedded image",
    "HeaderTrack": "Track",
    "HeaderDisc": "Disc",
    "OptionMovies": "Movies",
    "OptionCollections": "Collections",
    "OptionSeries": "Series",
    "OptionSeasons": "Seasons",
    "OptionEpisodes": "Episodes",
    "OptionGames": "Games",
    "OptionGameSystems": "Game systems",
    "OptionMusicArtists": "Music artists",
    "OptionMusicAlbums": "Music albums",
    "OptionMusicVideos": "Music videos",
    "OptionSongs": "Songs",
    "OptionHomeVideos": "Home videos",
    "OptionBooks": "Books",
    "OptionAdultVideos": "Adult videos",
    "ButtonUp": "Up",
    "ButtonDown": "Down",
    "LabelMetadataReaders": "Metadata readers:",
    "LabelMetadataReadersHelp": "Rank your preferred local metadata sources in order of priority. The first file found will be read.",
    "LabelMetadataDownloaders": "Metadata downloaders:",
    "LabelMetadataDownloadersHelp": "Enable and rank your preferred metadata downloaders in order of priority. Lower priority downloaders will only be used to fill in missing information.",
    "LabelMetadataSavers": "Metadata savers:",
    "LabelMetadataSaversHelp": "Choose the file formats to save your metadata to.",
    "LabelImageFetchers": "Image fetchers:",
    "LabelImageFetchersHelp": "Enable and rank your preferred image fetchers in order of priority.",
    "ButtonQueueAllFromHere": "Queue all from here",
    "ButtonPlayAllFromHere": "Play all from here",
    "LabelDynamicExternalId": "{0} Id:",
    "HeaderIdentify": "Identify Item",
    "PersonTypePerson": "Person",
    "LabelTitleDisplayOrder": "Title display order:",
    "OptionSortName": "Sort name",
    "OptionReleaseDate": "Release date",
    "LabelDiscNumber": "Disc number",
    "LabelParentNumber": "Parent number",
    "LabelTrackNumber": "Track number:",
    "LabelNumber": "Number:",
    "LabelReleaseDate": "Release date:",
    "LabelEndDate": "End date:",
    "LabelYear": "Year:",
    "LabelDateOfBirth": "Date of birth:",
    "LabelBirthYear": "Birth year:",
    "LabelBirthDate": "Birth date:",
    "LabelDeathDate": "Death date:",
    "HeaderRemoveMediaLocation": "Remove Media Location",
    "MessageConfirmRemoveMediaLocation": "Are you sure you wish to remove this location?",
    "HeaderRenameMediaFolder": "Rename Media Folder",
    "LabelNewName": "New name:",
    "HeaderAddMediaFolder": "Add Media Folder",
    "HeaderAddMediaFolderHelp": "Name (Movies, Music, TV, etc):",
    "HeaderRemoveMediaFolder": "Remove Media Folder",
    "MessageTheFollowingLocationWillBeRemovedFromLibrary": "The following media locations will be removed from your library:",
    "MessageAreYouSureYouWishToRemoveMediaFolder": "Are you sure you wish to remove this media folder?",
    "ButtonRename": "Rename",
    "ButtonChangeType": "Change type",
    "HeaderMediaLocations": "Media Locations",
    "LabelContentTypeValue": "Content type: {0}",
    "LabelPathSubstitutionHelp": "Optional: Path substitution can map server paths to network shares that clients can access for direct playback.",
    "FolderTypeUnset": "Unset (mixed content)",
    "FolderTypeMovies": "Movies",
    "FolderTypeMusic": "Music",
    "FolderTypeAdultVideos": "Adult videos",
    "FolderTypePhotos": "Photos",
    "FolderTypeMusicVideos": "Music videos",
    "FolderTypeHomeVideos": "Home videos",
    "FolderTypeGames": "Games",
    "FolderTypeBooks": "Books",
    "FolderTypeTvShows": "TV",
    "TabMovies": "\u96fb\u5f71",
    "TabSeries": "\u96fb\u8996\u5287",
    "TabEpisodes": "\u55ae\u5143",
    "TabTrailers": "\u9810\u544a",
    "TabGames": "\u904a\u6232",
    "TabAlbums": "\u5c08\u8f2f",
    "TabSongs": "\u6b4c\u66f2",
    "TabMusicVideos": "Music Videos",
    "BirthPlaceValue": "Birth place: {0}",
    "DeathDateValue": "Died: {0}",
    "BirthDateValue": "Born: {0}",
    "HeaderLatestReviews": "Latest Reviews",
    "HeaderPluginInstallation": "Plugin Installation",
    "MessageAlreadyInstalled": "This version is already installed.",
    "ValueReviewCount": "{0} Reviews",
    "MessageYouHaveVersionInstalled": "You currently have version {0} installed.",
    "MessageTrialExpired": "The trial period for this feature has expired",
    "MessageTrialWillExpireIn": "The trial period for this feature will expire in {0} day(s)",
    "MessageInstallPluginFromApp": "This plugin must be installed from with in the app you intend to use it in.",
    "ValuePriceUSD": "Price: {0} (USD)",
    "MessageFeatureIncludedWithSupporter": "You are registered for this feature, and will be able to continue using it with an active supporter membership.",
    "MessageChangeRecurringPlanConfirm": "After completing this transaction you will need to cancel your previous recurring donation from within your PayPal account. Thank you for supporting Emby.",
    "MessageSupporterMembershipExpiredOn": "Your supporter membership expired on {0}.",
    "MessageYouHaveALifetimeMembership": "You have a lifetime supporter membership. You can provide additional donations on a one-time or recurring basis using the options below. Thank you for supporting Emby.",
    "MessageYouHaveAnActiveRecurringMembership": "You have an active {0} membership. You can upgrade your plan using the options below.",
    "ButtonDelete": "\u522a\u9664",
    "HeaderEmbyAccountAdded": "Emby Account Added",
    "MessageEmbyAccountAdded": "The Emby account has been added to this user.",
    "MessagePendingEmbyAccountAdded": "The Emby account has been added to this user. An email will be sent to the owner of the account. The invitation will need to be confirmed by clicking a link within the email.",
    "HeaderEmbyAccountRemoved": "Emby Account Removed",
    "MessageEmbyAccontRemoved": "The Emby account has been removed from this user.",
    "TooltipLinkedToEmbyConnect": "Linked to Emby Connect",
    "HeaderUnrated": "Unrated",
    "ValueDiscNumber": "Disc {0}",
    "HeaderUnknownDate": "Unknown Date",
    "HeaderUnknownYear": "Unknown Year",
    "ValueMinutes": "{0} min",
    "ButtonPlayExternalPlayer": "Play with external player",
    "HeaderSelectExternalPlayer": "Select External Player",
    "HeaderExternalPlayerPlayback": "External Player Playback",
    "ButtonImDone": "I'm Done",
    "OptionWatched": "Watched",
    "OptionUnwatched": "Unwatched",
    "ExternalPlayerPlaystateOptionsHelp": "Specify how you would like to resume playing this video next time.",
    "LabelMarkAs": "Mark as:",
    "OptionInProgress": "In-Progress",
    "LabelResumePoint": "Resume point:",
    "ValueOneMovie": "1 movie",
    "ValueMovieCount": "{0} movies",
    "ValueOneTrailer": "1 trailer",
    "ValueTrailerCount": "{0} trailers",
    "ValueOneSeries": "1 series",
    "ValueSeriesCount": "{0} series",
    "ValueOneEpisode": "1 episode",
    "ValueEpisodeCount": "{0} episodes",
    "ValueOneGame": "1 game",
    "ValueGameCount": "{0} games",
    "ValueOneAlbum": "1 album",
    "ValueAlbumCount": "{0} albums",
    "ValueOneSong": "1 song",
    "ValueSongCount": "{0} songs",
    "ValueOneMusicVideo": "1 music video",
    "ValueMusicVideoCount": "{0} music videos",
    "HeaderOffline": "Offline",
    "HeaderUnaired": "Unaired",
    "HeaderMissing": "Missing",
    "ButtonWebsite": "Website",
    "TooltipFavorite": "Favorite",
    "TooltipLike": "Like",
    "TooltipDislike": "Dislike",
    "TooltipPlayed": "Played",
    "ValueSeriesYearToPresent": "{0}-Present",
    "ValueAwards": "Awards: {0}",
    "ValueBudget": "Budget: {0}",
    "ValueRevenue": "Revenue: {0}",
    "ValuePremiered": "Premiered {0}",
    "ValuePremieres": "Premieres {0}",
    "ValueStudio": "Studio: {0}",
    "ValueStudios": "Studios: {0}",
    "ValueStatus": "Status: {0}",
    "ValueSpecialEpisodeName": "Special - {0}",
    "LabelLimit": "Limit:",
    "ValueLinks": "Links: {0}",
    "HeaderPeople": "People",
    "HeaderCastAndCrew": "Cast & Crew",
    "ValueArtist": "Artist: {0}",
    "ValueArtists": "Artists: {0}",
    "HeaderTags": "Tags",
    "MediaInfoCameraMake": "Camera make",
    "MediaInfoCameraModel": "Camera model",
    "MediaInfoAltitude": "Altitude",
    "MediaInfoAperture": "Aperture",
    "MediaInfoExposureTime": "Exposure time",
    "MediaInfoFocalLength": "Focal length",
    "MediaInfoOrientation": "Orientation",
    "MediaInfoIsoSpeedRating": "Iso speed rating",
    "MediaInfoLatitude": "Latitude",
    "MediaInfoLongitude": "Longitude",
    "MediaInfoShutterSpeed": "Shutter speed",
    "MediaInfoSoftware": "Software",
    "HeaderIfYouLikeCheckTheseOut": "If you like {0}, check these out...",
    "HeaderPlotKeywords": "Plot Keywords",
    "HeaderMovies": "Movies",
    "HeaderAlbums": "Albums",
    "HeaderGames": "Games",
    "HeaderBooks": "Books",
    "HeaderEpisodes": "Episodes",
    "HeaderSeasons": "Seasons",
    "HeaderTracks": "Tracks",
    "HeaderItems": "Items",
    "HeaderOtherItems": "Other Items",
    "ButtonFullReview": "Full review",
    "ValueAsRole": "as {0}",
    "ValueGuestStar": "Guest star",
    "MediaInfoSize": "Size",
    "MediaInfoPath": "Path",
    "MediaInfoFormat": "Format",
    "MediaInfoContainer": "Container",
    "MediaInfoDefault": "Default",
    "MediaInfoForced": "Forced",
    "MediaInfoExternal": "External",
    "MediaInfoTimestamp": "Timestamp",
    "MediaInfoPixelFormat": "Pixel format",
    "MediaInfoBitDepth": "Bit depth",
    "MediaInfoSampleRate": "Sample rate",
    "MediaInfoBitrate": "Bitrate",
    "MediaInfoChannels": "Channels",
    "MediaInfoLayout": "Layout",
    "MediaInfoLanguage": "Language",
    "MediaInfoCodec": "Codec",
    "MediaInfoProfile": "Profile",
    "MediaInfoLevel": "Level",
    "MediaInfoAspectRatio": "Aspect ratio",
    "MediaInfoResolution": "Resolution",
    "MediaInfoAnamorphic": "Anamorphic",
    "MediaInfoInterlaced": "Interlaced",
    "MediaInfoFramerate": "Framerate",
    "MediaInfoStreamTypeAudio": "Audio",
    "MediaInfoStreamTypeData": "Data",
    "MediaInfoStreamTypeVideo": "Video",
    "MediaInfoStreamTypeSubtitle": "Subtitle",
    "MediaInfoStreamTypeEmbeddedImage": "Embedded Image",
    "MediaInfoRefFrames": "Ref frames",
    "TabPlayback": "Playback",
    "TabNotifications": "Notifications",
    "TabExpert": "Expert",
    "HeaderSelectCustomIntrosPath": "Select Custom Intros Path",
    "HeaderRateAndReview": "Rate and Review",
    "HeaderThankYou": "Thank You",
    "MessageThankYouForYourReview": "Thank you for your review.",
    "LabelYourRating": "Your rating:",
    "LabelFullReview": "Full review:",
    "LabelShortRatingDescription": "Short rating summary:",
    "OptionIRecommendThisItem": "I recommend this item",
    "WebClientTourContent": "View your recently added media, next episodes, and more. The green circles indicate how many unplayed items you have.",
    "WebClientTourMovies": "Play movies, trailers and more from any device with a web browser",
    "WebClientTourMouseOver": "Hold the mouse over any poster for quick access to important information",
    "WebClientTourTapHold": "Tap and hold or right click any poster for a context menu",
    "WebClientTourMetadataManager": "Click edit to open the metadata manager",
    "WebClientTourPlaylists": "Easily create playlists and instant mixes, and play them on any device",
    "WebClientTourCollections": "Create movie collections to group box sets together",
    "WebClientTourUserPreferences1": "User preferences allow you to customize the way your library is presented in all of your Emby apps",
    "WebClientTourUserPreferences2": "Configure your audio and subtitle language settings once, for every Emby app",
    "WebClientTourUserPreferences3": "Design the web client home page to your liking",
    "WebClientTourUserPreferences4": "Configure backdrops, theme songs and external players",
    "WebClientTourMobile1": "The web client works great on smartphones and tablets...",
    "WebClientTourMobile2": "and easily controls other devices and Emby apps",
    "WebClientTourMySync": "Sync your personal media to your devices for offline viewing.",
    "MessageEnjoyYourStay": "Enjoy your stay",
    "DashboardTourDashboard": "The server dashboard allows you to monitor your server and your users. You'll always know who is doing what and where they are.",
    "DashboardTourHelp": "In-app help provides easy buttons to open wiki pages relating to the on-screen content.",
    "DashboardTourUsers": "Easily create user accounts for your friends and family, each with their own permissions, library access, parental controls and more.",
    "DashboardTourCinemaMode": "Cinema mode brings the theater experience straight to your living room with the ability to play trailers and custom intros before the main feature.",
    "DashboardTourChapters": "Enable chapter image generation for your videos for a more pleasing presentation while viewing.",
    "DashboardTourSubtitles": "Automatically download subtitles for your videos in any language.",
    "DashboardTourPlugins": "Install plugins such as internet video channels, live tv, metadata scanners, and more.",
    "DashboardTourNotifications": "Automatically send notifications of server events to your mobile device, email and more.",
    "DashboardTourScheduledTasks": "Easily manage long running operations with scheduled tasks. Decide when they run, and how often.",
    "DashboardTourMobile": "The Emby Server dashboard works great on smartphones and tablets. Manage your server from the palm of your hand anytime, anywhere.",
    "DashboardTourSync": "Sync your personal media to your devices for offline viewing.",
    "MessageRefreshQueued": "Refresh queued",
    "TabDevices": "Devices",
    "TabExtras": "Extras",
    "DeviceLastUsedByUserName": "Last used by {0}",
    "HeaderDeleteDevice": "Delete Device",
    "DeleteDeviceConfirmation": "Are you sure you wish to delete this device? It will reappear the next time a user signs in with it.",
    "LabelEnableCameraUploadFor": "Enable camera upload for:",
    "HeaderSelectUploadPath": "Select Upload Path",
    "LabelEnableCameraUploadForHelp": "Uploads will occur automatically in the background when signed into Emby.",
    "ErrorMessageStartHourGreaterThanEnd": "End time must be greater than the start time.",
    "ButtonLibraryAccess": "Library access",
    "ButtonParentalControl": "Parental control",
    "HeaderInvitationSent": "Invitation Sent",
    "MessageInvitationSentToUser": "An email has been sent to {0}, inviting them to accept your sharing invitation.",
    "MessageInvitationSentToNewUser": "An email has been sent to {0} inviting them to sign up with Emby.",
    "HeaderConnectionFailure": "Connection Failure",
    "MessageUnableToConnectToServer": "We're unable to connect to the selected server right now. Please ensure it is running and try again.",
    "ButtonSelectServer": "Select Server",
    "MessagePluginConfigurationRequiresLocalAccess": "To configure this plugin please sign in to your local server directly.",
    "MessageLoggedOutParentalControl": "Access is currently restricted. Please try again later.",
    "DefaultErrorMessage": "There was an error processing the request. Please try again later.",
    "ButtonAccept": "Accept",
    "ButtonReject": "Reject",
    "HeaderForgotPassword": "Forgot Password",
    "MessageContactAdminToResetPassword": "Please contact your system administrator to reset your password.",
    "MessageForgotPasswordInNetworkRequired": "Please try again within your home network to initiate the password reset process.",
    "MessageForgotPasswordFileCreated": "The following file has been created on your server and contains instructions on how to proceed:",
    "MessageForgotPasswordFileExpiration": "The reset pin will expire at {0}.",
    "MessageInvalidForgotPasswordPin": "An invalid or expired pin was entered. Please try again.",
    "MessagePasswordResetForUsers": "Passwords have been removed for the following users:",
    "HeaderInviteGuest": "Invite Guest",
    "ButtonLinkMyEmbyAccount": "Link my account now",
    "MessageConnectAccountRequiredToInviteGuest": "In order to invite guests you need to first link your Emby account to this server.",
    "ButtonSync": "Sync",
    "SyncMedia": "Sync Media",
    "HeaderCancelSyncJob": "Cancel Sync",
    "CancelSyncJobConfirmation": "Cancelling the sync job will remove synced media from the device during the next sync process. Are you sure you wish to proceed?",
    "TabSync": "Sync",
    "MessagePleaseSelectDeviceToSyncTo": "Please select a device to sync to.",
    "MessageSyncJobCreated": "Sync job created.",
    "LabelSyncTo": "Sync to:",
    "LabelSyncJobName": "Sync job name:",
    "LabelQuality": "Quality:",
    "HeaderSettings": "Settings",
    "OptionAutomaticallySyncNewContent": "Automatically sync new content",
    "OptionAutomaticallySyncNewContentHelp": "New content added to will be automatically synced to the device.",
    "OptionSyncUnwatchedVideosOnly": "Sync unwatched videos only",
    "OptionSyncUnwatchedVideosOnlyHelp": "Only unwatched videos will be synced, and videos will be removed from the device as they are watched.",
    "LabelItemLimit": "Item limit:",
    "LabelItemLimitHelp": "Optional. Set a limit to the number of items that will be synced.",
    "MessageBookPluginRequired": "Requires installation of the Bookshelf plugin",
    "MessageGamePluginRequired": "Requires installation of the GameBrowser plugin",
    "MessageUnsetContentHelp": "Content will be displayed as plain folders. For best results use the metadata manager to set the content types of sub-folders.",
    "SyncJobItemStatusQueued": "Queued",
    "SyncJobItemStatusConverting": "Converting",
    "SyncJobItemStatusTransferring": "Transferring",
    "SyncJobItemStatusSynced": "Synced",
    "SyncJobItemStatusFailed": "Failed",
    "SyncJobItemStatusRemovedFromDevice": "Removed from device",
    "SyncJobItemStatusCancelled": "Cancelled",
    "LabelProfile": "Profile:",
    "LabelBitrateMbps": "Bitrate (Mbps):",
    "EmbyIntroDownloadMessage": "To download and install Emby Server visit {0}.",
    "ButtonNewServer": "New Server",
    "ButtonSignInWithConnect": "Sign in with Emby Connect",
    "HeaderNewServer": "New Server",
    "MyDevice": "My Device",
    "ButtonRemote": "Remote",
    "TabInfo": "\u8cc7\u8a0a",
    "TabCast": "Cast",
    "TabScenes": "Scenes",
    "HeaderUnlockApp": "Unlock App",
    "MessageUnlockAppWithPurchase": "Unlock the full features of the app with a small one-time purchase.",
    "MessageUnlockAppWithPurchaseOrSupporter": "Unlock the full features of the app with a small one-time purchase, or by signing in with an active Emby Supporter Membership.",
    "MessageUnlockAppWithSupporter": "Unlock the full features of the app by signing in with an active Emby Supporter Membership.",
    "MessageToValidateSupporter": "If you have an active Emby Supporter Membership, simply sign into the app using your Wifi connection within your home network.",
    "MessagePaymentServicesUnavailable": "Payment services are currently unavailable. Please try again later.",
    "ButtonUnlockWithSupporter": "Sign in with Emby Supporter Membership",
    "MessagePleaseSignInLocalNetwork": "Before proceeding, please ensure that you're connected to your local network using a Wifi or LAN connection.",
    "ButtonUnlockWithPurchase": "Unlock with Purchase",
    "ButtonUnlockPrice": "Unlock {0}",
    "MessageLiveTvGuideRequiresUnlock": "The Live TV Guide is currently limited to {0} channels. Click the unlock button to learn how to enjoy the full experience.",
    "OptionEnableFullscreen": "Enable Fullscreen",
    "ButtonServer": "Server",
    "HeaderAdmin": "Admin",
    "HeaderLibrary": "Library",
    "HeaderMedia": "Media",
    "ButtonInbox": "Inbox",
    "HeaderAdvanced": "Advanced",
    "HeaderGroupVersions": "Group Versions",
    "HeaderSaySomethingLike": "Say Something Like...",
    "ButtonTryAgain": "Try Again",
    "HeaderYouSaid": "You Said...",
    "MessageWeDidntRecognizeCommand": "We're sorry, we didn't recognize that command.",
    "MessageIfYouBlockedVoice": "If you denied voice access to the app you'll need to reconfigure before trying again.",
    "MessageNoItemsFound": "No items found.",
    "ButtonManageServer": "Manage Server",
    "ButtonPreferences": "Preferences",
    "ButtonViewArtist": "View artist",
    "ButtonViewAlbum": "View album",
    "ErrorMessagePasswordNotMatchConfirm": "The password and password confirmation must match.",
    "ErrorMessageUsernameInUse": "The username is already in use. Please choose a new name and try again.",
    "ErrorMessageEmailInUse": "The email address is already in use. Please enter a new email address and try again, or use the forgot password feature.",
    "MessageThankYouForConnectSignUp": "Thank you for signing up for Emby Connect. An email will be sent to your address with instructions on how to confirm your new account. Please confirm the account and then return here to sign in.",
    "HeaderShare": "Share",
    "ButtonShareHelp": "Share a web page containing media information with social media. Media files are never shared publicly.",
    "ButtonShare": "Share",
    "HeaderConfirm": "Confirm",
    "ButtonAdvancedRefresh": "Advanced Refresh",
    "MessageConfirmDeleteTunerDevice": "Are you sure you wish to delete this device?",
    "MessageConfirmDeleteGuideProvider": "Are you sure you wish to delete this guide provider?",
    "HeaderDeleteProvider": "Delete Provider",
    "HeaderAddProvider": "Add Provider",
    "ErrorAddingTunerDevice": "There was an error adding the tuner device. Please ensure it is accessible and try again.",
    "ErrorSavingTvProvider": "There was an error saving the TV provider. Please ensure it is accessible and try again.",
    "ErrorGettingTvLineups": "There was an error downloading tv lineups. Please ensure your information is correct and try again.",
    "MessageCreateAccountAt": "Create an account at {0}",
    "ErrorPleaseSelectLineup": "Please select a lineup and try again. If no lineups are available, then please check that your username, password, and postal code is correct.",
    "HeaderTryCinemaMode": "Try Cinema Mode",
    "ButtonBecomeSupporter": "Become an Emby Supporter",
    "ButtonClosePlayVideo": "Close and play my media",
    "MessageDidYouKnowCinemaMode": "Did you know that by becoming an Emby Supporter, you can enhance your experience with features like Cinema Mode?",
    "MessageDidYouKnowCinemaMode2": "Cinema Mode gives you the true cinema experience with trailers and custom intros before the main feature.",
    "OptionEnableDisplayMirroring": "Enable display mirroring",
    "HeaderSyncRequiresSupporterMembership": "Sync requires an active Emby Supporter membership.",
    "HeaderSyncRequiresSupporterMembershipAppVersion": "Sync requires connecting to an Emby Server with an active Supporter membership.",
    "ErrorValidatingSupporterInfo": "There was an error validating your Emby Supporter information. Please try again later.",
    "HeaderSync": "Sync",
    "LabelLocalSyncStatusValue": "Status: {0}",
    "MessageSyncStarted": "Sync started",
    "OptionPoster": "\u6d77\u5831",
    "OptionPosterCard": "Poster card",
    "OptionTimeline": "\u6642\u9593\u8ef8",
    "OptionList": "List",
    "OptionThumb": "\u7e2e\u7565\u5716",
    "OptionThumbCard": "Thumb card",
    "OptionBanner": "\u6a6b\u5411\u5716",
    "NoSlideshowContentFound": "No slideshow images were found.",
    "OptionPhotoSlideshow": "Photo slideshow",
    "OptionBackdropSlideshow": "Backdrop slideshow",
    "HeaderTopPlugins": "Top Plugins",
    "ButtonRecord": "\u958b\u59cb\u9304\u5f71",
    "ButtonOther": "Other",
    "HeaderSortBy": "\u6392\u5e8f\u65b9\u5f0f\uff1a",
    "HeaderSortOrder": "\u6392\u5e8f\u6b21\u5e8f\uff1a",
    "OptionAscending": "\u5347\u5e8f",
    "OptionDescending": "\u964d\u5e8f",
    "OptionNameSort": "\u540d\u5b57",
    "OptionImdbRating": "IMDB\u8a55\u5206",
    "OptionDatePlayed": "\u64ad\u653e\u65e5\u671f",
    "OptionDateAdded": "\u6dfb\u52a0\u65e5\u671f",
    "OptionPlayCount": "\u64ad\u653e\u6b21\u6578",
    "ButtonDisconnect": "Disconnect",
    "ButtonSort": "\u6392\u5e8f",
    "ButtonMenu": "Menu",
    "ButtonFilter": "\u904e\u6ffe",
    "OptionCriticRating": "\u8a55\u8ad6\u5bb6\u8a55\u50f9",
    "OptionVideoBitrate": "\u8996\u983b\u6bd4\u7279\u7387",
    "OptionMetascore": "\u8a55\u5206",
    "OptionRevenue": "\u6536\u5165",
    "OptionBudget": "\u9810\u7b97",
    "ForAdditionalLiveTvOptions": "For additional Live TV providers, click on the External Services tab to see the available options.",
    "ButtonGuide": "Guide",
    "ButtonRecordedTv": "Recorded TV",
    "HeaderDisconnectFromPlayer": "Disconnect from Player",
    "ConfirmEndPlayerSession": "Would you like to shutdown the app on the remote device?",
    "ButtonYes": "Yes",
    "ButtonNo": "No"
}