{
    "SettingsSaved": "\u8bbe\u7f6e\u5df2\u4fdd\u5b58",
    "AddUser": "\u6dfb\u52a0\u7528\u6237",
    "Users": "\u7528\u6237",
    "Delete": "\u5220\u9664",
    "Administrator": "\u7ba1\u7406\u5458",
    "Password": "\u5bc6\u7801",
    "DeleteImage": "\u5220\u9664\u56fe\u50cf",
    "DeleteImageConfirmation": "\u4f60\u786e\u5b9a\u8981\u5220\u9664\u6b64\u56fe\u50cf\uff1f",
    "FileReadCancelled": "\u6587\u4ef6\u8bfb\u53d6\u5df2\u88ab\u53d6\u6d88\u3002",
    "FileNotFound": "\u672a\u627e\u5230\u6587\u4ef6\u3002",
    "FileReadError": "\u8bfb\u53d6\u6587\u4ef6\u53d1\u751f\u9519\u8bef\u3002",
    "DeleteUser": "\u5220\u9664\u7528\u6237",
    "DeleteUserConfirmation": "\u4f60\u786e\u5b9a\u8981\u5220\u9664\u6b64\u7528\u6237\uff1f",
    "PasswordResetHeader": "\u5bc6\u7801\u91cd\u7f6e",
    "PasswordResetComplete": "\u5bc6\u7801\u5df2\u91cd\u7f6e",
    "PasswordResetConfirmation": "\u4f60\u786e\u5b9a\u8981\u91cd\u7f6e\u5bc6\u7801\uff1f",
    "PasswordSaved": "\u5bc6\u7801\u5df2\u4fdd\u5b58\u3002",
    "PasswordMatchError": "\u5bc6\u7801\u548c\u786e\u8ba4\u5bc6\u7801\u5fc5\u987b\u5339\u914d\u3002",
    "OptionOff": "Off",
    "OptionOn": "On",
    "OptionRelease": "\u5b98\u65b9\u6b63\u5f0f\u7248",
    "OptionBeta": "\u6d4b\u8bd5\u7248",
    "OptionDev": "\u5f00\u53d1\u7248\uff08\u4e0d\u7a33\u5b9a\uff09",
    "UninstallPluginHeader": "\u5378\u8f7d\u63d2\u4ef6",
    "UninstallPluginConfirmation": "\u4f60\u786e\u5b9a\u8981\u5378\u8f7d {0}?",
    "NoPluginConfigurationMessage": "\u6b64\u63d2\u4ef6\u6ca1\u6709\u914d\u7f6e\u9009\u9879\u3002",
    "NoPluginsInstalledMessage": "\u4f60\u6ca1\u6709\u5b89\u88c5\u63d2\u4ef6\u3002",
    "BrowsePluginCatalogMessage": "\u6d4f\u89c8\u6211\u4eec\u7684\u63d2\u4ef6\u76ee\u5f55\u6765\u67e5\u770b\u73b0\u6709\u63d2\u4ef6\u3002",
    "ButtonOk": "\u786e\u5b9a",
    "ButtonCancel": "\u53d6\u6d88",
    "ButtonSave": "\u50a8\u5b58",
    "TabEpisodes": "\u5267\u96c6",
    "HeaderUsers": "\u7528\u6237",
    "ButtonFilter": "\u7b5b\u9009",
    "HeaderResume": "\u6062\u590d\u64ad\u653e",
    "HeaderNextUp": "\u4e0b\u4e00\u96c6",
    "HeaderLatestEpisodes": "\u6700\u65b0\u5267\u96c6",
    "TabSongs": "\u6b4c\u66f2",
    "TabAlbums": "\u4e13\u8f91",
    "TabMusicVideos": "\u97f3\u4e50\u89c6\u9891",
    "ButtonSort": "\u6392\u5e8f",
    "HeaderSortBy": "\u6392\u5e8f\u65b9\u5f0f\uff1a",
    "HeaderSortOrder": "\u6392\u5e8f\u987a\u5e8f\uff1a",
    "OptionAscending": "\u5347\u5e8f",
    "OptionDescending": "\u964d\u5e8f",
    "OptionRuntime": "\u64ad\u653e\u65f6\u95f4",
    "OptionPlayCount": "\u64ad\u653e\u6b21\u6570",
    "OptionDatePlayed": "\u64ad\u653e\u65e5\u671f",
    "OptionDateAdded": "\u52a0\u5165\u65e5\u671f",
    "OptionAlbumArtist": "\u4e13\u8f91\u827a\u672f\u5bb6",
    "OptionArtist": "\u827a\u672f\u5bb6",
    "OptionAlbum": "\u4e13\u8f91",
    "OptionTrackName": "\u66f2\u76ee\u540d\u79f0",
    "OptionCommunityRating": "\u516c\u4f17\u8bc4\u5206",
    "OptionNameSort": "\u540d\u5b57",
    "OptionBudget": "\u9884\u7b97",
    "OptionRevenue": "\u6536\u5165",
    "OptionPoster": "\u6d77\u62a5",
    "OptionTimeline": "\u65f6\u95f4\u8868",
    "OptionCriticRating": "\u5f71\u8bc4\u4eba\u8bc4\u5206",
    "OptionVideoBitrate": "\u89c6\u9891\u6bd4\u7279\u7387",
    "OptionThumb": "\u7f29\u7565\u56fe",
    "OptionBanner": "\u6a2a\u5e45",
    "TabMovies": "\u7535\u5f71",
    "TabTrailers": "\u9884\u544a\u7247",
    "HeaderLatestMovies": "\u6700\u65b0\u7535\u5f71",
    "OptionImdbRating": "IMDb \u8bc4\u5206",
    "OptionParentalRating": "\u5bb6\u957f\u5206\u7ea7",
    "OptionPremiereDate": "\u9996\u6620\u65e5\u671f",
    "TabAdvanced": "\u9ad8\u7ea7",
    "OptionContinuing": "\u7ee7\u7eed",
    "OptionEnded": "\u7ed3\u675f",
    "OptionSunday": "\u661f\u671f\u5929",
    "OptionMonday": "\u661f\u671f\u4e00",
    "OptionTuesday": "\u661f\u671f\u4e8c",
    "OptionWednesday": "\u661f\u671f\u4e09",
    "OptionThursday": "\u661f\u671f\u56db",
    "OptionFriday": "\u661f\u671f\u4e94",
    "OptionSaturday": "\u661f\u671f\u516d",
    "LabelName": "\u540d\u5b57\uff1a",
    "OptionMetascore": "\u8bc4\u5206",
    "ButtonSelect": "\u9009\u62e9",
    "TabServer": "\u670d\u52a1\u5668",
    "TabGames": "\u6e38\u620f",
    "OptionMovies": "\u7535\u5f71",
    "OptionEpisodes": "\u5267\u96c6",
    "HeaderChannels": "\u9891\u9053",
    "TabSeries": "\u7535\u89c6\u5267",
    "HeaderAllRecordings": "\u6240\u6709\u5f55\u5236\u7684\u8282\u76ee",
    "ButtonPlay": "\u64ad\u653e",
    "ButtonEdit": "\u7f16\u8f91",
    "ButtonRecord": "\u5f55\u5236",
    "ButtonDelete": "\u5220\u9664",
    "TitleLiveTV": "\u7535\u89c6\u76f4\u64ad",
    "OptionAutomatic": "\u81ea\u52a8",
    "ButtonAdd": "\u6dfb\u52a0",
    "HeaderMediaFolders": "\u5a92\u4f53\u6587\u4ef6\u5939",
    "HeaderScenes": "\u573a\u666f",
    "OptionTvdbRating": "Tvdb \u8bc4\u5206",
    "ButtonNew": "\u65b0\u589e",
    "TabMetadata": "\u5a92\u4f53\u8d44\u6599",
    "ButtonSearch": "\u641c\u7d22",
    "ButtonRemove": "\u79fb\u9664",
    "TabInfo": "\u4fe1\u606f",
    "HeaderNewCollection": "\u65b0\u5408\u96c6",
    "NewCollectionNameExample": "\u4f8b\u5982\uff1a\u661f\u7403\u5927\u6218\u5408\u96c6",
    "OptionSearchForInternetMetadata": "\u5728\u4e92\u8054\u7f51\u4e0a\u641c\u7d22\u5a92\u4f53\u56fe\u50cf\u548c\u8d44\u6599",
    "HeaderName": "\u540d\u5b57",
    "LabelSeasonNumber": "Season number:",
    "LabelEpisodeNumber": "Episode number:",
    "HeaderSupportTheTeam": "Support the Emby Team",
    "ButtonRestart": "\u91cd\u542f",
    "ButtonUpdateNow": "\u73b0\u5728\u66f4\u65b0",
    "TabNotifications": "\u901a\u77e5",
    "ButtonHome": "\u9996\u9875",
    "ButtonSettings": "\u8bbe\u7f6e",
    "ButtonScenes": "\u573a\u666f",
    "ButtonSubtitles": "\u5b57\u5e55",
    "ButtonStop": "\u505c\u6b62",
    "ButtonPause": "\u6682\u505c",
    "ButtonMute": "\u9759\u97f3",
    "HeaderLatestMedia": "\u6700\u65b0\u5a92\u4f53",
    "OptionDefaultSort": "\u9ed8\u8ba4",
    "MessageKeyEmailedTo": "\u5e8f\u53f7\u901a\u8fc7\u7535\u5b50\u90ae\u4ef6\u53d1\u9001\u7ed9 {0}.",
    "MessageKeysLinked": "\u5e8f\u53f7\u5df2\u5173\u8054",
    "HeaderConfirmation": "\u786e\u8ba4",
    "MessageKeyUpdated": "Thank you. Your Emby Premiere key has been updated.",
    "MessageKeyRemoved": "Thank you. Your Emby Premiere key has been removed.",
    "HeaderSearch": "\u641c\u7d22",
    "LabelArtist": "\u827a\u672f\u5bb6",
    "LabelMovie": "\u7535\u5f71",
    "LabelMusicVideo": "\u97f3\u4e50\u89c6\u9891",
    "LabelEpisode": "\u5267\u96c6",
    "LabelSeries": "Series",
    "LabelStopping": "\u505c\u6b62",
    "LabelCancelled": "(\u5df2\u53d6\u6d88)",
    "LabelFailed": "(failed)",
    "LabelScheduledTaskLastRan": "\u6700\u540e\u8fd0\u884c {0}, \u82b1\u8d39\u65f6\u95f4 {1}.",
    "HeaderDeleteTaskTrigger": "\u5220\u9664\u4efb\u52a1\u89e6\u53d1\u6761\u4ef6",
    "HeaderTaskTriggers": "\u4efb\u52a1\u89e6\u53d1\u6761\u4ef6",
    "MessageDeleteTaskTrigger": "\u4f60\u786e\u5b9a\u5220\u9664\u8fd9\u4e2a\u4efb\u52a1\u89e6\u53d1\u6761\u4ef6\uff1f",
    "MessageNoPluginsInstalled": "\u4f60\u6ca1\u6709\u5b89\u88c5\u63d2\u4ef6\u3002",
    "LabelVersionInstalled": "{0} \u5df2\u5b89\u88c5",
    "LabelNumberReviews": "{0} \u8bc4\u8bba",
    "LabelFree": "\u514d\u8d39",
    "HeaderSelectAudio": "\u9009\u62e9\u97f3\u9891",
    "HeaderSelectSubtitles": "\u9009\u62e9\u5b57\u5e55",
    "LabelDefaultStream": "(\u9ed8\u8ba4)",
    "LabelForcedStream": "(\u5f3a\u5236)",
    "LabelDefaultForcedStream": "(\u9ed8\u8ba4\/\u5f3a\u5236)",
    "LabelUnknownLanguage": "\u672a\u77e5\u8bed\u8a00",
    "ButtonUnmute": "\u53d6\u6d88\u9759\u97f3",
    "ButtonNextTrack": "Next Track",
    "ButtonPlaylist": "\u64ad\u653e\u5217\u8868",
    "ButtonPreviousTrack": "Previous Track",
    "LabelEnabled": "\u5df2\u542f\u7528",
    "LabelDisabled": "\u5df2\u7981\u7528",
    "ButtonMoreInformation": "\u66f4\u591a\u4fe1\u606f",
    "LabelNoUnreadNotifications": "\u6ca1\u6709\u672a\u8bfb\u901a\u77e5\u3002",
    "ButtonViewNotifications": "\u67e5\u770b\u901a\u77e5",
    "ButtonMarkTheseRead": "\u6807\u8bb0\u8fd9\u4e9b\u5df2\u8bfb",
    "ButtonClose": "\u5173\u95ed",
    "LabelAllPlaysSentToPlayer": "\u6240\u6709\u64ad\u653e\u5185\u5bb9\u90fd\u5c06\u88ab\u53d1\u9001\u5230\u6240\u9009\u62e9\u7684\u64ad\u653e\u5668\u3002",
    "MessageInvalidUser": "\u7528\u6237\u540d\u6216\u5bc6\u7801\u4e0d\u53ef\u7528\u3002\u8bf7\u91cd\u8bd5\u3002",
    "RecommendationBecauseYouLike": "\u56e0\u4e3a\u4f60\u559c\u6b22 {0}",
    "RecommendationBecauseYouWatched": "\u56e0\u4e3a\u4f60\u770b\u8fc7 {0}",
    "RecommendationDirectedBy": "\u5bfc\u6f14 {0}",
    "RecommendationStarring": "\u4e3b\u6f14 {0}",
    "HeaderConfirmRecordingCancellation": "\u786e\u8ba4\u53d6\u6d88\u5f55\u5236",
    "MessageConfirmRecordingCancellation": "\u4f60\u786e\u5b9a\u5e0c\u671b\u53d6\u6d88\u5f55\u5236\uff1f",
    "MessageRecordingCancelled": "\u5f55\u5236\u5df2\u53d6\u6d88\u3002",
    "HeaderConfirmRecordingDeletion": "\u786e\u8ba4\u5220\u9664\u5f55\u5f71",
    "MessageConfirmRecordingDeletion": "\u4f60\u786e\u5b9a\u5e0c\u671b\u5220\u9664\u5f55\u5f71\uff1f",
    "MessageRecordingDeleted": "\u5f55\u5f71\u5df2\u5220\u9664\u3002",
    "ButonCancelRecording": "\u53d6\u6d88\u5f55\u5236",
    "MessageRecordingSaved": "\u5f55\u5f71\u5df2\u4fdd\u5b58\u3002",
    "LabelAbortedByServerShutdown": "(\u56e0\u4e3a\u670d\u52a1\u5668\u5173\u95ed\u88ab\u4e2d\u6b62)",
    "HeaderConfirmSeriesCancellation": "\u786e\u8ba4\u7535\u89c6\u5267\u53d6\u6d88",
    "MessageConfirmSeriesCancellation": "\u4f60\u786e\u5b9a\u5e0c\u671b\u53d6\u6d88\u6b64\u7535\u89c6\u5267\uff1f",
    "MessageSeriesCancelled": "\u7535\u89c6\u5267\u5df2\u53d6\u6d88",
    "HeaderConfirmDeletion": "\u786e\u8ba4\u5220\u9664",
    "MessageConfirmPathSubstitutionDeletion": "\u4f60\u786e\u5b9a\u5e0c\u671b\u5220\u9664\u6b64\u8def\u5f84\u66ff\u4ee3\uff1f",
    "LiveTvUpdateAvailable": "(\u66f4\u65b0\u53ef\u7528)",
    "LabelVersionUpToDate": "\u6700\u65b0\uff01",
    "ButtonResetTuner": "\u590d\u4f4d\u8c03\u8c10\u5668",
    "HeaderResetTuner": "\u590d\u4f4d\u8c03\u8c10\u5668",
    "MessageConfirmResetTuner": "\u4f60\u786e\u8ba4\u5e0c\u671b\u590d\u4f4d\u6b64\u8c03\u8c10\u5668\uff1f\u6240\u6709\u6d3b\u52a8\u4e2d\u7684\u64ad\u653e\u5668\u6216\u5f55\u5236\u8bbe\u5907\u90fd\u5c06\u7a81\u7136\u505c\u6b62\u3002",
    "ButtonCancelSeries": "\u53d6\u6d88\u7535\u89c6\u5267",
    "LabelAllChannels": "\u6240\u6709\u9891\u9053",
    "HeaderSeriesRecordings": "\u7535\u89c6\u5267\u5f55\u5236",
    "LabelAnytime": "\u968f\u65f6",
    "StatusRecording": "\u5f55\u5236",
    "StatusWatching": "\u89c2\u770b",
    "StatusRecordingProgram": "\u5f55\u5236 {0}",
    "StatusWatchingProgram": "\u89c2\u770b {0}",
    "ButtonQueue": "\u52a0\u5165\u961f\u5217",
    "ButtonPlayTrailer": "Play trailer",
    "HeaderSplitMedia": "\u62c6\u5206\u5a92\u4f53",
    "MessageConfirmSplitMedia": "\u60a8\u786e\u5b9a\u8981\u628a\u5a92\u4f53\u6e90\u62c6\u5206\u4e3a\u5355\u72ec\u7684\u9879\u76ee\uff1f",
    "HeaderError": "\u9519\u8bef",
    "ButtonMore": "\u66f4\u591a",
    "HeaderFavoriteMovies": "\u6700\u7231\u7684\u7535\u5f71",
    "HeaderFavoriteShows": "\u6700\u7231\u7684\u8282\u76ee",
    "HeaderFavoriteEpisodes": "\u6700\u7231\u7684\u5267\u96c6",
    "HeaderFavoriteGames": "\u6700\u7231\u7684\u6e38\u620f",
    "HeaderRatingsDownloads": "\u8bc4\u5206\/\u4e0b\u8f7d",
    "HeaderConfirmProfileDeletion": "\u786e\u8ba4\u5220\u9664\u914d\u7f6e\u6587\u4ef6",
    "MessageConfirmProfileDeletion": "\u4f60\u786e\u5b9a\u5e0c\u671b\u5220\u9664\u6b64\u914d\u7f6e\u6587\u4ef6\uff1f",
    "HeaderSelectServerCachePath": "\u9009\u62e9\u670d\u52a1\u5668\u7f13\u5b58\u8def\u5f84",
    "HeaderSelectTranscodingPath": "\u9009\u62e9\u4e34\u65f6\u89e3\u7801\u8def\u5f84",
    "HeaderSelectImagesByNamePath": "\u9009\u62e9\u6309\u540d\u79f0\u5f52\u7c7b\u7684\u56fe\u7247\u8def\u5f84",
    "HeaderSelectMetadataPath": "\u9009\u62e9\u5a92\u4f53\u8d44\u6599\u8def\u5f84\uff1a",
    "HeaderSelectServerCachePathHelp": "\u6d4f\u89c8\u6216\u8f93\u5165\u4e00\u4e2a\u8def\u5f84\u7528\u4e8e\u670d\u52a1\u5668\u7f13\u5b58\u6587\u4ef6\uff0c\u6b64\u6587\u4ef6\u5939\u5fc5\u987b\u53ef\u5199\u3002",
    "HeaderSelectTranscodingPathHelp": "\u6d4f\u89c8\u6216\u8f93\u5165\u4e00\u4e2a\u8def\u5f84\u7528\u4e8e\u4e34\u65f6\u8f6c\u7801\uff0c\u6b64\u6587\u4ef6\u5939\u5fc5\u987b\u53ef\u5199\u3002",
    "HeaderSelectImagesByNamePathHelp": "\u6d4f\u89c8\u6216\u8f93\u5165\u4e00\u4e2a\u8def\u5f84\u7528\u4e8e\u6309\u6587\u4ef6\u5939\u540d\u79f0\u5206\u7ec4\u7684\u9879\u76ee\uff0c\u6b64\u6587\u4ef6\u5939\u5fc5\u987b\u53ef\u5199\u3002",
    "HeaderSelectMetadataPathHelp": "\u6d4f\u89c8\u6216\u8f93\u5165\u4e00\u4e2a\u8def\u5f84\u7528\u4e8e\u4fdd\u5b58\u5a92\u4f53\u8d44\u6599\uff0c\u6b64\u6587\u4ef6\u5939\u5fc5\u987b\u53ef\u5199\u3002",
    "ErrorLaunchingChromecast": "\u542f\u52a8chromecast\u9047\u5230\u9519\u8bef\uff0c\u8bf7\u786e\u8ba4\u8bbe\u5907\u5df2\u7ecf\u8fde\u63a5\u5230\u4f60\u7684\u65e0\u7ebf\u7f51\u7edc\u3002",
    "MessagePleaseSelectOneItem": "\u8bf7\u81f3\u5c11\u9009\u62e9\u4e00\u4e2a\u9879\u76ee\u3002",
    "MessagePleaseSelectTwoItems": "\u8bf7\u81f3\u5c11\u9009\u62e92\u4e2a\u9879\u76ee\u3002",
    "HeaderSelectChannelDownloadPath": "\u9009\u62e9\u9891\u9053\u4e0b\u8f7d\u8def\u5f84",
    "HeaderSelectChannelDownloadPathHelp": "\u6d4f\u89c8\u6216\u8f93\u5165\u4e00\u4e2a\u8def\u5f84\u7528\u4e8e\u4fdd\u5b58\u9891\u9053\u7f13\u5b58\u6587\u4ef6\uff0c\u6b64\u6587\u4ef6\u5939\u5fc5\u987b\u53ef\u5199\u3002",
    "OptionNewCollection": "\u66f4\u65b0...",
    "HeaderAddToCollection": "\u52a0\u5165\u5408\u96c6",
    "ButtonSubmit": "\u63d0\u4ea4",
    "LabelSelectCollection": "\u9009\u62e9\u5408\u96c6\uff1a",
    "LabelChapterDownloaders": "\u7ae0\u8282\u4e0b\u8f7d\u5668\uff1a",
    "LabelChapterDownloadersHelp": "\u542f\u7528\u7ae0\u8282\u4e0b\u8f7d\u5668\u7684\u4f18\u5148\u7ea7\u6392\u5e8f\uff0c\u4f4e\u4f18\u5148\u7ea7\u7684\u4e0b\u8f7d\u5668\u53ea\u4f1a\u7528\u6765\u586b\u8865\u7f3a\u5c11\u7684\u4fe1\u606f\u3002",
    "HeaderLibraryFolders": "\u5a92\u4f53\u6587\u4ef6\u5939",
    "HeaderFavoriteAlbums": "\u6700\u7231\u7684\u4e13\u8f91",
    "HeaderLatestChannelMedia": "\u6700\u65b0\u9891\u9053\u9879\u76ee",
    "ButtonOrganizeFile": "\u6574\u7406\u6587\u4ef6",
    "ButtonDeleteFile": "\u5220\u9664\u6587\u4ef6",
    "HeaderOrganizeFile": "\u6574\u7406\u6587\u4ef6",
    "HeaderDeleteFile": "\u5220\u9664\u6587\u4ef6",
    "StatusSkipped": "\u8df3\u8fc7",
    "StatusFailed": "\u5931\u8d25",
    "StatusSuccess": "\u6210\u529f",
    "MessageFileWillBeDeleted": "\u4ee5\u4e0b\u6587\u4ef6\u5c06\u88ab\u5220\u9664\uff1a",
    "MessageSureYouWishToProceed": "\u4f60\u786e\u5b9a\u8981\u7ee7\u7eed\uff1f",
    "MessageDuplicatesWillBeDeleted": "\u6b64\u5916\uff0c\u4ee5\u4e0b\u8fd9\u4e9b\u5c06\u88ab\u5220\u9664\uff1a",
    "MessageFollowingFileWillBeMovedFrom": "\u4ee5\u4e0b\u6587\u4ef6\u5c06\u88ab\u79fb\u52a8\uff0c\u4ece\uff1a",
    "MessageDestinationTo": "\u5230\uff1a",
    "HeaderSelectWatchFolder": "\u9009\u62e9\u76d1\u63a7\u6587\u4ef6",
    "HeaderSelectWatchFolderHelp": "\u6d4f\u89c8\u6216\u8f93\u5165\u4e00\u4e2a\u8def\u5f84\u7528\u4e8e\u76d1\u63a7\u6587\u4ef6\u5939\uff0c\u6b64\u6587\u4ef6\u5939\u5fc5\u987b\u53ef\u5199\u3002",
    "OrganizePatternResult": "\u7ed3\u679c\uff1a {0}",
    "HeaderRestart": "\u91cd\u542f",
    "HeaderShutdown": "\u5173\u673a",
    "MessageConfirmRestart": "Are you sure you wish to restart Emby Server?",
    "MessageConfirmShutdown": "Are you sure you wish to shutdown Emby Server?",
    "NewVersionOfSomethingAvailable": "\u4e00\u4e2a\u65b0\u7684\u7248\u672c {0} \u53ef\u7528!",
    "VersionXIsAvailableForDownload": "\u7248\u672c {0} \u73b0\u5728\u5df2\u7ecf\u53ef\u4ee5\u4e0b\u8f7d\u3002",
    "LabelVersionNumber": "\u7248\u672c {0}",
    "LabelPlayMethodTranscoding": "\u8f6c\u7801",
    "LabelPlayMethodDirectStream": "\u76f4\u63a5\u7528\u5a92\u4f53\u6d41",
    "LabelPlayMethodDirectPlay": "\u76f4\u63a5\u64ad\u653e",
    "LabelAudioCodec": "\u97f3\u9891\uff1a {0}",
    "LabelVideoCodec": "\u89c6\u9891\uff1a{0}",
    "LabelRemoteAccessUrl": "\u8fdc\u7a0b\u8bbf\u95ee\uff1a{0}",
    "LabelRunningOnPort": "\u6b63\u8fd0\u884c\u4e8eHTTP\u7aef\u53e3 {0}.",
    "LabelRunningOnPorts": "\u6b63\u8fd0\u884c\u4e8eHTTP\u7aef\u53e3 {0}\uff0c\u548c https\u7aef\u53e3{1}.",
    "HeaderLatestFromChannel": "\u6700\u65b0\u7684 {0}",
    "ButtonDownload": "\u4e0b\u8f7d",
    "LabelUnknownLanaguage": "\u672a\u77e5\u8bed\u8a00",
    "HeaderCurrentSubtitles": "\u5f53\u524d\u5b57\u5e55",
    "MessageDownloadQueued": "\u4e0b\u8f7d\u5df2\u52a0\u5165\u961f\u5217\u3002",
    "MessageAreYouSureDeleteSubtitles": "\u4f60\u786e\u5b9a\u5e0c\u671b\u5220\u9664\u6b64\u5b57\u5e55\u6587\u4ef6\uff1f",
    "ButtonRemoteControl": "\u9065\u63a7",
    "HeaderMyViews": "\u6211\u7684\u754c\u9762",
    "HeaderLatestTvRecordings": "\u6700\u65b0\u5f55\u5236\u7684\u8282\u76ee",
    "ButtonRefresh": "\u5237\u65b0",
    "LabelCurrentPath": "\u5f53\u524d\u8def\u5f84\uff1a",
    "HeaderSelectMediaPath": "\u9009\u62e9\u5a92\u4f53\u8def\u5f84",
    "ButtonNetwork": "\u7f51\u7edc",
    "MessageDirectoryPickerInstruction": "\u7f51\u7edc\u6309\u94ae\u65e0\u6cd5\u627e\u5230\u60a8\u7684\u8bbe\u5907\u7684\u60c5\u51b5\u4e0b\uff0c\u7f51\u7edc\u8def\u5f84\u53ef\u4ee5\u624b\u52a8\u8f93\u5165\u3002 \u4f8b\u5982\uff0c {0} \u6216\u8005 {1}\u3002",
    "HeaderMenu": "\u83dc\u5355",
    "ButtonOpen": "\u6253\u5f00",
    "ButtonOpenInNewTab": "\u5728\u65b0\u7a97\u53e3\u4e2d\u6253\u5f00",
    "ButtonShuffle": "\u6401\u7f6e",
    "ButtonInstantMix": "\u5373\u65f6\u6df7\u97f3",
    "ButtonResume": "\u6062\u590d\u64ad\u653e",
    "HeaderAudioTracks": "\u97f3\u8f68",
    "HeaderSubtitles": "\u5b57\u5e55",
    "HeaderVideoQuality": "\u89c6\u9891\u8d28\u91cf",
    "MessageErrorPlayingVideo": "\u64ad\u653e\u89c6\u9891\u51fa\u73b0\u9519\u8bef\u3002",
    "MessageEnsureOpenTuner": "\u8bf7\u786e\u4fdd\u6709\u4e00\u4e2a\u6253\u5f00\u7684\u53ef\u7528\u8c03\u8c10\u5668",
    "ButtonDashboard": "\u63a7\u5236\u53f0",
    "ButtonReports": "\u62a5\u544a",
    "ButtonMetadataManager": "\u5a92\u4f53\u8d44\u6599\u7ba1\u7406",
    "HeaderTime": "\u65f6\u95f4",
    "HeaderAlbum": "\u4e13\u8f91",
    "HeaderAlbumArtist": "\u4e13\u8f91\u827a\u672f\u5bb6",
    "HeaderArtist": "\u827a\u672f\u5bb6",
    "LabelAddedOnDate": "\u6dfb\u52a0 {0}",
    "ButtonStart": "\u5f00\u59cb",
    "OptionBlockOthers": "\u5176\u4ed6",
    "OptionBlockTvShows": "\u7535\u89c6\u8282\u76ee",
    "OptionBlockTrailers": "\u9884\u544a\u7247",
    "OptionBlockMusic": "\u97f3\u4e50",
    "OptionBlockMovies": "\u7535\u5f71",
    "OptionBlockBooks": "\u4e66\u7c4d",
    "OptionBlockGames": "\u6e38\u620f",
    "OptionBlockLiveTvPrograms": "\u7535\u89c6\u76f4\u64ad\u7a0b\u5e8f",
    "OptionBlockLiveTvChannels": "\u7535\u89c6\u76f4\u64ad\u9891\u9053",
    "OptionBlockChannelContent": "\u4e92\u8054\u7f51\u9891\u9053\u5185\u5bb9",
    "OptionList": "\u5217\u8868",
    "ButtonRevoke": "\u64a4\u9500",
    "MessageConfirmRevokeApiKey": "Are you sure you wish to revoke this api key? The application's connection to Emby Server will be abruptly terminated.",
    "HeaderConfirmRevokeApiKey": "\u64a4\u9500Api \u5bc6\u94a5",
    "ValueContainer": "\u5a92\u4f53\u8f7d\u4f53\uff1a {0}",
    "ValueAudioCodec": "\u97f3\u9891\u7f16\u89e3\u7801\u5668\uff1a {0}",
    "ValueVideoCodec": "\u89c6\u9891\u7f16\u89e3\u7801\u5668\uff1a {0}",
    "ValueCodec": "\u7f16\u89e3\u7801\u5668\uff1a{0}",
    "ValueConditions": "\u6761\u4ef6\uff1a {0}",
    "LabelAll": "\u6240\u6709",
    "HeaderDeleteImage": "\u5220\u9664\u56fe\u7247",
    "MessageFileNotFound": "\u672a\u627e\u5230\u6587\u4ef6\u3002",
    "MessageFileReadError": "\u8bfb\u53d6\u6587\u4ef6\u53d1\u751f\u9519\u8bef\u3002",
    "ButtonNextPage": "\u4e0b\u4e00\u9875",
    "ButtonPreviousPage": "\u524d\u4e00\u9875",
    "ButtonMoveLeft": "\u5de6\u79fb",
    "ButtonMoveRight": "\u53f3\u79fb",
    "ButtonBrowseOnlineImages": "\u6d4f\u89c8\u5728\u7ebf\u56fe\u7247",
    "HeaderDeleteItem": "\u5220\u9664\u9879\u76ee",
    "ConfirmDeleteItem": "Deleting this item will delete it from both the file system and your media library. Are you sure you wish to continue?",
    "MessagePleaseEnterNameOrId": "\u8bf7\u8f93\u5165\u4e00\u4e2a\u540d\u79f0\u6216\u4e00\u4e2a\u5916\u90e8ID\u3002",
    "MessageValueNotCorrect": "\u8f93\u5165\u7684\u503c\u4e0d\u6b63\u786e\u3002\u8bf7\u91cd\u8bd5\u3002",
    "MessageItemSaved": "\u9879\u76ee\u5df2\u4fdd\u5b58\u3002",
    "HeaderLiveTV": "\u7535\u89c6\u76f4\u64ad",
    "MissingLocalTrailer": "\u7f3a\u5c11\u672c\u5730\u9884\u544a\u7247\u3002",
    "MissingPrimaryImage": "\u7f3a\u5c11\u5c01\u9762\u56fe\u3002",
    "MissingBackdropImage": "\u7f3a\u5c11\u80cc\u666f\u56fe\u3002",
    "MissingLogoImage": "\u7f3a\u5c11Logo\u56fe\u3002",
    "MissingEpisode": "\u7f3a\u5c11\u5267\u96c6\u3002",
    "OptionScreenshots": "\u622a\u5c4f",
    "OptionBackdrops": "\u80cc\u666f",
    "OptionImages": "\u56fe\u7247",
    "OptionKeywords": "\u5173\u952e\u8bcd",
    "OptionTags": "\u6807\u7b7e",
    "OptionStudios": "\u5de5\u4f5c\u5ba4",
    "OptionName": "\u540d\u5b57",
    "OptionOverview": "\u6982\u8ff0",
    "OptionGenres": "\u98ce\u683c",
    "OptionPeople": "\u6f14\u804c\u4eba\u5458",
    "OptionProductionLocations": "\u4ea7\u5730",
    "OptionBirthLocation": "\u51fa\u751f\u5730",
    "LabelLiveProgram": "\u76f4\u64ad",
    "LabelNewProgram": "\u65b0\u589e",
    "LabelPremiereProgram": "\u9996\u6620\u5f0f",
    "HeaderChangeFolderType": "Change Content Type",
    "HeaderChangeFolderTypeHelp": "To change the type, please remove and rebuild the library with the new type.",
    "HeaderAlert": "\u8b66\u62a5",
    "MessagePleaseRestart": "\u8bf7\u91cd\u542f\u670d\u52a1\u5668\u4ee5\u5b8c\u6210\u66f4\u65b0\u3002",
    "MessagePleaseRefreshPage": "\u8bf7\u5237\u65b0\u6b64\u9875\u9762\u4ee5\u4fbf\u4ece\u7f51\u7edc\u83b7\u53d6\u66f4\u65b0\u7a0b\u5e8f\u3002",
    "ButtonHide": "\u9690\u85cf",
    "MessageSettingsSaved": "\u8bbe\u7f6e\u5df2\u4fdd\u5b58\u3002",
    "ButtonMyProfile": "\u6211\u7684\u4e2a\u4eba\u914d\u7f6e",
    "ButtonMyPreferences": "\u6211\u7684\u504f\u597d",
    "MessageBrowserDoesNotSupportWebSockets": "\u6b64\u6d4f\u89c8\u5668\u4e0d\u652f\u6301web sockets\u3002\u4e3a\u4e86\u83b7\u5f97\u66f4\u597d\u7684\u4f53\u9a8c\uff0c\u8bf7\u5c1d\u8bd5\u4f7f\u7528\u65b0\u6d4f\u89c8\u5668\uff0c\u4f8b\u5982\uff1a Chrome, Firefox, IE10+, Safari (iOS) \u6216\u8005 Opera\u3002",
    "LabelInstallingPackage": "\u6b63\u5728\u5b89\u88c5 {0}",
    "LabelPackageInstallCompleted": "{0} \u5b89\u88c5\u5b8c\u6210\u3002",
    "LabelPackageInstallFailed": "{0} \u5b89\u88c5\u5931\u8d25\u3002",
    "LabelPackageInstallCancelled": "{0} \u5b89\u88c5\u88ab\u53d6\u6d88\u3002",
    "TabUsers": "\u7528\u6237",
    "TabLibrary": "\u5a92\u4f53\u5e93",
    "TabDLNA": "DLNA",
    "TabLiveTV": "\u7535\u89c6\u76f4\u64ad",
    "TabAutoOrganize": "\u81ea\u52a8\u6574\u7406",
    "TabPlugins": "\u63d2\u4ef6",
    "TabHelp": "\u5e2e\u52a9",
    "TabScheduledTasks": "\u8ba1\u5212\u4efb\u52a1",
    "ButtonFullscreen": "Fullscreen",
    "ButtonAudioTracks": "Audio Tracks",
    "ButtonQuality": "\u8d28\u91cf",
    "ButtonView": "\u89c6\u56fe",
    "HeaderNotifications": "\u901a\u77e5",
    "HeaderSelectPlayer": "Select Player",
    "HeaderAdvanced": "\u9ad8\u7ea7",
    "MessageInternetExplorerWebm": "\u4e3a\u5728IE\u6d4f\u89c8\u5668\u4e0a\u8fbe\u5230\u6700\u597d\u7684\u6548\u679c\uff0c\u8bf7\u5b89\u88c5WebM\u64ad\u653e\u63d2\u4ef6\u3002",
    "HeaderVideoError": "\u89c6\u9891\u9519\u8bef",
    "ButtonSync": "\u540c\u6b65",
    "TabSync": "\u540c\u6b65",
    "ButtonAddToPlaylist": "\u6dfb\u52a0\u5230\u64ad\u653e\u5217\u8868",
    "HeaderAddToPlaylist": "\u6dfb\u52a0\u5230\u64ad\u653e\u5217\u8868",
    "LabelSelectPlaylist": "\u64ad\u653e\u5217\u8868\uff1a",
    "OptionNewPlaylist": "\u65b0\u5efa\u64ad\u653e\u5217\u8868...",
    "MessageAddedToPlaylistSuccess": "Ok",
    "LabelHDProgram": "HD\u9ad8\u6e05",
    "ButtonViewSeriesRecording": "\u67e5\u770b\u7535\u89c6\u5267\u5f55\u50cf",
    "ValueOriginalAirDate": "\u539f\u59cb\u64ad\u51fa\u65e5\u671f: {0}",
    "ButtonRemoveFromPlaylist": "\u4ece\u64ad\u653e\u5217\u8868\u4e2d\u79fb\u9664",
    "HeaderSpecials": "\u7279\u96c6",
    "HeaderTrailers": "\u9884\u544a\u7247",
    "HeaderAudio": "\u97f3\u9891",
    "HeaderResolution": "\u5206\u8fa8\u7387",
    "HeaderVideo": "\u89c6\u9891",
    "HeaderRuntime": "\u64ad\u653e\u65f6\u95f4",
    "HeaderCommunityRating": "\u516c\u4f17\u8bc4\u5206",
    "HeaderParentalRating": "Parental rating",
    "HeaderReleaseDate": "\u53d1\u884c\u65e5\u671f",
    "HeaderDateAdded": "Date added",
    "HeaderSeries": "Series",
    "HeaderSeason": "\u5b63",
    "HeaderSeasonNumber": "\u591a\u5c11\u5b63",
    "HeaderNetwork": "\u7f51\u7edc",
    "HeaderYear": "Year",
    "HeaderGameSystem": "\u6e38\u620f\u7cfb\u7edf",
    "HeaderPlayers": "Players",
    "HeaderEmbeddedImage": "\u5d4c\u5165\u5f0f\u56fe\u50cf",
    "HeaderTrack": "\u97f3\u8f68",
    "HeaderDisc": "\u5149\u76d8",
    "HeaderPeople": "\u4eba\u7269",
    "OptionCollections": "\u5408\u96c6",
    "OptionSeries": "\u7535\u89c6\u5267",
    "OptionSeasons": "\u5b63",
    "OptionGames": "\u6e38\u620f",
    "OptionGameSystems": "\u6e38\u620f\u7cfb\u7edf",
    "OptionMusicArtists": "\u97f3\u4e50\u827a\u672f\u5bb6",
    "OptionMusicAlbums": "\u97f3\u4e50\u4e13\u8f91",
    "OptionMusicVideos": "\u97f3\u4e50\u89c6\u9891",
    "OptionSongs": "\u6b4c\u66f2",
    "OptionHomeVideos": "\u5bb6\u5ead\u89c6\u9891",
    "OptionBooks": "\u4e66\u7c4d",
    "OptionAdultVideos": "\u6210\u4eba\u89c6\u9891",
    "ButtonUp": "\u4e0a",
    "ButtonDown": "\u4e0b",
    "LabelMetadataReaders": "\u5a92\u4f53\u8d44\u6599\u8bfb\u53d6\u5668\uff1a",
    "LabelMetadataReadersHelp": "\u4e3a\u60a8\u9996\u9009\u7684\u672c\u5730\u5a92\u4f53\u8d44\u6599\u6e90\u6309\u4f18\u5148\u7ea7\u6392\u5e8f\u3002\u627e\u5230\u7684\u7b2c\u4e00\u4e2a\u6587\u4ef6\u5c06\u88ab\u8bfb\u53d6\u3002",
    "LabelMetadataDownloaders": "\u5a92\u4f53\u8d44\u6599\u4e0b\u8f7d\u5668\uff1a",
    "LabelMetadataDownloadersHelp": "\u542f\u7528\u5a92\u4f53\u8d44\u6599\u4e0b\u8f7d\u5668\u7684\u4f18\u5148\u7ea7\u6392\u5e8f\uff0c\u4f4e\u4f18\u5148\u7ea7\u7684\u4e0b\u8f7d\u5668\u53ea\u4f1a\u7528\u6765\u586b\u8865\u7f3a\u5c11\u7684\u4fe1\u606f\u3002",
    "LabelMetadataSavers": "\u5a92\u4f53\u8d44\u6599\u50a8\u5b58\u65b9\u5f0f\uff1a",
    "LabelMetadataSaversHelp": "\u9009\u62e9\u50a8\u5b58\u5a92\u4f53\u8d44\u6599\u7684\u6587\u4ef6\u683c\u5f0f\u3002",
    "LabelImageFetchers": "\u56fe\u7247\u83b7\u53d6\u7a0b\u5e8f\uff1a",
    "LabelImageFetchersHelp": "\u542f\u7528\u60a8\u9996\u9009\u7684\u56fe\u7247\u83b7\u53d6\u7a0b\u5e8f\u7684\u4f18\u5148\u7ea7\u6392\u5e8f\u3002",
    "ButtonQueueAllFromHere": "\u8fd9\u91cc\u7684\u5168\u90e8\u5185\u5bb9\u90fd\u52a0\u5165\u961f\u5217",
    "ButtonPlayAllFromHere": "\u8fd9\u91cc\u7684\u5168\u90e8\u5185\u5bb9\u90fd\u5f00\u59cb\u64ad\u653e",
    "LabelDynamicExternalId": "{0} Id\uff1a",
    "HeaderIdentify": "\u8bc6\u522b\u9879",
    "PersonTypePerson": "\u4eba\u7269",
    "LabelTitleDisplayOrder": "\u6807\u9898\u663e\u793a\u7684\u987a\u5e8f\uff1a",
    "OptionSortName": "\u6392\u5e8f\u540d\u79f0",
    "OptionReleaseDate": "Release date",
    "LabelDiscNumber": "\u5149\u76d8\u53f7",
    "LabelParentNumber": "\u6bcd\u5e26\u53f7",
    "LabelTrackNumber": "\u97f3\u8f68\u53f7\u7801\uff1a",
    "LabelNumber": "\u7f16\u53f7\uff1a",
    "LabelReleaseDate": "\u53d1\u884c\u65e5\u671f\uff1a",
    "LabelEndDate": "\u7ed3\u675f\u65e5\u671f\uff1a",
    "LabelYear": "\u5e74\uff1a",
    "LabelDateOfBirth": "\u51fa\u751f\u65e5\u671f\uff1a",
    "LabelBirthYear": "\u51fa\u751f\u5e74\u4efd\uff1a",
    "LabelDeathDate": "\u53bb\u4e16\u65e5\u671f\uff1a",
    "HeaderRemoveMediaLocation": "\u79fb\u9664\u5a92\u4f53\u4f4d\u7f6e",
    "MessageConfirmRemoveMediaLocation": "\u4f60\u786e\u5b9a\u8981\u79fb\u9664\u6b64\u4f4d\u7f6e\uff1f",
    "HeaderRenameMediaFolder": "\u91cd\u547d\u540d\u5a92\u4f53\u6587\u4ef6\u5939",
    "LabelNewName": "\u65b0\u540d\u5b57\uff1a",
    "HeaderAddMediaFolder": "\u6dfb\u52a0\u5a92\u4f53\u6587\u4ef6\u5939",
    "HeaderAddMediaFolderHelp": "\u540d\u79f0 (\u7535\u5f71, \u97f3\u4e50, \u7535\u89c6...\u7b49\u7b49)\uff1a",
    "HeaderRemoveMediaFolder": "\u79fb\u9664\u5a92\u4f53\u6587\u4ef6\u5939",
    "MessageTheFollowingLocationWillBeRemovedFromLibrary": "\u4ee5\u4e0b\u5a92\u4f53\u4f4d\u7f6e\u5c06\u4ece\u60a8\u7684\u5a92\u4f53\u5e93\u4e2d\u79fb\u9664\uff1a",
    "MessageAreYouSureYouWishToRemoveMediaFolder": "\u4f60\u786e\u5b9a\u5e0c\u671b\u79fb\u9664\u6b64\u5a92\u4f53\u6587\u4ef6\u5939\uff1f",
    "ButtonRename": "\u91cd\u547d\u540d",
    "HeaderMediaLocations": "\u5a92\u4f53\u4f4d\u7f6e",
    "LabelPathSubstitutionHelp": "\u53ef\u9009\uff1a\u66ff\u4ee3\u8def\u5f84\u80fd\u628a\u670d\u52a1\u5668\u8def\u5f84\u6620\u5c04\u5230\u7f51\u7edc\u5171\u4eab\uff0c\u4ece\u800c\u4f7f\u5ba2\u6237\u7aef\u53ef\u4ee5\u76f4\u63a5\u64ad\u653e\u3002",
    "FolderTypeMovies": "\u7535\u5f71",
    "FolderTypeMusic": "\u97f3\u4e50",
    "FolderTypeAdultVideos": "\u6210\u4eba\u89c6\u9891",
    "FolderTypePhotos": "\u56fe\u7247",
    "FolderTypeMusicVideos": "\u97f3\u4e50\u89c6\u9891",
    "FolderTypeHomeVideos": "\u5bb6\u5ead\u89c6\u9891",
    "FolderTypeGames": "\u6e38\u620f",
    "FolderTypeBooks": "\u4e66\u7c4d",
    "FolderTypeTvShows": "\u7535\u89c6",
    "BirthPlaceValue": "\u51fa\u751f\u5730: {0}",
    "DeathDateValue": "\u53bb\u4e16\uff1a {0}",
    "BirthDateValue": "\u51fa\u751f\uff1a {0}",
    "ButtonAdvancedRefresh": "\u9ad8\u7ea7\u5237\u65b0",
    "HeaderIdentifyItem": "\u8bc6\u522b\u9879",
    "ButtonIdentify": "\u8bc6\u522b",
    "HeaderPlotKeywords": "\u60c5\u8282\u5173\u952e\u5b57",
    "HeaderTags": "\u6807\u7b7e",
    "HeaderSupporterBenefit": "A supporter membership provides additional benefits such as access to sync, premium plugins, internet channel content, and more. {0}Learn more{1}.",
    "HeaderLatestReviews": "\u6700\u65b0\u8bc4\u8bba",
    "HeaderPluginInstallation": "\u63d2\u4ef6\u5b89\u88c5",
    "MessageAlreadyInstalled": "\u6b64\u7248\u672c\u5df2\u5b89\u88c5\u5b8c\u6210\u3002",
    "ValueReviewCount": "{0} \u8bc4\u8bba",
    "MessageYouHaveVersionInstalled": "\u4f60\u76ee\u524d\u5b89\u88c5\u4e86 {0} \u7248\u672c\u3002",
    "MessageTrialExpired": "\u6b64\u529f\u80fd\u7684\u8bd5\u7528\u671f\u5df2\u7ed3\u675f",
    "MessageTrialWillExpireIn": "\u6b64\u529f\u80fd\u7684\u8bd5\u7528\u671f\u8fd8\u5269 {0} \u5929",
    "MessageInstallPluginFromApp": "\u8fd9\u4e2a\u63d2\u4ef6\u5fc5\u987b\u4ece\u4f60\u6253\u7b97\u4f7f\u7528\u7684\u5e94\u7528\u7a0b\u5e8f\u4e2d\u5b89\u88c5\u3002",
    "ValuePriceUSD": "\u4ef7\u683c\uff1a {0} (\u7f8e\u5143)",
    "LabelRecurringDonationCanBeCancelledHelp": "\u5728\u60a8\u7684PayPal\u8d26\u6237\u5185\u4efb\u4f55\u65f6\u5019\u90fd\u53ef\u4ee5\u53d6\u6d88\u7ecf\u5e38\u6027\u6350\u8d60\u3002",
    "MessageFeatureIncludedWithSupporter": "You are registered for this feature, and will be able to continue using it with an active Emby Premiere subscription.",
    "MessageChangeRecurringPlanConfirm": "After completing this transaction you will need to cancel your previous recurring donation from within your PayPal account. Thank you for supporting Emby.",
    "HeaderUnrated": "Unrated",
    "ValueDiscNumber": "Disc {0}",
    "HeaderUnknownDate": "Unknown Date",
    "HeaderUnknownYear": "Unknown Year",
    "ValueMinutes": "{0} min",
    "ButtonPlayExternalPlayer": "\u4f7f\u7528\u5916\u90e8\u64ad\u653e\u5668\u64ad\u653e",
    "HeaderSelectExternalPlayer": "\u9009\u62e9\u5916\u90e8\u64ad\u653e\u5668",
    "HeaderExternalPlayerPlayback": "\u5916\u90e8\u64ad\u653e\u5668\u64ad\u653e",
    "ButtonImDone": "I'm Done",
    "OptionWatched": "Watched",
    "OptionUnwatched": "Unwatched",
    "ExternalPlayerPlaystateOptionsHelp": "\u6307\u5b9a\u60a8\u4e0b\u4e00\u6b21\u5e0c\u671b\u5982\u4f55\u6062\u590d\u64ad\u653e\u6b64\u89c6\u9891\u3002",
    "LabelMarkAs": "Mark as:",
    "OptionInProgress": "In-Progress",
    "LabelResumePoint": "Resume point:",
    "ValueOneMovie": "1 movie",
    "ValueMovieCount": "{0} movies",
    "ValueOneTrailer": "1 trailer",
    "ValueTrailerCount": "{0} trailers",
    "ValueOneSeries": "1 series",
    "ValueSeriesCount": "{0} series",
    "ValueOneEpisode": "1 episode",
    "ValueEpisodeCount": "{0} episodes",
    "ValueOneGame": "1 game",
    "ValueGameCount": "{0} games",
    "ValueOneAlbum": "1\u5f20\u4e13\u8f91",
    "ValueAlbumCount": "{0} \u5f20\u4e13\u8f91",
    "ValueOneSong": "1\u9996\u6b4c",
    "ValueSongCount": "{0} \u9996\u6b4c",
    "ValueOneMusicVideo": "1\u4e2a\u97f3\u4e50\u89c6\u9891",
    "ValueMusicVideoCount": "{0} \u4e2a\u97f3\u4e50\u89c6\u9891",
    "HeaderOffline": "\u79bb\u7ebf",
    "HeaderUnaired": "\u672a\u64ad\u51fa",
    "HeaderMissing": "\u7f3a\u5931",
    "ButtonWebsite": "\u7f51\u7ad9",
    "TooltipFavorite": "\u6211\u7684\u6700\u7231",
    "TooltipLike": "\u559c\u6b22",
    "TooltipDislike": "\u4e0d\u559c\u6b22",
    "TooltipPlayed": "\u5df2\u64ad\u653e",
    "ValueSeriesYearToPresent": "{0}-Present",
    "ValueAwards": "\u83b7\u5956\uff1a {0}",
    "ValueBudget": "\u6295\u8d44\u989d\uff1a {0}",
    "ValueRevenue": "\u6536\u5165\uff1a {0}",
    "ValuePremiered": "\u9996\u6620 {0}",
    "ValuePremieres": "\u9996\u6620 {0}",
    "ValueStudio": "\u5de5\u4f5c\u5ba4\uff1a {0}",
    "ValueStudios": "\u5de5\u4f5c\u5ba4\uff1a {0}",
    "ValueSpecialEpisodeName": "\u7279\u522b - {0}",
    "LabelLimit": "\u9650\u5236\uff1a",
    "ValueLinks": "\u94fe\u63a5\uff1a {0}",
    "HeaderCastAndCrew": "\u6f14\u5458\u8868",
    "ValueArtist": "\u827a\u672f\u5bb6\uff1a {0}",
    "ValueArtists": "\u827a\u672f\u5bb6\uff1a {0}",
    "MediaInfoCameraMake": "\u76f8\u673a\u5236\u9020\u5546",
    "MediaInfoCameraModel": "\u76f8\u673a\u578b\u53f7",
    "MediaInfoAltitude": "\u9ad8\u5ea6",
    "MediaInfoAperture": "\u5149\u5708",
    "MediaInfoExposureTime": "\u66dd\u5149\u65f6\u95f4",
    "MediaInfoFocalLength": "\u7126\u8ddd",
    "MediaInfoOrientation": "\u65b9\u4f4d",
    "MediaInfoIsoSpeedRating": "ISO\u611f\u5149\u5ea6",
    "MediaInfoLatitude": "\u7eac\u5ea6",
    "MediaInfoLongitude": "\u7ecf\u5ea6",
    "MediaInfoShutterSpeed": "\u5feb\u95e8\u901f\u5ea6",
    "MediaInfoSoftware": "\u8f6f\u4ef6",
    "HeaderIfYouLikeCheckTheseOut": "\u5982\u679c\u4f60\u559c\u6b22{0}\uff0c\u67e5\u770b\u8fd9\u4e9b\u2026",
    "HeaderMovies": "\u7535\u5f71",
    "HeaderAlbums": "\u4e13\u8f91",
    "HeaderGames": "\u6e38\u620f",
    "HeaderBooks": "\u4e66\u7c4d",
    "HeaderEpisodes": "Episodes",
    "HeaderSeasons": "\u5b63",
    "HeaderTracks": "\u97f3\u8f68",
    "HeaderItems": "\u9879\u76ee",
    "HeaderOtherItems": "\u5176\u4ed6\u9879\u76ee",
    "ButtonFullReview": "\u5168\u9762\u56de\u987e",
    "ValueAsRole": "\u626e\u6f14 {0}",
    "ValueGuestStar": "\u7279\u9080\u660e\u661f",
    "MediaInfoSize": "Size",
    "MediaInfoPath": "Path",
    "MediaInfoFormat": "Format",
    "MediaInfoContainer": "Container",
    "MediaInfoDefault": "Default",
    "MediaInfoForced": "Forced",
    "MediaInfoExternal": "External",
    "MediaInfoTimestamp": "Timestamp",
    "MediaInfoPixelFormat": "Pixel format",
    "MediaInfoBitDepth": "Bit depth",
    "MediaInfoSampleRate": "Sample rate",
    "MediaInfoBitrate": "Bitrate",
    "MediaInfoChannels": "Channels",
    "MediaInfoLayout": "Layout",
    "MediaInfoLanguage": "Language",
    "MediaInfoCodec": "Codec",
    "MediaInfoProfile": "Profile",
    "MediaInfoLevel": "Level",
    "MediaInfoAspectRatio": "Aspect ratio",
    "MediaInfoResolution": "Resolution",
    "MediaInfoAnamorphic": "Anamorphic",
    "MediaInfoInterlaced": "Interlaced",
    "MediaInfoFramerate": "Framerate",
    "MediaInfoStreamTypeAudio": "Audio",
    "MediaInfoStreamTypeData": "Data",
    "MediaInfoStreamTypeVideo": "Video",
    "MediaInfoStreamTypeSubtitle": "Subtitle",
    "MediaInfoStreamTypeEmbeddedImage": "Embedded Image",
    "ButtonLearnMore": "\u4e86\u89e3\u66f4\u591a",
    "MediaInfoRefFrames": "Ref frames",
    "TabPlayback": "\u64ad\u653e",
    "HeaderSelectCustomIntrosPath": "\u9009\u62e9\u81ea\u5b9a\u4e49\u4ecb\u7ecd\u8def\u5f84",
    "HeaderRateAndReview": "Rate and Review",
    "HeaderThankYou": "Thank You",
    "MessageThankYouForYourReview": "Thank you for your review.",
    "LabelYourRating": "Your rating:",
    "LabelFullReview": "Full review:",
    "LabelShortRatingDescription": "Short rating summary:",
    "OptionIRecommendThisItem": "I recommend this item",
    "WebClientTourContent": "\u67e5\u770b\u60a8\u6700\u8fd1\u6dfb\u52a0\u7684\u5a92\u4f53\uff0c\u4e0b\u4e00\u96c6\u5267\u96c6\uff0c\u548c\u5176\u4ed6\u66f4\u591a\u4fe1\u606f\u3002\u7eff\u8272\u5706\u5708\u63d0\u793a\u60a8\u6709\u591a\u5c11\u9879\u76ee\u5c1a\u672a\u64ad\u653e\u3002",
    "WebClientTourMovies": "Play movies, trailers and more from any device with a web browser",
    "WebClientTourMouseOver": "Hold the mouse over any poster for quick access to important information",
    "WebClientTourTapHold": "Tap and hold or right click any poster for a context menu",
    "WebClientTourMetadataManager": "Click edit to open the metadata manager",
    "WebClientTourPlaylists": "Easily create playlists and instant mixes, and play them on any device",
    "WebClientTourCollections": "Create movie collections to group box sets together",
    "WebClientTourUserPreferences1": "User preferences allow you to customize the way your library is presented in all of your Emby apps",
    "WebClientTourUserPreferences2": "Configure your audio and subtitle language settings once, for every Emby app",
    "WebClientTourUserPreferences3": "Design the web client home page to your liking",
    "WebClientTourUserPreferences4": "\u914d\u7f6e\u80cc\u666f\u3001\u4e3b\u9898\u6b4c\u548c\u5916\u90e8\u64ad\u653e\u5668",
    "WebClientTourMobile1": "The web client works great on smartphones and tablets...",
    "WebClientTourMobile2": "and easily controls other devices and Emby apps",
    "MessageEnjoyYourStay": "Enjoy your stay",
    "ButtonTakeTheTour": "\u8fdb\u884c\u53c2\u89c2",
    "DashboardTourDashboard": "The server dashboard allows you to monitor your server and your users. You'll always know who is doing what and where they are.",
    "DashboardTourUsers": "Easily create user accounts for your friends and family, each with their own permissions, library access, parental controls and more.",
    "DashboardTourCinemaMode": "Cinema mode brings the theater experience straight to your living room with the ability to play trailers and custom intros before the main feature.",
    "DashboardTourChapters": "Enable chapter image generation for your videos for a more pleasing presentation while viewing.",
    "DashboardTourSubtitles": "Automatically download subtitles for your videos in any language.",
    "DashboardTourPlugins": "Install plugins such as internet video channels, live tv, metadata scanners, and more.",
    "DashboardTourNotifications": "Automatically send notifications of server events to your mobile device, email and more.",
    "DashboardTourScheduledTasks": "Easily manage long running operations with scheduled tasks. Decide when they run, and how often.",
    "DashboardTourMobile": "The Emby Server dashboard works great on smartphones and tablets. Manage your server from the palm of your hand anytime, anywhere.",
    "MessageRefreshQueued": "Refresh queued",
    "TabDevices": "\u8bbe\u5907",
    "DeviceLastUsedByUserName": "Last used by {0}",
    "HeaderDeleteDevice": "Delete Device",
    "DeleteDeviceConfirmation": "Are you sure you wish to delete this device? It will reappear the next time a user signs in with it.",
    "LabelEnableCameraUploadFor": "Enable camera upload for:",
    "HeaderSelectUploadPath": "Select Upload Path",
    "LabelEnableCameraUploadForHelp": "Uploads will occur automatically in the background when signed into Emby.",
    "ErrorMessageStartHourGreaterThanEnd": "End time must be greater than the start time.",
    "ButtonLibraryAccess": "Library access",
    "ButtonParentalControl": "Parental control",
    "OptionEveryday": "Every day",
    "HeaderLoginFailure": "\u767b\u5f55\u5931\u8d25",
    "HeaderInvitationSent": "Invitation Sent",
    "MessageInvitationSentToUser": "An email has been sent to {0}, inviting them to accept your sharing invitation.",
    "MessageInvitationSentToNewUser": "An email has been sent to {0} inviting them to sign up with Emby.",
    "HeaderConnectionFailure": "Connection Failure",
    "MessageUnableToConnectToServer": "We're unable to connect to the selected server right now. Please ensure it is running and try again.",
    "ButtonSelectServer": "Select Server",
    "MessagePluginConfigurationRequiresLocalAccess": "To configure this plugin please sign in to your local server directly.",
    "MessageLoggedOutParentalControl": "Access is currently restricted. Please try again later.",
    "HeaderLibraryAccess": "Library Access",
    "HeaderChannelAccess": "Channel Access",
    "DefaultErrorMessage": "There was an error processing the request. Please try again later.",
    "ButtonAccept": "Accept",
    "ButtonReject": "Reject",
    "HeaderForgotPassword": "\u5fd8\u8bb0\u5bc6\u7801",
    "MessageContactAdminToResetPassword": "Please contact your system administrator to reset your password.",
    "MessageForgotPasswordInNetworkRequired": "Please try again within your home network to initiate the password reset process.",
    "MessageForgotPasswordFileCreated": "The following file has been created on your server and contains instructions on how to proceed:",
    "MessageForgotPasswordFileExpiration": "The reset pin will expire at {0}.",
    "MessageInvalidForgotPasswordPin": "An invalid or expired pin was entered. Please try again.",
    "MessagePasswordResetForUsers": "Passwords have been removed for the following users. To login, sign in with a blank password.",
    "HeaderPasswordReset": "\u5bc6\u7801\u91cd\u7f6e",
    "OptionPosterCard": "Poster card",
    "OptionThumbCard": "Thumb card",
    "HeaderInviteGuest": "Invite Guest",
    "MessageConnectAccountRequiredToInviteGuest": "In order to invite guests you need to first link your Emby account to this server.",
    "HeaderAddTag": "\u6dfb\u52a0\u6807\u7b7e",
    "LabelTag": "\u6807\u7b7e\uff1a",
    "SyncMedia": "Sync Media",
    "HeaderCancelSyncJob": "Cancel Sync",
    "CancelSyncJobConfirmation": "Cancelling the sync job will remove synced media from the device during the next sync process. Are you sure you wish to proceed?",
    "MessagePleaseSelectDeviceToSyncTo": "Please select a device to sync to.",
    "MessageSyncJobCreated": "Sync job created.",
    "LabelSyncTo": "Sync to:",
    "LabelSyncJobName": "Sync job name:",
    "LabelQuality": "Quality:",
    "TitleSync": "\u540c\u6b65",
    "HeaderSettings": "Settings",
    "OptionAutomaticallySyncNewContent": "Automatically sync new content",
    "OptionAutomaticallySyncNewContentHelp": "New content added to will be automatically synced to the device.",
    "OptionSyncUnwatchedVideosOnly": "Sync unwatched videos only",
    "OptionSyncUnwatchedVideosOnlyHelp": "Only unwatched videos will be synced, and videos will be removed from the device as they are watched.",
    "LabelBirthDate": "Birth date:",
    "LabelItemLimit": "Item limit:",
    "LabelItemLimitHelp": "Optional. Set a limit to the number of items that will be synced.",
    "MessageBookPluginRequired": "Requires installation of the Bookshelf plugin",
    "MessageGamePluginRequired": "Requires installation of the GameBrowser plugin",
    "ButtonHelp": "Help",
    "DashboardTourHelp": "In-app help provides easy buttons to open wiki pages relating to the on-screen content.",
    "FolderTypeUnset": "Unset (mixed content)",
    "MessageUnsetContentHelp": "Content will be displayed as plain folders. For best results use the metadata manager to set the content types of sub-folders.",
    "HeaderDeviceAccess": "\u8bbe\u5907\u8bbf\u95ee",
    "HeaderSelectDevices": "\u9009\u62e9\u8bbe\u5907",
    "MessageNoSyncJobsFound": "\u6ca1\u6709\u53d1\u73b0\u540c\u6b65\u4f5c\u4e1a\u3002\u4f7f\u7528Web\u754c\u9762\u4e2d\u7684\u540c\u6b65\u6309\u94ae\u6765\u521b\u5efa\u540c\u6b65\u4f5c\u4e1a\u3002",
    "LabelContentTypeValue": "Content type: {0}",
    "SyncJobItemStatusQueued": "Queued",
    "SyncJobItemStatusConverting": "Converting",
    "SyncJobItemStatusTransferring": "Transferring",
    "SyncJobItemStatusSynced": "Synced",
    "SyncJobItemStatusFailed": "Failed",
    "SyncJobItemStatusRemovedFromDevice": "Removed from device",
    "SyncJobItemStatusCancelled": "Cancelled",
    "MessagePleaseAcceptTermsOfServiceBeforeContinuing": "Please accept the terms of service before continuing.",
    "ButtonUninstall": "Uninstall",
    "HeaderWelcomeBack": "\u6b22\u8fce\u56de\u6765\uff01",
    "ButtonTakeTheTourToSeeWhatsNew": "\u8fdb\u884c\u53c2\u89c2\uff0c\u770b\u770b\u6709\u4ec0\u4e48\u65b0\u4e1c\u897f",
    "HeaderDevices": "\u8bbe\u5907",
    "LabelLocalAccessUrl": "\u672c\u5730\u8bbf\u95ee\uff1a {0}",
    "TabExpert": "Expert",
    "TabExtras": "Extras",
    "TitleNotifications": "\u901a\u77e5",
    "MessageThankYouForSupporting": "Thank you for supporting Emby.",
    "ButtonCancelItem": "\u53d6\u6d88\u9879\u76ee",
    "ButtonQueueForRetry": "\u91cd\u8bd5\u961f\u5217",
    "ButtonReenable": "\u91cd\u65b0\u542f\u7528",
    "SyncJobItemStatusSyncedMarkForRemoval": "\u6807\u8bb0\u4e3a\u5220\u9664",
    "ButtonMarkForRemoval": "Remove from device",
    "ButtonUnmarkForRemoval": "Cancel removal from device",
    "MessageConfirmSyncJobItemCancellation": "\u4f60\u786e\u5b9a\u8981\u53d6\u6d88\u8fd9\u4e2a\u9879\u76ee\uff1f",
    "HeaderLibraries": "Libraries",
    "ButtonScheduledTasks": "\u8ba1\u5212\u4efb\u52a1",
    "ConfirmMessageScheduledTaskButton": "This operation normally runs automatically as a scheduled task and does not require any manual effort. To configure the scheduled task, see:",
    "ValueDateCreated": "\u521b\u5efa\u65e5\u671f\uff1a {0}",
    "MessageItemsAdded": "\u9879\u76ee\u5df2\u6dfb\u52a0",
    "ButtonAddToCollection": "\u6dfb\u52a0\u5230\u6536\u85cf",
    "HeaderSelectCertificatePath": "Select Certificate Path",
    "HeaderSelectPath": "Select Path",
    "LabelCollection": "\u5408\u96c6",
    "TextEnjoyBonusFeatures": "\u4eab\u53d7\u5956\u52b1\u529f\u80fd",
    "PinCodeResetComplete": "PIN\u7801\u5df2\u88ab\u200b\u200b\u91cd\u7f6e\u3002",
    "PinCodeResetConfirmation": "\u4f60\u786e\u5b9a\u8981\u91cd\u7f6ePIN\u7801\uff1f",
    "HeaderPinCodeReset": "\u91cd\u7f6ePIN\u7801",
    "SyncJobStatusQueued": "Queued",
    "SyncJobStatusCompleted": "Synced",
    "SyncJobStatusCompletedWithError": "Synced with errors",
    "SyncJobStatusConverting": "Converting",
    "SyncJobStatusFailed": "Failed",
    "SyncJobStatusCancelled": "Cancelled",
    "SyncJobStatusTransferring": "Transferring",
    "ValueItemCount": "{0} item",
    "ValueItemCountPlural": "{0} items",
    "SyncJobStatusReadyToTransfer": "Ready to Transfer",
    "SyncJobItemStatusReadyToTransfer": "Ready to Transfer",
    "LabelSyncNoTargetsHelp": "It looks like you don't currently have any apps that support sync.",
    "WebClientTourMySync": "Sync your personal media to your devices for offline viewing.",
    "DashboardTourSync": "Sync your personal media to your devices for offline viewing.",
    "ValueTimeLimitSingleHour": "Time limit: 1 hour",
    "ValueTimeLimitMultiHour": "Time limit: {0} hours",
    "HeaderPlaybackError": "Playback Error",
    "MessagePlaybackErrorNotAllowed": "You're currently not authorized to play this content. Please contact your system administrator for details.",
    "MessagePlaybackErrorNoCompatibleStream": "No compatible streams are currently available. Please try again later or contact your system administrator for details.",
    "MessagePlaybackErrorRateLimitExceeded": "Your playback rate limit has been exceeded. Please contact your system administrator for details.",
    "PluginCategoryGeneral": "General",
    "PluginCategoryContentProvider": "Content Providers",
    "PluginCategoryScreenSaver": "Screen Savers",
    "PluginCategoryTheme": "Themes",
    "PluginCategorySync": "Sync",
    "PluginCategorySocialIntegration": "Social Networks",
    "PluginCategoryNotifications": "Notifications",
    "PluginCategoryMetadata": "Metadata",
    "PluginCategoryLiveTV": "Live TV",
    "PluginCategoryChannel": "Channels",
    "TitlePlugins": "Plugins",
    "ValueStatus": "Status: {0}",
    "MessageErrorLoadingSupporterInfo": "There was an error loading Emby Premiere information. Please try again later.",
    "MessageLinkYourSupporterKey": "Link your Emby Premiere key with up to {0} Emby Connect members to enjoy free access to the following apps:",
    "HeaderConfirmRemoveUser": "Remove User",
    "MessageConfirmRemoveConnectSupporter": "Are you sure you wish to remove additional Emby Premiere benefits from this user?",
    "LabelProfile": "Profile:",
    "LabelBitrateMbps": "Bitrate (Mbps):",
    "MessageSwipeDownOnRemoteControl": "Welcome to remote control. Select the device to control by clicking the cast icon in the upper right corner. Swipe down anywhere on this screen to go back to where you came from.",
    "MessagePleaseSupportProject": "Please support Emby.",
    "HeaderWelcomeToProjectServerDashboard": "Welcome to the Emby Server Dashboard",
    "HeaderWelcomeToProjectWebClient": "Welcome to Emby",
    "HeaderEmbyAccountAdded": "Emby Account Added",
    "MessageEmbyAccountAdded": "The Emby account has been added to this user.",
    "MessagePendingEmbyAccountAdded": "The Emby account has been added to this user. An email will be sent to the owner of the account. The invitation will need to be confirmed by clicking a link within the email.",
    "HeaderEmbyAccountRemoved": "Emby Account Removed",
    "MessageEmbyAccontRemoved": "The Emby account has been removed from this user.",
    "TooltipLinkedToEmbyConnect": "Linked to Emby Connect",
    "ButtonLinkMyEmbyAccount": "Link my account now",
    "MessagePlaybackErrorPlaceHolder": "The content chosen is not playable from this device.",
    "OptionWeekend": "Weekends",
    "OptionWeekday": "Weekdays",
    "HeaderSync": "Sync",
    "MessageChromecastConnectionError": "Your Chromecast receiver is unable to connect to your Emby Server. Please check their connections and try again.",
    "HeaderMyMedia": "My Media",
    "HeaderSelectDate": "Select Date",
    "EmbyIntroDownloadMessage": "To download and install Emby Server visit {0}.",
    "ButtonNewServer": "New Server",
    "ButtonSignInWithConnect": "Sign in with Emby Connect",
    "HeaderNewServer": "New Server",
    "MyDevice": "My Device",
    "ButtonRemote": "Remote",
    "TabCast": "Cast",
    "TabScenes": "Scenes",
    "HeaderUnlockApp": "Unlock App",
    "MessageUnlockAppWithPurchaseOrSupporter": "Unlock this feature with a small one-time purchase, or with an active Emby Premiere subscription.",
    "MessageUnlockAppWithSupporter": "Unlock this feature with an active Emby Premiere subscription.",
    "MessageToValidateSupporter": "If you have an active Emby Premiere subscription, simply sign into the app using your Wifi connection within your home network.",
    "MessagePaymentServicesUnavailable": "Payment services are currently unavailable. Please try again later.",
    "MessagePleaseSignInLocalNetwork": "Before proceeding, please ensure that you're connected to your local network using a Wifi or LAN connection.",
    "ButtonUnlockWithPurchase": "Unlock with Purchase",
    "MessageLiveTvGuideRequiresUnlock": "The Live TV Guide is currently limited to {0} channels. Click the unlock button to learn how to enjoy the full experience.",
    "OptionEnableFullscreen": "Enable Fullscreen",
    "ButtonServer": "Server",
    "HeaderAdmin": "Admin",
    "HeaderLibrary": "Library",
    "HeaderMedia": "Media",
    "ButtonInbox": "Inbox",
    "ButtonUnlockPrice": "Unlock {0}",
    "HeaderSaySomethingLike": "Say Something Like...",
    "ButtonTryAgain": "Try Again",
    "HeaderYouSaid": "You Said...",
    "MessageWeDidntRecognizeCommand": "We're sorry, we didn't recognize that command.",
    "MessageIfYouBlockedVoice": "If you denied voice access to the app you'll need to reconfigure before trying again.",
    "MessageNoItemsFound": "No items found.",
    "ButtonManageServer": "Manage Server",
    "ButtonPreferences": "Preferences",
    "ButtonViewArtist": "View artist",
    "ButtonViewAlbum": "View album",
    "ButtonCancelSyncJob": "Cancel sync",
    "HeaderGroupVersions": "Group Versions",
    "ErrorMessagePasswordNotMatchConfirm": "The password and password confirmation must match.",
    "ErrorMessageUsernameInUse": "The username is already in use. Please choose a new name and try again.",
    "ErrorMessageEmailInUse": "The email address is already in use. Please enter a new email address and try again, or use the forgot password feature.",
    "MessageThankYouForConnectSignUp": "Thank you for signing up for Emby Connect. An email will be sent to your address with instructions on how to confirm your new account. Please confirm the account and then return here to sign in.",
    "HeaderShare": "Share",
    "ButtonShareHelp": "Share a web page containing media information with social media. Media files are never shared publicly.",
    "ButtonShare": "Share",
    "HeaderConfirm": "Confirm",
    "MessageConfirmDeleteTunerDevice": "Are you sure you wish to delete this device?",
    "MessageConfirmDeleteGuideProvider": "Are you sure you wish to delete this guide provider?",
    "HeaderDeleteProvider": "Delete Provider",
    "HeaderAddProvider": "Add Provider",
    "ErrorAddingTunerDevice": "There was an error adding the tuner device. Please ensure it is accessible and try again.",
    "ErrorSavingTvProvider": "There was an error saving the TV provider. Please ensure it is accessible and try again.",
    "ErrorGettingTvLineups": "There was an error downloading tv lineups. Please ensure your information is correct and try again.",
    "MessageCreateAccountAt": "Create an account at {0}",
    "ErrorPleaseSelectLineup": "Please select a lineup and try again. If no lineups are available, then please check that your username, password, and postal code is correct.",
    "HeaderTryCinemaMode": "Try Cinema Mode",
    "ButtonBecomeSupporter": "Get Emby Premiere",
    "ButtonClosePlayVideo": "Close and play my media",
    "MessageDidYouKnowCinemaMode": "Did you know that with Emby Premiere, you can enhance your experience with features like Cinema Mode?",
    "MessageDidYouKnowCinemaMode2": "Cinema Mode gives you the true cinema experience with trailers and custom intros before the main feature.",
    "ButtonMoreItems": "More...",
    "MessageDirectoryPickerBSDInstruction": "For BSD, you may need to configure storage within your FreeNAS Jail in order to allow Emby to access it.",
    "OptionEnableDisplayMirroring": "Enable display mirroring",
    "HeaderSyncRequiresSupporterMembershipAppVersion": "Sync requires connecting to an Emby Server with an active Emby Premiere subscription.",
    "HeaderSyncRequiresSupporterMembership": "Sync requires an active Emby Premiere subscription.",
    "ErrorValidatingSupporterInfo": "There was an error validating your Emby Premiere information. Please try again later.",
    "LabelLocalSyncStatusValue": "Status: {0}",
    "MessageSyncStarted": "Sync started",
    "HeaderEnabledFields": "Enabled Fields",
    "HeaderEnabledFieldsHelp": "Uncheck a field to lock it and prevent it's data from being changed.",
    "NoSlideshowContentFound": "No slideshow images were found.",
    "OptionPhotoSlideshow": "Photo slideshow",
    "OptionBackdropSlideshow": "Backdrop slideshow",
    "HeaderTopPlugins": "Top Plugins",
    "ButtonOther": "Other",
    "ForAdditionalLiveTvOptions": "For additional Live TV providers, click on the External Services tab to see the available options.",
    "ButtonMenu": "Menu",
    "ButtonGuide": "Guide",
    "ButtonRecordedTv": "Recorded TV",
    "ButtonDisconnect": "Disconnect",
    "HeaderDisconnectFromPlayer": "Disconnect from Player",
    "ConfirmEndPlayerSession": "Would you like to shutdown the app on the remote device?",
    "ButtonYes": "Yes",
    "ButtonNo": "No",
    "HeaderBlockItemsWithNoRating": "Block content with no rating information:",
    "ButtonRestorePreviousPurchase": "Restore Purchase",
    "LabelAutomaticUpdateLevel": "Automatic update level:",
    "LabelAutomaticUpdateLevelForPlugins": "Automatic update level for plugins:",
    "ButtonRemoveFromCollection": "Remove from Collection",
    "ButtonSelectView": "Select view",
    "ButtonEditSubtitles": "Edit subtitles",
    "HeaderUploadImage": "Upload Image",
    "ButtonForYou": "For You",
    "ButtonLibrary": "Library",
    "ButtonNowPlaying": "Now Playing",
    "ButtonViewNewApp": "View new app",
    "HeaderEmbyForAndroidHasMoved": "Emby for Android has moved!",
    "MessageEmbyForAndroidHasMoved": "Emby for Android has moved to a new home in the app store. Please consider checking out the new app. You may continue to use this app for as long as you wish.",
    "ButtonSignOut": "Sign Out",
    "EmbyPremiereMonthlyWithPrice": "Emby Premiere Monthly {0}",
    "HeaderEmailAddress": "E-Mail Address",
    "TextPleaseEnterYourEmailAddressForSubscription": "Please enter your e-mail address.",
    "HeaderUnlockSync": "Unlock Emby Sync",
    "AutoOrganizeError": "Error Organizing File",
    "ErrorOrganizingFileWithErrorCode": "There was an error organizing the file. Error code: {0}.",
    "EmbyPremiereMonthly": "Emby Premiere Monthly",
    "MessageDirectoryPickerLinuxInstruction": "For Linux, you must grant the Emby system user at least read access to your storage locations.",
    "LoginDisclaimer": "Emby is designed to help you manage your personal media library, such as home videos and photos. Please see our terms of use. Downloading any Emby software constitutes acceptance of these terms.",
    "TermsOfUse": "Terms of use",
    "ButtonEditImages": "Edit images",
    "HeaderTryMultiSelect": "Try Multi-Select",
    "TryMultiSelectMessage": "To edit multiple media items, just click and hold any poster and select the items you want to manage. Try it!",
    "ButtonChangeContentType": "Change content type",
    "NumLocationsValue": "{0} folders",
    "ButtonAddMediaLibrary": "Add Media Library",
    "ButtonManageFolders": "Manage folders",
    "HeaderTryDragAndDrop": "Try Drag and Drop",
    "TryDragAndDropMessage": "To re-arrange playlist items, just drag and drop. Try it!",
    "HeaderTryMicrosoftEdge": "Try Microsoft Edge",
    "MessageTryMicrosoftEdge": "For a better experience on Windows 10, try the new Microsoft Edge Browser.",
    "MessageTheSelectedItemsWillBeGrouped": "The selected videos will be grouped into one virtual item. Emby apps will automatically choose which version to play based on device and network performance. Are you sure you wish to continue?",
    "ErrorAddingListingsToSchedulesDirect": "There was an error adding the lineup to your Schedules Direct account. Schedules Direct only allows a limited number of lineups per account. You may need to log into the Schedules Direct website and remove others listings from your account before proceeeding.",
    "PleaseAddAtLeastOneFolder": "Please add at least one folder to this library by clicking the Add button.",
    "ErrorAddingMediaPathToVirtualFolder": "There was an error adding the media path. Please ensure the path is valid and the Emby Server process has access to that location.",
    "ErrorRemovingEmbyConnectAccount": "There was an error removing the Emby Connect account. Please ensure you have an active internet connection and try again.",
    "ErrorAddingEmbyConnectAccount": "There was an error adding the Emby Connect account. Please ensure the Emby account has been activated by following the instructions in the email sent after creating the account. If this email was not received please send an email to apps@emby.media from the email address used with the Emby account.",
    "MessageTheFollowingItemsWillBeGrouped": "\u4ee5\u4e0b\u6807\u9898\u5c06\u88ab\u5f52\u5165\u4e00\u4e2a\u9879\u76ee\uff1a",
    "MessageConfirmItemGrouping": "Emby apps will automatically choose the optimal version to play based on device and network performance. Are you sure you wish to continue?"
}