{
    "LabelExit": "Afslut",
    "LabelVisitCommunity": "Bes\u00f8g F\u00e6lleskab",
    "LabelGithub": "Github",
    "LabelSwagger": "Swagger",
    "LabelStandard": "Standard",
    "LabelApiDocumentation": "Api dokumentation",
    "LabelDeveloperResources": "Udviklerressourcer",
    "LabelBrowseLibrary": "Gennemse bibliotek",
    "LabelConfigureServer": "Konfigurer Emby",
    "LabelOpenLibraryViewer": "\u00c5ben Biblioteksfremviser",
    "LabelRestartServer": "Genstart Server",
    "LabelShowLogWindow": "Vis Log",
    "LabelPrevious": "Forrige",
    "LabelFinish": "Slut",
    "LabelNext": "N\u00e6ste",
    "LabelYoureDone": "Du er f\u00e6rdig!",
    "WelcomeToProject": "Velkommen til Emby!",
    "ThisWizardWillGuideYou": "Denne guide vil hj\u00e6lpe dig igennem ops\u00e6tningen. For at begynde, v\u00e6lg venligst dit fortrukne sprog.",
    "TellUsAboutYourself": "Fort\u00e6l os lidt om dig selv",
    "ButtonQuickStartGuide": "Hurtig-start guide",
    "LabelYourFirstName": "Dit fornavn",
    "MoreUsersCanBeAddedLater": "Flere brugere kan tilf\u00f8jes senere i betjeningspanelet.",
    "UserProfilesIntro": "Emby har indbygget underst\u00f8ttelse af brugerprofiler. Dette giver hver bruger sine egne indstillinger for visning, afspilningsstatus og for\u00e6ldrekontrol.",
    "LabelWindowsService": "Windows Service",
    "AWindowsServiceHasBeenInstalled": "Der er blevet installeret en Windows Service.",
    "WindowsServiceIntro1": "Emby Server k\u00f8rer normalt som en desktop applikation med et statusbar ikon, men hvis du \u00f8nsker at k\u00f8rer det som en baggrundsservice kan programmet startes fra windows services kontrolpanel istedet.",
    "WindowsServiceIntro2": "Hvis Windows servicen bruges skal du v\u00e6re opm\u00e6rksom p\u00e5, at servicen ikke kan k\u00f8re p\u00e5 samme tid som bakkeikonet. Det er derfor n\u00f8dvendigt at afslutte bakkeikonet f\u00f8r servicen startes. Det er n\u00f8dvendigt at konfigurere servicen til at k\u00f8re med administrative privileger, som kan g\u00f8res via Windows Service kontrolpanelet. V\u00e6r opm\u00e6rksom p\u00e5 at servicen p\u00e5 nuv\u00e6rende tidspunkt ikke er i stand til at autoopdatere, s\u00e5 opdatering vil kr\u00e6ve manuel handling.",
    "WizardCompleted": "Det er alt vi beh\u00f8ver for nu. Emby er begyndt at indsamle information omkring dit mediebibliotek. Tjek nogle af vores apps og klik derefter p\u00e5 <b>F\u00e6rdig<\/b> for at se <b>Server betjeningspanelet<\/b>.",
    "LabelConfigureSettings": "Konfigurer indstillinger",
    "LabelEnableVideoImageExtraction": "Aktiver udtr\u00e6kning af video billede",
    "VideoImageExtractionHelp": "For videoer der ikke allerede har billeder, og som vi ikke kan finde internet billeder til. Dette vil g\u00f8re den indledende biblioteksskanning l\u00e6ngere, men vil resulterer i en p\u00e6nere pr\u00e6sentation.",
    "LabelEnableChapterImageExtractionForMovies": "Aktiver udtr\u00e6kning af kapitelbilleder for Film",
    "LabelChapterImageExtractionForMoviesHelp": "Udtr\u00e6kning af kapitelbilleder lader klienter vise billeder i scenev\u00e6lgeren. Denne proces kan v\u00e6re langsom og processorbelastende, og kan kr\u00e6ve adskillige gigabytes harddiskplads. Processen k\u00f8rer som en natlig planlagt opgave, selv om dette kan \u00e6ndres i planl\u00e6ggeren. Det anbefales ikke at k\u00f8re denne proces  i tidsrum hvor der er brugere p\u00e5 systemet.",
    "LabelEnableAutomaticPortMapping": "Aktiver automatisk port kortl\u00e6gning",
    "LabelEnableAutomaticPortMappingHelp": "UPnP tillader automatisk routerkonfiguration for nem fjernadgang. Dette virker muligvis ikke med alle routere.",
    "HeaderTermsOfService": "Emby tjenestevilk\u00e5r",
    "MessagePleaseAcceptTermsOfService": "Accepter venligst tjenestevilk\u00e5rene og privatlivspolitikken f\u00f8r du forts\u00e6tter.",
    "OptionIAcceptTermsOfService": "Jeg accepterer tjenestevilk\u00e5rene",
    "ButtonPrivacyPolicy": "Privatlivspolitik",
    "ButtonTermsOfService": "Tjenestevilk\u00e5r",
    "HeaderDeveloperOptions": "Indstillinger for udviklere",
    "OptionEnableWebClientResponseCache": "Aktiver webklient svar-caching",
    "OptionDisableForDevelopmentHelp": "Konfigurer disse som n\u00f8dvendigt for udviklingsform\u00e5l af webklienten",
    "OptionEnableWebClientResourceMinification": "Aktiver formindskelse af webklientens forbrug af ressourcer",
    "LabelDashboardSourcePath": "Webklient kildesti:",
    "LabelDashboardSourcePathHelp": "Hvis serveren k\u00f8rer fra kilden, specificer da stien til dashboard-ui mappen. Alle webklient-filer vil blive leveret fra denne lokation.",
    "ButtonConvertMedia": "Konverter medie",
    "ButtonOrganize": "Organiser",
    "LinkedToEmbyConnect": "Koblet til Emby Connect",
    "HeaderSupporterBenefits": "Emby Premiere Benefits",
    "HeaderAddUser": "Tilf\u00f8j bruger",
    "LabelAddConnectSupporterHelp": "For at tilf\u00f8je en bruger som ikke er angivet skal du f\u00f8rst sammenk\u00e6de deres konto til Emby Connect fra deres brugers profilside.",
    "LabelPinCode": "Pinkode:",
    "OptionHideWatchedContentFromLatestMedia": "Skjul sete fra seneste",
    "HeaderSync": "Sync",
    "ButtonOk": "Ok",
    "ButtonCancel": "Annuller",
    "ButtonExit": "Afslut",
    "ButtonNew": "Ny",
    "HeaderTV": "TV",
    "HeaderAudio": "Lyd",
    "HeaderVideo": "Video",
    "HeaderPaths": "Stier",
    "CategorySync": "Sync",
    "TabPlaylist": "Playlist",
    "HeaderEasyPinCode": "Nem pinkode",
    "HeaderGrownupsOnly": "Kun for voksne!",
    "DividerOr": "-- eller --",
    "HeaderInstalledServices": "Installerede tjenester",
    "HeaderAvailableServices": "Tilg\u00e6ngelige tjenester",
    "MessageNoServicesInstalled": "Ingen tjenester er installeret.",
    "HeaderToAccessPleaseEnterEasyPinCode": "Indtast din pinkode for adgang",
    "KidsModeAdultInstruction": "Klik p\u00e5 l\u00e5seikonet i nederste h\u00f8jre hj\u00f8rne for at konfigurere eller forlade b\u00f8rnetilstand. Du vil blive bedt om din pinkode.",
    "ButtonConfigurePinCode": "Konfigurer pinkode",
    "HeaderAdultsReadHere": "Voksne l\u00e6s her!",
    "RegisterWithPayPal": "Registrer med PayPal",
    "HeaderSyncRequiresSupporterMembership": "Sync Requires a Supporter Membership",
    "HeaderEnjoyDayTrial": "Nyd en 14-dages gratis pr\u00f8veperiode",
    "LabelSyncTempPath": "Sti for midlertidige filer:",
    "LabelSyncTempPathHelp": "Specificer en brugerdefineret synkroniserings arbejds-mappe. Konverterede filer vil under synkroniseringsprocessen blive gemt her.",
    "LabelCustomCertificatePath": "Sti til eget certifikat:",
    "LabelCustomCertificatePathHelp": "Angiv dit eget ssl certifikat som .pfx fil. Hvis du undlader dette, danner serveren et selvsigneret certifikat.",
    "TitleNotifications": "Underretninger",
    "OptionDetectArchiveFilesAsMedia": "Opfat arkiver som medier",
    "OptionDetectArchiveFilesAsMediaHelp": "Aktiver dette for at f\u00e5 filer med .zip og .rar endelser genkendt dom medier.",
    "LabelEnterConnectUserName": "Brugernavn eller email:",
    "LabelEnterConnectUserNameHelp": "This is your Emby online account username or email.",
    "LabelEnableEnhancedMovies": "Aktiver udvidede filmvisninger",
    "LabelEnableEnhancedMoviesHelp": "Aktiver dette for at f\u00e5 vist film som mapper med trailere, medvirkende og andet relateret inhold.",
    "HeaderSyncJobInfo": "Sync Job",
    "FolderTypeMixed": "Mixed content",
    "FolderTypeMovies": "FIlm",
    "FolderTypeMusic": "Musik",
    "FolderTypeAdultVideos": "Voksenfilm",
    "FolderTypePhotos": "Fotos",
    "FolderTypeMusicVideos": "Musikvideoer",
    "FolderTypeHomeVideos": "Hjemmevideoer",
    "FolderTypeGames": "Spil",
    "FolderTypeBooks": "B\u00f8ger",
    "FolderTypeTvShows": "TV",
    "FolderTypeInherit": "Nedarv",
    "LabelContentType": "Indholdstype:",
    "TitleScheduledTasks": "Planlagte opgaver",
    "HeaderSetupLibrary": "Konfigurer dit mediebibliotek",
    "ButtonAddMediaFolder": "Tilf\u00f8j mediemappe",
    "LabelFolderType": "Mappetype:",
    "ReferToMediaLibraryWiki": "Der henvises til mediebibliotekets wiki.",
    "LabelCountry": "Land:",
    "LabelLanguage": "Sprog:",
    "LabelTimeLimitHours": "Tidsgr\u00e6nse (timer):",
    "ButtonJoinTheDevelopmentTeam": "Bliv medlem af Teamet bag Emby",
    "HeaderPreferredMetadataLanguage": "Foretrukket sprog for metadata:",
    "LabelSaveLocalMetadata": "Gem illustrationer og metadata i mediemapper",
    "LabelSaveLocalMetadataHelp": "Lagring af illustrationer og metadata i mediemapper vil placerer dem et sted hvor de nemt kan redigeres.",
    "LabelDownloadInternetMetadata": "Hent illustrationer og metadata fra internettet",
    "LabelDownloadInternetMetadataHelp": "Emby Server kan hente informationer om dine medier, der kan give mere indholdsrige visninger.",
    "TabPreferences": "Indstillinger",
    "TabPassword": "Adgangskode",
    "TabLibraryAccess": "Biblioteksadgang",
    "TabAccess": "Adgang",
    "TabImage": "Billede",
    "TabProfile": "Profil",
    "TabMetadata": "Metadata",
    "TabImages": "Billeder",
    "TabNotifications": "Underretninger",
    "TabCollectionTitles": "Titler",
    "HeaderDeviceAccess": "Enhedsadgang",
    "OptionEnableAccessFromAllDevices": "Tillad adgang fra alle enheder",
    "OptionEnableAccessToAllChannels": "Tillad adgang til alle kanaler",
    "OptionEnableAccessToAllLibraries": "Tillad adgang til alle biblioteker",
    "DeviceAccessHelp": "Dette g\u00e6lder kun for enheder, der kan identificeres unikt, og vil ikke forhindre adgang fra en browser. Ved at filtrere brugeres adgang fra enheder, kan du forhindre dem i at bruge nye enheder f\u00f8r de er blevet godkendt her.",
    "LabelDisplayMissingEpisodesWithinSeasons": "Vis manglende episoder i s\u00e6soner",
    "LabelUnairedMissingEpisodesWithinSeasons": "Vis endnu ikke sendte episoder i s\u00e6soner",
    "HeaderVideoPlaybackSettings": "Indstillinger for videoafspilning",
    "HeaderPlaybackSettings": "Indstillinger for afspilning",
    "LabelAudioLanguagePreference": "Foretrukket lydsprog:",
    "LabelSubtitleLanguagePreference": "Foretrukket undertekstsprog:",
    "OptionDefaultSubtitles": "Standard",
    "OptionOnlyForcedSubtitles": "Kun tvungne undertekster",
    "OptionAlwaysPlaySubtitles": "Altid",
    "OptionNoSubtitles": "Ingen undertekster",
    "OptionDefaultSubtitlesHelp": "Undertekster p\u00e5 det foretrukne sprog vil blive vist n\u00e5r lyden er p\u00e5 et fremmedsprog.",
    "OptionOnlyForcedSubtitlesHelp": "Kun undertekster, der er markeret som tvungne, vil blive vist.",
    "OptionAlwaysPlaySubtitlesHelp": "Undertekster p\u00e5 det foretrukne sprog vil blive vist uanset lydsproget.",
    "OptionNoSubtitlesHelp": "Undertekster vil ikke blive vist som standard.",
    "TabProfiles": "Profiler",
    "TabSecurity": "Sikkerhed",
    "ButtonAddUser": "Tilf\u00f8j bruger",
    "ButtonAddLocalUser": "Tilf\u00f8j lokal bruger",
    "ButtonInviteUser": "Inviter bruger",
    "ButtonSave": "Gem",
    "ButtonResetPassword": "Nulstil adgangskode",
    "LabelNewPassword": "Ny kode:",
    "LabelNewPasswordConfirm": "Gentag ny adgangskode:",
    "HeaderCreatePassword": "Opret adgangskode",
    "LabelCurrentPassword": "Nuv\u00e6rende kode:",
    "LabelMaxParentalRating": "H\u00f8jst tilladte aldersgr\u00e6nse:",
    "MaxParentalRatingHelp": "Indhold med en h\u00f8jere gr\u00e6nse, skjules for denne bruger.",
    "LibraryAccessHelp": "V\u00e6lg hvilke mediemapper der skal deles med denne bruger. Administratorer vil kunne redigere alle mapper ved hj\u00e6lp af metadata administratoren.",
    "ChannelAccessHelp": "V\u00e6lg hvilke kanaler der skal deles med denne bruger. Administratorer vil kunne redigere alle kanaler ved hj\u00e6lp af metadata administratoren.",
    "ButtonDeleteImage": "Slet billede",
    "LabelSelectUsers": "V\u00e6lg brugere:",
    "ButtonUpload": "Upload",
    "HeaderUploadNewImage": "Upload nyt billede",
    "LabelDropImageHere": "Tr\u00e6k billede hertil og slip",
    "ImageUploadAspectRatioHelp": "1:1 h\u00f8jde\/breddeforhold anbefalet. Kun JPG\/PNG.",
    "MessageNothingHere": "Her er ingenting.",
    "MessagePleaseEnsureInternetMetadata": "S\u00f8rg venligst for at hentning af metadata fra internettet er aktiveret.",
    "TabSuggested": "Foresl\u00e5et",
    "TabSuggestions": "Forslag",
    "TabLatest": "Seneste",
    "TabUpcoming": "Kommende",
    "TabShows": "Serier",
    "TabEpisodes": "Episoder",
    "TabGenres": "Genre",
    "TabPeople": "Personer",
    "TabNetworks": "Netv\u00e6rk",
    "HeaderUsers": "Brugere",
    "HeaderFilters": "Filtre:",
    "ButtonFilter": "Filter",
    "OptionFavorite": "Favoritter",
    "OptionLikes": "Likes",
    "OptionDislikes": "Dislikes",
    "OptionActors": "Skuespillere",
    "OptionGuestStars": "G\u00e6stestjerner",
    "OptionDirectors": "Instrukt\u00f8rer",
    "OptionWriters": "Forfattere",
    "OptionProducers": "Producenter",
    "HeaderResume": "Fors\u00e6t",
    "HeaderNextUp": "N\u00e6ste",
    "NoNextUpItemsMessage": "Ingen fundet. Se dine serier!",
    "HeaderLatestEpisodes": "Sidste episoder",
    "HeaderPersonTypes": "Persontyper:",
    "TabSongs": "Sange",
    "TabAlbums": "Albums",
    "TabArtists": "Artister",
    "TabAlbumArtists": "Album-artister",
    "TabMusicVideos": "Musikvideoer",
    "ButtonSort": "Sort\u00e9r",
    "HeaderSortBy": "Sort\u00e9r efter:",
    "HeaderSortOrder": "Sorteringsr\u00e6kkef\u00f8lge:",
    "OptionPlayed": "Afspillet",
    "OptionUnplayed": "Ikke afspillet",
    "OptionAscending": "Stigende",
    "OptionDescending": "Faldende",
    "OptionRuntime": "Varighed",
    "OptionReleaseDate": "Udgivelsesdato",
    "OptionPlayCount": "Gange afspillet",
    "OptionDatePlayed": "Dato for afspilning",
    "OptionDateAdded": "Dato for tilf\u00f8jelse",
    "OptionAlbumArtist": "Album-artist",
    "OptionArtist": "Artist",
    "OptionAlbum": "Album",
    "OptionTrackName": "Nummerets navn",
    "OptionCommunityRating": "F\u00e6llesskabsvurdering",
    "OptionNameSort": "Navn",
    "OptionFolderSort": "Mapper",
    "OptionBudget": "Budget",
    "OptionRevenue": "Indt\u00e6gt",
    "OptionPoster": "Plakat",
    "OptionPosterCard": "Plakat",
    "OptionBackdrop": "Baggrund",
    "OptionTimeline": "Tidslinje",
    "OptionThumb": "Miniature",
    "OptionThumbCard": "Miniature kort",
    "OptionBanner": "Banner",
    "OptionCriticRating": "Kritikervurdering",
    "OptionVideoBitrate": "Video Bitrate",
    "OptionResumable": "Kan genoptages",
    "ScheduledTasksHelp": "Klik p\u00e5 en opgave for at tilpasse dens tidsplan",
    "ScheduledTasksTitle": "Planlagte opgaver",
    "TabMyPlugins": "Mine tilf\u00f8jelser",
    "TabCatalog": "Katalog",
    "TitlePlugins": "Tilf\u00f8jelser",
    "HeaderAutomaticUpdates": "Automatiske opdateringer",
    "HeaderNowPlaying": "Afspilles nu",
    "HeaderLatestAlbums": "Seneste albums",
    "HeaderLatestSongs": "Seneste sange",
    "HeaderRecentlyPlayed": "Afspillet for nyligt",
    "HeaderFrequentlyPlayed": "Ofte afspillet",
    "DevBuildWarning": "Udviklerversionen er bleeding edge. Nye versioner bliver ofte udgivet og bliver ikke testet inden. Applikationen kan risikere at lukke ned og funktioner kan nogle gange slet ikke virke.",
    "LabelVideoType": "Video type:",
    "OptionBluray": "Bluray",
    "OptionDvd": "Dvd",
    "OptionIso": "Iso",
    "Option3D": "3D",
    "LabelFeatures": "Egenskaber:",
    "LabelService": "Tjeneste:",
    "LabelStatus": "Status:",
    "LabelVersion": "Version:",
    "LabelLastResult": "Sidste resultat:",
    "OptionHasSubtitles": "Undertekster",
    "OptionHasTrailer": "Trailer",
    "OptionHasThemeSong": "Temasang",
    "OptionHasThemeVideo": "Temavideo",
    "TabMovies": "Film",
    "TabStudios": "Studier",
    "TabTrailers": "Trailere",
    "LabelArtists": "Artister:",
    "LabelArtistsHelp": "Angiv flere ved at s\u00e6tte ; mellem dem.",
    "HeaderLatestMovies": "Seneste film",
    "HeaderLatestTrailers": "Seneste trailere",
    "OptionHasSpecialFeatures": "Specielle egenskaber",
    "OptionImdbRating": "IMDd bed\u00f8mmelse",
    "OptionParentalRating": "Aldersgr\u00e6nse",
    "OptionPremiereDate": "Pr\u00e6mieredato",
    "TabBasic": "Simpel",
    "TabAdvanced": "Avanceret",
    "HeaderStatus": "Status",
    "OptionContinuing": "Fors\u00e6ttes",
    "OptionEnded": "F\u00e6rdig",
    "HeaderAirDays": "Sendedage",
    "OptionSunday": "S\u00f8ndag",
    "OptionMonday": "Mandag",
    "OptionTuesday": "Tirsdag",
    "OptionWednesday": "Onsdag",
    "OptionThursday": "Torsdag",
    "OptionFriday": "Fredag",
    "OptionSaturday": "L\u00f8rdag",
    "HeaderManagement": "Management",
    "LabelManagement": "Management:",
    "OptionMissingImdbId": "Manglende IMDB Id",
    "OptionMissingTvdbId": "Manglende TheTVDB Id",
    "OptionMissingOverview": "Manglende overblik",
    "OptionFileMetadataYearMismatch": "Uoverensstemmelse i \u00e5rstal mellem fil og metadata",
    "TabGeneral": "Generelt",
    "TitleSupport": "Support",
    "TabLog": "Log",
    "TabAbout": "Om",
    "TabSupporterKey": "Emby Premiere Key",
    "TabBecomeSupporter": "Get Emby Premiere",
    "TabEmbyPremiere": "Emby Premiere",
    "ProjectHasCommunity": "Emby har et blomstrende f\u00e6llesskab af brugere og bidragsydere.",
    "CheckoutKnowledgeBase": "Tjek vores vidensdatabase for at f\u00e5 det meste ud af Emby.",
    "SearchKnowledgeBase": "S\u00f8g i vidensdatabasen",
    "VisitTheCommunity": "Bes\u00f8g f\u00e6llesskabet",
    "VisitProjectWebsite": "Bes\u00f8g Embys hjemmeside",
    "VisitProjectWebsiteLong": "Bes\u00f8g Emby hjemmesiden for at blive opdateret p\u00e5 de seneste nyheder og holde dig opdateret med udviklernes blog.",
    "OptionHideUser": "Vis ikke denne bruger p\u00e5 loginsiden",
    "OptionHideUserFromLoginHelp": "Nyttigt for private kontoer eller skjulte administratorkontoer. Brugeren skal logge ind ved at skive sit brugernavn og adgangskode.",
    "OptionDisableUser": "Deaktiver denne bruger",
    "OptionDisableUserHelp": "Hvis deaktiveret vil serveren ikke tillade forbindelser fra denne bruger. Eksisterende forbindelser vil blive afbrudt \u00f8jeblikkeligt.",
    "HeaderAdvancedControl": "Avanceret kontrol",
    "LabelName": "Navn:",
    "ButtonHelp": "Hj\u00e6lp",
    "OptionAllowUserToManageServer": "Tillad denne bruger at administrere serveren",
    "HeaderFeatureAccess": "Adgang til funktioner",
    "OptionAllowMediaPlayback": "Tillad afspilning ad medier",
    "OptionAllowBrowsingLiveTv": "Tillad adgang til live TV",
    "OptionAllowDeleteLibraryContent": "Tillad sletning af medier",
    "OptionAllowManageLiveTv": "Tillad administration af live TV optagelser",
    "OptionAllowRemoteControlOthers": "Tillad fjernstyring af andre brugere",
    "OptionAllowRemoteSharedDevices": "Tillad fjernstyring af delte enheder",
    "OptionAllowRemoteSharedDevicesHelp": "DLNA-enheder er delte indtil en bruger begynder at bruge den.",
    "OptionAllowLinkSharing": "Allow social media sharing",
    "OptionAllowLinkSharingHelp": "Only web pages containing media information are shared. Media files are never shared publicly. Shares are time-limited and will expire based on your server sharing settings.",
    "HeaderSharing": "Sharing",
    "HeaderRemoteControl": "Fjernstyring",
    "OptionMissingTmdbId": "Manglende Tmdb Id",
    "OptionIsHD": "HD",
    "OptionIsSD": "SD",
    "OptionMetascore": "Metascore",
    "ButtonSelect": "V\u00e6lg",
    "ButtonGroupVersions": "Grupp\u00e9r versioner",
    "ButtonAddToCollection": "Tilf\u00f8j til samling",
    "PismoMessage": "Utilizing Pismo File Mount through a donated license.",
    "TangibleSoftwareMessage": "Utilizing Tangible Solutions Java\/C# converters through a donated license.",
    "HeaderCredits": "Anerkendelser",
    "PleaseSupportOtherProduces": "St\u00f8t venligst andre gratis produkter vi bruger:",
    "VersionNumber": "Version {0}",
    "TabPaths": "Stier",
    "TabServer": "Server",
    "TabTranscoding": "Transkodning",
    "TitleAdvanced": "Avanceret",
    "OptionRelease": "Officiel udgivelse",
    "OptionBeta": "Beta",
    "OptionDev": "Dev (Ustabil)",
    "LabelAllowServerAutoRestart": "Tillad serveren at genstarte automatisk for at p\u00e5f\u00f8re opdateringer",
    "LabelAllowServerAutoRestartHelp": "Serveren vil kun genstarte i inaktive perioder, n\u00e5r ingen brugere er aktive",
    "LabelEnableDebugLogging": "Aktiver fejlfindingslogning",
    "LabelRunServerAtStartup": "Start serveren ved opstart",
    "LabelRunServerAtStartupHelp": "Dette vil starte bakkeikonet ved opstart af Windows. For at starte Windows tjenesten skal du fjerne markeringen og k\u00f8re tjenesten fra Windows kontrolpanelet. Bem\u00e6rk: Du ikke kan k\u00f8re begge dele p\u00e5 samme tid, s\u00e5 du bliver n\u00f8dt til at afslutte bakkeikonet f\u00f8r du starter tjenesten.",
    "ButtonSelectDirectory": "V\u00e6lg mappe",
    "LabelCustomPaths": "Angiv brugerdefinerede stier, hvor det \u00f8nskes. Lad felter st\u00e5 tomme for at bruge standardindstillingerne.",
    "LabelCachePath": "Cachesti:",
    "LabelCachePathHelp": "Specify a custom location for server cache files, such as images. Leave blank to use the server default.",
    "LabelRecordingPath": "Recording path:",
    "LabelRecordingPathHelp": "Specify a custom location to save recordings. Leave blank to use the server default.",
    "LabelImagesByNamePath": "Billeder efter navn-sti:",
    "LabelImagesByNamePathHelp": "Definer en alternativ mappe til nedhentede billeder af skuespillere, genrer og studier.",
    "LabelMetadataPath": "Metadatasti:",
    "LabelMetadataPathHelp": "Specify a custom location for downloaded artwork and metadata.",
    "LabelTranscodingTempPath": "Midlertidig sti til transkodning:",
    "LabelTranscodingTempPathHelp": "Denne mappe indeholder transkoderens arbejdsfiler. Definer en alternativ sti eller lad den st\u00e5 tom for at bruge standardmappen i serverens datamappe.",
    "TabBasics": "Basale",
    "TabTV": "TV",
    "TabGames": "Spil",
    "TabMusic": "Musik",
    "TabOthers": "Andre",
    "HeaderExtractChapterImagesFor": "Udtr\u00e6k kapitelbilleder for:",
    "OptionMovies": "Film",
    "OptionEpisodes": "Episoder",
    "OptionOtherVideos": "Andre videoer",
    "TitleMetadata": "Metadata",
    "LabelAutomaticUpdates": "Aktiver automatiske opdateringer",
    "LabelAutomaticUpdatesTmdb": "Aktiver automatiske opdateringer fra TheMovieDB.org",
    "LabelAutomaticUpdatesTvdb": "Aktiver automatiske opdateringer fra TheTVDB.com",
    "LabelAutomaticUpdatesFanartHelp": "If enabled, new images will be downloaded automatically as they're added to fanart.tv. Existing images will not be replaced. This will cause library scans to take longer and will result in more disk activity.",
    "LabelAutomaticUpdatesTmdbHelp": "If enabled, new images will be downloaded automatically as they're added to TheMovieDB.org. Existing images will not be replaced. This will cause library scans to take longer and will result in more disk activity.",
    "LabelAutomaticUpdatesTvdbHelp": "If enabled, new images will be downloaded automatically as they're added to TheTVDB.com. Existing images will not be replaced. This will cause library scans to take longer and will result in more disk activity.",
    "LabelFanartApiKey": "Personlig api n\u00f8gle:",
    "LabelFanartApiKeyHelp": "Foresp\u00f8rgsler til fanart uden en personlig api n\u00f8gle returnerer resultater godkendt for over 7 dage siden. Med en personlig api n\u00f8gle falder dette til 48 timer, og hvis du er fanart VIP medlem falder dette yderligere til omkring 10 minutter.",
    "ExtractChapterImagesHelp": "Udtr\u00e6kning af kapitelbilleder lader klienter vise billeder i scenev\u00e6lgeren. Denne proces kan v\u00e6re langsom og processorbelastende, og kan kr\u00e6ve adskillige gigabytes harddiskplads. Processen k\u00f8rer som en natlig planlagt opgave, selv om dette kan \u00e6ndres i planl\u00e6ggeren. Det anbefales ikke at k\u00f8re denne proces  i tidsrum hvor der er brugere p\u00e5 systemet.",
    "LabelMetadataDownloadLanguage": "Foretrukket sprog for nedhentning:",
    "ButtonAutoScroll": "Rul automatisk",
    "LabelImageSavingConvention": "Konvention for lagring af billeder:",
    "LabelImageSavingConventionHelp": "Emby genkender billeder fra de fleste store medieapplikationer. Valg af konvention for hentning af billeder er nyttefuld hvis du ogs\u00e5 benytter dig af andre produkter.",
    "OptionImageSavingCompatible": "Kompatibel - Emby\/Kodi\/Plex",
    "OptionImageSavingStandard": "Standard - MB2",
    "ButtonSignIn": "Log Ind",
    "TitleSignIn": "Log Ind",
    "HeaderPleaseSignIn": "Log venligst ind",
    "LabelUser": "Bruger:",
    "LabelPassword": "Adgangskode:",
    "ButtonManualLogin": "Manuel Login",
    "PasswordLocalhostMessage": "Adgangskoder er ikke p\u00e5kr\u00e6vet n\u00e5r der logges ind fra localhost.",
    "TabGuide": "Guide",
    "TabChannels": "Kanaler",
    "TabCollections": "Samlinger",
    "HeaderChannels": "Kanaler",
    "TabRecordings": "Optagelser",
    "TabScheduled": "Planlagt",
    "TabSeries": "Serier",
    "TabFavorites": "Favoritter",
    "TabMyLibrary": "Mit bibliotek",
    "ButtonCancelRecording": "Annuller optagelse",
    "HeaderPrePostPadding": "F\u00f8r\/efter tidstilf\u00f8jelse",
    "LabelPrePaddingMinutes": "Start minutter f\u00f8r:",
    "OptionPrePaddingRequired": "Tidstilf\u00f8jelse f\u00f8r er kr\u00e6vet for at optage.",
    "LabelPostPaddingMinutes": "Stop optagelse minutter efter:",
    "OptionPostPaddingRequired": "Tidstilf\u00f8jelse efter er kr\u00e6vet for at optage.",
    "HeaderWhatsOnTV": "Vises nu",
    "HeaderUpcomingTV": "Kommende TV",
    "TabStatus": "Status",
    "TabSettings": "Indstillinger",
    "ButtonRefreshGuideData": "Opdater Guide data",
    "ButtonRefresh": "Opdater",
    "ButtonAdvancedRefresh": "Avanceret opdatering",
    "OptionPriority": "Prioritet",
    "OptionRecordOnAllChannels": "Optag fra alle kanaler",
    "OptionRecordAnytime": "Optag p\u00e5 ethverts tidspunkt",
    "OptionRecordOnlyNewEpisodes": "Optag kun nye episoder",
    "HeaderRepeatingOptions": "Indstillinger for gentagelse",
    "HeaderDays": "Dage",
    "HeaderActiveRecordings": "Aktive optagelser",
    "HeaderLatestRecordings": "Seneste optagelse",
    "HeaderAllRecordings": "Alle optagelser",
    "ButtonPlay": "Afspil",
    "ButtonEdit": "Rediger",
    "ButtonRecord": "Optag",
    "ButtonDelete": "Slet",
    "ButtonRemove": "Fjern",
    "OptionRecordSeries": "Optag serie",
    "HeaderDetails": "Detaljer",
    "TitleLiveTV": "Live TV",
    "LabelNumberOfGuideDays": "Antal dage af programguide data der skal hentes:",
    "LabelNumberOfGuideDaysHelp": "Hentning af flere dages programguide data giver mulighed for at planl\u00e6gge l\u00e6ngere ud i fremtiden, og se flere programoversigter, men det vil ogs\u00e5 tage l\u00e6ngere tid at hente. Auto vil v\u00e6lge baseret p\u00e5 antallet af kanaler.",
    "OptionAutomatic": "Auto",
    "HeaderServices": "Tjenester",
    "LiveTvPluginRequired": "Der kr\u00e6ves et Live TV udbyder-plugin for at forts\u00e6tte",
    "LiveTvPluginRequiredHelp": "Installer venligst et af vores tilg\u00e6ngelige plugins, s\u00e5 som NextPVR eller ServerWMC.",
    "LabelCustomizeOptionsPerMediaType": "Tilpas til medietype:",
    "OptionDownloadThumbImage": "Miniature",
    "OptionDownloadMenuImage": "Menu",
    "OptionDownloadLogoImage": "Logo",
    "OptionDownloadBoxImage": "Boks",
    "OptionDownloadDiscImage": "Disk",
    "OptionDownloadBannerImage": "Banner",
    "OptionDownloadBackImage": "Bagside",
    "OptionDownloadArtImage": "Kunst",
    "OptionDownloadPrimaryImage": "Prim\u00e6r",
    "HeaderFetchImages": "Hent billeder:",
    "HeaderImageSettings": "Billedindstillinger",
    "TabOther": "Andet",
    "LabelMaxBackdropsPerItem": "Maksimum antal af bagt\u00e6pper per element:",
    "LabelMaxScreenshotsPerItem": "Maksimum antal af sk\u00e6rmbilleder per element:",
    "LabelMinBackdropDownloadWidth": "Minimum bagt\u00e6ppe bredde:",
    "LabelMinScreenshotDownloadWidth": "Minimum sk\u00e6rmbillede bredde:",
    "ButtonAddScheduledTaskTrigger": "Tilf\u00f8j udl\u00f8ser",
    "HeaderAddScheduledTaskTrigger": "Tilf\u00f8j udl\u00f8ser",
    "ButtonAdd": "Tilf\u00f8j",
    "LabelTriggerType": "Udl\u00f8sertype",
    "OptionDaily": "Daglig",
    "OptionWeekly": "Ugentlig",
    "OptionOnInterval": "Interval",
    "OptionOnAppStartup": "Ved opstart",
    "OptionAfterSystemEvent": "Efter en systemh\u00e6ndelse",
    "LabelDay": "Dag:",
    "LabelTime": "Tid:",
    "LabelEvent": "H\u00e6ndelse:",
    "OptionWakeFromSleep": "V\u00e5gner fra dvale",
    "LabelEveryXMinutes": "Hver:",
    "HeaderTvTuners": "Tunere",
    "HeaderGallery": "Galleri",
    "HeaderLatestGames": "Nyeste spil",
    "HeaderRecentlyPlayedGames": "Spillet for nylig",
    "TabGameSystems": "Spilsystemer",
    "TitleMediaLibrary": "Mediebibliotek",
    "TabFolders": "Mapper",
    "TabPathSubstitution": "Stisubstitution",
    "LabelSeasonZeroDisplayName": "S\u00e6son 0 vist navn:",
    "LabelEnableRealtimeMonitor": "Aktiver realtidsoverv\u00e5gning",
    "LabelEnableRealtimeMonitorHelp": "\u00c6ndringer vil blive behandlet \u00f8jeblikkeligt p\u00e5 underst\u00f8ttede filsystemer.",
    "ButtonScanLibrary": "Skan bibliotek",
    "HeaderNumberOfPlayers": "Afspillere:",
    "OptionAnyNumberOfPlayers": "Enhver",
    "Option1Player": "1+",
    "Option2Player": "2+",
    "Option3Player": "3+",
    "Option4Player": "4+",
    "HeaderMediaFolders": "Mediemapper",
    "HeaderThemeVideos": "Temavideoer",
    "HeaderThemeSongs": "Temasange",
    "HeaderScenes": "Scener",
    "HeaderAwardsAndReviews": "Priser og anmelselser",
    "HeaderSoundtracks": "Soundtracks",
    "HeaderMusicVideos": "Musikvideoer",
    "HeaderSpecialFeatures": "Specielle egenskaber",
    "HeaderCastCrew": "Medvirkende",
    "HeaderAdditionalParts": "Andre stier:",
    "ButtonSplitVersionsApart": "Opdel versioner",
    "ButtonPlayTrailer": "Trailer",
    "LabelMissing": "Mangler",
    "LabelOffline": "Offline",
    "PathSubstitutionHelp": "Stisubstitutioner bruges til at \u00e6ndre en sti p\u00e5 serveren til en sti klienterne kan tilg\u00e5. Ved at tillade klienterne direkte adgang til medier p\u00e5 serveren, kan de m\u00e5ske afpille dem direkte over netv\u00e6rket uden at skulle bruge serverens ressourcer til at streame og transkode dem.",
    "HeaderFrom": "Fra",
    "HeaderTo": "Til",
    "LabelFrom": "Fra:",
    "LabelFromHelp": "F. eks. D:\\Movies (p\u00e5 serveren)",
    "LabelTo": "Til:",
    "LabelToHelp": "F. eks. \\\\MyServer\\Movies (en sti klienterne kan tilg\u00e5)",
    "ButtonAddPathSubstitution": "Tilf\u00f8j substitution",
    "OptionSpecialEpisode": "S\u00e6rudsendelser",
    "OptionMissingEpisode": "Manglende episoder",
    "OptionUnairedEpisode": "Ikke sendte episoder",
    "OptionEpisodeSortName": "Navn for sortering af episoder",
    "OptionSeriesSortName": "Seriens navn",
    "OptionTvdbRating": "Tvdb bed\u00f8mmelse",
    "HeaderTranscodingQualityPreference": "Foretrukken kvalitet for transkodning:",
    "OptionAutomaticTranscodingHelp": "Serveren vil bestemme kvalitet og hastighed",
    "OptionHighSpeedTranscodingHelp": "Lavere kvalitet, men hurtigere omkodning",
    "OptionHighQualityTranscodingHelp": "H\u00f8jere kvalitet, men langsommere omkodning",
    "OptionMaxQualityTranscodingHelp": "Bedste kvalitet med langsommere omkodning og h\u00f8jere CPU forbrug",
    "OptionHighSpeedTranscoding": "H\u00f8jere hastighed",
    "OptionHighQualityTranscoding": "H\u00f8jere kvalitet",
    "OptionMaxQualityTranscoding": "H\u00f8jeste kvalitet",
    "OptionEnableDebugTranscodingLogging": "Aktiver debug logning af transkodning",
    "OptionEnableDebugTranscodingLoggingHelp": "Dette generer meget store logfiler, og er kun anbefalet at bruge til fejlfindingsform\u00e5l.",
    "EditCollectionItemsHelp": "Tilf\u00f8j eller fjern hvilken som helst film, serie, albums, bog eller spil, du har lyst til at tilf\u00f8je til denne samling.",
    "HeaderAddTitles": "Tilf\u00f8j titler",
    "LabelEnableDlnaPlayTo": "Aktiver DLNA \"Afspil Til\"",
    "LabelEnableDlnaPlayToHelp": "Emby kan finde enheder i dit netv\u00e6rk og tilbyde at kontrollere dem.",
    "LabelEnableDlnaDebugLogging": "Aktiver debu logning af DLNA",
    "LabelEnableDlnaDebugLoggingHelp": "Dette generer meget store logfiler, og er kun anbefalet at bruge til fejlfindingsform\u00e5l.",
    "LabelEnableDlnaClientDiscoveryInterval": "Interval for klients\u00f8gning (sekunder)",
    "LabelEnableDlnaClientDiscoveryIntervalHelp": "angiver intervallet i sekunder mellem Embys SSDP s\u00f8gninger.",
    "HeaderCustomDlnaProfiles": "Brugerdefinerede profiler",
    "HeaderSystemDlnaProfiles": "Systemprofiler",
    "CustomDlnaProfilesHelp": "Lav brugerdefinerede profiler til nye enheder eller for at overstyre en systemprofil.",
    "SystemDlnaProfilesHelp": "Systemprofiler kan ikke overskrives. \u00c6ndringer i en systemprofil vil blive gemt i en ny brugerdefineret profil.",
    "TitleDashboard": "Betjeningspanel",
    "TabHome": "Hjem",
    "TabInfo": "Info",
    "HeaderLinks": "Links",
    "HeaderSystemPaths": "Systemstier",
    "LinkCommunity": "F\u00e6llesskab",
    "LinkGithub": "Github",
    "LinkApi": "Api",
    "LinkApiDocumentation": "Api dokumentation",
    "LabelFriendlyServerName": "Nemt servernavn",
    "LabelFriendlyServerNameHelp": "Dette navn bruges til at identificere serveren. Hvis det ikke udfyldes, bruges computerens navn.",
    "LabelPreferredDisplayLanguage": "Foretrukket sprog til visning:",
    "LabelPreferredDisplayLanguageHelp": "Translating Emby is an ongoing project.",
    "LabelReadHowYouCanContribute": "Learn how you can contribute.",
    "HeaderNewCollection": "Ny samling",
    "ButtonSubmit": "Indsend",
    "ButtonCreate": "Skab",
    "LabelCustomCss": "Brugerdefineret css",
    "LabelCustomCssHelp": "Anvend din egen css til webinterfacet.",
    "LabelLocalHttpServerPortNumber": "Lokalt http portnummer:",
    "LabelLocalHttpServerPortNumberHelp": "Det portnummer Embys http-server bruger.",
    "LabelPublicHttpPort": "Offentligt http portnummer:",
    "LabelPublicHttpPortHelp": "Det offentlige portnummer som bliver knyttet til det lokale http portnummer.",
    "LabelPublicHttpsPort": "Offentligt https portnummer:",
    "LabelPublicHttpsPortHelp": "Det offentlige portnummer som bliver knyttet til det lokale https portnummer.",
    "LabelEnableHttps": "Angiv https til den eksterne adresse",
    "LabelEnableHttpsHelp": "Aktiver dette for at f\u00e5 serveren til at oplyse en https url som eksterne adresse til klienter.",
    "LabelHttpsPort": "Lokalt https portnummer",
    "LabelHttpsPortHelp": "Det portnummer Embys https-server bruger.",
    "LabelWebSocketPortNumber": "Web socket portnummer:",
    "LabelEnableAutomaticPortMap": "Aktiver automatisk port mapping",
    "LabelEnableAutomaticPortMapHelp": "Fors\u00f8g at mappe den offentlige port til den lokale port med uPnP. Dette virker ikke med alle routere.",
    "LabelExternalDDNS": "Ekstern WAN adresse:",
    "LabelExternalDDNSHelp": "Hvis du bruger en dynamisk DNS service, s\u00e5 skriv dit hostnavn her. Emby apps vil bruge det til at forbinde eksternt. Efterlad feltet tomt for at bruge automatisk opdagelse.",
    "TabResume": "Forts\u00e6t",
    "TabWeather": "Vejr",
    "TitleAppSettings": "App indstillinger",
    "LabelMinResumePercentage": "Min. forts\u00e6t procentdel:",
    "LabelMaxResumePercentage": "Maks. forts\u00e6t procentdel:",
    "LabelMinResumeDuration": "Min. forts\u00e6t tidsrum (sekunder):",
    "LabelMinResumePercentageHelp": "Medier anses om ikke afspillet, hvis de stoppes inden denne tid.",
    "LabelMaxResumePercentageHelp": "Medier anses som fuldt afspillet, hvis de stoppes efter denne tid.",
    "LabelMinResumeDurationHelp": "Medier med kortere afspilningstid en denne kan ikke forts\u00e6ttes.",
    "TitleAutoOrganize": "Organiser automatisk",
    "TabActivityLog": "Aktivitetslog",
    "HeaderName": "Navn",
    "HeaderDate": "Dato",
    "HeaderSource": "Kilde",
    "HeaderDestination": "Destination",
    "HeaderProgram": "Program",
    "HeaderClients": "Klienter",
    "LabelCompleted": "F\u00e6rdig",
    "LabelFailed": "Fejlet",
    "LabelSkipped": "Oversprunget",
    "HeaderEpisodeOrganization": "Organisation af episoder",
    "LabelSeries": "Serier",
    "LabelSeasonNumber": "Season number",
    "LabelEpisodeNumber": "Episode number",
    "LabelEndingEpisodeNumber": "Nummer p\u00e5 sidste episode",
    "LabelEndingEpisodeNumberHelp": "Kun n\u00f8dvendig for filer med flere episoder.",
    "HeaderSupportTheTeam": "St\u00f8t Emby-holdet",
    "LabelSupportAmount": "Bel\u00f8b (USD)",
    "HeaderSupportTheTeamHelp": "Help ensure the continued development of this project by purchasing Emby Premiere. A portion of all income will be contributed to other free tools we depend on.",
    "ButtonEnterSupporterKey": "Enter Emby Premiere key",
    "DonationNextStep": "Once complete, please return and enter your Emby Premiere key, which you will receive by email.",
    "AutoOrganizeHelp": "Organiser automatisk overv\u00e5ger de mapper, du henter til, og flytter filerne til dine mediemapper.",
    "AutoOrganizeTvHelp": "TV-fil organisering vil kun tilf\u00f8je episoder til eksisterende serier. Der oprettes ikke mapper til nye serier.",
    "OptionEnableEpisodeOrganization": "Aktiver organisering af nye episoder.",
    "LabelWatchFolder": "Overv\u00e5get mappe:",
    "LabelWatchFolderHelp": "Serveren vil unders\u00f8ge denne mappe n\u00e5r den planlagte opgave 'Organiser nye mediefiler' k\u00f8rer.",
    "ButtonViewScheduledTasks": "Vis planlagte opgaver.",
    "LabelMinFileSizeForOrganize": "Mindste filst\u00f8rrelse (MB):",
    "LabelMinFileSizeForOrganizeHelp": "Filer under denne st\u00f8rrelse vil blive ignoreret.",
    "LabelSeasonFolderPattern": "S\u00e6sonmappe m\u00f8nster:",
    "LabelSeasonZeroFolderName": "S\u00e6son 0 mappenavn:",
    "HeaderEpisodeFilePattern": "Episode film\u00f8nster",
    "LabelEpisodePattern": "Episode m\u00f8nster:",
    "LabelMultiEpisodePattern": "Multi-episode m\u00f8nster:",
    "HeaderSupportedPatterns": "Underst\u00f8ttede m\u00f8nstre",
    "HeaderTerm": "Udtryk",
    "HeaderPattern": "M\u00f8nster",
    "HeaderResult": "Resultat",
    "LabelDeleteEmptyFolders": "Slet tomme mapper efter organisering",
    "LabelDeleteEmptyFoldersHelp": "Aktiver dette for at hole mapperne, du henter til, ryddelige.",
    "LabelDeleteLeftOverFiles": "Slet efterladte filer med disse endelser:",
    "LabelDeleteLeftOverFilesHelp": "Adskil med ;. F. eks. .nfo;.txt",
    "OptionOverwriteExistingEpisodes": "Overskriv eksisterende episoder",
    "LabelTransferMethod": "Overf\u00f8rselsmetode",
    "OptionCopy": "Kopier",
    "OptionMove": "Flyt",
    "LabelTransferMethodHelp": "Kopier eller flyt filer fra den overv\u00e5gede mappe.",
    "HeaderLatestNews": "Sidste nyt",
    "HeaderHelpImproveProject": "Hj\u00e6lp med at forbedre Emvy",
    "HeaderRunningTasks": "K\u00f8rende opgaver",
    "HeaderActiveDevices": "Aktive enheder",
    "HeaderPendingInstallations": "Ventende installationer",
    "HeaderServerInformation": "Information om serveren",
    "ButtonRestartNow": "Genstart nu",
    "ButtonRestart": "Genstart",
    "ButtonShutdown": "Luk",
    "ButtonUpdateNow": "Opdater nu",
    "TabHosting": "Hosting",
    "PleaseUpdateManually": "Luk venligst serveren og opdater manuelt.",
    "NewServerVersionAvailable": "En ny version af Emby serveren er tilg\u00e6ngelig!",
    "ServerUpToDate": "Emby serveren er opdateret",
    "LabelComponentsUpdated": "F\u00f8lgende komponenter er blevet installeret eller opdateret:",
    "MessagePleaseRestartServerToFinishUpdating": "Genstart venligt serveret for at afslutte opdateringen.",
    "LabelDownMixAudioScale": "For\u00f8g lydstyrke ved nedmiksning:",
    "LabelDownMixAudioScaleHelp": "For\u00f8g lydstyrken n\u00e5r der nedmikses. S\u00e6t v\u00e6rdien til 1 for at beholde den originale lydstyrke.",
    "ButtonLinkKeys": "Overf\u00f8rselsn\u00f8gle",
    "LabelOldSupporterKey": "Old Emby Premiere key",
    "LabelNewSupporterKey": "New Emby Premiere key",
    "HeaderMultipleKeyLinking": "Overf\u00f8r til ny n\u00f8gle",
    "MultipleKeyLinkingHelp": "If you received a new Emby Premiere key, use this form to transfer the old key's registrations to your new one.",
    "LabelCurrentEmailAddress": "Nuv\u00e6rende e-mail adresse",
    "LabelCurrentEmailAddressHelp": "Den e-mail adresse, den nye n\u00f8gle er sendt til.",
    "HeaderForgotKey": "Glemt n\u00f8gle",
    "LabelEmailAddress": "E-mail adresse",
    "LabelSupporterEmailAddress": "Den e-mailadresse , du brugte da du k\u00f8bte n\u00f8glen.",
    "ButtonRetrieveKey": "Hent n\u00f8gle",
    "LabelSupporterKey": "Emby Premiere key (paste from email):",
    "LabelSupporterKeyHelp": "Enter your Emby Premiere key to start enjoying additional benefits the community has developed for Emby.",
    "MessageInvalidKey": "Emby Premiere key is missing or invalid.",
    "ErrorMessageInvalidKey": "In order for any premium content to be registered, you must also have an active Emby Premiere subscription.",
    "HeaderDisplaySettings": "Indstillinger for visning",
    "TabPlayTo": "Afspil til",
    "LabelEnableDlnaServer": "Aktiver DNLA server",
    "LabelEnableDlnaServerHelp": "Tillader UPnP enheder i dit netv\u00e6rk at gennemse og afspille Embys indhold.",
    "LabelEnableBlastAliveMessages": "Masseudsend 'i live' beskeder",
    "LabelEnableBlastAliveMessagesHelp": "Aktiverd dette hvis UPnP enheder har problemer med forbindelsen til serveren.",
    "LabelBlastMessageInterval": "Interval mellem 'i live' beskeder (sekunder)",
    "LabelBlastMessageIntervalHelp": "Angiver intervallet i sekunder mellem serverens 'i live' beskeder.",
    "LabelDefaultUser": "Standardbruger:",
    "LabelDefaultUserHelp": "Bestemmer hvilken brugers bibliotek der bliver vist p\u00e5 tilkoblede enheder. Dette kan \u00e6ndres ved at bruge profiler.",
    "TitleDlna": "DLNA",
    "TitleChannels": "Kanaler",
    "HeaderServerSettings": "Serverindstillinger",
    "LabelWeatherDisplayLocation": "Lokation for vejrvisning:",
    "LabelWeatherDisplayLocationHelp": "USA postnummer \/ by, stat, land \/ by, land",
    "LabelWeatherDisplayUnit": "Temperaturenhed",
    "OptionCelsius": "Celsius",
    "OptionFahrenheit": "Fahrenheit",
    "HeaderRequireManualLogin": "Kr\u00e6v manuel indtastning af brugernavn for:",
    "HeaderRequireManualLoginHelp": "N\u00e5r dette ikke bruges, kan klienter vise en loginsk\u00e6rm med billeder af brugerne.",
    "OptionOtherApps": "Andre apps",
    "OptionMobileApps": "Mobile apps",
    "HeaderNotificationList": "Klik p\u00e5 en underretning for at indstille hvordan den sender.",
    "NotificationOptionApplicationUpdateAvailable": "Programopdatering tilg\u00e6ngelig",
    "NotificationOptionApplicationUpdateInstalled": "Programopdatering installeret",
    "NotificationOptionPluginUpdateInstalled": "Opdatering til plugin installeret",
    "NotificationOptionPluginInstalled": "Plugin installeret",
    "NotificationOptionPluginUninstalled": "Plugin afinstalleret",
    "NotificationOptionVideoPlayback": "Videoafspilning startet",
    "NotificationOptionAudioPlayback": "Lydafspilning startet",
    "NotificationOptionGamePlayback": "Spilafspilning startet",
    "NotificationOptionVideoPlaybackStopped": "Videoafspilning stoppet",
    "NotificationOptionAudioPlaybackStopped": "Lydafspilning stoppet",
    "NotificationOptionGamePlaybackStopped": "Spilafspilning stoppet",
    "NotificationOptionTaskFailed": "Fejl i planlagt opgave",
    "NotificationOptionInstallationFailed": "Fejl ved installation",
    "NotificationOptionNewLibraryContent": "Nyt indhold tilf\u00f8jet",
    "NotificationOptionNewLibraryContentMultiple": "Nyt indhold tilf\u00f8jet (flere)",
    "NotificationOptionCameraImageUploaded": "Kamerabillede tilf\u00f8jet",
    "NotificationOptionUserLockedOut": "Bruger l\u00e5st",
    "HeaderSendNotificationHelp": "Notifications are delivered to your Emby inbox. Additional options can be installed from the Services tab.",
    "NotificationOptionServerRestartRequired": "Genstart af serveren p\u00e5kr\u00e6vet",
    "LabelNotificationEnabled": "Aktiver denne underretning",
    "LabelMonitorUsers": "Overv\u00e5g aktivitet fra:",
    "LabelSendNotificationToUsers": "Send underretning til:",
    "LabelUseNotificationServices": "Brug f\u00f8lgende tjenester:",
    "CategoryUser": "Bruger",
    "CategorySystem": "System",
    "CategoryApplication": "Program",
    "CategoryPlugin": "Plugin",
    "LabelMessageTitle": "Titel p\u00e5 besked",
    "LabelAvailableTokens": "Tilg\u00e6ngelige tokens:",
    "AdditionalNotificationServices": "Kig i plugin-kataloget for at f\u00e5 yderligere uderretnings-tjenester",
    "OptionAllUsers": "Alle brugere",
    "OptionAdminUsers": "Administratore",
    "OptionCustomUsers": "Brugerdefineret",
    "ButtonArrowUp": "Op",
    "ButtonArrowDown": "Ned",
    "ButtonArrowLeft": "Venstre",
    "ButtonArrowRight": "H\u00f8jre",
    "ButtonBack": "Tilbage",
    "ButtonInfo": "Info",
    "ButtonOsd": "Vis p\u00e5 sk\u00e6rmen",
    "ButtonPageUp": "Side op",
    "ButtonPageDown": "Side ned",
    "PageAbbreviation": "PG",
    "ButtonHome": "Hjem",
    "ButtonSearch": "S\u00f8g",
    "ButtonSettings": "Indstillinger",
    "ButtonTakeScreenshot": "Gem sk\u00e6rmbillede",
    "ButtonLetterUp": "Bogstav op",
    "ButtonLetterDown": "Bogstav ned",
    "PageButtonAbbreviation": "PG",
    "LetterButtonAbbreviation": "A",
    "TabNowPlaying": "Spiller nu",
    "TabNavigation": "Navigation",
    "TabControls": "Kontroller",
    "ButtonFullscreen": "Skift fuldsk\u00e6rm",
    "ButtonScenes": "Scener",
    "ButtonSubtitles": "Undertekster",
    "ButtonAudioTracks": "Lydspor",
    "ButtonPreviousTrack": "Forrige spor",
    "ButtonNextTrack": "N\u00e6ste spor",
    "ButtonStop": "Stop",
    "ButtonPause": "Pause",
    "ButtonNext": "N\u00e6ste",
    "ButtonPrevious": "Forrige",
    "LabelGroupMoviesIntoCollections": "Grupper film i samlinger",
    "LabelGroupMoviesIntoCollectionsHelp": "Film i samlinger vil blive vist som en samlet enhed i filmlister.",
    "NotificationOptionPluginError": "Plugin fejl",
    "ButtonVolumeUp": "Volume +",
    "ButtonVolumeDown": "Volume -",
    "ButtonMute": "Lyd fra",
    "HeaderLatestMedia": "Seneste medier",
    "OptionSpecialFeatures": "Specielle egenskaber",
    "HeaderCollections": "Samlinger",
    "LabelProfileCodecsHelp": "Adskil med komma. Kan efterlades tom for at g\u00e6lde for alle codecs.",
    "LabelProfileContainersHelp": "Adskil med komma. Kan efterlades tom for at g\u00e6lde for alle containere.",
    "HeaderResponseProfile": "Svarprofil",
    "LabelType": "Type:",
    "LabelPersonRole": "Rolle:",
    "LabelPersonRoleHelp": "Rolle g\u00e6lder generelt kun for skuespillere.",
    "LabelProfileContainer": "Container:",
    "LabelProfileVideoCodecs": "Video codecs:",
    "LabelProfileAudioCodecs": "Audio codecs:",
    "LabelProfileCodecs": "Codecs:",
    "HeaderDirectPlayProfile": "Profil for direkte afspilning",
    "HeaderTranscodingProfile": "Transkodningsprofil",
    "HeaderCodecProfile": "Codec profil",
    "HeaderCodecProfileHelp": "Codec profiler angiver begr\u00e6nsninger p\u00e5 en enhed for et specifikt codec. Hvis en begr\u00e6nsning n\u00e5s, vil indholdet blive transkodet, selv om codec'et er angivet til direkte afspilning.",
    "HeaderContainerProfile": "Container profil",
    "HeaderContainerProfileHelp": "Container profiler angiver begr\u00e6nsninger p\u00e5 en enhed for et specifikt codec. Hvis en begr\u00e6nsning n\u00e5s, vil indholdet blive transkodet, selv om formatet er angivet til direkte afspilning.",
    "OptionProfileVideo": "Video",
    "OptionProfileAudio": "Lyd",
    "OptionProfileVideoAudio": "Video lyd",
    "OptionProfilePhoto": "Foto",
    "LabelUserLibrary": "Brugerbibliotek",
    "LabelUserLibraryHelp": "V\u00e6lg hvilket brugerbibliotek der skal vises p\u00e5 enheden. efterlad tom for at arve standardindstillingen.",
    "OptionPlainStorageFolders": "Vis alle mapper som standardmapper",
    "OptionPlainStorageFoldersHelp": "N\u00e5r dette er aktiveret, bliver alle mapper vist i  DIDL som \"object.container.storageFolder\" i stedet for mere specifikke typer, som f. eks. \"object.container.person.musicArtist\".",
    "OptionPlainVideoItems": "Vis alle videoer som standardvideo",
    "OptionPlainVideoItemsHelp": "N\u00e5r dette er aktiveret, bliver alle videoer vist i DIDL som \"object.item.videoItem\" i stedet for mere specifikke typer, som f. eks.  \"object.item.videoItem.movie\".",
    "LabelSupportedMediaTypes": "Underst\u00f8ttede medieformater",
    "TabIdentification": "Identifikation",
    "HeaderIdentification": "Identifikation",
    "TabDirectPlay": "Direkte afspilning",
    "TabContainers": "Containere",
    "TabCodecs": "Codecs",
    "TabResponses": "Svar",
    "HeaderProfileInformation": "Profilinformation",
    "LabelEmbedAlbumArtDidl": "Inds\u00e6t album art i DIDL",
    "LabelEmbedAlbumArtDidlHelp": "Nogle en\u00b4heder foretr\u00e6kker denne metode til overf\u00f8rsel af album art. Andre kan fejle n\u00e5r dette er aktiveret.",
    "LabelAlbumArtPN": "Album art PN:",
    "LabelAlbumArtHelp": "PN til album art, brugt i dlna:profileID attributten upnp:albumArtURI. Nogle klienter kr\u00e6ver en specifik v\u00e6rdi, uanset st\u00f8rrelsen p\u00e5 billedet.",
    "LabelAlbumArtMaxWidth": "Album art max. bredde:",
    "LabelAlbumArtMaxWidthHelp": "Maksimumopl\u00f8sningen p\u00e5 album art der bliver vist med upnp:albumArtURI",
    "LabelAlbumArtMaxHeight": "Album art max. h\u00f8jde:",
    "LabelAlbumArtMaxHeightHelp": "Maksimumopl\u00f8sningen p\u00e5 album art der bliver vist med upnp:albumArtURI",
    "LabelIconMaxWidth": "Max bredde p\u00e5 ikoner:",
    "LabelIconMaxWidthHelp": "Maksimumopl\u00f8sningen p\u00e5 ikoner der bliver vist med upnp:icon",
    "LabelIconMaxHeight": "Max h\u00f8jde p\u00e5 ikoner:",
    "LabelIconMaxHeightHelp": "Maksimumopl\u00f8sningen p\u00e5 ikoner der bliver vist med upnp:icon",
    "LabelIdentificationFieldHelp": "En case-insensitive substring eller regex ekspression.",
    "HeaderProfileServerSettingsHelp": "Disse v\u00e6rdier kontrollerer hvordan Emby pr\u00e6senterer sig til enheden.",
    "LabelMaxBitrate": "Max bitrate:",
    "LabelMaxBitrateHelp": "Angiv en maksimal bitrate i omr\u00e5der med begr\u00e6nset b\u00e5ndbredde, eller hvis enheden selv har begr\u00e6nsninger.",
    "LabelMaxStreamingBitrate": "Max streaming bitrate:",
    "LabelMaxStreamingBitrateHelp": "Angiv en maksimal bitrate til streaming.",
    "LabelMaxChromecastBitrate": "Max Chromecast bitrate:",
    "LabelMaxStaticBitrate": "Max sync bitrate:",
    "LabelMaxStaticBitrateHelp": "Angiv en maksimal bitrate n\u00e5r der synkroniseres indhold med h\u00f8j kvalitet.",
    "LabelMusicStaticBitrate": "Musik sync bitrate:",
    "LabelMusicStaticBitrateHelp": "Angiv en maksimal bitrate n\u00e5r der synkroniseres musik.",
    "LabelMusicStreamingTranscodingBitrate": "Bitrate for musiktranskodning",
    "LabelMusicStreamingTranscodingBitrateHelp": "Angiv en maksimal bitrate n\u00e5r der streames musik.",
    "OptionIgnoreTranscodeByteRangeRequests": "Ignorer foresp\u00f8rgsler vedr\u00f8rende transcode byte interval",
    "OptionIgnoreTranscodeByteRangeRequestsHelp": "Hvis aktiveret vil disse foresp\u00f8rgsler blive efterkommet, men byte range headeren ignoreret.",
    "LabelFriendlyName": "System venligt navn",
    "LabelManufacturer": "Producent",
    "LabelManufacturerUrl": "Producent url",
    "LabelModelName": "Modelnavn",
    "LabelModelNumber": "Modelnummer",
    "LabelModelDescription": "Modelbeskrivelse",
    "LabelModelUrl": "Model url",
    "LabelSerialNumber": "Serienummer",
    "LabelDeviceDescription": "Beskrivelse af enhed",
    "HeaderIdentificationCriteriaHelp": "Indtast mindst et indetifikationskriterie.",
    "HeaderDirectPlayProfileHelp": "Tilf\u00f8j profiler for direkte afspilning for at angive hvilke formater enheden selv kan h\u00e5ndtere.",
    "HeaderTranscodingProfileHelp": "Tilf\u00f8j profiler for transkodning foe at angive hvilke formater der skal anvendes n\u00e5r transkodning er n\u00f8dvendig.",
    "HeaderResponseProfileHelp": "Svarprofiler giver en metode til at tilpasse hvilken information der sendes til enheden n\u00e5r der afspilles visse typer medier.",
    "LabelXDlnaCap": "X-Dlna cap:",
    "LabelXDlnaCapHelp": "Angiver indholdet i X_DLNACAP elementet i urn:schemas-dlna-org:device-1-0",
    "LabelXDlnaDoc": "X-Dlna doc:",
    "LabelXDlnaDocHelp": "Angiver indholdet i X_DLNADOC elementet i urn:schemas-dlna-org:device-1-0",
    "LabelSonyAggregationFlags": "Sony aggregation flags:",
    "LabelSonyAggregationFlagsHelp": "Angiver indholdet i aggregationFlags elementet i urn:schemas-sonycom:av",
    "LabelTranscodingContainer": "Container:",
    "LabelTranscodingVideoCodec": "Video codec:",
    "LabelTranscodingVideoProfile": "Videoprofil:",
    "LabelTranscodingAudioCodec": "Audio codec:",
    "OptionEnableM2tsMode": "Aktiver M2ts tilstand",
    "OptionEnableM2tsModeHelp": "Aktiver M2ts tilstand n\u00e5r der omkodes til mpegts.",
    "OptionEstimateContentLength": "Estimer l\u00e6ngden af indholdet n\u00e5r der transkodes",
    "OptionReportByteRangeSeekingWhenTranscoding": "Angiv at serveren underst\u00f8tter bytes \u00f8gning nrde\u00e5 r transkodes",
    "OptionReportByteRangeSeekingWhenTranscodingHelp": "Dette er kr\u00e6vet for nogle enheder der ikke er s\u00e6rligt gode til tidss\u00f8gning.",
    "HeaderSubtitleDownloadingHelp": "N\u00e5r Emby skanner dine videofiler, kan den s\u00f8ge efter manglende undertekster, og hente dem fra en undertekstudbyder, som f. eks. OpenSubtitles.org.",
    "HeaderDownloadSubtitlesFor": "Hent undertekster til:",
    "MessageNoChapterProviders": "Installer et kapiteludbyder-plugin, som f. ekst. ChapterDb, for at f\u00e5 yderligere muligheder med kapitler.",
    "LabelSkipIfGraphicalSubsPresent": "Spring over hvis videoen allerede indeholder grafiske undertekster",
    "LabelSkipIfGraphicalSubsPresentHelp": "Ved at bruger tekstbaserede undertekster kan du f\u00e5 en mere effektive levering og neds\u00e6tte sandsynligheden for transkodning.",
    "TabSubtitles": "Undertekster",
    "TabChapters": "Kapitler",
    "HeaderDownloadChaptersFor": "Hent kapitelnavne til:",
    "LabelOpenSubtitlesUsername": "Open Subtitles brugernavn:",
    "LabelOpenSubtitlesPassword": "Open Subtitles adgangskode:",
    "HeaderChapterDownloadingHelp": "N\u00e5r Emby skanner dine videofiler, kan den hente kapitelnavne fra internettet med kapitel-plugins, som f. eks. ChapterDb.",
    "LabelPlayDefaultAudioTrack": "Afspil standardlydsporet uanset sproget",
    "LabelSubtitlePlaybackMode": "Underteksttilstand:",
    "LabelDownloadLanguages": "Hent sprog:",
    "ButtonRegister": "Register",
    "LabelSkipIfAudioTrackPresent": "Undlad hvis standardlydsporet er det samme sprog",
    "LabelSkipIfAudioTrackPresentHelp": "Angiv ikke dette for at sikre at alle videoer har undertekster, uanset hvilket sprog lydsporet anvender.",
    "HeaderSendMessage": "Send besked",
    "ButtonSend": "Send",
    "LabelMessageText": "Beskedtekst:",
    "MessageNoAvailablePlugins": "Ingen tilg\u00e6ngelige plugins.",
    "LabelDisplayPluginsFor": "Vis plugins til:",
    "PluginTabAppClassic": "Emby Classic",
    "PluginTabAppTheater": "Emby Theater",
    "LabelEpisodeNamePlain": "Episodenavn",
    "LabelSeriesNamePlain": "Serienavn",
    "ValueSeriesNamePeriod": "Serie.navn",
    "ValueSeriesNameUnderscore": "Serie_navn",
    "ValueEpisodeNamePeriod": "Episode.navn",
    "ValueEpisodeNameUnderscore": "Episode_navn",
    "LabelSeasonNumberPlain": "S\u00e6sonnummer",
    "LabelEpisodeNumberPlain": "Episodenummer",
    "LabelEndingEpisodeNumberPlain": "Nummer p\u00e5 sidste episode",
    "HeaderTypeText": "Indtast tekst",
    "LabelTypeText": "Tekst",
    "HeaderSearchForSubtitles": "S\u00f8g efter undertekster",
    "MessageNoSubtitleSearchResultsFound": "Ingenting fundet.",
    "TabDisplay": "Visning",
    "TabLanguages": "Sprog",
    "TabAppSettings": "App-indstillinger",
    "LabelEnableThemeSongs": "Aktiver temasange",
    "LabelEnableBackdrops": "Aktiver backdrops",
    "LabelEnableThemeSongsHelp": "N\u00e5r dette er aktiveret vil der blive afspillet temasange mens man kigger i biblioteket.",
    "LabelEnableBackdropsHelp": "N\u00e5r dette er aktiveret vil der blive vist backdrops i baggrunden af nogle sider n\u00e5r man kigger i biblioteket.",
    "HeaderHomePage": "Hjemmeside",
    "HeaderSettingsForThisDevice": "Indstillinger for denne enhed",
    "OptionAuto": "Auto",
    "OptionYes": "Ja",
    "OptionNo": "Nej",
    "HeaderOptions": "Indstillinger",
    "HeaderIdentificationResult": "Identifikationsresultat",
    "LabelHomePageSection1": "Hjemmeside sektion 1",
    "LabelHomePageSection2": "Hjemmeside sektion 2",
    "LabelHomePageSection3": "Hjemmeside sektion 3",
    "LabelHomePageSection4": "Hjemmeside sektion 4",
    "OptionMyMediaButtons": "Mine medier (knapper)",
    "OptionMyMedia": "Mine medier",
    "OptionMyMediaSmall": "Mine medier (lille)",
    "OptionResumablemedia": "Forts\u00e6t",
    "OptionLatestMedia": "Seneste medier",
    "OptionLatestChannelMedia": "Seneste kanalenheder",
    "HeaderLatestChannelItems": "Seneste kanalenheder",
    "OptionNone": "Ingen",
    "HeaderLiveTv": "Live TV",
    "HeaderReports": "Rapporter",
    "HeaderMetadataManager": "Metadata Manager",
    "HeaderSettings": "Indstillinger",
    "MessageLoadingChannels": "Henter kanalindhold...",
    "MessageLoadingContent": "Henter indhold...",
    "ButtonMarkRead": "Marker som l\u00e6st",
    "OptionDefaultSort": "Standard",
    "OptionCommunityMostWatchedSort": "Mest sete",
    "TabNextUp": "N\u00e6ste",
    "PlaceholderUsername": "Brugernavn",
    "HeaderBecomeProjectSupporter": "Get Emby Premiere",
    "MessageNoMovieSuggestionsAvailable": "Ingen filmforslag er tilg\u00e6ngelige. Begynd at se og vurder dine film, og kom tilbage for at se dine anbefalinger.",
    "MessageNoCollectionsAvailable": "Samlinger tillader dig at lave personlige grupperinger affi lm, serier, albums, b\u00f8ger og spil. Klik p\u00e5 + knappen for at starte med at lave samlinger.",
    "MessageNoPlaylistsAvailable": "Afspilningslister lader dig lave lister af indhold der kan afspilles lige efter hinanden. For at tilf\u00f8je indhold til afspilningslisten, skal du h\u00f8jreklikke, eller trykke og holde, og derefter v\u00e6lge Tilf\u00f8j til afspilningsliste.",
    "MessageNoPlaylistItemsAvailable": "Denne afspilningsliste er tom.",
    "ButtonDismiss": "Afvis",
    "ButtonEditOtherUserPreferences": "Rediger denne brugers profil, billede og personlige indstillinger.",
    "LabelChannelStreamQuality": "Foretrukken internet stream kvalitet:",
    "LabelChannelStreamQualityHelp": "I omr\u00e5der med lav b\u00e5ndbredde kan begr\u00e6nsning af kvaliteten sikre en flydende streamingoplevelse.",
    "OptionBestAvailableStreamQuality": "Bedst mulige",
    "LabelEnableChannelContentDownloadingFor": "Aktiver kanalindhold for:",
    "LabelEnableChannelContentDownloadingForHelp": "Nogle kanaler underst\u00f8tter hentning af indhold f\u00f8r afspilningen. Aktiver dette i omr\u00e5der med lav b\u00e5ndbredde for at hente kanalindholdet i perioder uden aktivitet. Indholdet hentes s\u00e5 n\u00e5r den planlagte opgave for hentning af kanaindhold k\u00f8rer.",
    "LabelChannelDownloadPath": "Sti for hentning af kanalindhold:",
    "LabelChannelDownloadPathHelp": "Angiv en brugerdefineret sti hvis det \u00f8nskes. Hvis den efterlades tom, bliver data hentet til en intern programdatamappe.",
    "LabelChannelDownloadAge": "Slet indhold efter (dage):",
    "LabelChannelDownloadAgeHelp": "Hentet indhold \u00e6ldre end dette vil blive slettet. Det kan stadig afspilles med internet streaming.",
    "ChannelSettingsFormHelp": "Installer kanaler som f. eks. Trailers og Vimeo fra plugin-kataloget.",
    "ButtonOptions": "Indstillinger",
    "ViewTypePlaylists": "Afspilningslister",
    "ViewTypeMovies": "Film",
    "ViewTypeTvShows": "TV",
    "ViewTypeGames": "Spil",
    "ViewTypeMusic": "Musik",
    "ViewTypeMusicGenres": "Genrer",
    "ViewTypeMusicArtists": "Artister",
    "ViewTypeBoxSets": "Samlinger",
    "ViewTypeChannels": "Kanaler",
    "ViewTypeLiveTV": "Live TV",
    "ViewTypeLiveTvNowPlaying": "Vises nu",
    "ViewTypeLatestGames": "Seneste spil",
    "ViewTypeRecentlyPlayedGames": "Afspillet for nylig",
    "ViewTypeGameFavorites": "Favoritter",
    "ViewTypeGameSystems": "Spilsystemer",
    "ViewTypeGameGenres": "Genrer",
    "ViewTypeTvResume": "Forts\u00e6t",
    "ViewTypeTvNextUp": "N\u00e6ste",
    "ViewTypeTvLatest": "Seneste",
    "ViewTypeTvShowSeries": "Serier",
    "ViewTypeTvGenres": "Genrer",
    "ViewTypeTvFavoriteSeries": "Favoritserier",
    "ViewTypeTvFavoriteEpisodes": "Favoritepisoder",
    "ViewTypeMovieResume": "Forts\u00e6t",
    "ViewTypeMovieLatest": "Seneste",
    "ViewTypeMovieMovies": "Film",
    "ViewTypeMovieCollections": "Samlinger",
    "ViewTypeMovieFavorites": "Favoritter",
    "ViewTypeMovieGenres": "Genrer",
    "ViewTypeMusicLatest": "Seneste",
    "ViewTypeMusicPlaylists": "Afspilningslister",
    "ViewTypeMusicAlbums": "Albums",
    "ViewTypeMusicAlbumArtists": "Albumartister",
    "HeaderOtherDisplaySettings": "Indstillinger for visning",
    "ViewTypeMusicSongs": "Sange",
    "ViewTypeMusicFavorites": "Favoritter",
    "ViewTypeMusicFavoriteAlbums": "Favoritalbums",
    "ViewTypeMusicFavoriteArtists": "Favoritartister",
    "ViewTypeMusicFavoriteSongs": "Favoritsange",
    "HeaderMyViews": "Mine visninger",
    "LabelSelectFolderGroups": "Grupper automatisk indhold i visninger, som f. eks. film, musik og TV:",
    "LabelSelectFolderGroupsHelp": "Mapper der ikke er markeret bliver sot for sig selv i deres egen visning.",
    "OptionDisplayAdultContent": "Vis voksenindhold",
    "OptionLibraryFolders": "Mediemapper",
    "TitleRemoteControl": "Fjernstyring",
    "OptionLatestTvRecordings": "Seneste optagelser",
    "LabelProtocolInfo": "Protokolinformation:",
    "LabelProtocolInfoHelp": "Den v\u00e6rdi der bruges til svar p\u00e5 GetProtocolInfo-foresp\u00f8rgsler fra enheden.",
    "TabNfo": "Nfo",
    "HeaderKodiMetadataHelp": "Emby har indbygget underst\u00f8ttelse af Nfo metadatafiler.For at sl\u00e5 Nfo metadata til eller fra, skal du bruge indstillinger for medietyper p\u00e5 Avanceret-fanen.",
    "LabelKodiMetadataUser": "Synkroniser brugerdata til Nfo'er for:",
    "LabelKodiMetadataUserHelp": "Aktiver dette for at sikre data er ens i Emby og Nfo-filer.",
    "LabelKodiMetadataDateFormat": "Format for udgivelsesdato:",
    "LabelKodiMetadataDateFormatHelp": "Alle datoer i Nfo-filer vil blive l\u00e6st og skrevet med dette format.",
    "LabelKodiMetadataSaveImagePaths": "Gem stier til billeder i  Nfo-filer",
    "LabelKodiMetadataSaveImagePathsHelp": "Dette er anbefalet hvis du har billedfiler med navne der ikke lever op til Kodis retningslinjer.",
    "LabelKodiMetadataEnablePathSubstitution": "Aktiver stisubstitution",
    "LabelKodiMetadataEnablePathSubstitutionHelp": "Aktiverer stisubstitution for billedstier med serverens stisubstitutionsindstillinger.",
    "LabelKodiMetadataEnablePathSubstitutionHelp2": "Se stisubstitution.",
    "OptionDisplayChannelsInline": "Display channels inline within my views",
    "OptionDisplayChannelsInlineHelp": "If enabled, channels will be displayed directly alongside other views. If disabled, they'll be displayed within a separate Channels view.",
    "LabelDisplayCollectionsView": "Vis en Samlinger visning til filmsamlinger",
    "LabelDisplayCollectionsViewHelp": "Dette skaber en separat visning til samlinger du har skabt eller har adgang til. Du skaber samlinger ved at h\u00f8jreklikke, eller trykke og holde, p\u00e5 en film og v\u00e6lge 'Tilf\u00f8j til samling'. ",
    "LabelKodiMetadataEnableExtraThumbs": "kopier extrafanart til extrathumbs",
    "LabelKodiMetadataEnableExtraThumbsHelp": "Ved hentning af billeder, kan de gemmes i b\u00e5de extrafanart og extrathumbs. Dette giver maksimal Kodi skin kompatibilitet.",
    "TabServices": "Tjenester",
    "TabLogs": "Logs",
    "HeaderServerLogFiles": "Serverlogfiler:",
    "TabBranding": "Branding",
    "HeaderBrandingHelp": "Brugertilpas udseendet af Emby s\u00e5 den passer til dine behov.",
    "LabelLoginDisclaimer": "Login ansvarsfraskrivelse:",
    "LabelLoginDisclaimerHelp": "Dette bliver vist i bunden af loginsiden.",
    "OptionList": "Liste",
    "TabDashboard": "Betjeningspanel",
    "TitleServer": "Server",
    "LabelCache": "Cache:",
    "LabelLogs": "Logs:",
    "LabelMetadata": "Metadata:",
    "LabelImagesByName": "Billeder pr. navn:",
    "LabelTranscodingTemporaryFiles": "Midlertidige filer for transkodning:",
    "HeaderLatestMusic": "Seneste musik",
    "HeaderBranding": "Branding",
    "HeaderApiKeys": "Api n\u00f8gler",
    "HeaderApiKeysHelp": "Eksterne applikationer skal have en Api n\u00f8gle for at kunne kommunikere med Emby. N\u00f8gler udstedes ved at logge ind med en Emby konto, eller ved manuelt at tildele applikationen en n\u00f8gle.",
    "HeaderApiKey": "Api n\u00f8gle",
    "HeaderApp": "App",
    "HeaderDevice": "Enhed",
    "HeaderUser": "Bruger",
    "HeaderDateIssued": "Udstedelsesdato",
    "LabelChapterName": "Kapitel {0}",
    "HeaderNewApiKey": "Ny Api n\u00f8gle",
    "LabelAppName": "App navn",
    "LabelAppNameExample": "F. eks: Sickbeard, NzbDrone",
    "HeaderNewApiKeyHelp": "Giv applikationen tilladelse til at kommunikere med Emby.",
    "HeaderHttpHeaders": "Http Headers",
    "HeaderIdentificationHeader": "Identification Header",
    "LabelValue": "V\u00e6rdi:",
    "LabelMatchType": "Match type:",
    "OptionEquals": "Lig med",
    "OptionRegex": "Regex",
    "OptionSubstring": "Delstreng",
    "TabView": "Visning",
    "TabSort": "Sorter",
    "TabFilter": "Filtrer",
    "ButtonView": "Visning",
    "LabelPageSize": "Maks. enheder:",
    "LabelPath": "Sti:",
    "LabelView": "Vis:",
    "TabUsers": "Brugere",
    "LabelSortName": "Sorteringsnavn:",
    "LabelDateAdded": "Dato for tilf\u00f8jelse:",
    "HeaderFeatures": "Egenskaber",
    "HeaderAdvanced": "Avanceret",
    "ButtonSync": "Sync",
    "TabScheduledTasks": "Planlagte opgaver",
    "HeaderChapters": "Kapitler",
    "HeaderResumeSettings": "Indstillinger for forts\u00e6t",
    "TabSync": "Sync",
    "TitleUsers": "Brugere",
    "LabelProtocol": "Protokol:",
    "OptionProtocolHttp": "Http",
    "OptionProtocolHls": "Http Live Streaming",
    "LabelContext": "Kontekst:",
    "OptionContextStreaming": "Streaming",
    "OptionContextStatic": "Sync",
    "ButtonAddToPlaylist": "Tilf\u00f8j til afspilningsliste",
    "TabPlaylists": "Afspilningslister",
    "ButtonClose": "Luk",
    "LabelAllLanguages": "Alle sprog",
    "HeaderBrowseOnlineImages": "Gennemse online billeder",
    "LabelSource": "Kilde:",
    "OptionAll": "Alle",
    "LabelImage": "Billede:",
    "ButtonBrowseImages": "Gennemse billeder",
    "HeaderImages": "Billeder",
    "HeaderBackdrops": "Backdrops",
    "HeaderScreenshots": "Sk\u00e6rmbilleder",
    "HeaderAddUpdateImage": "Tilf\u00f8j\/opdater billede",
    "LabelJpgPngOnly": "Kun JPG\/PNG",
    "LabelImageType": "Billedtype:",
    "OptionPrimary": "PrIm\u00e6r",
    "OptionArt": "Kunst",
    "OptionBox": "\u00c6ske",
    "OptionBoxRear": "\u00c6ske bag",
    "OptionDisc": "Disk",
    "OptionIcon": "Ikon",
    "OptionLogo": "Logo",
    "OptionMenu": "Menu",
    "OptionScreenshot": "Sk\u00e6rmbillede",
    "OptionLocked": "L\u00e5st",
    "OptionUnidentified": "Uidentificeret",
    "OptionMissingParentalRating": "Mangler aldersgr\u00e6nse",
    "OptionStub": "P\u00e5begyndt",
    "HeaderEpisodes": "Episoder:",
    "OptionSeason0": "S\u00e6son 0",
    "LabelReport": "Rapport:",
    "OptionReportSongs": "Sange",
    "OptionReportSeries": "Serier",
    "OptionReportSeasons": "S\u00e6soner",
    "OptionReportTrailers": "Trailere",
    "OptionReportMusicVideos": "Musikvideoer",
    "OptionReportMovies": "Film",
    "OptionReportHomeVideos": "Hjemmevideoer",
    "OptionReportGames": "Spil",
    "OptionReportEpisodes": "Episoder",
    "OptionReportCollections": "Samlinger",
    "OptionReportBooks": "B\u00f8ger",
    "OptionReportArtists": "Artister",
    "OptionReportAlbums": "Albums",
    "OptionReportAdultVideos": "Voksenfilm",
    "ButtonMore": "More",
    "HeaderActivity": "Aktivitet",
    "ScheduledTaskStartedWithName": "{0} startet",
    "ScheduledTaskCancelledWithName": "{0} blev afbrudt",
    "ScheduledTaskCompletedWithName": "{0} f\u00e6rdig",
    "ScheduledTaskFailed": "Planlagt opgave udf\u00f8rt",
    "PluginInstalledWithName": "{0} blev installeret",
    "PluginUpdatedWithName": "{0} blev opdateret",
    "PluginUninstalledWithName": "{0} blev afinstalleret",
    "ScheduledTaskFailedWithName": "{0} fejlede",
    "ItemAddedWithName": "{0} blev tilf\u00f8jet til biblioteket",
    "ItemRemovedWithName": "{0} blev fjernet fra biblioteket",
    "DeviceOnlineWithName": "{0} er forbundet",
    "UserOnlineFromDevice": "{0} er online fra {1}",
    "DeviceOfflineWithName": "{0} har afbrudt forbindelsen",
    "UserOfflineFromDevice": "{0} har afbrudt forbindelsen fra {1}",
    "SubtitlesDownloadedForItem": "Undertekster hentet til {0}",
    "SubtitleDownloadFailureForItem": "Hentning af undertekster til {0} fejlede",
    "LabelRunningTimeValue": "K\u00f8rselstid: {0}",
    "LabelIpAddressValue": "IP-adresse: {0}",
    "UserLockedOutWithName": "Bruger {0} er blevet l\u00e5st",
    "UserConfigurationUpdatedWithName": "Brugerkonfigurationen for {0} er blevet opdateret",
    "UserCreatedWithName": "Bruger {0} er skabt",
    "UserPasswordChangedWithName": "Adgangskoden for {0} er blevet \u00e6ndret",
    "UserDeletedWithName": "Bruger {0} er slettet",
    "MessageServerConfigurationUpdated": "Serverkonfigurationen er opdateret",
    "MessageNamedServerConfigurationUpdatedWithValue": "Serverkonfiguration sektion {0} er opdateret",
    "MessageApplicationUpdated": "Emby er blevet opdateret",
    "AuthenticationSucceededWithUserName": "{0} autentificeret",
    "FailedLoginAttemptWithUserName": "Fejlslagent loginfors\u00f8g fra {0}",
    "UserDownloadingItemWithValues": "{0} henter {1}",
    "UserStartedPlayingItemWithValues": "{0} afspiller {1}",
    "UserStoppedPlayingItemWithValues": "{0} har stoppet afpilningen af {1}",
    "AppDeviceValues": "App: {0}, Enhed: {1}",
    "ProviderValue": "Udbyder: {0}",
    "LabelChannelDownloadSizeLimit": "St\u00f8rrelsesbegr\u00e6nsning for hentning (GB):",
    "LabelChannelDownloadSizeLimitHelpText": "Begr\u00e6ns st\u00f8rrelsen af mappen med kanalindhold.",
    "HeaderRecentActivity": "Seneste aktivitet",
    "HeaderPeople": "Mennesker",
    "HeaderDownloadPeopleMetadataFor": "Hent biografil og billeder for:",
    "OptionComposers": "Komponenter",
    "OptionOthers": "Andre",
    "HeaderDownloadPeopleMetadataForHelp": "Ved at aktivere yderligere muligheder s\u00e5r du mere informatin p\u00e5 sk\u00e6rmen, men biblioteksskanninger bliver langsommere.",
    "ViewTypeFolders": "Mapper",
    "LabelDisplayFoldersView": "Vis en mappevisning til visning af enkle mediemapper",
    "ViewTypeLiveTvRecordingGroups": "Optagelser",
    "ViewTypeLiveTvChannels": "Kanaler",
    "LabelEasyPinCode": "Pinkode:",
    "EasyPasswordHelp": "Din pinkode bruges til offline adgang til underst\u00f8ttede Emby apps, og kan ogs\u00e5 bruges til nemt login inden for eget netv\u00e6rk.",
    "LabelInNetworkSignInWithEasyPassword": "Tillad login inden for eget netv\u00e6rk med pinkode",
    "LabelInNetworkSignInWithEasyPasswordHelp": "Aktiver dette for at loge ind i Emby apps med din pinkode inden for dit eget netv\u00e6rk. Din almindelige adgangskode skal du s\u00e5 kun bruge n\u00e5r du ikke er hjemme. Hvis pinkoden er tom, kan du logge ind uden adgangskode inden for dit eget netv\u00e6rk.",
    "HeaderPassword": "Adgangskode",
    "HeaderLocalAccess": "Lokal adgang",
    "HeaderViewOrder": "Visningorden",
    "ButtonResetEasyPassword": "Nulstil pinkode",
    "LabelSelectUserViewOrder": "V\u00e6lg hvilken r\u00e6kkef\u00f8lge dine visninger skal v\u00e6re i i Emby apps",
    "LabelMetadataRefreshMode": "Opdateringstilstand for metadata:",
    "LabelImageRefreshMode": "Opdateringstilstand for billeder:",
    "OptionDownloadMissingImages": "Hent manglende billeder",
    "OptionReplaceExistingImages": "Erstat eksisterende billeder",
    "OptionRefreshAllData": "Opdater alle data",
    "OptionAddMissingDataOnly": "Hent kun manglende data",
    "OptionLocalRefreshOnly": "Opdater kun lokalt",
    "HeaderRefreshMetadata": "Opdater metadata",
    "HeaderPersonInfo": "Personinformation",
    "HeaderIdentifyItemHelp": "Indtast et eller flere s\u00f8gekriterier.Fjern kriterier for at f\u00e5 flere s\u00f8geresultater.",
    "HeaderConfirmDeletion": "Bekr\u00e6ft sletning",
    "LabelFollowingFileWillBeDeleted": "F\u00f8lgende filer bliver slettet:",
    "LabelIfYouWishToContinueWithDeletion": "Hvis du \u00f8nsker at forts\u00e6tte, bekr\u00e6ft venligst ved at indtaste v\u00e6rdien af:",
    "ButtonIdentify": "Identificer",
    "LabelAlbumArtist": "Albumartist:",
    "LabelAlbumArtists": "Albumartister:",
    "LabelAlbum": "Album:",
    "LabelCommunityRating": "F\u00e6llesskabsvurdering:",
    "LabelVoteCount": "Antal stemmer:",
    "LabelMetascore": "Metascore:",
    "LabelCriticRating": "Kritikervurdering:",
    "LabelCriticRatingSummary": "Resum\u00e9 af kritikervurderinger:",
    "LabelAwardSummary": "Resum\u00e9 af priser:",
    "LabelWebsite": "Hjemmeside:",
    "LabelTagline": "Tagline:",
    "LabelOverview": "Oversigt:",
    "LabelShortOverview": "Kort oversigt:",
    "LabelReleaseDate": "Udgivelsesdato:",
    "LabelYear": "\u00c5r:",
    "LabelPlaceOfBirth": "F\u00f8dselssted:",
    "LabelEndDate": "Slutdato:",
    "LabelAirDate": "Sendedage:",
    "LabelAirTime:": "Sendetid:",
    "LabelRuntimeMinutes": "Spilletid (minutter):",
    "LabelParentalRating": "Aldersgr\u00e6nse:",
    "LabelCustomRating": "Brugerdefineret bed\u00f8mmelse:",
    "LabelBudget": "Budget",
    "LabelRevenue": "Indt\u00e6gter ($):",
    "LabelOriginalAspectRatio": "Originalt formatforhold:",
    "LabelPlayers": "Afspillere:",
    "Label3DFormat": "3D format:",
    "HeaderAlternateEpisodeNumbers": "Alternative episodenumre",
    "HeaderSpecialEpisodeInfo": "Information om specialepisoder",
    "HeaderExternalIds": "Eksterne ID'er:",
    "LabelDvdSeasonNumber": "DVD s\u00e6sonnummer",
    "LabelDvdEpisodeNumber": "DVD episodenummer:",
    "LabelAbsoluteEpisodeNumber": "Absolut episodenummer:",
    "LabelAirsBeforeSeason": "Sendes f\u00f8r s\u00e6son:",
    "LabelAirsAfterSeason": "Sendes efter s\u00e6son:",
    "LabelAirsBeforeEpisode": "Sendes f\u00f8r episode:",
    "LabelTreatImageAs": "Opfat billede som:",
    "LabelDisplayOrder": "Visningsorden:",
    "LabelDisplaySpecialsWithinSeasons": "Vis specialepisoder sammen med den s\u00e6son de blev sent i",
    "HeaderCountries": "Lande",
    "HeaderGenres": "Genrer",
    "HeaderPlotKeywords": "Plot n\u00f8gleord",
    "HeaderStudios": "Studier",
    "HeaderTags": "Tags",
    "HeaderMetadataSettings": "Indstillinger for metadata",
    "LabelLockItemToPreventChanges": "L\u00e5s for at undg\u00e5 fremtidige \u00e6ndringer",
    "MessageLeaveEmptyToInherit": "Efterlad tom for at arve indstillinger fra en overliggende post eller den globale standardv\u00e6rdi.",
    "HeaderDonationType": "Donationstype:",
    "OptionMakeOneTimeDonation": "Giv en enkeltst\u00e5ende donation",
    "OptionNoTrailer": "Ingen trailer",
    "OptionNoThemeSong": "Ingen temasang",
    "OptionNoThemeVideo": "Ingen temavideo",
    "LabelOneTimeDonationAmount": "Donationsbel\u00f8b:",
    "ButtonPurchase": "K\u00f8b",
    "OptionActor": "Skuespiller",
    "OptionComposer": "Komponist",
    "OptionDirector": "Instrukt\u00f8r",
    "OptionGuestStar": "G\u00e6stestjerne",
    "OptionProducer": "Producent",
    "OptionWriter": "Forfatter",
    "LabelAirDays": "Sendedage:",
    "LabelAirTime": "Sendetid:",
    "HeaderMediaInfo": "Medieinformation",
    "HeaderPhotoInfo": "Fotoinformation",
    "HeaderInstall": "Installer",
    "LabelSelectVersionToInstall": "V\u00e6lg hvilken version der skal installeres:",
    "LinkLearnMoreAboutSubscription": "Learn about Emby Premiere",
    "MessagePluginRequiresSubscription": "This plugin will require an active Emby Premiere subscription after the 14 day free trial.",
    "MessagePremiumPluginRequiresMembership": "This plugin will require an active Emby Premiere subscription in order to purchase after the 14 day free trial.",
    "HeaderReviews": "Anmeldelser",
    "HeaderDeveloperInfo": "Information om udvikleren",
    "HeaderRevisionHistory": "Revisionshistorik",
    "ButtonViewWebsite": "Bes\u00f8g hjemmeside",
    "HeaderXmlSettings": "XML indstillinger",
    "HeaderXmlDocumentAttributes": "XML dokumentattributter",
    "HeaderXmlDocumentAttribute": "XML dokumentattribut",
    "XmlDocumentAttributeListHelp": "Disse attributter bliver tilf\u00f8jet til rodelementet i alle XML svar.",
    "OptionSaveMetadataAsHidden": "Gem metadata og billeder som skjulte filer",
    "LabelExtractChaptersDuringLibraryScan": "Udtr\u00e6k kapitelbilleder under biblioteksskanning",
    "LabelExtractChaptersDuringLibraryScanHelp": "Aktiver dette for at udtr\u00e6kke kapitelbillleder mens videofiler bliver importeret under biblioteksskanningen. Hvi det ikke er aktiveret, bliver de udtrukket n\u00e5r den planlagte opgave kapitelbilleder k\u00f8rer, og lader den almindelige biblioteksskanning afslutte hurtigere.",
    "LabelConnectGuestUserName": "Hans\/hendes Emby brugernavn eller e-mailadresse:",
    "LabelConnectUserName": "Emby brugernavn\/e-mail:",
    "LabelConnectUserNameHelp": "Connect this local user to an online Emby account to enable easy sign-in access from any Emby app without having to know the server ip address.",
    "ButtonLearnMoreAboutEmbyConnect": "L\u00e6r mere om Emby Connect",
    "LabelExternalPlayers": "Eksterne afspillere:",
    "LabelExternalPlayersHelp": "Vis knapper til afspilning af indhold i eksterne afspillere. Dette er kun tilg\u00e6ngeligt p\u00e5 enheder der underst\u00f8tter URL skemaer, almindeligvis Android og iOS. Med eksterne afspillere er der generelt gen underst\u00f8ttelse for fjernstyring eller forts\u00e6ttelse.",
    "LabelNativeExternalPlayersHelp": "Hvis knapper til at afspille indhold i eksterne afspillere.",
    "LabelEnableItemPreviews": "Aktiver forh\u00e5ndsvisning af elementer",
    "LabelEnableItemPreviewsHelp": "Hvis aktiveret vil der blive vist glidende forh\u00e5ndsvisninger n\u00e5r der klikkes p\u00e5 elementer p\u00e5 visse sk\u00e6rme.",
    "HeaderSubtitleProfile": "Undertekstprofil",
    "HeaderSubtitleProfiles": "Undertekstprofiler",
    "HeaderSubtitleProfilesHelp": "Undertekstprofiler beskriver hvilke undertekstformater der unders\u00f8ttes af enheden.",
    "LabelFormat": "Format:",
    "LabelMethod": "Metode:",
    "LabelDidlMode": "DIDL tilstand:",
    "OptionCaptionInfoExSamsung": "CaptionInfoEx (Samsung)",
    "OptionResElement": "res element",
    "OptionEmbedSubtitles": "Inlejr i containeren",
    "OptionExternallyDownloaded": "Ekstern hentning",
    "OptionHlsSegmentedSubtitles": "Hls segmented undertekster",
    "LabelSubtitleFormatHelp": "F. eks: srt",
    "ButtonLearnMore": "L\u00e6r mere",
    "TabPlayback": "Afspilning",
    "HeaderLanguagePreferences": "Sprogpr\u00e6ferencer",
    "TabCinemaMode": "Biograftilstand",
    "TitlePlayback": "Afspilning",
    "LabelEnableCinemaModeFor": "Aktiver biograftilstand for:",
    "CinemaModeConfigurationHelp": "Biograftilstand giver dig biografoplevelsen direkte ind i din stue, med muligheden for at vise trailere og brugerdefinerede introduktioner f\u00f8r hovedfilmen.",
    "OptionTrailersFromMyMovies": "Brug trailere fra film i mit bibliotek",
    "OptionUpcomingMoviesInTheaters": "Brug trailere for nye og kommende film",
    "LabelLimitIntrosToUnwatchedContent": "Brug kun trailere for ikke sete film",
    "LabelEnableIntroParentalControl": "Aktiver smart for\u00e6ldrekontrol",
    "LabelEnableIntroParentalControlHelp": "Vis kun trailere med samme eller lavere aldersgr\u00e6nse end hovedfilmen.",
    "LabelTheseFeaturesRequireSubscriptionHelpAndTrailers": "These features require an active Emby Premiere subscription and installation of the Trailer channel plugin.",
    "OptionTrailersFromMyMoviesHelp": "Kr\u00e6ver ops\u00e6tning af lokale trailere.",
    "LabelCustomIntrosPath": "Sti til brugerdefinerede introduktioner:",
    "LabelCustomIntrosPathHelp": "En mappe med videofiler. En tilf\u00e6ldig video vil blive vist efter trailerne.",
    "ValueSpecialEpisodeName": "Special - {0}",
    "LabelSelectInternetTrailersForCinemaMode": "Internet trailere:",
    "OptionUpcomingDvdMovies": "Brug trailere for nye og kommende DVD'er og Blu-ray",
    "OptionUpcomingStreamingMovies": "Brug trailere for nye og kommende film p\u00e5 Netflix",
    "LabelDisplayTrailersWithinMovieSuggestions": "Vis trailere mellem filmforslag",
    "LabelDisplayTrailersWithinMovieSuggestionsHelp": "Kr\u00e6ver installation af Trailer kanalen.",
    "CinemaModeConfigurationHelp2": "Enkelte brugere kan frav\u00e6lge biograftilstand i deres personlige indstillinger.",
    "LabelEnableCinemaMode": "Aktiver biograftilstand",
    "HeaderCinemaMode": "Biograftilstand",
    "LabelDateAddedBehavior": "Dato tilf\u00f8jet opf\u00f8rsel for nyt indhold:",
    "OptionDateAddedImportTime": "Brug datoen for indskanning",
    "OptionDateAddedFileTime": "Brug filen oprettelsesdato",
    "LabelDateAddedBehaviorHelp": "Hvis der findes en metadata-v\u00e6rdi, vil den altid blive brugt f\u00f8r nogle af ovenst\u00e5ende muligheder.",
    "LabelNumberTrailerToPlay": "Antal trailere, der skal afspilles:",
    "TitleDevices": "Enheder",
    "TabCameraUpload": "Kamera upload",
    "TabDevices": "Enheder",
    "HeaderCameraUploadHelp": "Upload automatisk fotos og videoer optaget med din enhed til Emby.",
    "MessageNoDevicesSupportCameraUpload": "Du har for \u00f8jeblikket ingen enheder der underst\u00f8tter kamera upload.",
    "LabelCameraUploadPath": "Kamera upload sti:",
    "LabelCameraUploadPathHelp": "Angiv en brugerdefineret upload sti om \u00f8nsket. Hvis der angives en sti, skal den ogs\u00e5 tilf\u00f8jes i biblioteksops\u00e6tningen. Hvis der ikke angives en sti, vil der blive brugt en standardmappe.",
    "LabelCreateCameraUploadSubfolder": "Skab en undermappe for hver enhed",
    "LabelCreateCameraUploadSubfolderHelp": "Bestemte mapper kan tildeles til enheden, hvis der klikkes p\u00e5 den p\u00e5 enhedssiden.",
    "LabelCustomDeviceDisplayName": "Vist navn:",
    "LabelCustomDeviceDisplayNameHelp": "Angiv en brugerdefineret navn. hvis der ikke angives et navn, bruges det navn enheden sender.",
    "HeaderInviteUser": "Inviter bruger",
    "LabelConnectGuestUserNameHelp": "Dette er din vens brugernavn eller e-mailadresse der bruges til login p\u00e5 Embys hjemmeside.",
    "HeaderInviteUserHelp": "At dele dine medier med venner er nemmere en nogensinde med Emby Connect.",
    "ButtonSendInvitation": "Send invitation",
    "HeaderSignInWithConnect": "Log ind med Emby Connect",
    "HeaderGuests": "G\u00e6ster",
    "HeaderLocalUsers": "Lokale brugere",
    "HeaderPendingInvitations": "Ventende invitationer",
    "TabParentalControl": "For\u00e6ldrekontrol",
    "HeaderAccessSchedule": "Adgangsskema",
    "HeaderAccessScheduleHelp": "Skab et adgangsskema for at begr\u00e6nse adgangen til bestemte tidsrum.",
    "ButtonAddSchedule": "Tilf\u00f8j skema",
    "LabelAccessDay": "Ugedag:",
    "LabelAccessStart": "Starttid:",
    "LabelAccessEnd": "Sluttid:",
    "HeaderSchedule": "Skema",
    "OptionEveryday": "Hver dag",
    "OptionWeekdays": "Hverdage",
    "OptionWeekends": "Weekender",
    "MessageProfileInfoSynced": "Brugerprofil synkroniseret med Emby Connect",
    "HeaderOptionalLinkEmbyAccount": "Valgfrit: Forbind din Emby konto",
    "ButtonTrailerReel": "Trailer rulle",
    "HeaderTrailerReel": "Trailer rulle",
    "OptionPlayUnwatchedTrailersOnly": "Afspil kun ikke sete trailere",
    "HeaderTrailerReelHelp": "Start en trailer rulle for at afspille en lang afspilningsliste med forfilm.",
    "MessageNoTrailersFound": "Ingen trailere fundet. Installer Trailer kanalen for at tilf\u00f8je et bibliotek med trailere fra internettet.",
    "HeaderNewUsers": "Nye brugere",
    "ButtonSignUp": "Tilmeld dig",
    "ButtonForgotPassword": "Glemt adgangskode",
    "OptionDisableUserPreferences": "Fjern adgang til brugerindstillinger",
    "OptionDisableUserPreferencesHelp": "Hvis dette er aktiveret, er det kun administratorer der kan \u00e6ndre brugerbilleder, adgangskoder og sprogpr\u00e6ferencer.",
    "HeaderSelectServer": "V\u00e6lg server",
    "MessageNoServersAvailableToConnect": "Der er ingen servere, der kan forbindes til. Hvis du er blevet inviteret til at dele en server, skal du acceptere nedenfor eller klikke p\u00e5 linket i e-mailen.",
    "TitleNewUser": "Ny bruger",
    "ButtonConfigurePassword": "Angiv adgangskode",
    "HeaderDashboardUserPassword": "Brugeres adgangskoder administreres i hver bruges personlige indstillinger.",
    "HeaderLibraryAccess": "Adgang til biblioteker",
    "HeaderChannelAccess": "Adgang til kanaler",
    "HeaderLatestItems": "Seneste",
    "LabelSelectLastestItemsFolders": "Inkluder medier fra disse sektioner til seneste",
    "HeaderShareMediaFolders": "Del mediemapper",
    "MessageGuestSharingPermissionsHelp": "De fleste funktioner er indledningsvis utilg\u00e6ngelige for g\u00e6ster, men de kan sl\u00e5s til efter behov.",
    "HeaderInvitations": "Invitationer",
    "LabelForgotPasswordUsernameHelp": "Indtast dit brugernavn, hvis du kan huske det.",
    "HeaderForgotPassword": "Glemt adgangskode",
    "TitleForgotPassword": "Glemt adgangskode",
    "TitlePasswordReset": "Nulstil adgangskode",
    "LabelPasswordRecoveryPinCode": "Pinkode",
    "HeaderPasswordReset": "Nulstil adgangskode",
    "HeaderParentalRatings": "Aldersgr\u00e6nser",
    "HeaderVideoTypes": "Videotyper",
    "HeaderYears": "Years",
    "HeaderBlockItemsWithNoRating": "Block content with no or unrecognized rating information:",
    "LabelBlockContentWithTags": "Bloker indhold med disse tags:",
    "LabelEnableSingleImageInDidlLimit": "Begr\u00e6ns til et enkelt indlejret billede",
    "LabelEnableSingleImageInDidlLimitHelp": "Nogle enheder viser ikke rigtigt, hvis der er flere indlejrede billeder i DIDL.",
    "TabActivity": "Aktivitet",
    "TitleSync": "Sync",
    "OptionAllowSyncContent": "Tillad Sync",
    "OptionAllowContentDownloading": "Tillad hentning af medier",
    "NameSeasonUnknown": "Ukendt s\u00e6son",
    "NameSeasonNumber": "S\u00e6son {0}",
    "LabelNewUserNameHelp": "Brugernavne kan indeholde bogstaver (a-z), tal (0-9), bindestreg (-), apostrof (') og punktum (.)",
    "TabJobs": "Opgaver",
    "TabSyncJobs": "Sync opgaver",
    "LabelTagFilterMode": "Tilstand:",
    "LabelTagFilterAllowModeHelp": "Hvis godkendte tags bliver brugt som en del af en meget forgrenet mappestruktur, kr\u00e6ver tagget indhold at parent mappen ogs\u00e5 tagges.",
    "HeaderThisUserIsCurrentlyDisabled": "Denne bruger er for \u00f8jeblikket deaktiveret.",
    "MessageReenableUser": "Se nedenfor om genaktivering",
    "LabelEnableInternetMetadataForTvPrograms": "Hent internet metadata for:",
    "OptionTVMovies": "TV film",
    "HeaderUpcomingMovies": "Kommende film",
    "HeaderUpcomingSports": "Kommende sportsudsendelser",
    "HeaderUpcomingPrograms": "Kommende programmer",
    "ButtonMoreItems": "More",
    "LabelShowLibraryTileNames": "Vis navne p\u00e5 fliser i biblioteket",
    "LabelShowLibraryTileNamesHelp": "Afg\u00f8r om der vises navn under hver flise p\u00e5 hjemmesiden",
    "OptionEnableTranscodingThrottle": "Aktiver neddrosling",
    "OptionEnableTranscodingThrottleHelp": "Neddrosling vil automatisk justere hastigheden af transkodning for at minimere serverens CPU brug under afspilning.",
    "LabelUploadSpeedLimit": "Hastighedsgr\u00e6nse for upload (Mbps):",
    "OptionAllowSyncTranscoding": "Tillad synkronisering der kr\u00e6ver transkodning",
    "HeaderPlayback": "Medieafspilning",
    "OptionAllowAudioPlaybackTranscoding": "Tillad lydafspilning der kr\u00e6ver transkodning",
    "OptionAllowVideoPlaybackTranscoding": "Tillad videoafspilning der kr\u00e6ver transkodning",
    "OptionAllowMediaPlaybackTranscodingHelp": "Brugere vil modtage en venlig besked n\u00e5r indhold ikke kan afspilles grundet ovenst\u00e5ende politikker.",
    "TabStreaming": "Streaming",
    "LabelRemoteClientBitrateLimit": "Internet streaming bitrate limit (Mbps):",
    "LabelRemoteClientBitrateLimitHelp": "An optional streaming bitrate limit for all out of network clients. This is useful to prevent clients from requesting a higher bitrate than your internet connection can handle.",
    "LabelConversionCpuCoreLimit": "CPU kerne gr\u00e6nse:",
    "LabelConversionCpuCoreLimitHelp": "Begr\u00e6ns antallet af CPU kerner der bruges under synkroniseringskonvertering.",
    "OptionEnableFullSpeedConversion": "Aktiver konvertering med fuld hastighed",
    "OptionEnableFullSpeedConversionHelp": "Som standard udf\u00f8res synkronseringskonverteringer ved lav hastighed for at minimere ressourceforbrug.",
    "HeaderPlaylists": "Afspilningslister",
    "HeaderViewStyles": "Visningsstiler",
    "LabelSelectViewStyles": "Aktiver udvidet pr\u00e6sentation for:",
    "LabelSelectViewStylesHelp": "Aktiver dette for at f\u00e5 visninger med kategorier som forslag, seneste, genrer, m.m. Hvis det ikke er aktiveret, bliver der vist almindelige mapper.",
    "TabPhotos": "Fotos",
    "TabVideos": "Videoer",
    "HeaderWelcomeToEmby": "Velkommen til Emby",
    "EmbyIntroMessage": "Med Emby kan du nemt streame videoer, musik og fotos til din smartphone, tablet eller andre enheder.",
    "ButtonSkip": "Spring over",
    "TextConnectToServerManually": "Forbind til en server manuelt",
    "ButtonSignInWithConnect": "Log ind med Emby Connect",
    "ButtonConnect": "Forbind",
    "LabelServerHost": "Host:",
    "LabelServerHostHelp": "F. eks: 192.168.1.100 eller https:\/\/myserver.com",
    "LabelServerPort": "Port:",
    "HeaderNewServer": "Ny server",
    "ButtonChangeServer": "Skift server",
    "HeaderConnectToServer": "Forbind til server",
    "OptionReportList": "Liste visning",
    "OptionReportStatistics": "Statistik",
    "OptionReportGrouping": "Gruppering",
    "HeaderExport": "Eksporter",
    "HeaderColumns": "S\u00f8jler",
    "ButtonReset": "Reset",
    "OptionEnableExternalVideoPlayers": "Aktiver eksterne afspillere",
    "ButtonUnlockGuide": "Opl\u00e5s guide",
    "LabelEnableFullScreen": "Enable fullscreen mode",
    "LabelEnableChromecastAc3Passthrough": "Enable Chromecast AC3 Passthrough",
    "OptionSyncToSDCard": "Synced to external SD card",
    "LabelEmail": "Email:",
    "LabelUsername": "Username:",
    "HeaderSignUp": "Sign Up",
    "LabelPasswordConfirm": "Password (confirm):",
    "ButtonAddServer": "Add Server",
    "TabHomeScreen": "Home Screen",
    "HeaderDisplay": "Display",
    "HeaderNavigation": "Navigation",
    "LegendTheseSettingsShared": "These settings are shared on all devices",
    "OptionEnableAutomaticServerUpdates": "Enable automatic server updates",
    "OptionOtherTrailers": "Include trailers from older movies",
    "HeaderOverview": "Overview",
    "HeaderShortOverview": "Short Overview",
    "HeaderType": "Type",
    "HeaderSeverity": "Severity",
    "OptionReportActivities": "Activities Log",
    "HeaderTunerDevices": "Tuner Devices",
    "ButtonAddDevice": "Add Device",
    "HeaderAddDevice": "Add Device",
    "HeaderExternalServices": "External Services",
    "LabelTunerIpAddress": "Tuner IP Address:",
    "TabExternalServices": "External Services",
    "TabTuners": "Tuners",
    "HeaderGuideProviders": "Guide Providers",
    "AddGuideProviderHelp": "Add a source for TV Guide information",
    "LabelZipCode": "Zip Code:",
    "GuideProviderSelectListings": "Select Listings",
    "GuideProviderLogin": "Login",
    "LabelLineup": "Lineup:",
    "MessageTunerDeviceNotListed": "Is your tuner device not listed? Try installing an external service provider for more Live TV options.",
    "LabelImportOnlyFavoriteChannels": "Restrict to channels marked as favorite",
    "ImportFavoriteChannelsHelp": "If enabled, only channels that are marked as favorite on the tuner device will be imported.",
    "ButtonRepeat": "Repeat",
    "LabelEnableThisTuner": "Enable this tuner",
    "LabelEnableThisTunerHelp": "Uncheck to prevent importing channels from this tuner.",
    "HeaderLocked": "Locked",
    "HeaderUnidentified": "Unidentified",
    "HeaderImagePrimary": "Primary",
    "HeaderImageBackdrop": "Backdrop",
    "HeaderImageLogo": "Logo",
    "HeaderUserPrimaryImage": "User Image",
    "ButtonDisplaySettings": "Display settings",
    "ButtonHomeScreenSettings": "Home screen settings",
    "ButtonPlaybackSettings": "Playback settings",
    "ButtonProfile": "Profile",
    "ButtonDisplaySettingsHelp": "Your Emby display settings",
    "ButtonHomeScreenSettingsHelp": "Configure the display of your home screen",
    "ButtonPlaybackSettingsHelp": "Specify your audio and subtitle preferences, streaming quality, and more.",
    "ButtonProfileHelp": "Set your profile image and password.",
    "HeaderHomeScreenSettings": "Home Screen settings",
    "HeaderProfile": "Profile",
    "HeaderLanguage": "Language",
    "ButtonSyncSettings": "Sync settings",
    "ButtonSyncSettingsHelp": "Configure your sync settings",
    "LabelTranscodingThreadCount": "Transcoding thread count:",
    "LabelTranscodingThreadCountHelp": "Select the maximum number of threads to use when transcoding. Reducing the thread count will lower cpu usage but may not convert fast enough for a smooth playback experience.",
    "OptionMax": "Max",
    "HeaderEmbyGuide": "Emby Guide",
    "LabelSyncPath": "Synced content path:",
    "OptionSyncOnlyOnWifi": "Sync only on Wifi",
    "OptionSyncLosslessAudioOriginal": "Sync lossless audio at original quality",
    "HeaderMetadata": "Metadata",
    "HeaderRecordingOptions": "Recording Options",
    "ButtonShare": "Share",
    "HeaderUpcomingForKids": "Upcoming for Kids",
    "HeaderSetupLiveTV": "Setup Live TV",
    "LabelTunerType": "Tuner type:",
    "HelpMoreTunersCanBeAdded": "Additional tuners can be added later within the Live TV section.",
    "AdditionalLiveTvProvidersCanBeInstalledLater": "Additional Live TV providers can be added later within the Live TV section.",
    "MessageActiveSubscriptionRequiredSeriesRecordings": "An active Emby Premiere subscription is required in order to create automated series recordings.",
    "HeaderSetupTVGuide": "Setup TV Guide",
    "LabelDataProvider": "Data provider:",
    "OptionSendRecordingsToAutoOrganize": "Enable Auto-Organize for new recordings",
    "OptionSendRecordingsToAutoOrganizeHelp": "New recordings will be sent to the Auto-Organize feature and imported into your media library.",
    "HeaderDefaultPadding": "Default Padding",
    "HeaderSubtitles": "Undertekster",
    "HeaderVideos": "Videos",
    "OptionEnableVideoFrameAnalysis": "Enable frame by frame video analysis",
    "OptionEnableVideoFrameAnalysisHelp": "Extract detailed information about videos that can be used to make transcoding as efficient as possible. This will cause library scans to take longer.",
    "LabelVideoFrameAnalysisLimit": "Limit frame by frame analysis to videos less than:",
    "LabelHardwareVideoDecoder": "Hardware video decoder:",
    "LabelHardwareVideoDecoderHelp": "Available on supported systems only.",
    "ButtonServerDashboard": "Server Dashboard",
    "HeaderAdmin": "Admin",
    "ButtonSignOut": "Sign out",
    "HeaderCameraUpload": "Camera Upload",
    "SelectCameraUploadServers": "Upload camera photos to the following servers:",
    "ButtonClear": "Clear",
    "ButtonEditImages": "Edit Images",
    "LabelFolder": "Folder:",
    "HeadersFolders": "Folders",
    "LabelDisplayName": "Display name:"
}