{
    "LabelExit": "Sortir",
    "LabelVisitCommunity": "Visita la comunitat",
    "LabelGithub": "Github",
    "LabelSwagger": "Swagger",
    "LabelStandard": "Est\u00e0ndard",
    "LabelApiDocumentation": "Documentaci\u00f3 de l'API",
    "LabelDeveloperResources": "Recursos per a programadors",
    "LabelBrowseLibrary": "Examina la biblioteca",
    "LabelConfigureServer": "Configura Emby",
    "LabelOpenLibraryViewer": "Obre el Visor de la Biblioteca",
    "LabelRestartServer": "Reiniciar Servidor",
    "LabelShowLogWindow": "Veure finestra de registre",
    "LabelPrevious": "Anterior",
    "LabelFinish": "Finalitzar",
    "LabelNext": "Seg\u00fcent",
    "LabelYoureDone": "Ja est\u00e0!",
    "WelcomeToProject": "Benvingut a Emby!",
    "ThisWizardWillGuideYou": "Aquest assistent et guiar\u00e0 durant el proc\u00e9s d'instal\u00b7laci\u00f3. Per comen\u00e7ar, si et plau selecciona el teu idioma preferit.",
    "TellUsAboutYourself": "Explica'ns sobre tu",
    "ButtonQuickStartGuide": "Guia d'inici r\u00e0pid",
    "LabelYourFirstName": "El teu nom:",
    "MoreUsersCanBeAddedLater": "Pots afegir m\u00e9s usuaris despr\u00e9s des del tauler de control.",
    "UserProfilesIntro": "Emby inclou suport integrat per a perfils d'usuari, habilitant a cada usuari tenir les seves pr\u00f2pies prefer\u00e8ncies de visualitzaci\u00f3, estats de reproducci\u00f3 i controls parentals.",
    "LabelWindowsService": "Servei de Windows",
    "AWindowsServiceHasBeenInstalled": "El servei de Windows s'ha instal\u00b7lat.",
    "WindowsServiceIntro1": "El servidor d'Emby normalment corre com a una aplicaci\u00f3 d'escriptori amb icona a la safata del sistema, per\u00f2 si ho prefereixes c\u00f3rrer com a servei de fons el pots iniciar des del tauler de control de serveis del windows.",
    "WindowsServiceIntro2": "Si s'utilitza el servei de Windows, tingues en compte que no es pot executar a la vegada que la icona de la safata, de manera que haur\u00e0s de sortir de la safata per tal d'executar el servei. Tamb\u00e9 haur\u00e0 de ser configurat amb privilegis administratius a trav\u00e9s del tauler de control del servei. Tingues en compte que en aquest moment el servei no \u00e9s capa\u00e7 d'auto-actualitzar-se, de manera que les noves versions requeriran interacci\u00f3 manual.",
    "WizardCompleted": "Aix\u00f2 \u00e9s tot el que necessitem per ara. Emby ha comen\u00e7at a recollir informaci\u00f3 de la teva biblioteca multim\u00e8dia. Mira't alguna de les nostres apps, i llavors fes clic a <b>Finalitzar<\/b> per veure el <b>Tauler de Control del Servidor<\/b>.",
    "LabelConfigureSettings": "Configura prefer\u00e8ncies",
    "LabelEnableVideoImageExtraction": "Habilita l'extracci\u00f3 d'imatges de v\u00eddeo",
    "VideoImageExtractionHelp": "Per a v\u00eddeos que encara no tenen imatges i del qual no en trobem imatges a internet. Aquest afegir\u00e0 temps addicional a l'escaneig inicial de la biblioteca resultant en una presentaci\u00f3 m\u00e9s agradable.",
    "LabelEnableChapterImageExtractionForMovies": "Fes extracci\u00f3 d'imatges de cap\u00edtols de Pel\u00b7l\u00edcules",
    "LabelChapterImageExtractionForMoviesHelp": "Extraure imatges d'episodis permetr\u00e0 els clients veure men\u00fas gr\u00e0fics de selecci\u00f3 d'escenes. El proc\u00e9s pot ser lent, intens per a la CPU i pot requerir for\u00e7a gigabytes d'espai. Corre com a tasca programada nocturna, tot i que aix\u00f2 \u00e9s configurable des de la secci\u00f3 de tasques programades. No es recomana executar aquesta tasca durant les hores de m\u00e9s us.",
    "LabelEnableAutomaticPortMapping": "Habilitar mapeig autom\u00e0tic de ports",
    "LabelEnableAutomaticPortMappingHelp": "L'UPnP configura autom\u00e0ticament el router per a accedir f\u00e0cilment de manera remota. Aix\u00f2 podria no funcionar amb determinats models de router.",
    "HeaderTermsOfService": "Termes del Servei Emby",
    "MessagePleaseAcceptTermsOfService": "Si et plau, accepta els termes i condicions i la pol\u00edtica de privacitat abans de continuar.",
    "OptionIAcceptTermsOfService": "Accepto els termes del servei",
    "ButtonPrivacyPolicy": "Pol\u00edtica de privacitat",
    "ButtonTermsOfService": "Termes del Servei",
    "HeaderDeveloperOptions": "Opcions de desenvolupador",
    "OptionEnableWebClientResponseCache": "Habilita resposta en mem\u00f2ria cau al client web",
    "OptionDisableForDevelopmentHelp": "Configure these as needed for web client development purposes.",
    "OptionEnableWebClientResourceMinification": "Habilita la reducci\u00f3 de recursos al client web",
    "LabelDashboardSourcePath": "Directori del codi font del client web:",
    "LabelDashboardSourcePathHelp": "Si executes el servidor des del codi font, especifica el directori de l'UI del tauler de control. Tots els fitxers del client web se serviran des d'aquesta ubicaci\u00f3.",
    "ButtonConvertMedia": "Converteix m\u00e8dia",
    "ButtonOrganize": "Organitza",
    "LinkedToEmbyConnect": "Vinculat a Emby Connect",
    "HeaderSupporterBenefits": "Beneficis d'Emby Premiere",
    "HeaderAddUser": "Afegir Usuari",
    "LabelAddConnectSupporterHelp": "Per afegir un usuari que no estigui llistat primer necessitar\u00e0s vincular el seu compte a Emby Connect des del seu perfil d'usuari.",
    "LabelPinCode": "Codi pin:",
    "OptionHideWatchedContentFromLatestMedia": "Oculta contingut ja visualitzat a darrers multim\u00e8dia",
    "HeaderSync": "Sync",
    "ButtonOk": "D'acord",
    "ButtonCancel": "Cancel",
    "ButtonExit": "Surt",
    "ButtonNew": "New",
    "HeaderTV": "TV",
    "HeaderAudio": "\u00c0udio",
    "HeaderVideo": "Video",
    "HeaderPaths": "Directoris",
    "CategorySync": "Sync",
    "TabPlaylist": "Llista de reproducci\u00f3",
    "HeaderEasyPinCode": "Codi Pin Senzill",
    "HeaderGrownupsOnly": "Nom\u00e9s adults!",
    "DividerOr": "-- o --",
    "HeaderInstalledServices": "Serveis Instal\u00b7lats",
    "HeaderAvailableServices": "Serveis Disponibles",
    "MessageNoServicesInstalled": "No hi ha serveis instal\u00b7lats actualment.",
    "HeaderToAccessPleaseEnterEasyPinCode": "Per accedir, si et plau introdueix el teu codi pin senzill",
    "KidsModeAdultInstruction": "Fes clic a la icona del candau abaix a la dreta per a configurar o sortir del mode per a nens. Far\u00e0 falta el teu codi pin.",
    "ButtonConfigurePinCode": "Configura codi pin",
    "HeaderAdultsReadHere": "Adults Llegiu Aqu\u00ed!",
    "RegisterWithPayPal": "Registra amb PayPal",
    "HeaderSyncRequiresSupporterMembership": "Sync requereix una membresia de col\u00b7laborador",
    "HeaderEnjoyDayTrial": "Gaudiu una Prova Gratu\u00efta de 14 Dies",
    "LabelSyncTempPath": "Directori de fitxers temporals:",
    "LabelSyncTempPathHelp": "Especifica un directori de treball personalitzat per al sync. Els multim\u00e8dia convertits durant el proc\u00e9s de sincronitzaci\u00f3 es desaran aqu\u00ed.",
    "LabelCustomCertificatePath": "Directori del certificat personalitzat:",
    "LabelCustomCertificatePathHelp": "Especifica el fitxer .pfx del teu propi certificat ssl. Si s'omet, el servidor crear\u00e0 un certificat auto-signat.",
    "TitleNotifications": "Notificacions",
    "OptionDetectArchiveFilesAsMedia": "Detecta fitxers comprimits com a multim\u00e8dia",
    "OptionDetectArchiveFilesAsMediaHelp": "Si s'habilita, els fitxers amb extensions .rar i .zip es detectaran com a fitxers multim\u00e8dia.",
    "LabelEnterConnectUserName": "Nom d'usuari o e-mail:",
    "LabelEnterConnectUserNameHelp": "Aquest \u00e9s l'usuari o e-mail  del teu compte en l\u00ednia d'Emby.",
    "LabelEnableEnhancedMovies": "Habilita la visualitzaci\u00f3 millorada de pel\u00b7l\u00edcules",
    "LabelEnableEnhancedMoviesHelp": "Si s'habilita, les pel\u00b7l\u00edcules es mostraran com a directoris per a incloure tr\u00e0ilers, extres, elenc i equip i qualsevol altre contingut relacionat.",
    "HeaderSyncJobInfo": "Sync Job",
    "FolderTypeMixed": "Contingut mesclat",
    "FolderTypeMovies": "Pel\u00b7l\u00edcules",
    "FolderTypeMusic": "M\u00fasica",
    "FolderTypeAdultVideos": "Adult videos",
    "FolderTypePhotos": "Fotos",
    "FolderTypeMusicVideos": "V\u00eddeos musicals",
    "FolderTypeHomeVideos": "V\u00eddeos dom\u00e8stics",
    "FolderTypeGames": "Jocs",
    "FolderTypeBooks": "Llibres",
    "FolderTypeTvShows": "TV",
    "FolderTypeInherit": "Heretat",
    "LabelContentType": "Tipus de contingut:",
    "TitleScheduledTasks": "Tasques Programades",
    "HeaderSetupLibrary": "Configura les teves biblioteques multim\u00e8dia",
    "ButtonAddMediaFolder": "Afegir directori multim\u00e8dia",
    "LabelFolderType": "Tipus de directori:",
    "ReferToMediaLibraryWiki": "Refer to the media library wiki.",
    "LabelCountry": "Pa\u00eds:",
    "LabelLanguage": "Idioma:",
    "LabelTimeLimitHours": "Temps l\u00edmit (en hores):",
    "ButtonJoinTheDevelopmentTeam": "Uneix-te a l'equip de desenvolupadors",
    "HeaderPreferredMetadataLanguage": "Idioma de metadades preferit",
    "LabelSaveLocalMetadata": "Desa l'artwork i les metadades als directoris dels multim\u00e8dia",
    "LabelSaveLocalMetadataHelp": "Desar l'artwork i les metadades directament als directoris dels multim\u00e8dia els posar\u00e0 tots en llocs on podran ser editats f\u00e0cilment.",
    "LabelDownloadInternetMetadata": "Descarrega artwork i metadades d'internet",
    "LabelDownloadInternetMetadataHelp": "El Servidor d'Emby pot descarregar informaci\u00f3 dels teus multim\u00e8dia habilitant unes millors presentacions.",
    "TabPreferences": "Prefer\u00e8ncies",
    "TabPassword": "Contrasenya",
    "TabLibraryAccess": "Acc\u00e9s a la Biblioteca",
    "TabAccess": "Acc\u00e9s",
    "TabImage": "Imatge",
    "TabProfile": "Perfil",
    "TabMetadata": "Metadades",
    "TabImages": "Imatges",
    "TabNotifications": "Notificacions",
    "TabCollectionTitles": "T\u00edtols",
    "HeaderDeviceAccess": "Device Access",
    "OptionEnableAccessFromAllDevices": "Habilita l'acc\u00e9s des de tots els dispositius",
    "OptionEnableAccessToAllChannels": "Habilita l'acc\u00e9s a tots els canals",
    "OptionEnableAccessToAllLibraries": "Habilita l'acc\u00e9s a totes les biblioteques",
    "DeviceAccessHelp": "Aix\u00f2 nom\u00e9s s'aplica a dispositius que poden ser identificats i no previndr\u00e0 l'acc\u00e9s des del navegador. Filtrant l'acc\u00e9s de dispositius a l'usuari previndr\u00e0 l'\u00fas de nous dispositius fins que hagin estat aprovats aqu\u00ed.",
    "LabelDisplayMissingEpisodesWithinSeasons": "Mostra els episodis que manquen dins les temporades",
    "LabelUnairedMissingEpisodesWithinSeasons": "Mostra els episodis que no han estat emesos dins les temporades",
    "HeaderVideoPlaybackSettings": "Opcions de Reproducci\u00f3 de V\u00eddeo",
    "HeaderPlaybackSettings": "Opcions de Reproducci\u00f3",
    "LabelAudioLanguagePreference": "Prefer\u00e8ncia de l'idioma de l'\u00e0udio:",
    "LabelSubtitleLanguagePreference": "Prefer\u00e8ncia de l'idioma dels subt\u00edtols:",
    "OptionDefaultSubtitles": "Per defecte",
    "OptionOnlyForcedSubtitles": "Nom\u00e9s subt\u00edtols for\u00e7ats",
    "OptionAlwaysPlaySubtitles": "Reprodueix subt\u00edtols sempre",
    "OptionNoSubtitles": "Sense Subt\u00edtols",
    "OptionDefaultSubtitlesHelp": "Els subt\u00edtols que coincideixin amb la prefer\u00e8ncia d'idioma es carregaran quan l'\u00e0udio sigui en un idioma estranger.",
    "OptionOnlyForcedSubtitlesHelp": "Nom\u00e9s es carregaran els subt\u00edtols marcats com a for\u00e7ats.",
    "OptionAlwaysPlaySubtitlesHelp": "Els subt\u00edtols que coincideixin amb la prefer\u00e8ncia d'idioma es carregaran sigui quin sigui l'idioma.",
    "OptionNoSubtitlesHelp": "Els subt\u00edtols no es carregaran per defecte.",
    "TabProfiles": "Perfils",
    "TabSecurity": "Seguretat",
    "ButtonAddUser": "Afegir Usuari",
    "ButtonAddLocalUser": "Afegir Usuari Local",
    "ButtonInviteUser": "Convidar Usuari",
    "ButtonSave": "Desa",
    "ButtonResetPassword": "Reiniciar Contrasenya",
    "LabelNewPassword": "Nova contrasenya:",
    "LabelNewPasswordConfirm": "Confirma la nova contrasenya:",
    "HeaderCreatePassword": "Crea Contrasenya",
    "LabelCurrentPassword": "Contrasenya actual:",
    "LabelMaxParentalRating": "Valoraci\u00f3 m\u00e0xima permesa de control parental:",
    "MaxParentalRatingHelp": "El contingut amb una valoraci\u00f3 superior no ser\u00e0 mostrat a l'usuari.",
    "LibraryAccessHelp": "Selecciona els directoris dels multim\u00e8dia a compartir amb aquest usuari. Els administradors podran editar tots els directoris emprant el gestor de metadades.",
    "ChannelAccessHelp": "Selecciona els canals a compartir amb aquest usuari. Els administradors podran editar tots els canals emprant el gestor de metadades.",
    "ButtonDeleteImage": "Esborra Imatge",
    "LabelSelectUsers": "Selecciona usuaris:",
    "ButtonUpload": "Carrega",
    "HeaderUploadNewImage": "Carrega Nova Imatge",
    "LabelDropImageHere": "Deixa anar aqu\u00ed la imatge",
    "ImageUploadAspectRatioHelp": "1:1 Relaci\u00f3 d'Aspecte Recomanada. Nom\u00e9s JPG\/PNG.",
    "MessageNothingHere": "Res aqu\u00ed.",
    "MessagePleaseEnsureInternetMetadata": "Si et plau, assegura't que la desc\u00e0rrega de metadades d'internet est\u00e0 habilitada.",
    "TabSuggested": "Suggerits",
    "TabSuggestions": "Sugger\u00e8ncies",
    "TabLatest": "Darrers",
    "TabUpcoming": "Propers",
    "TabShows": "Programes",
    "TabEpisodes": "Episodes",
    "TabGenres": "G\u00e8neres",
    "TabPeople": "Gent",
    "TabNetworks": "Xarxes",
    "HeaderUsers": "Usuaris",
    "HeaderFilters": "Filtres:",
    "ButtonFilter": "Filtrar",
    "OptionFavorite": "Preferits",
    "OptionLikes": "M'agrada",
    "OptionDislikes": "No m'agrada",
    "OptionActors": "Actors",
    "OptionGuestStars": "Artistes Convidats",
    "OptionDirectors": "Directors",
    "OptionWriters": "Guionistes",
    "OptionProducers": "Productors",
    "HeaderResume": "Resume",
    "HeaderNextUp": "A Continuaci\u00f3",
    "NoNextUpItemsMessage": "Cap trobat. Comen\u00e7a a mirar els teus programes!",
    "HeaderLatestEpisodes": "\u00daltims episodis",
    "HeaderPersonTypes": "Tipus de Persones:",
    "TabSongs": "Songs",
    "TabAlbums": "Albums",
    "TabArtists": "Artistes:",
    "TabAlbumArtists": "Album Artists",
    "TabMusicVideos": "V\u00eddeos musicals",
    "ButtonSort": "Ordena",
    "HeaderSortBy": "Ordena per:",
    "HeaderSortOrder": "Ordre de Classificaci\u00f3:",
    "OptionPlayed": "Reprodu\u00eft",
    "OptionUnplayed": "No reprodu\u00eft",
    "OptionAscending": "Ascendent",
    "OptionDescending": "Descendent",
    "OptionRuntime": "Runtime",
    "OptionReleaseDate": "Release Date",
    "OptionPlayCount": "Play Count",
    "OptionDatePlayed": "Date Played",
    "OptionDateAdded": "Data afegida",
    "OptionAlbumArtist": "Album Artist",
    "OptionArtist": "Artista",
    "OptionAlbum": "\u00c0lbum",
    "OptionTrackName": "Track Name",
    "OptionCommunityRating": "Community Rating",
    "OptionNameSort": "Nom",
    "OptionFolderSort": "Directoris",
    "OptionBudget": "Budget",
    "OptionRevenue": "Revenue",
    "OptionPoster": "Poster",
    "OptionPosterCard": "Poster card",
    "OptionBackdrop": "Tel\u00f3 de fons",
    "OptionTimeline": "Timeline",
    "OptionThumb": "Thumb",
    "OptionThumbCard": "Thumb card",
    "OptionBanner": "Banner",
    "OptionCriticRating": "Critic Rating",
    "OptionVideoBitrate": "Video Bitrate",
    "OptionResumable": "Continuable",
    "ScheduledTasksHelp": "Fes clic a una tasca per ajustar-ne la programaci\u00f3.",
    "ScheduledTasksTitle": "Tasques Programades",
    "TabMyPlugins": "Els meus complements",
    "TabCatalog": "Cat\u00e0leg",
    "TitlePlugins": "Complements",
    "HeaderAutomaticUpdates": "Actualitzacions Autom\u00e0tiques",
    "HeaderNowPlaying": "Reprodu\u00efnt",
    "HeaderLatestAlbums": "Darrers \u00c0lbums",
    "HeaderLatestSongs": "Darreres Can\u00e7ons",
    "HeaderRecentlyPlayed": "Reprodu\u00eft Recentment",
    "HeaderFrequentlyPlayed": "Reprodu\u00eft Freq\u00fcentment",
    "DevBuildWarning": "Dev builds are the bleeding edge. Released often, these build have not been tested. The application may crash and entire features may not work at all.",
    "LabelVideoType": "Tipus de V\u00eddeo:",
    "OptionBluray": "Bluray",
    "OptionDvd": "Dvd",
    "OptionIso": "Iso",
    "Option3D": "3D",
    "LabelFeatures": "Caracter\u00edstiques:",
    "LabelService": "Servei:",
    "LabelStatus": "Estat:",
    "LabelVersion": "Versi\u00f3:",
    "LabelLastResult": "Darrer resultat:",
    "OptionHasSubtitles": "Subt\u00edtols",
    "OptionHasTrailer": "Tr\u00e0iler",
    "OptionHasThemeSong": "Can\u00e7\u00f3 Tem\u00e0tica",
    "OptionHasThemeVideo": "V\u00eddeo Tem\u00e0tic",
    "TabMovies": "Pel\u00b7l\u00edcules",
    "TabStudios": "Estudis",
    "TabTrailers": "Tr\u00e0ilers",
    "LabelArtists": "Artistes:",
    "LabelArtistsHelp": "Separa'n varis emprant ;",
    "HeaderLatestMovies": "\u00daltimes pel\u00b7l\u00edcules",
    "HeaderLatestTrailers": "Darrers Tr\u00e0ilers",
    "OptionHasSpecialFeatures": "Caracter\u00edstiques Especials",
    "OptionImdbRating": "Qualificaci\u00f3 IMDb",
    "OptionParentalRating": "Parental Rating",
    "OptionPremiereDate": "Premiere Date",
    "TabBasic": "B\u00e0sic",
    "TabAdvanced": "Avan\u00e7at",
    "HeaderStatus": "Estat",
    "OptionContinuing": "Continuing",
    "OptionEnded": "Ended",
    "HeaderAirDays": "Dies d'Emissi\u00f3",
    "OptionSunday": "Sunday",
    "OptionMonday": "Monday",
    "OptionTuesday": "Tuesday",
    "OptionWednesday": "Wednesday",
    "OptionThursday": "Thursday",
    "OptionFriday": "Friday",
    "OptionSaturday": "Saturday",
    "HeaderManagement": "Gesti\u00f3",
    "LabelManagement": "Gesti\u00f3:",
    "OptionMissingImdbId": "Sense id d'IMDb",
    "OptionMissingTvdbId": "Sense id de TheTVDB",
    "OptionMissingOverview": "Sense sinopsi",
    "OptionFileMetadataYearMismatch": "Els anys de fitxer\/metadades no coincideixen",
    "TabGeneral": "General",
    "TitleSupport": "Suport",
    "TabLog": "Registre",
    "TabAbout": "Quant a",
    "TabSupporterKey": "Clau d'Emby Premiere",
    "TabBecomeSupporter": "Obtingues Emby Premiere",
    "TabEmbyPremiere": "Emby Premiere",
    "ProjectHasCommunity": "Emby t\u00e9 una comunitat pr\u00f2spera d'usuaris i contribu\u00efdors.",
    "CheckoutKnowledgeBase": "Fes un cop d'ull a la nostra base de coneixements per ajudar-te a extreure el millor d'Emby.",
    "SearchKnowledgeBase": "Cerca a la base de coneixements",
    "VisitTheCommunity": "Visita la Comunitat",
    "VisitProjectWebsite": "Visita la Web d'Emby",
    "VisitProjectWebsiteLong": "Visita la Web d'Emby per obtenir les darreres not\u00edcies i mantenir-te al dia amb el blog dels desenvolupadors.",
    "OptionHideUser": "Oculta aquest usuari de les pantalles de login",
    "OptionHideUserFromLoginHelp": "Pr\u00e0ctic per a comptes d'administrador ocults o privats. L'usuari necessitar\u00e0 accedir manualment introduint el seu nom d'usuari i contrasenya.",
    "OptionDisableUser": "Desactiva aquest usuari",
    "OptionDisableUserHelp": "Si es desactiva el servidor no permetr\u00e0 cap connexi\u00f3 des d'aquest usuari. Les connexions existents seran interrompudes abruptament.",
    "HeaderAdvancedControl": "Control Avan\u00e7at",
    "LabelName": "Name:",
    "ButtonHelp": "Ajuda",
    "OptionAllowUserToManageServer": "Permet aquest usuari gestionar el servidor",
    "HeaderFeatureAccess": "Acc\u00e9s a Funcions",
    "OptionAllowMediaPlayback": "Permetre reproducci\u00f3 multim\u00e8dia",
    "OptionAllowBrowsingLiveTv": "Permetre acc\u00e9s a TV en directe",
    "OptionAllowDeleteLibraryContent": "Permetre supressi\u00f3 de multim\u00e8dia",
    "OptionAllowManageLiveTv": "Permetre gestionar l'enregistrament de TV en directe",
    "OptionAllowRemoteControlOthers": "Permetre el control remot d'altres usuaris",
    "OptionAllowRemoteSharedDevices": "Permetre el control remot de dispositius compartits",
    "OptionAllowRemoteSharedDevicesHelp": "Els dispositius dlna es consideren compartits fins que un usuari comen\u00e7a a controlar-los.",
    "OptionAllowLinkSharing": "Permetre compartir els mitjans a les xarxes socials",
    "OptionAllowLinkSharingHelp": "Nom\u00e9s les p\u00e0gines contenint informaci\u00f3 de multim\u00e8dia son compartides. Els fitxers multim\u00e8dia mai es comparteixen p\u00fablicament. Les comparticions estan limitades per temps i expiraran en funci\u00f3 de les teves prefer\u00e8ncies de compartici\u00f3.",
    "HeaderSharing": "Compartir",
    "HeaderRemoteControl": "Control Remot",
    "OptionMissingTmdbId": "Sense id de Tmdb",
    "OptionIsHD": "HD",
    "OptionIsSD": "SD",
    "OptionMetascore": "Metascore",
    "ButtonSelect": "Select",
    "ButtonGroupVersions": "Agrupar Versions",
    "ButtonAddToCollection": "Afegir a Col\u00b7lecci\u00f3",
    "PismoMessage": "Utilizing Pismo File Mount through a donated license.",
    "TangibleSoftwareMessage": "Utilizing Tangible Solutions Java\/C# converters through a donated license.",
    "HeaderCredits": "Cr\u00e8dits",
    "PleaseSupportOtherProduces": "Si et plau, suporta altres productes gratu\u00efts que emprem:",
    "VersionNumber": "Versi\u00f3 {0}",
    "TabPaths": "Directoris",
    "TabServer": "Server",
    "TabTranscoding": "Transcodificaci\u00f3",
    "TitleAdvanced": "Avan\u00e7at",
    "OptionRelease": "Versi\u00f3 Oficial",
    "OptionBeta": "Beta",
    "OptionDev": "Dev (Inestable)",
    "LabelAllowServerAutoRestart": "Permetre el servidor reiniciar-se autom\u00e0ticament per aplicar actualitzacions",
    "LabelAllowServerAutoRestartHelp": "El servidor nom\u00e9s es reiniciar\u00e0 durant per\u00edodes d'inactivitat, quan no tingui usuaris actius.",
    "LabelEnableDebugLogging": "Habilita registre de depuraci\u00f3",
    "LabelRunServerAtStartup": "Engega el servidor en iniciar el sistema",
    "LabelRunServerAtStartupHelp": "Aix\u00f2 iniciar\u00e0 la icona a la safata del sistema en engegar el windows. Per iniciar el servei de windows desmarca aix\u00f2 i executa el servei des del tauler de control del windows. Si et plau, tingues en compte que no pots c\u00f3rrer ambd\u00f3s al mateix temps, o sigui que haur\u00e0s de tancar la icona de la safata abans d'iniciar el servei.",
    "ButtonSelectDirectory": "Selecciona Directori",
    "LabelCustomPaths": "Especifica directoris personalitzats on vulguis. Deixa els camps en blanc per emprar els valors per defecte.",
    "LabelCachePath": "Dir. de mem\u00f2ria cau:",
    "LabelCachePathHelp": "Especifica una ubicaci\u00f3 personalitzada per als fitxers de mem\u00f2ria cau del servidor. Deixa-ho en blanc per emprar el valor per defecte del servidor.",
    "LabelRecordingPath": "Directori d'enregistraments:",
    "LabelRecordingPathHelp": "Especifica un directori personalitzat on desar els enregistraments. Deixa-ho en blanc per emprar el valor per defecte del servidor.",
    "LabelImagesByNamePath": "Imatges per nom de directori:",
    "LabelImagesByNamePathHelp": "Especifica una ubicaci\u00f3 personalitzada per a les imatges descarregades d'actors, g\u00e8neres i estudis.",
    "LabelMetadataPath": "Directori de metadades:",
    "LabelMetadataPathHelp": "Especifica un directori personalitzat per a l'artwork i les metadades descarregats.",
    "LabelTranscodingTempPath": "Directori temporal de transcodificaci\u00f3:",
    "LabelTranscodingTempPathHelp": "Aquest directori cont\u00e9 fitxers emprats pel transcodificador. Especifica un directori personalitzat o deixa-ho en blanc per emprar el per defecte dins el directori de dades del servidor.",
    "TabBasics": "B\u00e0sics",
    "TabTV": "TV",
    "TabGames": "Jocs",
    "TabMusic": "M\u00fasica",
    "TabOthers": "Altres",
    "HeaderExtractChapterImagesFor": "Extrau imatges d'episodis per a:",
    "OptionMovies": "Pel\u00b7l\u00edcules",
    "OptionEpisodes": "Episodes",
    "OptionOtherVideos": "Altres V\u00eddeos",
    "TitleMetadata": "Metadades",
    "LabelAutomaticUpdates": "Habilita actualitzacions autom\u00e0tiques",
    "LabelAutomaticUpdatesTmdb": "Habilita actualitzacions autom\u00e0tiques des de TheMovieDB.org",
    "LabelAutomaticUpdatesTvdb": "Habilita actualitzacions autom\u00e0tiques des de TheTVDB.org",
    "LabelAutomaticUpdatesFanartHelp": "Si s'habilita, les noves imatges es descarregaran autom\u00e0ticament a mesura que es vagin afegint a fanart.tv. Les imatges existents no seran re-empla\u00e7ades. Aix\u00f2 incrementar\u00e0 el temps d'execuci\u00f3 de l'escaneig de la biblioteca i resultar\u00e0 en una major activitat de disc.",
    "LabelAutomaticUpdatesTmdbHelp": "Si s'habilita, les noves imatges es descarregaran autom\u00e0ticament a mesura que es vagin afegint a TheMovieDB.org. Les imatges existents no seran re-empla\u00e7ades. Aix\u00f2 incrementar\u00e0 el temps d'execuci\u00f3 de l'escaneig de la biblioteca i resultar\u00e0 en una major activitat de disc.",
    "LabelAutomaticUpdatesTvdbHelp": "Si s'habilita, les noves imatges es descarregaran autom\u00e0ticament a mesura que es vagin afegint a TheTVDB.com. Les imatges existents no seran re-empla\u00e7ades. Aix\u00f2 incrementar\u00e0 el temps d'execuci\u00f3 de l'escaneig de la biblioteca i resultar\u00e0 en una major activitat de disc.",
    "LabelFanartApiKey": "Clau api personal:",
    "LabelFanartApiKeyHelp": "Requests to fanart without a personal API key return results that were approved over 7 days ago. With a personal API key that drops to 48 hours and if you are also a fanart VIP member that will further drop to around 10 minutes.",
    "ExtractChapterImagesHelp": "Extracting chapter images will allow clients to display graphical scene selection menus. The process can be slow, cpu-intensive and may require several gigabytes of space. It runs when videos are discovered, and also as a nightly scheduled task. The schedule is configurable in the scheduled tasks area. It is not recommended to run this task during peak usage hours.",
    "LabelMetadataDownloadLanguage": "Idioma preferit de desc\u00e0rrega:",
    "ButtonAutoScroll": "Despla\u00e7ament autom\u00e0tic",
    "LabelImageSavingConvention": "Convenci\u00f3 del desat d'imatges:",
    "LabelImageSavingConventionHelp": "L'Emby reconeix imatges de la major part d'aplicacions multim\u00e8dia. Escollir la teva convenci\u00f3 de desc\u00e0rrega \u00e9s pr\u00e0ctic si empreu altres productes.",
    "OptionImageSavingCompatible": "Compatible - Emby\/Kodi\/Plex",
    "OptionImageSavingStandard": "Est\u00e0ndard - MB2",
    "ButtonSignIn": "Inicia Sessi\u00f3",
    "TitleSignIn": "Inicia Sessi\u00f3",
    "HeaderPleaseSignIn": "Si et plau, inicia sessi\u00f3",
    "LabelUser": "Usuari:",
    "LabelPassword": "Contrasenya:",
    "ButtonManualLogin": "Inici de sessi\u00f3 manual",
    "PasswordLocalhostMessage": "No calen les contrasenyes quan s'inicii sessi\u00f3 localment.",
    "TabGuide": "Guia",
    "TabChannels": "Canals",
    "TabCollections": "Col\u00b7leccions",
    "HeaderChannels": "Canals",
    "TabRecordings": "Enregistraments",
    "TabScheduled": "Programats",
    "TabSeries": "S\u00e8ries",
    "TabFavorites": "Preferits",
    "TabMyLibrary": "La Meva Biblioteca",
    "ButtonCancelRecording": "Cancel\u00b7la enregistrament",
    "HeaderPrePostPadding": "Espaiat anterior\/posterior",
    "LabelPrePaddingMinutes": "Minuts d'espaiat anterior:",
    "OptionPrePaddingRequired": "L'espaiat anterior \u00e9s obligatori per enregistrar.",
    "LabelPostPaddingMinutes": "Minuts d'espaiat posterior:",
    "OptionPostPaddingRequired": "L'espaiat posterior \u00e9s obligatori per enregistrar.",
    "HeaderWhatsOnTV": "Qu\u00e8 Fan",
    "HeaderUpcomingTV": "Programaci\u00f3 TV",
    "TabStatus": "Estat",
    "TabSettings": "Prefer\u00e8ncies",
    "ButtonRefreshGuideData": "Refresca les Dades de la Guia",
    "ButtonRefresh": "Refresh",
    "ButtonAdvancedRefresh": "Advanced Refresh",
    "OptionPriority": "Prioritat",
    "OptionRecordOnAllChannels": "Enregistra a tots els canals",
    "OptionRecordAnytime": "Enregistra en qualsevol moment",
    "OptionRecordOnlyNewEpisodes": "Enregistra nom\u00e9s nous episodis",
    "HeaderRepeatingOptions": "Opcions Repetitives",
    "HeaderDays": "Dies",
    "HeaderActiveRecordings": "Enregistraments Actius",
    "HeaderLatestRecordings": "Darrers Enregistraments",
    "HeaderAllRecordings": "All Recordings",
    "ButtonPlay": "Play",
    "ButtonEdit": "Edit",
    "ButtonRecord": "Record",
    "ButtonDelete": "Delete",
    "ButtonRemove": "Remove",
    "OptionRecordSeries": "Enregistra S\u00e8ries",
    "HeaderDetails": "Detalls",
    "TitleLiveTV": "TV en Directe",
    "LabelNumberOfGuideDays": "Nombre de dies de dades de la guia per a descarregar:",
    "LabelNumberOfGuideDaysHelp": "Downloading more days worth of guide data provides the ability to schedule out further in advance and view more listings, but it will also take longer to download. Auto will choose based on the number of channels.",
    "OptionAutomatic": "Auto",
    "HeaderServices": "Serveis",
    "LiveTvPluginRequired": "A Live TV service provider plugin is required in order to continue.",
    "LiveTvPluginRequiredHelp": "Si us plau, instal\u00b7la un dels nostres complements disponibles, com Next PVR o ServerWmc.",
    "LabelCustomizeOptionsPerMediaType": "Personalitza per al tipus de mitj\u00e0:",
    "OptionDownloadThumbImage": "Miniatura",
    "OptionDownloadMenuImage": "Men\u00fa",
    "OptionDownloadLogoImage": "Logo",
    "OptionDownloadBoxImage": "Capsa",
    "OptionDownloadDiscImage": "Disc",
    "OptionDownloadBannerImage": "Banner",
    "OptionDownloadBackImage": "Contra",
    "OptionDownloadArtImage": "Art",
    "OptionDownloadPrimaryImage": "Prim\u00e0ria",
    "HeaderFetchImages": "Obtingues Imatges:",
    "HeaderImageSettings": "Prefer\u00e8ncies d'Imatge",
    "TabOther": "Altres",
    "LabelMaxBackdropsPerItem": "Nombre m\u00e0xim d'imatges de fons per \u00edtem:",
    "LabelMaxScreenshotsPerItem": "Nombre m\u00e0xim de captures de pantalla per \u00edtem:",
    "LabelMinBackdropDownloadWidth": "Amplada m\u00ednima de desc\u00e0rrega de la imatge de fons:",
    "LabelMinScreenshotDownloadWidth": "Amplada m\u00ednima de desc\u00e0rrega de la captura de pantalla:",
    "ButtonAddScheduledTaskTrigger": "Afegir Disparador",
    "HeaderAddScheduledTaskTrigger": "Afegir Disparador",
    "ButtonAdd": "Afegeix",
    "LabelTriggerType": "Tipus de Disparador:",
    "OptionDaily": "Diari",
    "OptionWeekly": "Setmanal",
    "OptionOnInterval": "En un interval",
    "OptionOnAppStartup": "En arrencar l'aplicaci\u00f3",
    "OptionAfterSystemEvent": "Despr\u00e9s d'un esdeveniment del sistema",
    "LabelDay": "Dia:",
    "LabelTime": "Hora:",
    "LabelEvent": "Ordre:",
    "OptionWakeFromSleep": "Despertar",
    "LabelEveryXMinutes": "Cada:",
    "HeaderTvTuners": "Sintonitzadors",
    "HeaderGallery": "Galeria",
    "HeaderLatestGames": "Darrers Jocs",
    "HeaderRecentlyPlayedGames": "Jocs Jugats Recentment",
    "TabGameSystems": "Sistemes de Jocs",
    "TitleMediaLibrary": "Biblioteca multim\u00e8dia",
    "TabFolders": "Directoris",
    "TabPathSubstitution": "Substituci\u00f3 de Directoris",
    "LabelSeasonZeroDisplayName": "Nom a mostrar a la temporada 0:",
    "LabelEnableRealtimeMonitor": "Habilitar el monitoratge a temps real",
    "LabelEnableRealtimeMonitorHelp": "Els canvis es processaran immediatament als sistemes que ho suportin.",
    "ButtonScanLibrary": "Escanejar Biblioteca",
    "HeaderNumberOfPlayers": "Reproductors:",
    "OptionAnyNumberOfPlayers": "Qualsevol",
    "Option1Player": "1+",
    "Option2Player": "2+",
    "Option3Player": "3+",
    "Option4Player": "4+",
    "HeaderMediaFolders": "Directoris Multim\u00e8dia",
    "HeaderThemeVideos": "V\u00eddeos Tem\u00e0tics",
    "HeaderThemeSongs": "Can\u00e7ons Tem\u00e0tiques",
    "HeaderScenes": "Scenes",
    "HeaderAwardsAndReviews": "Premis i Cr\u00edtiques",
    "HeaderSoundtracks": "Bandes Sonores",
    "HeaderMusicVideos": "V\u00eddeos Musicals",
    "HeaderSpecialFeatures": "Caracter\u00edstiques Especials",
    "HeaderCastCrew": "Repartiment i equip",
    "HeaderAdditionalParts": "Parts addicionals",
    "ButtonSplitVersionsApart": "Split Versions Apart",
    "ButtonPlayTrailer": "Tr\u00e0iler",
    "LabelMissing": "Manca",
    "LabelOffline": "Desconnectat",
    "PathSubstitutionHelp": "Path substitutions are used for mapping a path on the server to a path that clients are able to access. By allowing clients direct access to media on the server they may be able to play them directly over the network and avoid using server resources to stream and transcode them.",
    "HeaderFrom": "De",
    "HeaderTo": "A",
    "LabelFrom": "De:",
    "LabelFromHelp": "Exemple: D:\\Films (al servidor)",
    "LabelTo": "A:",
    "LabelToHelp": "Exemple: \\\\ElMeuServer\\Films (un directori al que el client pugui accedir)",
    "ButtonAddPathSubstitution": "Afegir Substituci\u00f3",
    "OptionSpecialEpisode": "Especials",
    "OptionMissingEpisode": "Episodis Perduts",
    "OptionUnairedEpisode": "Episodis No Emesos",
    "OptionEpisodeSortName": "Episode Sort Name",
    "OptionSeriesSortName": "Nom de la s\u00e8rie",
    "OptionTvdbRating": "Tvdb Rating",
    "HeaderTranscodingQualityPreference": "Prefer\u00e8ncia de la Qualitat de Transcodificaci\u00f3",
    "OptionAutomaticTranscodingHelp": "El servidor decidir\u00e0 qualitat i velocitat",
    "OptionHighSpeedTranscodingHelp": "Menys qualitat, per\u00f2 codificaci\u00f3 m\u00e9s r\u00e0pida",
    "OptionHighQualityTranscodingHelp": "M\u00e9s qualitat, per\u00f2 codificaci\u00f3 m\u00e9s lenta",
    "OptionMaxQualityTranscodingHelp": "Millor qualitat amb codificaci\u00f3 lenta i alt \u00fas de CPU",
    "OptionHighSpeedTranscoding": "Velocitat m\u00e9s alta",
    "OptionHighQualityTranscoding": "Qualitat m\u00e9s alta",
    "OptionMaxQualityTranscoding": "Qualitat m\u00e0xima",
    "OptionEnableDebugTranscodingLogging": "Enable debug transcoding logging",
    "OptionEnableDebugTranscodingLoggingHelp": "Aix\u00f2 crear\u00e0 arxius de registre molt grans i nom\u00e9s es recomana quan sigui necessari per solucionar problemes.",
    "EditCollectionItemsHelp": "Add or remove any movies, series, albums, books or games you wish to group within this collection.",
    "HeaderAddTitles": "Afegir T\u00edtols",
    "LabelEnableDlnaPlayTo": "Enable DLNA Play To",
    "LabelEnableDlnaPlayToHelp": "Emby pot detectar dispositius dins de la teva xarxa i ofereix la possibilitat de controlar-los a dist\u00e0ncia.",
    "LabelEnableDlnaDebugLogging": "Enable DLNA debug logging",
    "LabelEnableDlnaDebugLoggingHelp": "Aix\u00f2 crear\u00e0 arxius de registre molt grans i nom\u00e9s es recomana quan sigui necessari per solucionar problemes.",
    "LabelEnableDlnaClientDiscoveryInterval": "Client discovery interval (seconds)",
    "LabelEnableDlnaClientDiscoveryIntervalHelp": "Determines the duration in seconds between SSDP searches performed by Emby.",
    "HeaderCustomDlnaProfiles": "Perfils Personalitzats",
    "HeaderSystemDlnaProfiles": "Perfils del Sistema",
    "CustomDlnaProfilesHelp": "Create a custom profile to target a new device or override a system profile.",
    "SystemDlnaProfilesHelp": "System profiles are read-only. Changes to a system profile will be saved to a new custom profile.",
    "TitleDashboard": "Tauler de Control",
    "TabHome": "Inici",
    "TabInfo": "Informaci\u00f3",
    "HeaderLinks": "Enlla\u00e7os",
    "HeaderSystemPaths": "Directoris de Sistema",
    "LinkCommunity": "Comunitat",
    "LinkGithub": "Github",
    "LinkApi": "Api",
    "LinkApiDocumentation": "Documentaci\u00f3 de l'Api",
    "LabelFriendlyServerName": "Nom amigable del servidor:",
    "LabelFriendlyServerNameHelp": "El nom servir\u00e0 per identificar aquest servidor. Si es deixa en blanc s'emprar\u00e0 el nom de l'ordinador.",
    "LabelPreferredDisplayLanguage": "Idioma de visualitzaci\u00f3 preferit:",
    "LabelPreferredDisplayLanguageHelp": "Translating Emby is an ongoing project.",
    "LabelReadHowYouCanContribute": "Apr\u00e8n com pots contribuir.",
    "HeaderNewCollection": "New Collection",
    "ButtonSubmit": "Submit",
    "ButtonCreate": "Crea",
    "LabelCustomCss": "CSS propi:",
    "LabelCustomCssHelp": "Aplica el teu propi css a la interf\u00edcie web.",
    "LabelLocalHttpServerPortNumber": "Port local http:",
    "LabelLocalHttpServerPortNumberHelp": "The tcp port number that Emby's http server should bind to.",
    "LabelPublicHttpPort": "N\u00famero p\u00fablic del port http:",
    "LabelPublicHttpPortHelp": "The public port number that should be mapped to the local http port.",
    "LabelPublicHttpsPort": "N\u00famero p\u00fablic del port https:",
    "LabelPublicHttpsPortHelp": "The public port number that should be mapped to the local https port.",
    "LabelEnableHttps": "Report https as external address",
    "LabelEnableHttpsHelp": "If enabled, the server will report an https url to clients as it's external address.",
    "LabelHttpsPort": "Local https port number:",
    "LabelHttpsPortHelp": "The tcp port number that Emby's https server should bind to.",
    "LabelWebSocketPortNumber": "Web socket port number:",
    "LabelEnableAutomaticPortMap": "Enable automatic port mapping",
    "LabelEnableAutomaticPortMapHelp": "Attempt to automatically map the public port to the local port via UPnP. This may not work with some router models.",
    "LabelExternalDDNS": "Adre\u00e7a WAN externa",
    "LabelExternalDDNSHelp": "If you have a dynamic DNS enter it here. Emby apps will use it when connecting remotely. Leave empty for automatic detection.",
    "TabResume": "Resume",
    "TabWeather": "Temps",
    "TitleAppSettings": "Prefer\u00e8ncies d'App",
    "LabelMinResumePercentage": "Min resume percentage:",
    "LabelMaxResumePercentage": "Max resume percentage:",
    "LabelMinResumeDuration": "Min resume duration (seconds):",
    "LabelMinResumePercentageHelp": "Titles are assumed unplayed if stopped before this time",
    "LabelMaxResumePercentageHelp": "Titles are assumed fully played if stopped after this time",
    "LabelMinResumeDurationHelp": "Titles shorter than this will not be resumable",
    "TitleAutoOrganize": "Auto-Organitza",
    "TabActivityLog": "Activity Log",
    "HeaderName": "Name",
    "HeaderDate": "Data",
    "HeaderSource": "Origen",
    "HeaderDestination": "Dest\u00ed",
    "HeaderProgram": "Programa",
    "HeaderClients": "Clients",
    "LabelCompleted": "Completat",
    "LabelFailed": "Failed",
    "LabelSkipped": "Saltat",
    "HeaderEpisodeOrganization": "Organitzaci\u00f3 d'Episodis",
    "LabelSeries": "S\u00e8ries:",
    "LabelSeasonNumber": "N\u00famero de temporada",
    "LabelEpisodeNumber": "Nombre d'episodi",
    "LabelEndingEpisodeNumber": "Nombre d'episodi final",
    "LabelEndingEpisodeNumberHelp": "Nom\u00e9s cal per als fitxers multi-episodi",
    "HeaderSupportTheTeam": "D\u00f3na suport a l'equip d'Emby",
    "LabelSupportAmount": "Amount (USD)",
    "HeaderSupportTheTeamHelp": "Help ensure the continued development of this project by purchasing Emby Premiere. A portion of all income will be contributed to other free tools we depend on.",
    "ButtonEnterSupporterKey": "Introdueix la clau d'Emby Premiere",
    "DonationNextStep": "Once complete, please return and enter your Emby Premiere key, which you will receive by email.",
    "AutoOrganizeHelp": "Auto-organitza supervisa els teus directoris de desc\u00e0rregues en cerca de nous fitxers i els mou als teus directoris multim\u00e8dia.",
    "AutoOrganizeTvHelp": "TV file organizing will only add episodes to existing series. It will not create new series folders.",
    "OptionEnableEpisodeOrganization": "Enable new episode organization",
    "LabelWatchFolder": "Directori a supervisar:",
    "LabelWatchFolderHelp": "The server will poll this folder during the 'Organize new media files' scheduled task.",
    "ButtonViewScheduledTasks": "Veure tasques programades",
    "LabelMinFileSizeForOrganize": "Mida m\u00ednima del fitxer (MB):",
    "LabelMinFileSizeForOrganizeHelp": "Els fitxers sota aquesta mida seran ignorats.",
    "LabelSeasonFolderPattern": "Patr\u00f3 del directori de temporada:",
    "LabelSeasonZeroFolderName": "Nom del directori de la temporada zero:",
    "HeaderEpisodeFilePattern": "Patr\u00f3 del fitxer d'episodi:",
    "LabelEpisodePattern": "Patr\u00f3 d'episodi:",
    "LabelMultiEpisodePattern": "Patr\u00f3 de multi-episodi:",
    "HeaderSupportedPatterns": "Patrons Suportats",
    "HeaderTerm": "Terme",
    "HeaderPattern": "Patr\u00f3",
    "HeaderResult": "Resultat",
    "LabelDeleteEmptyFolders": "Elimina els directoris buits despr\u00e9s d'organitzar",
    "LabelDeleteEmptyFoldersHelp": "Habilita aix\u00f2 per mantenir el directori de desc\u00e0rregues net.",
    "LabelDeleteLeftOverFiles": "Delete left over files with the following extensions:",
    "LabelDeleteLeftOverFilesHelp": "Separa amb ;. Per exemple: .nfo;.txt",
    "OptionOverwriteExistingEpisodes": "Overwrite existing episodes",
    "LabelTransferMethod": "M\u00e8tode de transfer\u00e8ncia",
    "OptionCopy": "Copia",
    "OptionMove": "Mou",
    "LabelTransferMethodHelp": "Copia o mou fitxers des de directori a supervisar",
    "HeaderLatestNews": "Darreres Not\u00edcies",
    "HeaderHelpImproveProject": "Ajuda a Millorar Emby",
    "HeaderRunningTasks": "Tasques Corrent",
    "HeaderActiveDevices": "Dispositius Actius",
    "HeaderPendingInstallations": "Instal\u00b7lacions Pendents",
    "HeaderServerInformation": "Informaci\u00f3 del Servidor",
    "ButtonRestartNow": "Reinicia ara",
    "ButtonRestart": "Restart",
    "ButtonShutdown": "Atura",
    "ButtonUpdateNow": "Update Now",
    "TabHosting": "Hosting",
    "PleaseUpdateManually": "Please shutdown the server and update manually.",
    "NewServerVersionAvailable": "A new version of Emby Server is available!",
    "ServerUpToDate": "L'Emby est\u00e0 actualitzat",
    "LabelComponentsUpdated": "The following components have been installed or updated:",
    "MessagePleaseRestartServerToFinishUpdating": "Please restart the server to finish applying updates.",
    "LabelDownMixAudioScale": "Audio boost when downmixing:",
    "LabelDownMixAudioScaleHelp": "Boost audio when downmixing. Set to 1 to preserve original volume value.",
    "ButtonLinkKeys": "Transfer Key",
    "LabelOldSupporterKey": "Old Emby Premiere key",
    "LabelNewSupporterKey": "New Emby Premiere key",
    "HeaderMultipleKeyLinking": "Transfer to New Key",
    "MultipleKeyLinkingHelp": "If you received a new Emby Premiere key, use this form to transfer the old key's registrations to your new one.",
    "LabelCurrentEmailAddress": "Adre\u00e7a de correu electr\u00f2nic actual",
    "LabelCurrentEmailAddressHelp": "The current email address to which your new key was sent.",
    "HeaderForgotKey": "Forgot Key",
    "LabelEmailAddress": "Correu electr\u00f2nic",
    "LabelSupporterEmailAddress": "The email address that was used to purchase the key.",
    "ButtonRetrieveKey": "Retrieve Key",
    "LabelSupporterKey": "Emby Premiere key (paste from email):",
    "LabelSupporterKeyHelp": "Enter your Emby Premiere key to start enjoying additional benefits the community has developed for Emby.",
    "MessageInvalidKey": "Emby Premiere key is missing or invalid.",
    "ErrorMessageInvalidKey": "In order for any premium content to be registered, you must also have an active Emby Premiere subscription.",
    "HeaderDisplaySettings": "Prefer\u00e8ncies de Visualitzaci\u00f3",
    "TabPlayTo": "Play To",
    "LabelEnableDlnaServer": "Enable Dlna server",
    "LabelEnableDlnaServerHelp": "Allows UPnP devices on your network to browse and play Emby content.",
    "LabelEnableBlastAliveMessages": "Blast alive messages",
    "LabelEnableBlastAliveMessagesHelp": "Enable this if the server is not detected reliably by other UPnP devices on your network.",
    "LabelBlastMessageInterval": "Alive message interval (seconds)",
    "LabelBlastMessageIntervalHelp": "Determines the duration in seconds between server alive messages.",
    "LabelDefaultUser": "Default user:",
    "LabelDefaultUserHelp": "Determines which user library should be displayed on connected devices. This can be overridden for each device using profiles.",
    "TitleDlna": "DLNA",
    "TitleChannels": "Canals",
    "HeaderServerSettings": "Prefer\u00e8ncies del Servidor",
    "LabelWeatherDisplayLocation": "Weather display location:",
    "LabelWeatherDisplayLocationHelp": "US zip code \/ City, State, Country \/ City, Country",
    "LabelWeatherDisplayUnit": "Weather display unit:",
    "OptionCelsius": "Celsius",
    "OptionFahrenheit": "Fahrenheit",
    "HeaderRequireManualLogin": "Require manual username entry for:",
    "HeaderRequireManualLoginHelp": "When disabled clients may present a login screen with a visual selection of users.",
    "OptionOtherApps": "Altres apps",
    "OptionMobileApps": "Apps per a m\u00f2bils",
    "HeaderNotificationList": "Click on a notification to configure it's sending options.",
    "NotificationOptionApplicationUpdateAvailable": "Application update available",
    "NotificationOptionApplicationUpdateInstalled": "Application update installed",
    "NotificationOptionPluginUpdateInstalled": "Plugin update installed",
    "NotificationOptionPluginInstalled": "Complement instal\u00b7lat",
    "NotificationOptionPluginUninstalled": "Complement desinstal\u00b7lat",
    "NotificationOptionVideoPlayback": "Video playback started",
    "NotificationOptionAudioPlayback": "Audio playback started",
    "NotificationOptionGamePlayback": "Game playback started",
    "NotificationOptionVideoPlaybackStopped": "Video playback stopped",
    "NotificationOptionAudioPlaybackStopped": "Audio playback stopped",
    "NotificationOptionGamePlaybackStopped": "Game playback stopped",
    "NotificationOptionTaskFailed": "Scheduled task failure",
    "NotificationOptionInstallationFailed": "Installation failure",
    "NotificationOptionNewLibraryContent": "Nou contingut afegit",
    "NotificationOptionNewLibraryContentMultiple": "Nous continguts afegits",
    "NotificationOptionCameraImageUploaded": "Camera image uploaded",
    "NotificationOptionUserLockedOut": "User locked out",
    "HeaderSendNotificationHelp": "Notifications are delivered to your Emby inbox. Additional options can be installed from the Services tab.",
    "NotificationOptionServerRestartRequired": "Server restart required",
    "LabelNotificationEnabled": "Enable this notification",
    "LabelMonitorUsers": "Monitor activity from:",
    "LabelSendNotificationToUsers": "Send the notification to:",
    "LabelUseNotificationServices": "Empra els seg\u00fcents serveis:",
    "CategoryUser": "Usuari",
    "CategorySystem": "Sistema",
    "CategoryApplication": "Aplicaci\u00f3",
    "CategoryPlugin": "Complement",
    "LabelMessageTitle": "Message title:",
    "LabelAvailableTokens": "Available tokens:",
    "AdditionalNotificationServices": "Browse the plugin catalog to install additional notification services.",
    "OptionAllUsers": "Tots els usuaris",
    "OptionAdminUsers": "Administradors",
    "OptionCustomUsers": "Custom",
    "ButtonArrowUp": "Amunt",
    "ButtonArrowDown": "Avall",
    "ButtonArrowLeft": "Esquerra",
    "ButtonArrowRight": "Dreta",
    "ButtonBack": "Darrera",
    "ButtonInfo": "Info",
    "ButtonOsd": "On screen display",
    "ButtonPageUp": "Page Up",
    "ButtonPageDown": "Page Down",
    "PageAbbreviation": "PG",
    "ButtonHome": "Inici",
    "ButtonSearch": "Cercar",
    "ButtonSettings": "Prefer\u00e8ncies",
    "ButtonTakeScreenshot": "Capture Screenshot",
    "ButtonLetterUp": "Letter Up",
    "ButtonLetterDown": "Letter Down",
    "PageButtonAbbreviation": "PG",
    "LetterButtonAbbreviation": "A",
    "TabNowPlaying": "Reprodu\u00efnt",
    "TabNavigation": "Navigation",
    "TabControls": "Controls",
    "ButtonFullscreen": "Toggle fullscreen",
    "ButtonScenes": "Scenes",
    "ButtonSubtitles": "Subtitles",
    "ButtonAudioTracks": "Audio tracks",
    "ButtonPreviousTrack": "Previous track",
    "ButtonNextTrack": "Next track",
    "ButtonStop": "Stop",
    "ButtonPause": "Pause",
    "ButtonNext": "Seg\u00fcent",
    "ButtonPrevious": "Anterior",
    "LabelGroupMoviesIntoCollections": "Agrupa pel\u00b7l\u00edcules a col\u00b7leccions",
    "LabelGroupMoviesIntoCollectionsHelp": "When displaying movie lists, movies belonging to a collection will be displayed as one grouped item.",
    "NotificationOptionPluginError": "Plugin failure",
    "ButtonVolumeUp": "Puja el volum",
    "ButtonVolumeDown": "Baixa el volum",
    "ButtonMute": "Mute",
    "HeaderLatestMedia": "Darrers Multim\u00e8dia",
    "OptionSpecialFeatures": "Special Features",
    "HeaderCollections": "Col\u00b7leccions",
    "LabelProfileCodecsHelp": "Separated by comma. This can be left empty to apply to all codecs.",
    "LabelProfileContainersHelp": "Separated by comma. This can be left empty to apply to all containers.",
    "HeaderResponseProfile": "Response Profile",
    "LabelType": "Type:",
    "LabelPersonRole": "Role:",
    "LabelPersonRoleHelp": "Role is generally only applicable to actors.",
    "LabelProfileContainer": "Container:",
    "LabelProfileVideoCodecs": "C\u00f2decs de v\u00eddeo:",
    "LabelProfileAudioCodecs": "Audio codecs:",
    "LabelProfileCodecs": "Codecs:",
    "HeaderDirectPlayProfile": "Direct Play Profile",
    "HeaderTranscodingProfile": "Transcoding Profile",
    "HeaderCodecProfile": "Codec Profile",
    "HeaderCodecProfileHelp": "Codec profiles indicate the limitations of a device when playing specific codecs. If a limitation applies then the media will be transcoded, even if the codec is configured for direct play.",
    "HeaderContainerProfile": "Container Profile",
    "HeaderContainerProfileHelp": "Container profiles indicate the limitations of a device when playing specific formats. If a limitation applies then the media will be transcoded, even if the format is configured for direct play.",
    "OptionProfileVideo": "V\u00eddeo",
    "OptionProfileAudio": "\u00c0udio",
    "OptionProfileVideoAudio": "Video Audio",
    "OptionProfilePhoto": "Foto",
    "LabelUserLibrary": "Biblioteca d'usuari:",
    "LabelUserLibraryHelp": "Select which user library to display to the device. Leave empty to inherit the default setting.",
    "OptionPlainStorageFolders": "Display all folders as plain storage folders",
    "OptionPlainStorageFoldersHelp": "If enabled, all folders are represented in DIDL as \"object.container.storageFolder\" instead of a more specific type, such as \"object.container.person.musicArtist\".",
    "OptionPlainVideoItems": "Display all videos as plain video items",
    "OptionPlainVideoItemsHelp": "If enabled, all videos are represented in DIDL as \"object.item.videoItem\" instead of a more specific type, such as \"object.item.videoItem.movie\".",
    "LabelSupportedMediaTypes": "Supported Media Types:",
    "TabIdentification": "Identificaci\u00f3",
    "HeaderIdentification": "Identificaci\u00f3",
    "TabDirectPlay": "Direct Play",
    "TabContainers": "Containers",
    "TabCodecs": "C\u00f2decs",
    "TabResponses": "Responses",
    "HeaderProfileInformation": "Informaci\u00f3 del perfil",
    "LabelEmbedAlbumArtDidl": "Embed album art in Didl",
    "LabelEmbedAlbumArtDidlHelp": "Some devices prefer this method for obtaining album art. Others may fail to play with this option enabled.",
    "LabelAlbumArtPN": "Album art PN:",
    "LabelAlbumArtHelp": "PN used for album art, within the dlna:profileID attribute on upnp:albumArtURI. Some clients require a specific value, regardless of the size of the image.",
    "LabelAlbumArtMaxWidth": "Album art max width:",
    "LabelAlbumArtMaxWidthHelp": "Max resolution of album art exposed via upnp:albumArtURI.",
    "LabelAlbumArtMaxHeight": "Album art max height:",
    "LabelAlbumArtMaxHeightHelp": "Max resolution of album art exposed via upnp:albumArtURI.",
    "LabelIconMaxWidth": "Icon max width:",
    "LabelIconMaxWidthHelp": "Max resolution of icons exposed via upnp:icon.",
    "LabelIconMaxHeight": "Icon max height:",
    "LabelIconMaxHeightHelp": "Max resolution of icons exposed via upnp:icon.",
    "LabelIdentificationFieldHelp": "A case-insensitive substring or regex expression.",
    "HeaderProfileServerSettingsHelp": "These values control how Emby Server will present itself to the device.",
    "LabelMaxBitrate": "Max bitrate:",
    "LabelMaxBitrateHelp": "Specify a max bitrate in bandwidth constrained environments, or if the device imposes it's own limit.",
    "LabelMaxStreamingBitrate": "Max streaming bitrate:",
    "LabelMaxStreamingBitrateHelp": "Specify a max bitrate when streaming.",
    "LabelMaxChromecastBitrate": "Max Chromecast bitrate:",
    "LabelMaxStaticBitrate": "Max sync bitrate:",
    "LabelMaxStaticBitrateHelp": "Specify a max bitrate when syncing content at high quality.",
    "LabelMusicStaticBitrate": "Music sync bitrate:",
    "LabelMusicStaticBitrateHelp": "Specify a max bitrate when syncing music",
    "LabelMusicStreamingTranscodingBitrate": "Music transcoding bitrate:",
    "LabelMusicStreamingTranscodingBitrateHelp": "Specify a max bitrate when streaming music",
    "OptionIgnoreTranscodeByteRangeRequests": "Ignore transcode byte range requests",
    "OptionIgnoreTranscodeByteRangeRequestsHelp": "If enabled, these requests will be honored but will ignore the byte range header.",
    "LabelFriendlyName": "Friendly name",
    "LabelManufacturer": "Manufacturer",
    "LabelManufacturerUrl": "Manufacturer url",
    "LabelModelName": "Model name",
    "LabelModelNumber": "Model number",
    "LabelModelDescription": "Model description",
    "LabelModelUrl": "Model url",
    "LabelSerialNumber": "Serial number",
    "LabelDeviceDescription": "Device description",
    "HeaderIdentificationCriteriaHelp": "Enter at least one identification criteria.",
    "HeaderDirectPlayProfileHelp": "Add direct play profiles to indicate which formats the device can handle natively.",
    "HeaderTranscodingProfileHelp": "Add transcoding profiles to indicate which formats should be used when transcoding is required.",
    "HeaderResponseProfileHelp": "Response profiles provide a way to customize information sent to the device when playing certain kinds of media.",
    "LabelXDlnaCap": "X-Dlna cap:",
    "LabelXDlnaCapHelp": "Determines the content of the X_DLNACAP element in the urn:schemas-dlna-org:device-1-0 namespace.",
    "LabelXDlnaDoc": "X-Dlna doc:",
    "LabelXDlnaDocHelp": "Determines the content of the X_DLNADOC element in the urn:schemas-dlna-org:device-1-0 namespace.",
    "LabelSonyAggregationFlags": "Sony aggregation flags:",
    "LabelSonyAggregationFlagsHelp": "Determines the content of the aggregationFlags element in the urn:schemas-sonycom:av namespace.",
    "LabelTranscodingContainer": "Container:",
    "LabelTranscodingVideoCodec": "C\u00f2dec de v\u00eddeo:",
    "LabelTranscodingVideoProfile": "Perfil de v\u00eddeo:",
    "LabelTranscodingAudioCodec": "C\u00f2dec d'\u00e0udio",
    "OptionEnableM2tsMode": "Enable M2ts mode",
    "OptionEnableM2tsModeHelp": "Enable m2ts mode when encoding to mpegts.",
    "OptionEstimateContentLength": "Estimate content length when transcoding",
    "OptionReportByteRangeSeekingWhenTranscoding": "Report that the server supports byte seeking when transcoding",
    "OptionReportByteRangeSeekingWhenTranscodingHelp": "This is required for some devices that don't time seek very well.",
    "HeaderSubtitleDownloadingHelp": "When Emby scans your video files it can search for missing subtitles, and download them using a subtitle provider such as OpenSubtitles.org.",
    "HeaderDownloadSubtitlesFor": "Download subtitles for:",
    "MessageNoChapterProviders": "Install a chapter provider plugin such as ChapterDb to enable additional chapter options.",
    "LabelSkipIfGraphicalSubsPresent": "Skip if the video already contains graphical subtitles",
    "LabelSkipIfGraphicalSubsPresentHelp": "Keeping text versions of subtitles will result in more efficient delivery and decrease the likelihood of video transcoding.",
    "TabSubtitles": "Subt\u00edtols",
    "TabChapters": "Cap\u00edtols",
    "HeaderDownloadChaptersFor": "Download chapter names for:",
    "LabelOpenSubtitlesUsername": "Open Subtitles username:",
    "LabelOpenSubtitlesPassword": "Open Subtitles password:",
    "HeaderChapterDownloadingHelp": "When Emby scans your video files it can download friendly chapter names from the internet using chapter plugins such as ChapterDb.",
    "LabelPlayDefaultAudioTrack": "Play default audio track regardless of language",
    "LabelSubtitlePlaybackMode": "Subtitle mode:",
    "LabelDownloadLanguages": "Download languages:",
    "ButtonRegister": "Registrar",
    "LabelSkipIfAudioTrackPresent": "Skip if the default audio track matches the download language",
    "LabelSkipIfAudioTrackPresentHelp": "Uncheck this to ensure all videos have subtitles, regardless of audio language.",
    "HeaderSendMessage": "Enviar Missatge",
    "ButtonSend": "Envia",
    "LabelMessageText": "Text del missatge:",
    "MessageNoAvailablePlugins": "No available plugins.",
    "LabelDisplayPluginsFor": "Display plugins for:",
    "PluginTabAppClassic": "Emby Cl\u00e0ssic",
    "PluginTabAppTheater": "Emby Teatre",
    "LabelEpisodeNamePlain": "Nom de l'episodi",
    "LabelSeriesNamePlain": "Nom de la s\u00e8rie",
    "ValueSeriesNamePeriod": "Series.name",
    "ValueSeriesNameUnderscore": "Series_name",
    "ValueEpisodeNamePeriod": "Episode.name",
    "ValueEpisodeNameUnderscore": "Episode_name",
    "LabelSeasonNumberPlain": "Season number",
    "LabelEpisodeNumberPlain": "Episode number",
    "LabelEndingEpisodeNumberPlain": "Ending episode number",
    "HeaderTypeText": "Enter Text",
    "LabelTypeText": "Text",
    "HeaderSearchForSubtitles": "Search for Subtitles",
    "MessageNoSubtitleSearchResultsFound": "No search results founds.",
    "TabDisplay": "Display",
    "TabLanguages": "Languages",
    "TabAppSettings": "Prefer\u00e8ncies d'App",
    "LabelEnableThemeSongs": "Enable theme songs",
    "LabelEnableBackdrops": "Enable backdrops",
    "LabelEnableThemeSongsHelp": "If enabled, theme songs will be played in the background while browsing the library.",
    "LabelEnableBackdropsHelp": "If enabled, backdrops will be displayed in the background of some pages while browsing the library.",
    "HeaderHomePage": "P\u00e0gina d'Inici",
    "HeaderSettingsForThisDevice": "Prefer\u00e8ncies per Aquest Dispositiu",
    "OptionAuto": "Auto",
    "OptionYes": "Yes",
    "OptionNo": "No",
    "HeaderOptions": "Opcions",
    "HeaderIdentificationResult": "Identification Result",
    "LabelHomePageSection1": "1a secci\u00f3 de la p\u00e0gina d'inici:",
    "LabelHomePageSection2": "2a secci\u00f3 de la p\u00e0gina d'inici:",
    "LabelHomePageSection3": "3a secci\u00f3 de la p\u00e0gina d'inici:",
    "LabelHomePageSection4": "4a secci\u00f3 de la p\u00e0gina d'inici:",
    "OptionMyMediaButtons": "Els meus multim\u00e8dia (botons)",
    "OptionMyMedia": "Mons Multim\u00e8dia",
    "OptionMyMediaSmall": "Els meus multim\u00e8dia (petit)",
    "OptionResumablemedia": "Resume",
    "OptionLatestMedia": "Darrers Multim\u00e8dia",
    "OptionLatestChannelMedia": "Latest channel items",
    "HeaderLatestChannelItems": "Latest Channel Items",
    "OptionNone": "Cap",
    "HeaderLiveTv": "TV en Directe",
    "HeaderReports": "Reports",
    "HeaderMetadataManager": "Gestor de Metadades",
    "HeaderSettings": "Prefer\u00e8ncies",
    "MessageLoadingChannels": "Carregant el contingut del canal...",
    "MessageLoadingContent": "Carregant contingut...",
    "ButtonMarkRead": "Mark Read",
    "OptionDefaultSort": "Per defecte",
    "OptionCommunityMostWatchedSort": "Els M\u00e9s Vistos",
    "TabNextUp": "A Continuaci\u00f3",
    "PlaceholderUsername": "Nom d'usuari",
    "HeaderBecomeProjectSupporter": "Obtenir Emby Premiere",
    "MessageNoMovieSuggestionsAvailable": "No movie suggestions are currently available. Start watching and rating your movies, and then come back to view your recommendations.",
    "MessageNoCollectionsAvailable": "Collections allow you to enjoy personalized groupings of Movies, Series, Albums, Books and Games. Click the + button to start creating Collections.",
    "MessageNoPlaylistsAvailable": "Playlists allow you to create lists of content to play consecutively at a time. To add items to playlists, right click or tap and hold, then select Add to Playlist.",
    "MessageNoPlaylistItemsAvailable": "Aquesta llista de reproducci\u00f3 \u00e9s buida actualment.",
    "ButtonDismiss": "Dismiss",
    "ButtonEditOtherUserPreferences": "Edit this user's profile, image and personal preferences.",
    "LabelChannelStreamQuality": "Preferred internet stream quality:",
    "LabelChannelStreamQualityHelp": "In a low bandwidth environment, limiting quality can help ensure a smooth streaming experience.",
    "OptionBestAvailableStreamQuality": "Best available",
    "LabelEnableChannelContentDownloadingFor": "Enable channel content downloading for:",
    "LabelEnableChannelContentDownloadingForHelp": "Some channels support downloading content prior to viewing. Enable this in low bandwidth enviornments to download channel content during off hours. Content is downloaded as part of the channel download scheduled task.",
    "LabelChannelDownloadPath": "Channel content download path:",
    "LabelChannelDownloadPathHelp": "Specify a custom download path if desired. Leave empty to download to an internal program data folder.",
    "LabelChannelDownloadAge": "Delete content after: (days)",
    "LabelChannelDownloadAgeHelp": "Downloaded content older than this will be deleted. It will remain playable via internet streaming.",
    "ChannelSettingsFormHelp": "Install channels such as Trailers and Vimeo in the plugin catalog.",
    "ButtonOptions": "Opcions",
    "ViewTypePlaylists": "Llistes de reproducci\u00f3",
    "ViewTypeMovies": "Pel\u00b7l\u00edcules",
    "ViewTypeTvShows": "TV",
    "ViewTypeGames": "Jocs",
    "ViewTypeMusic": "M\u00fasica",
    "ViewTypeMusicGenres": "G\u00e8neres",
    "ViewTypeMusicArtists": "Artistes",
    "ViewTypeBoxSets": "Col\u00b7leccions",
    "ViewTypeChannels": "Canals",
    "ViewTypeLiveTV": "TV en Directe",
    "ViewTypeLiveTvNowPlaying": "Now Airing",
    "ViewTypeLatestGames": "Darrers Jocs",
    "ViewTypeRecentlyPlayedGames": "Reprodu\u00eft Recentment",
    "ViewTypeGameFavorites": "Preferits",
    "ViewTypeGameSystems": "Sistemes de Jocs",
    "ViewTypeGameGenres": "G\u00e8neres",
    "ViewTypeTvResume": "Resume",
    "ViewTypeTvNextUp": "A Continuaci\u00f3",
    "ViewTypeTvLatest": "Darrers",
    "ViewTypeTvShowSeries": "S\u00e8ries:",
    "ViewTypeTvGenres": "G\u00e8neres",
    "ViewTypeTvFavoriteSeries": "S\u00e8ries Preferides",
    "ViewTypeTvFavoriteEpisodes": "Episodis preferits",
    "ViewTypeMovieResume": "Resume",
    "ViewTypeMovieLatest": "Darrers",
    "ViewTypeMovieMovies": "Pel\u00b7l\u00edcules",
    "ViewTypeMovieCollections": "Col\u00b7leccions",
    "ViewTypeMovieFavorites": "Preferides",
    "ViewTypeMovieGenres": "Genres",
    "ViewTypeMusicLatest": "Novetats",
    "ViewTypeMusicPlaylists": "Llistes de reproducci\u00f3",
    "ViewTypeMusicAlbums": "\u00c0lbums",
    "ViewTypeMusicAlbumArtists": "Album Artists",
    "HeaderOtherDisplaySettings": "Prefer\u00e8ncies de Visualitzaci\u00f3",
    "ViewTypeMusicSongs": "Can\u00e7ons",
    "ViewTypeMusicFavorites": "Preferides",
    "ViewTypeMusicFavoriteAlbums": "\u00c0lbums Preferits",
    "ViewTypeMusicFavoriteArtists": "Artistes Preferits",
    "ViewTypeMusicFavoriteSongs": "Can\u00e7ons Preferides",
    "HeaderMyViews": "My Views",
    "LabelSelectFolderGroups": "Automatically group content from the following folders into views such as Movies, Music and TV:",
    "LabelSelectFolderGroupsHelp": "Folders that are unchecked will be displayed by themselves in their own view.",
    "OptionDisplayAdultContent": "Display adult content",
    "OptionLibraryFolders": "Directoris multim\u00e8dia",
    "TitleRemoteControl": "Control Remot",
    "OptionLatestTvRecordings": "Latest recordings",
    "LabelProtocolInfo": "Protocol info:",
    "LabelProtocolInfoHelp": "The value that will be used when responding to GetProtocolInfo requests from the device.",
    "TabNfo": "Nfo",
    "HeaderKodiMetadataHelp": "Emby includes native support for Nfo metadata files. To enable or disable Nfo metadata, use the Advanced tab to configure options for your media types.",
    "LabelKodiMetadataUser": "Sync user watch data to nfo's for:",
    "LabelKodiMetadataUserHelp": "Enable this to keep watch data in sync between Emby Server and Nfo files.",
    "LabelKodiMetadataDateFormat": "Release date format:",
    "LabelKodiMetadataDateFormatHelp": "All dates within nfo's will be read and written to using this format.",
    "LabelKodiMetadataSaveImagePaths": "Save image paths within nfo files",
    "LabelKodiMetadataSaveImagePathsHelp": "This is recommended if you have image file names that don't conform to Kodi guidelines.",
    "LabelKodiMetadataEnablePathSubstitution": "Enable path substitution",
    "LabelKodiMetadataEnablePathSubstitutionHelp": "Enables path substitution of image paths using the server's path substitution settings.",
    "LabelKodiMetadataEnablePathSubstitutionHelp2": "See path substitution.",
    "OptionDisplayChannelsInline": "Display channels inline within my views",
    "OptionDisplayChannelsInlineHelp": "If enabled, channels will be displayed directly alongside other views. If disabled, they'll be displayed within a separate Channels view.",
    "LabelDisplayCollectionsView": "Display a collections view to show movie collections",
    "LabelDisplayCollectionsViewHelp": "This will create a separate view to display collections that you've created or have access to. To create a collection, right-click or tap-hold any movie and select 'Add to Collection'. ",
    "LabelKodiMetadataEnableExtraThumbs": "Copy extrafanart into extrathumbs",
    "LabelKodiMetadataEnableExtraThumbsHelp": "When downloading images they can be saved into both extrafanart and extrathumbs for maximum Kodi skin compatibility.",
    "TabServices": "Serveis",
    "TabLogs": "Logs",
    "HeaderServerLogFiles": "Server log files:",
    "TabBranding": "Branding",
    "HeaderBrandingHelp": "Customize the appearance of Emby to fit the needs of your group or organization.",
    "LabelLoginDisclaimer": "Login disclaimer:",
    "LabelLoginDisclaimerHelp": "This will be displayed at the bottom of the login page.",
    "OptionList": "List",
    "TabDashboard": "Tauler de Control",
    "TitleServer": "Servidor",
    "LabelCache": "Cache:",
    "LabelLogs": "Logs:",
    "LabelMetadata": "Metadata:",
    "LabelImagesByName": "Images by name:",
    "LabelTranscodingTemporaryFiles": "Transcoding temporary files:",
    "HeaderLatestMusic": "Darrera M\u00fasica",
    "HeaderBranding": "Branding",
    "HeaderApiKeys": "Api Keys",
    "HeaderApiKeysHelp": "External applications are required to have an Api key in order to communicate with Emby Server. Keys are issued by logging in with an Emby account, or by manually granting the application a key.",
    "HeaderApiKey": "Api Key",
    "HeaderApp": "App",
    "HeaderDevice": "Dispositiu",
    "HeaderUser": "Usuari",
    "HeaderDateIssued": "Date Issued",
    "LabelChapterName": "Chapter {0}",
    "HeaderNewApiKey": "New Api Key",
    "LabelAppName": "App name",
    "LabelAppNameExample": "Example: Sickbeard, NzbDrone",
    "HeaderNewApiKeyHelp": "Grant an application permission to communicate with Emby Server.",
    "HeaderHttpHeaders": "Http Headers",
    "HeaderIdentificationHeader": "Identification Header",
    "LabelValue": "Value:",
    "LabelMatchType": "Match type:",
    "OptionEquals": "Equals",
    "OptionRegex": "Regex",
    "OptionSubstring": "Substring",
    "TabView": "View",
    "TabSort": "Sort",
    "TabFilter": "Filter",
    "ButtonView": "View",
    "LabelPageSize": "Item limit:",
    "LabelPath": "Path:",
    "LabelView": "View:",
    "TabUsers": "Usuaris",
    "LabelSortName": "Sort name:",
    "LabelDateAdded": "Date added:",
    "HeaderFeatures": "Features",
    "HeaderAdvanced": "Avan\u00e7at",
    "ButtonSync": "Sync",
    "TabScheduledTasks": "Tasques Programades",
    "HeaderChapters": "Chapters",
    "HeaderResumeSettings": "Resume Settings",
    "TabSync": "Sync",
    "TitleUsers": "Usuaris",
    "LabelProtocol": "Protocol:",
    "OptionProtocolHttp": "Http",
    "OptionProtocolHls": "Http Live Streaming",
    "LabelContext": "Context:",
    "OptionContextStreaming": "Streaming",
    "OptionContextStatic": "Sync",
    "ButtonAddToPlaylist": "Afegir a la llista de reproducci\u00f3",
    "TabPlaylists": "Llistes de reproducci\u00f3",
    "ButtonClose": "Close",
    "LabelAllLanguages": "All languages",
    "HeaderBrowseOnlineImages": "Browse Online Images",
    "LabelSource": "Source:",
    "OptionAll": "All",
    "LabelImage": "Image:",
    "ButtonBrowseImages": "Browse Images",
    "HeaderImages": "Images",
    "HeaderBackdrops": "Backdrops",
    "HeaderScreenshots": "Screenshots",
    "HeaderAddUpdateImage": "Add\/Update Image",
    "LabelJpgPngOnly": "JPG\/PNG only",
    "LabelImageType": "Image type:",
    "OptionPrimary": "Primary",
    "OptionArt": "Art",
    "OptionBox": "Box",
    "OptionBoxRear": "Box rear",
    "OptionDisc": "Disc",
    "OptionIcon": "Icon",
    "OptionLogo": "Logo",
    "OptionMenu": "Menu",
    "OptionScreenshot": "Screenshot",
    "OptionLocked": "Locked",
    "OptionUnidentified": "Unidentified",
    "OptionMissingParentalRating": "Missing parental rating",
    "OptionStub": "Stub",
    "HeaderEpisodes": "Episodes:",
    "OptionSeason0": "Temporada 0",
    "LabelReport": "Report:",
    "OptionReportSongs": "Can\u00e7ons",
    "OptionReportSeries": "S\u00e8ries",
    "OptionReportSeasons": "Temporades",
    "OptionReportTrailers": "Tr\u00e0ilers",
    "OptionReportMusicVideos": "V\u00eddeos musicals",
    "OptionReportMovies": "Pel\u00b7l\u00edcules",
    "OptionReportHomeVideos": "V\u00eddeos dom\u00e8stics",
    "OptionReportGames": "Jocs",
    "OptionReportEpisodes": "Episodes",
    "OptionReportCollections": "Col\u00b7leccions",
    "OptionReportBooks": "Llibres",
    "OptionReportArtists": "Artists",
    "OptionReportAlbums": "Albums",
    "OptionReportAdultVideos": "V\u00eddeos per adults",
    "ButtonMore": "More",
    "HeaderActivity": "Activity",
    "ScheduledTaskStartedWithName": "{0} started",
    "ScheduledTaskCancelledWithName": "{0} was cancelled",
    "ScheduledTaskCompletedWithName": "{0} completed",
    "ScheduledTaskFailed": "Scheduled task completed",
    "PluginInstalledWithName": "{0} was installed",
    "PluginUpdatedWithName": "{0} was updated",
    "PluginUninstalledWithName": "{0} was uninstalled",
    "ScheduledTaskFailedWithName": "{0} failed",
    "ItemAddedWithName": "{0} afegit a la biblioteca",
    "ItemRemovedWithName": "{0} eliminat de la biblioteca",
    "DeviceOnlineWithName": "{0} is connected",
    "UserOnlineFromDevice": "{0} is online from {1}",
    "DeviceOfflineWithName": "{0} has disconnected",
    "UserOfflineFromDevice": "{0} has disconnected from {1}",
    "SubtitlesDownloadedForItem": "Subtitles downloaded for {0}",
    "SubtitleDownloadFailureForItem": "Subtitles failed to download for {0}",
    "LabelRunningTimeValue": "Running time: {0}",
    "LabelIpAddressValue": "Ip address: {0}",
    "UserLockedOutWithName": "User {0} has been locked out",
    "UserConfigurationUpdatedWithName": "User configuration has been updated for {0}",
    "UserCreatedWithName": "User {0} has been created",
    "UserPasswordChangedWithName": "Password has been changed for user {0}",
    "UserDeletedWithName": "User {0} has been deleted",
    "MessageServerConfigurationUpdated": "Server configuration has been updated",
    "MessageNamedServerConfigurationUpdatedWithValue": "Server configuration section {0} has been updated",
    "MessageApplicationUpdated": "Emby Server has been updated",
    "AuthenticationSucceededWithUserName": "{0} successfully authenticated",
    "FailedLoginAttemptWithUserName": "Failed login attempt from {0}",
    "UserDownloadingItemWithValues": "{0} is downloading {1}",
    "UserStartedPlayingItemWithValues": "{0} has started playing {1}",
    "UserStoppedPlayingItemWithValues": "{0} has stopped playing {1}",
    "AppDeviceValues": "App: {0}, Device: {1}",
    "ProviderValue": "Provider: {0}",
    "LabelChannelDownloadSizeLimit": "Download size limit (GB):",
    "LabelChannelDownloadSizeLimitHelpText": "Limit the size of the channel download folder.",
    "HeaderRecentActivity": "Activitat Recent",
    "HeaderPeople": "People",
    "HeaderDownloadPeopleMetadataFor": "Download biography and images for:",
    "OptionComposers": "Composers",
    "OptionOthers": "Others",
    "HeaderDownloadPeopleMetadataForHelp": "Enabling additional options will provide more on-screen information but will result in slower library scans.",
    "ViewTypeFolders": "Directoris",
    "LabelDisplayFoldersView": "Display a folders view to show plain media folders",
    "ViewTypeLiveTvRecordingGroups": "Recordings",
    "ViewTypeLiveTvChannels": "Canals",
    "LabelEasyPinCode": "Easy pin code:",
    "EasyPasswordHelp": "Your easy pin code is used for offline access with supported Emby apps, and can also be used for easy in-network sign in.",
    "LabelInNetworkSignInWithEasyPassword": "Enable in-network sign in with my easy pin code",
    "LabelInNetworkSignInWithEasyPasswordHelp": "If enabled, you'll be able to use your easy pin code to sign in to Emby apps from inside your home network. Your regular password will only be needed away from home. If the pin code is left blank, you won't need a password within your home network.",
    "HeaderPassword": "Password",
    "HeaderLocalAccess": "Local Access",
    "HeaderViewOrder": "View Order",
    "ButtonResetEasyPassword": "Reset easy pin code",
    "LabelSelectUserViewOrder": "Choose the order your views will be displayed in within Emby apps",
    "LabelMetadataRefreshMode": "Metadata refresh mode:",
    "LabelImageRefreshMode": "Image refresh mode:",
    "OptionDownloadMissingImages": "Download missing images",
    "OptionReplaceExistingImages": "Replace existing images",
    "OptionRefreshAllData": "Refresh all data",
    "OptionAddMissingDataOnly": "Add missing data only",
    "OptionLocalRefreshOnly": "Local refresh only",
    "HeaderRefreshMetadata": "Refresh Metadata",
    "HeaderPersonInfo": "Person Info",
    "HeaderIdentifyItemHelp": "Enter one or more search criteria. Remove criteria to increase search results.",
    "HeaderConfirmDeletion": "Confirm Deletion",
    "LabelFollowingFileWillBeDeleted": "The following file will be deleted:",
    "LabelIfYouWishToContinueWithDeletion": "If you wish to continue, please confirm by entering the value of:",
    "ButtonIdentify": "Identify",
    "LabelAlbumArtist": "Album artist:",
    "LabelAlbumArtists": "Album artists:",
    "LabelAlbum": "Album:",
    "LabelCommunityRating": "Community rating:",
    "LabelVoteCount": "Vote count:",
    "LabelMetascore": "Metascore:",
    "LabelCriticRating": "Critic rating:",
    "LabelCriticRatingSummary": "Critic rating summary:",
    "LabelAwardSummary": "Award summary:",
    "LabelWebsite": "Website:",
    "LabelTagline": "Tagline:",
    "LabelOverview": "Overview:",
    "LabelShortOverview": "Short overview:",
    "LabelReleaseDate": "Release date:",
    "LabelYear": "Year:",
    "LabelPlaceOfBirth": "Place of birth:",
    "LabelEndDate": "End date:",
    "LabelAirDate": "Air days:",
    "LabelAirTime:": "Air time:",
    "LabelRuntimeMinutes": "Run time (minutes):",
    "LabelParentalRating": "Parental rating:",
    "LabelCustomRating": "Custom rating:",
    "LabelBudget": "Budget",
    "LabelRevenue": "Revenue ($):",
    "LabelOriginalAspectRatio": "Original aspect ratio:",
    "LabelPlayers": "Players:",
    "Label3DFormat": "3D format:",
    "HeaderAlternateEpisodeNumbers": "Alternate Episode Numbers",
    "HeaderSpecialEpisodeInfo": "Special Episode Info",
    "HeaderExternalIds": "External Id's:",
    "LabelDvdSeasonNumber": "Dvd season number:",
    "LabelDvdEpisodeNumber": "Dvd episode number:",
    "LabelAbsoluteEpisodeNumber": "Absolute episode number:",
    "LabelAirsBeforeSeason": "Airs before season:",
    "LabelAirsAfterSeason": "Airs after season:",
    "LabelAirsBeforeEpisode": "Airs before episode:",
    "LabelTreatImageAs": "Treat image as:",
    "LabelDisplayOrder": "Display order:",
    "LabelDisplaySpecialsWithinSeasons": "Mostra els especials dins les temporades en que van ser emesos",
    "HeaderCountries": "Countries",
    "HeaderGenres": "Genres",
    "HeaderPlotKeywords": "Plot Keywords",
    "HeaderStudios": "Studios",
    "HeaderTags": "Tags",
    "HeaderMetadataSettings": "Prefer\u00e8ncies de Metadades",
    "LabelLockItemToPreventChanges": "Lock this item to prevent future changes",
    "MessageLeaveEmptyToInherit": "Leave empty to inherit settings from a parent item, or the global default value.",
    "HeaderDonationType": "Donation type:",
    "OptionMakeOneTimeDonation": "Make a separate donation",
    "OptionNoTrailer": "No Trailer",
    "OptionNoThemeSong": "No Theme Song",
    "OptionNoThemeVideo": "No Theme Video",
    "LabelOneTimeDonationAmount": "Donation amount:",
    "ButtonPurchase": "Purchase",
    "OptionActor": "Actor",
    "OptionComposer": "Composer",
    "OptionDirector": "Director",
    "OptionGuestStar": "Artista convidat",
    "OptionProducer": "Producer",
    "OptionWriter": "Writer",
    "LabelAirDays": "Air days:",
    "LabelAirTime": "Air time:",
    "HeaderMediaInfo": "Media Info",
    "HeaderPhotoInfo": "Photo Info",
    "HeaderInstall": "Install",
    "LabelSelectVersionToInstall": "Select version to install:",
    "LinkLearnMoreAboutSubscription": "Learn about Emby Premiere",
    "MessagePluginRequiresSubscription": "This plugin will require an active Emby Premiere subscription after the 14 day free trial.",
    "MessagePremiumPluginRequiresMembership": "This plugin will require an active Emby Premiere subscription in order to purchase after the 14 day free trial.",
    "HeaderReviews": "Reviews",
    "HeaderDeveloperInfo": "Developer Info",
    "HeaderRevisionHistory": "Revision History",
    "ButtonViewWebsite": "View website",
    "HeaderXmlSettings": "Xml Settings",
    "HeaderXmlDocumentAttributes": "Xml Document Attributes",
    "HeaderXmlDocumentAttribute": "Xml Document Attribute",
    "XmlDocumentAttributeListHelp": "These attributes are applied to the root element of every xml response.",
    "OptionSaveMetadataAsHidden": "Desa les metadades i les imatges com a fitxers ocults",
    "LabelExtractChaptersDuringLibraryScan": "Extrau imatges dels episodis durant l'escaneig de la biblioteca",
    "LabelExtractChaptersDuringLibraryScanHelp": "If enabled, chapter images will be extracted when videos are imported during the library scan. If disabled they will be extracted during the chapter images scheduled task, allowing the regular library scan to complete faster.",
    "LabelConnectGuestUserName": "Their Emby username or email address:",
    "LabelConnectUserName": "Emby username\/email:",
    "LabelConnectUserNameHelp": "Connect this local user to an online Emby account to enable easy sign-in access from any Emby app without having to know the server ip address.",
    "ButtonLearnMoreAboutEmbyConnect": "Learn more about Emby Connect",
    "LabelExternalPlayers": "External players:",
    "LabelExternalPlayersHelp": "Display buttons to play content in external players. This is only available on devices that support url schemes, generally Android and iOS. With external players there is generally no support for remote control or resuming.",
    "LabelNativeExternalPlayersHelp": "Display buttons to play content in external players.",
    "LabelEnableItemPreviews": "Enable item previews",
    "LabelEnableItemPreviewsHelp": "if enabled, sliding previews will appear when clicking items on certain screens.",
    "HeaderSubtitleProfile": "Subtitle Profile",
    "HeaderSubtitleProfiles": "Subtitle Profiles",
    "HeaderSubtitleProfilesHelp": "Subtitle profiles describe the subtitle formats supported by the device.",
    "LabelFormat": "Format:",
    "LabelMethod": "Method:",
    "LabelDidlMode": "Didl mode:",
    "OptionCaptionInfoExSamsung": "CaptionInfoEx (Samsung)",
    "OptionResElement": "res element",
    "OptionEmbedSubtitles": "Embed within container",
    "OptionExternallyDownloaded": "External download",
    "OptionHlsSegmentedSubtitles": "Hls segmented subtitles",
    "LabelSubtitleFormatHelp": "Example: srt",
    "ButtonLearnMore": "Learn more",
    "TabPlayback": "Reproducci\u00f3",
    "HeaderLanguagePreferences": "Language Preferences",
    "TabCinemaMode": "Cinema Mode",
    "TitlePlayback": "Reproducci\u00f3",
    "LabelEnableCinemaModeFor": "Enable cinema mode for:",
    "CinemaModeConfigurationHelp": "Cinema mode brings the theater experience straight to your living room with the ability to play trailers and custom intros before the main feature.",
    "OptionTrailersFromMyMovies": "Inclou tr\u00e0ilers de pel\u00b7l\u00edcules a la meva biblioteca",
    "OptionUpcomingMoviesInTheaters": "Include trailers from new and upcoming movies",
    "LabelLimitIntrosToUnwatchedContent": "Only use trailers from unwatched content",
    "LabelEnableIntroParentalControl": "Enable smart parental control",
    "LabelEnableIntroParentalControlHelp": "Trailers will only be selected with a parental rating equal to or less than the content being watched.",
    "LabelTheseFeaturesRequireSubscriptionHelpAndTrailers": "These features require an active Emby Premiere subscription and installation of the Trailer channel plugin.",
    "OptionTrailersFromMyMoviesHelp": "Requires setup of local trailers.",
    "LabelCustomIntrosPath": "Custom intros path:",
    "LabelCustomIntrosPathHelp": "A folder containing video files. A video will be randomly selected and played after trailers.",
    "ValueSpecialEpisodeName": "Special - {0}",
    "LabelSelectInternetTrailersForCinemaMode": "Internet trailers:",
    "OptionUpcomingDvdMovies": "Include trailers from new and upcoming movies on Dvd & Blu-ray",
    "OptionUpcomingStreamingMovies": "Include trailers from new and upcoming movies on Netflix",
    "LabelDisplayTrailersWithinMovieSuggestions": "Display trailers within movie suggestions",
    "LabelDisplayTrailersWithinMovieSuggestionsHelp": "Requires installation of the Trailer channel.",
    "CinemaModeConfigurationHelp2": "Emby apps will have a setting to enable or disable cinema mode. TV apps enable cinema mode by default.",
    "LabelEnableCinemaMode": "Enable cinema mode",
    "HeaderCinemaMode": "Mode Cinema",
    "LabelDateAddedBehavior": "Date added behavior for new content:",
    "OptionDateAddedImportTime": "Empra la data d'escaneig",
    "OptionDateAddedFileTime": "Use file creation date",
    "LabelDateAddedBehaviorHelp": "If a metadata value is present it will always be used before either of these options.",
    "LabelNumberTrailerToPlay": "Number of trailers to play:",
    "TitleDevices": "Dispositius",
    "TabCameraUpload": "Camera Upload",
    "TabDevices": "Dispositius",
    "HeaderCameraUploadHelp": "Carrega autom\u00e0ticament fotos i v\u00eddeos capturats amb els teus dispositius m\u00f2bils cap a l'Emby.",
    "MessageNoDevicesSupportCameraUpload": "You currently don't have any devices that support camera upload.",
    "LabelCameraUploadPath": "Camera upload path:",
    "LabelCameraUploadPathHelp": "Select a custom upload path, if desired. If unspecified a default folder will be used. If using a custom path it will also need to be added in the library setup area.",
    "LabelCreateCameraUploadSubfolder": "Create a subfolder for each device",
    "LabelCreateCameraUploadSubfolderHelp": "Specific folders can be assigned to a device by clicking on it from the Devices page.",
    "LabelCustomDeviceDisplayName": "Nom a mostrar:",
    "LabelCustomDeviceDisplayNameHelp": "Supply a custom display name or leave empty to use the name reported by the device.",
    "HeaderInviteUser": "Invite User",
    "LabelConnectGuestUserNameHelp": "This is the username that your friend uses to sign in to the Emby website, or their email address.",
    "HeaderInviteUserHelp": "Sharing your media with friends is easier than ever before with Emby Connect.",
    "ButtonSendInvitation": "Send Invitation",
    "HeaderSignInWithConnect": "Sign in with Emby Connect",
    "HeaderGuests": "Convidats",
    "HeaderLocalUsers": "Local Users",
    "HeaderPendingInvitations": "Pending Invitations",
    "TabParentalControl": "Parental Control",
    "HeaderAccessSchedule": "Access Schedule",
    "HeaderAccessScheduleHelp": "Create an access schedule to limit access to certain hours.",
    "ButtonAddSchedule": "Add Schedule",
    "LabelAccessDay": "Day of week:",
    "LabelAccessStart": "Start time:",
    "LabelAccessEnd": "End time:",
    "HeaderSchedule": "Schedule",
    "OptionEveryday": "Every day",
    "OptionWeekdays": "Weekdays",
    "OptionWeekends": "Weekends",
    "MessageProfileInfoSynced": "User profile information synced with Emby Connect.",
    "HeaderOptionalLinkEmbyAccount": "Optional: Link your Emby account",
    "ButtonTrailerReel": "Trailer reel",
    "HeaderTrailerReel": "Trailer Reel",
    "OptionPlayUnwatchedTrailersOnly": "Play only unwatched trailers",
    "HeaderTrailerReelHelp": "Start a trailer reel to play a long running playlist of trailers.",
    "MessageNoTrailersFound": "No trailers found. Install the Trailer channel to enhance your movie experience by adding a library of internet trailers.",
    "HeaderNewUsers": "New Users",
    "ButtonSignUp": "Sign up",
    "ButtonForgotPassword": "Forgot password",
    "OptionDisableUserPreferences": "Disable access to user preferences",
    "OptionDisableUserPreferencesHelp": "If enabled, only administrators will be able to configure user profile images, passwords, and language preferences.",
    "HeaderSelectServer": "Select Server",
    "MessageNoServersAvailableToConnect": "No servers are available to connect to. If you've been invited to share a server, make sure to accept it below or by clicking the link in the email.",
    "TitleNewUser": "New User",
    "ButtonConfigurePassword": "Configure Password",
    "HeaderDashboardUserPassword": "User passwords are managed within each user's personal profile settings.",
    "HeaderLibraryAccess": "Library Access",
    "HeaderChannelAccess": "Channel Access",
    "HeaderLatestItems": "Latest Items",
    "LabelSelectLastestItemsFolders": "Include media from the following sections in Latest Items",
    "HeaderShareMediaFolders": "Compartir Directoris Multim\u00e8dia",
    "MessageGuestSharingPermissionsHelp": "Most features are initially unavailable to guests but can be enabled as needed.",
    "HeaderInvitations": "Invitations",
    "LabelForgotPasswordUsernameHelp": "Enter your username, if you remember it.",
    "HeaderForgotPassword": "He oblidat la contrasenya",
    "TitleForgotPassword": "Forgot Password",
    "TitlePasswordReset": "Password Reset",
    "LabelPasswordRecoveryPinCode": "Pin code:",
    "HeaderPasswordReset": "Password Reset",
    "HeaderParentalRatings": "Parental Ratings",
    "HeaderVideoTypes": "Video Types",
    "HeaderYears": "Years",
    "HeaderBlockItemsWithNoRating": "Block content with no or unrecognized rating information:",
    "LabelBlockContentWithTags": "Block content with tags:",
    "LabelEnableSingleImageInDidlLimit": "Limit to single embedded image",
    "LabelEnableSingleImageInDidlLimitHelp": "Some devices will not render properly if multiple images are embedded within Didl.",
    "TabActivity": "Activity",
    "TitleSync": "Sync",
    "OptionAllowSyncContent": "Allow Sync",
    "OptionAllowContentDownloading": "Allow media downloading",
    "NameSeasonUnknown": "Temporada Desconeguda",
    "NameSeasonNumber": "Temporada {0}",
    "LabelNewUserNameHelp": "Usernames can contain letters (a-z), numbers (0-9), dashes (-), underscores (_), apostrophes ('), and periods (.)",
    "TabJobs": "Jobs",
    "TabSyncJobs": "Sync Jobs",
    "LabelTagFilterMode": "Mode:",
    "LabelTagFilterAllowModeHelp": "If allowed tags are used as part of a deeply nested folder structure, content that is tagged will require parent folders to be tagged as well.",
    "HeaderThisUserIsCurrentlyDisabled": "This user is currently disabled",
    "MessageReenableUser": "See below to reenable",
    "LabelEnableInternetMetadataForTvPrograms": "Download internet metadata for:",
    "OptionTVMovies": "TV Movies",
    "HeaderUpcomingMovies": "Upcoming Movies",
    "HeaderUpcomingSports": "Upcoming Sports",
    "HeaderUpcomingPrograms": "Upcoming Programs",
    "ButtonMoreItems": "More",
    "LabelShowLibraryTileNames": "Show library tile names",
    "LabelShowLibraryTileNamesHelp": "Determines if labels will be displayed underneath library tiles on the home page",
    "OptionEnableTranscodingThrottle": "Enable throttling",
    "OptionEnableTranscodingThrottleHelp": "Throttling will automatically adjust transcoding speed in order to minimize server cpu utilization during playback.",
    "LabelUploadSpeedLimit": "Upload speed limit (Mbps):",
    "OptionAllowSyncTranscoding": "Allow syncing that requires transcoding",
    "HeaderPlayback": "Media Playback",
    "OptionAllowAudioPlaybackTranscoding": "Allow audio playback that requires transcoding",
    "OptionAllowVideoPlaybackTranscoding": "Allow video playback that requires transcoding",
    "OptionAllowMediaPlaybackTranscodingHelp": "Users will receive friendly messages when content is unplayable based on policy.",
    "TabStreaming": "Streaming",
    "LabelRemoteClientBitrateLimit": "Internet streaming bitrate limit (Mbps):",
    "LabelRemoteClientBitrateLimitHelp": "An optional streaming bitrate limit for all out of network clients. This is useful to prevent clients from requesting a higher bitrate than your internet connection can handle.",
    "LabelConversionCpuCoreLimit": "CPU core limit:",
    "LabelConversionCpuCoreLimitHelp": "Limit the number of CPU cores that will be used during sync conversion.",
    "OptionEnableFullSpeedConversion": "Enable full speed conversion",
    "OptionEnableFullSpeedConversionHelp": "By default, sync conversion is performed at a low speed to minimize resource consumption.",
    "HeaderPlaylists": "Llistes de reproducci\u00f3",
    "HeaderViewStyles": "View Styles",
    "LabelSelectViewStyles": "Enable enhanced presentations for:",
    "LabelSelectViewStylesHelp": "If enabled, views will be built with metadata to offer categories such as Suggestions, Latest, Genres, and more. If disabled, they'll be displayed with simple folders.",
    "TabPhotos": "Fotos",
    "TabVideos": "Videos",
    "HeaderWelcomeToEmby": "Welcome to Emby",
    "EmbyIntroMessage": "With Emby you can easily stream videos, music and photos to smart phones, tablets and other devices from your Emby Server.",
    "ButtonSkip": "Skip",
    "TextConnectToServerManually": "Connect to server manually",
    "ButtonSignInWithConnect": "Inicia sessi\u00f3 amb Emby Connect",
    "ButtonConnect": "Connect",
    "LabelServerHost": "Host:",
    "LabelServerHostHelp": "192.168.1.100 or https:\/\/myserver.com",
    "LabelServerPort": "Port:",
    "HeaderNewServer": "Nou servidor",
    "ButtonChangeServer": "Change Server",
    "HeaderConnectToServer": "Connect to Server",
    "OptionReportList": "List View",
    "OptionReportStatistics": "Estad\u00edstiques",
    "OptionReportGrouping": "Grouping",
    "HeaderExport": "Export",
    "HeaderColumns": "Columns",
    "ButtonReset": "Reset",
    "OptionEnableExternalVideoPlayers": "Enable external video players",
    "ButtonUnlockGuide": "Unlock Guide",
    "LabelEnableFullScreen": "Enable fullscreen mode",
    "LabelEnableChromecastAc3Passthrough": "Enable Chromecast AC3 Passthrough",
    "OptionSyncToSDCard": "Synced to external SD card",
    "LabelEmail": "Email:",
    "LabelUsername": "Username:",
    "HeaderSignUp": "Sign Up",
    "LabelPasswordConfirm": "Password (confirm):",
    "ButtonAddServer": "Afegeix Servidor",
    "TabHomeScreen": "Home Screen",
    "HeaderDisplay": "Display",
    "HeaderNavigation": "Navigation",
    "LegendTheseSettingsShared": "These settings are shared on all devices",
    "OptionEnableAutomaticServerUpdates": "Enable automatic server updates",
    "OptionOtherTrailers": "Include trailers from older movies",
    "HeaderOverview": "Overview",
    "HeaderShortOverview": "Short Overview",
    "HeaderType": "Type",
    "HeaderSeverity": "Severity",
    "OptionReportActivities": "Activities Log",
    "HeaderTunerDevices": "Tuner Devices",
    "ButtonAddDevice": "Afegeix Dispositiu",
    "HeaderAddDevice": "Afegeix Dispositiu",
    "HeaderExternalServices": "External Services",
    "LabelTunerIpAddress": "Tuner IP Address:",
    "TabExternalServices": "External Services",
    "TabTuners": "Tuners",
    "HeaderGuideProviders": "Guide Providers",
    "AddGuideProviderHelp": "Add a source for TV Guide information",
    "LabelZipCode": "Zip Code:",
    "GuideProviderSelectListings": "Select Listings",
    "GuideProviderLogin": "Login",
    "LabelLineup": "Lineup:",
    "MessageTunerDeviceNotListed": "Is your tuner device not listed? Try installing an external service provider for more Live TV options.",
    "LabelImportOnlyFavoriteChannels": "Restrict to channels marked as favorite",
    "ImportFavoriteChannelsHelp": "If enabled, only channels that are marked as favorite on the tuner device will be imported.",
    "ButtonRepeat": "Repeat",
    "LabelEnableThisTuner": "Enable this tuner",
    "LabelEnableThisTunerHelp": "Uncheck to prevent importing channels from this tuner.",
    "HeaderLocked": "Locked",
    "HeaderUnidentified": "Unidentified",
    "HeaderImagePrimary": "Primary",
    "HeaderImageBackdrop": "Backdrop",
    "HeaderImageLogo": "Logo",
    "HeaderUserPrimaryImage": "User Image",
    "ButtonDisplaySettings": "Prefer\u00e8ncies de Visualitzaci\u00f3",
    "ButtonHomeScreenSettings": "Home screen settings",
    "ButtonPlaybackSettings": "Opcions de reproducci\u00f3",
    "ButtonProfile": "Profile",
    "ButtonDisplaySettingsHelp": "Les teves prefer\u00e8ncies de visualitzaci\u00f3 d'Emby",
    "ButtonHomeScreenSettingsHelp": "Configure the display of your home screen",
    "ButtonPlaybackSettingsHelp": "Specify your audio and subtitle preferences, streaming quality, and more.",
    "ButtonProfileHelp": "Estableix la teva imatge de perfil i contrasenya.",
    "HeaderHomeScreenSettings": "Home Screen settings",
    "HeaderProfile": "Profile",
    "HeaderLanguage": "Language",
    "ButtonSyncSettings": "Sync settings",
    "ButtonSyncSettingsHelp": "Configura les teves prefer\u00e8ncies de sync",
    "LabelTranscodingThreadCount": "Transcoding thread count:",
    "LabelTranscodingThreadCountHelp": "Select the maximum number of threads to use when transcoding. Reducing the thread count will lower cpu usage but may not convert fast enough for a smooth playback experience.",
    "OptionMax": "Max",
    "HeaderEmbyGuide": "Emby Guide",
    "LabelSyncPath": "Synced content path:",
    "OptionSyncOnlyOnWifi": "Sync only on Wifi",
    "OptionSyncLosslessAudioOriginal": "Sync lossless audio at original quality",
    "HeaderMetadata": "Metadades",
    "HeaderRecordingOptions": "Recording Options",
    "ButtonShare": "Comparteix",
    "HeaderUpcomingForKids": "Upcoming for Kids",
    "HeaderSetupLiveTV": "Setup Live TV",
    "LabelTunerType": "Tuner type:",
    "HelpMoreTunersCanBeAdded": "Additional tuners can be added later within the Live TV section.",
    "AdditionalLiveTvProvidersCanBeInstalledLater": "Additional Live TV providers can be added later within the Live TV section.",
    "MessageActiveSubscriptionRequiredSeriesRecordings": "An active Emby Premiere subscription is required in order to create automated series recordings.",
    "HeaderSetupTVGuide": "Setup TV Guide",
    "LabelDataProvider": "Data provider:",
    "OptionSendRecordingsToAutoOrganize": "Habilita Auto-Organitza per a nous enregistraments",
    "OptionSendRecordingsToAutoOrganizeHelp": "New recordings will be sent to the Auto-Organize feature and imported into your media library.",
    "HeaderDefaultPadding": "Default Padding",
    "HeaderSubtitles": "Subtitles",
    "HeaderVideos": "Videos",
    "OptionEnableVideoFrameAnalysis": "Enable frame by frame video analysis",
    "OptionEnableVideoFrameAnalysisHelp": "Extract detailed information about videos that can be used to make transcoding as efficient as possible. This will cause library scans to take longer.",
    "LabelVideoFrameAnalysisLimit": "Limit frame by frame analysis to videos less than:",
    "LabelHardwareAccelerationType": "Hardware acceleration:",
    "LabelHardwareAccelerationTypeHelp": "Available on supported systems only.",
    "ButtonServerDashboard": "Server Dashboard",
    "HeaderAdmin": "Admin",
    "ButtonSignOut": "Sign out",
    "HeaderCameraUpload": "Camera Upload",
    "SelectCameraUploadServers": "Upload camera photos to the following servers:",
    "ButtonClear": "Clear",
    "ButtonEditImages": "Edit Images",
    "LabelFolder": "Folder:",
    "HeadersFolders": "Directoris",
    "LabelDisplayName": "Display name:"
}