{
    "LabelFromHelp": "Beispiel: {0} (auf dem Server)",
    "SettingsSaved": "Einstellungen gespeichert.",
    "AddUser": "Benutzer anlegen",
    "Users": "Benutzer",
    "Delete": "L\u00f6schen",
    "Administrator": "Administrator",
    "Password": "Passwort",
    "DeleteImage": "Bild l\u00f6schen",
    "MessageThankYouForSupporting": "Vielen Dank das Sie Emby unterst\u00fctzen.",
    "MessagePleaseSupportProject": "Bitte unterst\u00fctzen Sie Emby.",
    "DeleteImageConfirmation": "M\u00f6chtest du dieses Bild wirklich l\u00f6schen?",
    "FileReadCancelled": "Dateiimport wurde abgebrochen.",
    "FileNotFound": "Datei nicht gefunden",
    "FileReadError": "Beim Lesen der Datei ist ein Fehler aufgetreten.",
    "DeleteUser": "Benutzer l\u00f6schen",
    "DeleteUserConfirmation": "M\u00f6chtest du {0} wirklich l\u00f6schen?",
    "PasswordResetHeader": "Passwort zur\u00fccksetzen",
    "PasswordResetComplete": "Das Passwort wurde zur\u00fcckgesetzt.",
    "PinCodeResetComplete": "Der PIN wurde zur\u00fcckgesetzt",
    "PasswordResetConfirmation": "M\u00f6chtest du das Passwort wirklich zur\u00fccksetzen?",
    "PinCodeResetConfirmation": "Sind Sie sich sicher, dass Sie Ihren PIN Code zur\u00fccksetzen m\u00f6chten?",
    "HeaderPinCodeReset": "PIN Code zur\u00fccksetzen",
    "PasswordSaved": "Passwort gespeichert",
    "PasswordMatchError": "Die Passw\u00f6rter m\u00fcssen \u00fcbereinstimmen.",
    "OptionRelease": "Offizielles Release",
    "OptionBeta": "Beta",
    "OptionDev": "Entwickler (instabil)",
    "UninstallPluginHeader": "Plugin deinstallieren",
    "UninstallPluginConfirmation": "M\u00f6chtest du {0} wirklich deinstallieren?",
    "NoPluginConfigurationMessage": "Bei diesem Plugin kann nichts eingestellt werden.",
    "NoPluginsInstalledMessage": "Du hast keine Plugins installiert.",
    "BrowsePluginCatalogMessage": "Durchsuche unsere Bibliothek, um alle verf\u00fcgbaren Plugins anzuzeigen.",
    "MessageKeyEmailedTo": "E-Mail mit Zugangsschl\u00fcssel an: {0}.",
    "MessageKeysLinked": "Schl\u00fcssel verkn\u00fcpft.",
    "HeaderConfirmation": "Best\u00e4tigung",
    "MessageKeyUpdated": "Vielen Dank. Ihr Emby Premium Schl\u00fcssel wurde aktualisiert.",
    "MessageKeyRemoved": "Vielen Dank. Ihr Emby Premium Schl\u00fcssel wurde entfernt.",
    "HeaderSupportTheTeam": "Unterst\u00fctzen Sie das Emby Team",
    "TextEnjoyBonusFeatures": "Erleben Sie Bonus Funktionen",
    "TitleLiveTV": "Live-TV",
    "ButtonCancelSyncJob": "Sync abbrechen",
    "HeaderAddTag": "F\u00fcge Tag hinzu",
    "LabelTag": "Tag:",
    "ButtonSelectView": "Ansicht w\u00e4hlen",
    "TitleSync": "Synchronisation",
    "OptionAutomatic": "Auto",
    "HeaderSelectDate": "Datum w\u00e4hlen",
    "ButtonIdentify": "Identifizieren",
    "HeaderIdentifyItem": "Identifiziere Element",
    "LabelRecurringDonationCanBeCancelledHelp": "Fortlaufende Spenden k\u00f6nnen jederzeit \u00fcber deinen PayPal Account gek\u00fcndigt werden.",
    "HeaderMyMedia": "Meine Medien",
    "ButtonRemoveFromCollection": "Aus Sammlung entfernen",
    "LabelAutomaticUpdateLevel": "Automatische Updates f\u00fcr:",
    "LabelAutomaticUpdateLevelForPlugins": "Automatische Updates f\u00fcr Plugins:",
    "TitleNotifications": "Benachrichtigungen",
    "ErrorLaunchingChromecast": "W\u00e4hrend des startens von Chromecast ist ein Fehler aufgetreten. Bitte stelle sicher, dass dein Ger\u00e4te mit dem WLAN verbunden ist.",
    "MessageErrorLoadingSupporterInfo": "Es gab einen Fehler beim Verarbeiten von Daten f\u00fcr Emby Premium. Bitte versuche es sp\u00e4ter erneut.",
    "MessageLinkYourSupporterKey": "Verkn\u00fcpfe deinen Emby Premium Schl\u00fcssel mit bis zu {0} Emby Connect Benutzern um Zugriff auf folgende Apps zu erhalten:",
    "HeaderConfirmRemoveUser": "Entferne Benutzer",
    "MessageConfirmRemoveConnectSupporter": "Sind Sie sich sicher das Sie alle zus\u00e4tzlichen Vorteile von Emby Premium l\u00f6schen wollen?",
    "ValueTimeLimitSingleHour": "Zeitlimit: 1 Stunde",
    "ValueTimeLimitMultiHour": "Zeitlimit: {0} Stunden",
    "HeaderUsers": "Benutzer",
    "PluginCategoryGeneral": "Allgemein",
    "PluginCategoryContentProvider": "Inhaltsanbieter",
    "PluginCategoryScreenSaver": "Bildschirmschoner",
    "PluginCategoryTheme": "Themes",
    "PluginCategorySync": "Synchronisation",
    "PluginCategorySocialIntegration": "Soziale Netzwerke",
    "PluginCategoryNotifications": "Benachrichtigungen",
    "PluginCategoryMetadata": "Metadaten",
    "PluginCategoryLiveTV": "Live TV",
    "PluginCategoryChannel": "Kan\u00e4le",
    "HeaderSearch": "Suche",
    "ValueDateCreated": "Erstellungsdatum: {0}",
    "LabelArtist": "Interpret",
    "LabelMovie": "Film",
    "LabelMusicVideo": "Musikvideo",
    "LabelEpisode": "Episode",
    "LabelSeries": "Serie",
    "LabelStopping": "Stoppe",
    "LabelCancelled": "(abgebrochen)",
    "LabelFailed": "(fehlgeschlagen)",
    "ButtonHelp": "Hilfe",
    "ButtonSave": "Speichern",
    "ButtonDownload": "Download",
    "SyncJobStatusQueued": "Warten",
    "SyncJobStatusConverting": "Konvertiere",
    "SyncJobStatusFailed": "Fehlgeschlagen",
    "SyncJobStatusCancelled": "Abgebrochen",
    "SyncJobStatusCompleted": "Synchronisiert",
    "SyncJobStatusReadyToTransfer": "Fertig zum Transfer",
    "SyncJobStatusTransferring": "\u00dcbertrage",
    "SyncJobStatusCompletedWithError": "Synchronisation mit Fehler",
    "SyncJobItemStatusReadyToTransfer": "Fertig zum Transfer",
    "LabelCollection": "Sammlung",
    "HeaderAddToCollection": "Zur Sammlung hinzuf\u00fcgen",
    "HeaderNewCollection": "Neue Collection",
    "NewCollectionNameExample": "Beispiel: Star Wars Collection",
    "OptionSearchForInternetMetadata": "Suche im Internet nach Bildmaterial und Metadaten",
    "LabelSelectCollection": "W\u00e4hle Zusammenstellung:",
    "HeaderDevices": "Ger\u00e4te",
    "ButtonScheduledTasks": "Geplante Aufgaben",
    "MessageItemsAdded": "Eintr\u00e4ge hinzugef\u00fcgt",
    "ButtonAddToCollection": "Zu Sammlung hinzuf\u00fcgen",
    "HeaderSelectCertificatePath": "W\u00e4hlen Sie einen Zertifikat Ordner",
    "ConfirmMessageScheduledTaskButton": "Dieser Vorgang l\u00e4uft in der Regel automatisch als geplante Aufgabe ab und erfordert keine manuellen Eingabe. Um die geplante Aufgabe zu konfigurieren, finden Sie unter:",
    "HeaderSupporterBenefit": "Eine aktive Emby Premiere Mitgliedschaft erm\u00f6glicht weitere Vorteile wie z.B.  Zugriff auf die Synchronisation, Premium Plugi,s, Internet Channels und mehr. {0}Erfahren Sie mehr{1}.",
    "LabelSyncNoTargetsHelp": "Es sieht so aus als w\u00fcrden Sie aktuell keine Apps verwenden, die Synchronisation unterst\u00fctzen.",
    "HeaderWelcomeToProjectServerDashboard": "Willkommen zur Emby Server \u00dcbersicht",
    "HeaderWelcomeToProjectWebClient": "Willkommen zu Emby",
    "ButtonTakeTheTour": "Mache die Tour",
    "HeaderWelcomeBack": "Willkommen zur\u00fcck!",
    "TitlePlugins": "Plugins",
    "ButtonTakeTheTourToSeeWhatsNew": "Gehen Sie auf Erkundung und erfahren Sie was neu ist",
    "MessageNoSyncJobsFound": "Keine Synchronisierungs-Aufgaben gefunden. Um Synchronisierungs-Aufgaben zu erstellen verwenden Sie die dazugeh\u00f6rige Funktion im Web-Interface.",
    "HeaderLibraryAccess": "Bibliothekszugriff",
    "HeaderChannelAccess": "Channelzugriff",
    "HeaderDeviceAccess": "Ger\u00e4te Zugang",
    "HeaderSelectDevices": "Ger\u00e4t w\u00e4hlen",
    "ButtonCancelItem": "Datei abw\u00e4hlen",
    "ButtonQueueForRetry": "F\u00fcr Wiederholung in die Warteschlange setzen",
    "ButtonReenable": "Reaktivierung",
    "ButtonLearnMore": "Erfahre mehr",
    "SyncJobItemStatusSyncedMarkForRemoval": "F\u00fcr L\u00f6schung markiert",
    "LabelAbortedByServerShutdown": "(Durch herunterfahrenden Server abgebrochen)",
    "LabelScheduledTaskLastRan": "Zuletzt ausgef\u00fchrt vor: {0}. Ben\u00f6tigte Zeit: {1}.",
    "HeaderDeleteTaskTrigger": "Entferne Aufgabenausl\u00f6ser",
    "HeaderTaskTriggers": "Aufgabenausl\u00f6ser",
    "MessageDeleteTaskTrigger": "Bist du dir sicher, dass du diesen Aufgabenausl\u00f6ser entfernen m\u00f6chtest?",
    "MessageNoPluginsInstalled": "Du hast keine Plugins installiert.",
    "LabelVersionInstalled": "{0} installiert",
    "LabelNumberReviews": "{0} Bewertungen",
    "LabelFree": "Frei",
    "HeaderPlaybackError": "Wiedergabefehler",
    "MessagePlaybackErrorNotAllowed": "Sie sind nicht befugt diese Inhalte wiederzugeben. Bitte kontaktieren Sie Ihren Systemadministrator f\u00fcr weitere Details.",
    "MessagePlaybackErrorNoCompatibleStream": "Es sind keine kompatiblen Streams verf\u00fcgbar. Bitte versuchen Sie es sp\u00e4ter erneut oder kontaktieren Sie Ihren Systemadministrator f\u00fcr weitere Details.",
    "MessagePlaybackErrorRateLimitExceeded": "Ihr Wiedergabelimit wurde \u00fcberschritten. Bitte kontaktieren Sie Ihren Systemadministrator f\u00fcr weitere Details.",
    "MessagePlaybackErrorPlaceHolder": "Der gew\u00e4hlte Inhalt kann auf diesem Ger\u00e4t nicht abgespielt werden.",
    "HeaderSelectAudio": "W\u00e4hle Audio",
    "HeaderSelectSubtitles": "W\u00f6hle Untertitel",
    "ButtonMarkForRemoval": "Entferne von Ger\u00e4t",
    "ButtonUnmarkForRemoval": "Abbrechen von Entfernen von Ger\u00e4t",
    "LabelDefaultStream": "(Default)",
    "LabelForcedStream": "(Erzwungen)",
    "LabelDefaultForcedStream": "(Standard\/Erzwungen)",
    "LabelUnknownLanguage": "Unbekannte Sprache",
    "MessageConfirmSyncJobItemCancellation": "Bist du dir sicher, dass du diese Datei abw\u00e4hlen m\u00f6chtest?",
    "ButtonMute": "Stumm",
    "ButtonUnmute": "Ton ein",
    "ButtonStop": "Stop",
    "ButtonNextTrack": "N\u00e4chster Titel",
    "ButtonPause": "Pause",
    "ButtonPlay": "Abspielen",
    "ButtonEdit": "Bearbeiten",
    "ButtonQueue": "Warteschlange",
    "ButtonPlayTrailer": "Trailer abspielen",
    "ButtonPlaylist": "Wiedergabeliste",
    "ButtonPreviousTrack": "Vorheriger Titel",
    "LabelEnabled": "Aktivieren",
    "LabelDisabled": "Deaktivieren",
    "ButtonMoreInformation": "mehr Informationen",
    "LabelNoUnreadNotifications": "Keine ungelesenen Benachrichtigungen",
    "ButtonViewNotifications": "Benachrichtigungen anschauen",
    "ButtonMarkTheseRead": "Als gelesen markieren",
    "ButtonClose": "Schlie\u00dfen",
    "LabelAllPlaysSentToPlayer": "Alle Wiedergaben werden zum ausgew\u00e4hlten Abspielger\u00e4t gesendet.",
    "MessageInvalidUser": "Falscher Benutzername oder Passwort. Bitte versuche es noch einmal.",
    "HeaderLoginFailure": "Login Fehler",
    "HeaderAllRecordings": "Alle Aufnahmen",
    "RecommendationBecauseYouLike": "Weil du auch {0} magst",
    "RecommendationBecauseYouWatched": "Weil du auch {0} angesehen hast",
    "RecommendationDirectedBy": "Unter der Regie von {0}",
    "RecommendationStarring": "In der Hauptrolle {0}",
    "HeaderConfirmRecordingCancellation": "Best\u00e4tige Aufzeichnungsabbruch",
    "MessageConfirmRecordingCancellation": "Bis du dir sicher, diese Aufzeichnung abzubrechen?",
    "MessageRecordingCancelled": "Aufzeichnung abgebrochen.",
    "MessageRecordingScheduled": "Aufnahme geplant.",
    "HeaderConfirmSeriesCancellation": "Best\u00e4tige Serienabbruch",
    "MessageConfirmSeriesCancellation": "Bis du dir sicher, diese Serie abzubrechen?",
    "MessageSeriesCancelled": "Serie abgebrochen.",
    "HeaderConfirmRecordingDeletion": "Best\u00e4tige L\u00f6schung der Aufzeichnung",
    "MessageConfirmRecordingDeletion": "Bis du dir sicher, diese Aufzeichnung zu l\u00f6schen?",
    "MessageRecordingDeleted": "Aufnahme gel\u00f6scht",
    "ButonCancelRecording": "Aufnahme abbrechen",
    "MessageRecordingSaved": "Aufnahme gespeichert",
    "OptionSunday": "Sonntag",
    "OptionMonday": "Montag",
    "OptionTuesday": "Dienstag",
    "OptionWednesday": "Mittwoch",
    "OptionThursday": "Donnerstag",
    "OptionFriday": "Freitag",
    "OptionSaturday": "Samstag",
    "OptionEveryday": "T\u00e4glich",
    "OptionWeekend": "Wochenenden",
    "OptionWeekday": "Wochentage",
    "HeaderConfirmDeletion": "Best\u00e4tige L\u00f6schung",
    "MessageConfirmPathSubstitutionDeletion": "Bist du dir sicher die Pfadsubstitution l\u00f6schen zu wollen?",
    "LiveTvUpdateAvailable": "(Update verf\u00fcgbar)",
    "LabelVersionUpToDate": "Auf dem neuesten Stand!",
    "ButtonResetTuner": "Tuner zur\u00fccksetzen",
    "HeaderResetTuner": "Tuner zur\u00fccksetzen",
    "MessageConfirmResetTuner": "Bist du dir sicher, dass du diesen Tuner zur\u00fccksetzen m\u00f6chtest? Alle aktiven Wiedergaben und Aufnahmen werden sofort beendet.",
    "ButtonCancelSeries": "Serien abbrechen",
    "HeaderSeriesRecordings": "Aufgezeichnete Serien",
    "LabelAnytime": "Jederzeit",
    "StatusRecording": "Aufnehmen",
    "StatusWatching": "Anschauing",
    "StatusRecordingProgram": "Aufzeichnung {0}",
    "StatusWatchingProgram": "Gesehen {0}",
    "HeaderSplitMedia": "Trenne Medien ab",
    "MessageConfirmSplitMedia": "Bist du dir sicher, dass du die Medienquellen in separate Elemente aufteilen m\u00f6chtest?",
    "HeaderError": "Fehler",
    "MessageChromecastConnectionError": "Ihr Chromecast kann keine Verbindung mit dem Emby Server herstellen. Bitte \u00fcberpr\u00fcfen Sie die Verbindung und probieren Sie es erneut.",
    "MessagePleaseSelectOneItem": "Bitte w\u00e4hle mindestens eine Option aus.",
    "MessagePleaseSelectTwoItems": "Bitte w\u00e4hle mindestens zwei Optionen aus.",
    "MessageTheSelectedItemsWillBeGrouped": "Die ausgew\u00e4hlten Videos werden in einem virtuellen Element gruppiert. Emby Anwendungen w\u00e4hlen automatisch die beste Version anhand des Ger\u00e4tes und der Netzwerkgeschwindigkeit. Sind Sie sich sicher, dass Sie fortfahren m\u00f6chten?",
    "HeaderResume": "Fortsetzen",
    "HeaderMyViews": "Meine Ansichten",
    "HeaderLibraryFolders": "Medienverzeichnisse",
    "HeaderLatestMedia": "Neueste Medien",
    "ButtonMoreItems": "Mehr...",
    "ButtonMore": "Mehr",
    "HeaderFavoriteMovies": "Lieblingsfilme",
    "HeaderFavoriteShows": "Lieblingsserien",
    "HeaderFavoriteEpisodes": "Lieblingsepisoden",
    "HeaderFavoriteGames": "Lieblingsspiele",
    "HeaderRatingsDownloads": "Bewertung \/ Downloads",
    "HeaderConfirmProfileDeletion": "Best\u00e4tige Profill\u00f6schung",
    "MessageConfirmProfileDeletion": "Bist du dir sicher, dass du dieses Profil l\u00f6schen m\u00f6chtest?",
    "HeaderSelectServerCachePath": "W\u00e4hle Server Cache Pfad:",
    "HeaderSelectTranscodingPath": "W\u00e4hle Pfad f\u00fcr tempor\u00e4re Transkodierdateien",
    "HeaderSelectImagesByNamePath": "W\u00e4hle 'Images By Name' Pfad",
    "HeaderSelectMetadataPath": "W\u00e4hle Metadaten Pfad",
    "HeaderSelectServerCachePathHelp": "Suche oder gib den Pfad f\u00fcr die Speicherung von Server Cache Dateien an. Das Verzeichnis muss beschreibbar sein.",
    "HeaderSelectTranscodingPathHelp": "Suche oder gib den Pfad f\u00fcr die Speicherung von tempor\u00e4ren Transkodierdateien an. Das Verzeichnis muss beschreibbar sein.",
    "HeaderSelectImagesByNamePathHelp": "Suche oder gib den Pfad f\u00fcr die Speicherung von Namensdaten an. Das Verzeichnis muss beschreibbar sein.",
    "HeaderSelectMetadataPathHelp": "Suche oder gib den Pfad f\u00fcr die Speicherung von Metadaten an. Das Verzeichnis muss beschreibbar sein.",
    "HeaderSelectChannelDownloadPath": "W\u00e4hle den Downloadpfad f\u00fcr Channel Plugins",
    "HeaderSelectChannelDownloadPathHelp": "Suche oder gib den Pfad f\u00fcr die Speicherung von Channel Cache Dateien an. Das Verzeichnis muss beschreibbar sein.",
    "OptionNewCollection": "Neu...",
    "ButtonAdd": "Hinzuf\u00fcgen",
    "ButtonRemove": "Entfernen",
    "LabelChapterDownloaders": "Kapitel Downloader:",
    "LabelChapterDownloadersHelp": "Aktiviere und ordne die Kapitel Downloader nach deinen Pr\u00e4ferenzen. Downloader mit geringer Priorit\u00e4t werden nur genutzt um fehlende Informationen zu erg\u00e4nzen.",
    "HeaderFavoriteAlbums": "Lieblingsalben",
    "HeaderLatestChannelMedia": "Neueste Channel Inhalte",
    "ButtonOrganizeFile": "Organisiere Datei",
    "ButtonDeleteFile": "L\u00f6sche Datei",
    "HeaderOrganizeFile": "Organisiere Datei",
    "HeaderDeleteFile": "L\u00f6sche Datei",
    "StatusSkipped": "\u00dcbersprungen",
    "StatusFailed": "Fehlgeschlagen",
    "StatusSuccess": "Erfolgreich",
    "MessageFileWillBeDeleted": "Die folgende Datei wird gel\u00f6scht:",
    "MessageSureYouWishToProceed": "Bis du dir sicher fortfahren zu wollen?",
    "MessageDuplicatesWillBeDeleted": "Zus\u00e4tzlich werden folgende Duplikate gel\u00f6scht:",
    "MessageFollowingFileWillBeMovedFrom": "Die folgende Datei wird verschoben von:",
    "MessageDestinationTo": "nach:",
    "HeaderSelectWatchFolder": "W\u00e4hle \"Gesehen\" Verzeichnis",
    "HeaderSelectWatchFolderHelp": "Suche oder gib den Pfad f\u00fcr die Speicherung von \"Gesehen\" Informationen an. Das Verzeichnis muss beschreibbar sein.",
    "OrganizePatternResult": "Ergebnis: {0}",
    "AutoOrganizeError": "Fehler bei der Dateiorganisation",
    "ErrorOrganizingFileWithErrorCode": "Ein Fehler trat bei der Dateiorganisation auf. Fehlercode: {0}.",
    "HeaderRestart": "Neustart",
    "HeaderShutdown": "Herunterfahren",
    "MessageConfirmRestart": "M\u00f6chten Sie Emby Server wirklich neu starten?",
    "MessageConfirmShutdown": "M\u00f6chsten Sie Emby Server wirklich beenden?",
    "ButtonUpdateNow": "Jetzt aktualisieren",
    "ValueItemCount": "{0} Eintrag",
    "ValueItemCountPlural": "{0} Eintr\u00e4ge",
    "NewVersionOfSomethingAvailable": "Eine neue Version von {0} ist verf\u00fcgbar!",
    "VersionXIsAvailableForDownload": "Version {0} ist jetzt bereit zum download.",
    "LabelVersionNumber": "Version {0}",
    "LabelPlayMethodTranscoding": "Transkodieren",
    "LabelPlayMethodDirectStream": "Direktes Streaming",
    "LabelPlayMethodDirectPlay": "Direktes Abspielen",
    "LabelAudioCodec": "Audio: {0}",
    "LabelVideoCodec": "Video: {0}",
    "LabelLocalAccessUrl": "Lokale Adresse: {0}",
    "LabelRemoteAccessUrl": "Fernzugriff: {0}",
    "LabelRunningOnPort": "L\u00e4uft \u00fcber HTTP Port: {0}",
    "LabelRunningOnPorts": "L\u00e4uft \u00fcber HTTP Port {0} und HTTPS Port {1}.",
    "HeaderLatestFromChannel": "Neuestes von {0}",
    "LabelUnknownLanaguage": "Unbekannte Sprache",
    "HeaderCurrentSubtitles": "Aktuelle Untertitel",
    "MessageDownloadQueued": "Der Download wurde in die Warteschlange verschoben.",
    "MessageAreYouSureDeleteSubtitles": "Bist du dir sicher diese Untertitel Datei l\u00f6schen zu wollen?",
    "ButtonRemoteControl": "Fernsteuerung",
    "HeaderLatestTvRecordings": "Neueste Aufnahmen",
    "ButtonOk": "Ok",
    "ButtonCancel": "Abbrechen",
    "ButtonRefresh": "Aktualisieren",
    "LabelCurrentPath": "Aktueller Pfad:",
    "HeaderSelectMediaPath": "W\u00e4hle einen Medienpfad:",
    "HeaderSelectPath": "Verzeichnis W\u00e4hlen",
    "ButtonNetwork": "Netzwerk",
    "MessageDirectoryPickerInstruction": "Falls der Netzwerk Button deine Endger\u00e4te nicht automatisch findet, kannst du deren Netzwerkpfade auch manuell eintragen. Zum Beispiel {0} oder {1}.",
    "MessageDirectoryPickerBSDInstruction": "F\u00fcr BSD m\u00fcssen Sie ggf. Speicherplatz auf Ihrem FreeNAS Jail f\u00fcr Empby freigeben.",
    "MessageDirectoryPickerLinuxInstruction": "Auf Linuxsystemen m\u00fcssne Sie dem Emby-System User mindestens lesende Rechte auf Ihrem Medienlaufwerk erteilen.",
    "HeaderMenu": "Men\u00fc",
    "ButtonOpen": "\u00d6ffnen",
    "ButtonOpenInNewTab": "\u00d6ffne in neuem Tab",
    "ButtonShuffle": "Zufallswiedergabe",
    "ButtonInstantMix": "Schnellmix",
    "ButtonResume": "Fortsetzen",
    "HeaderScenes": "Szenen",
    "HeaderAudioTracks": "Audiospuren",
    "HeaderLibraries": "Bibliotheken",
    "HeaderSubtitles": "Untertitel",
    "HeaderVideoQuality": "Videoqualit\u00e4t",
    "MessageErrorPlayingVideo": "Es gab einen Fehler bei der Videowiedergabe.",
    "MessageEnsureOpenTuner": "Bitte stelle sicher, dass ein freier Empf\u00e4nger verf\u00fcgbar ist.",
    "ButtonHome": "Home",
    "ButtonDashboard": "\u00dcbersicht",
    "ButtonReports": "Berichte",
    "ButtonMetadataManager": "Metadaten Manager",
    "HeaderTime": "Zeit",
    "HeaderName": "Name",
    "HeaderAlbum": "Album",
    "HeaderAlbumArtist": "Album-Interpret",
    "HeaderArtist": "Interpret",
    "LabelAddedOnDate": "Hinzugef\u00fcgt {0}",
    "ButtonStart": "Start",
    "HeaderChannels": "Kan\u00e4le",
    "HeaderMediaFolders": "Medienverzeichnisse",
    "HeaderBlockItemsWithNoRating": "Blockiere Inhalte mit fehlender Altersfreigabe",
    "OptionBlockOthers": "Andere",
    "OptionBlockTvShows": "TV Serien",
    "OptionBlockTrailers": "Trailer",
    "OptionBlockMusic": "Musik",
    "OptionBlockMovies": "Filme",
    "OptionBlockBooks": "B\u00fccher",
    "OptionBlockGames": "Spiele",
    "OptionBlockLiveTvPrograms": "Live-TV Programm",
    "OptionBlockLiveTvChannels": "Live-TV Kan\u00e4le",
    "OptionBlockChannelContent": "Internet Channelinhalte",
    "ButtonRevoke": "Zur\u00fccknehmen",
    "MessageConfirmRevokeApiKey": "M\u00f6chten Sie diesen API Schl\u00fcssel wirklich l\u00f6schen? Die Verbindung der Anwendung zum Emby Server wird sofort unterbrochen.",
    "HeaderConfirmRevokeApiKey": "Nehme API Schl\u00fcssel zur\u00fcck",
    "ValueContainer": "Container: {0}",
    "ValueAudioCodec": "Audio Codec: {0}",
    "ValueVideoCodec": "Video Codec: {0}",
    "ValueCodec": "Codec: {0}",
    "ValueConditions": "Bedingungen: {0}",
    "LabelAll": "Alle",
    "HeaderDeleteImage": "L\u00f6sche Bild",
    "MessageFileNotFound": "Datei nicht gefunden.",
    "MessageFileReadError": "Fehler beim lesen der Datei",
    "ButtonNextPage": "N\u00e4chste Seite",
    "ButtonPreviousPage": "Vorherige Seite",
    "ButtonMoveLeft": "Nach links",
    "ButtonMoveRight": "Nach rechts",
    "ButtonBrowseOnlineImages": "Durchsuche Onlinebilder",
    "HeaderDeleteItem": "L\u00f6sche Element",
    "ConfirmDeleteItem": "L\u00f6schen dieses Eintrages bedeutet das L\u00f6schen der Datei und das Entfernen aus der Medien-Bibliothek. M\u00f6chten Sie wirklich fortfahren?",
    "MessagePleaseEnterNameOrId": "Bitte gib einen Namen oder eine externe Id an.",
    "MessageValueNotCorrect": "Der eingegeben Wert ist nicht korrekt. Bitte versuche es noch einmal.",
    "MessageItemSaved": "Element gespeichert",
    "MessagePleaseAcceptTermsOfServiceBeforeContinuing": "Bitte akzeptieren Sie die Nutzungsbedingungen bevor sie fortfahren.",
    "OptionEnded": "Beendent",
    "OptionContinuing": "Fortdauernd",
    "OptionOff": "Aus",
    "OptionOn": "Ein",
    "ButtonSettings": "Einstellungen",
    "ButtonUninstall": "Deinstallieren",
    "HeaderEnabledFields": "Aktiviere Felder",
    "HeaderEnabledFieldsHelp": "W\u00e4hlen Sie Felder ab um das \u00c4ndern von Daten zu verhindern.",
    "HeaderLiveTV": "Live-TV",
    "MissingLocalTrailer": "Fehlender lokaler Trailer.",
    "MissingPrimaryImage": "Fehlendes Hauptbild.",
    "MissingBackdropImage": "Fehlendes Hintergrundbild.",
    "MissingLogoImage": "Fehlendes Logobild.",
    "MissingEpisode": "Fehlende Episode",
    "OptionScreenshots": "Screenshots",
    "OptionBackdrops": "Hintergr\u00fcnde",
    "OptionImages": "Bilder",
    "OptionKeywords": "Stichworte",
    "OptionTags": "Tags",
    "OptionStudios": "Studios",
    "OptionName": "Name",
    "OptionOverview": "\u00dcbersicht:",
    "OptionGenres": "Genres",
    "OptionParentalRating": "Altersfreigabe",
    "OptionPeople": "Personen",
    "OptionRuntime": "Dauer",
    "OptionProductionLocations": "Produktionsst\u00e4tten",
    "OptionBirthLocation": "Geburtsort",
    "LabelAllChannels": "Alle Kan\u00e4le",
    "LabelLiveProgram": "LIVE",
    "LabelNewProgram": "NEU",
    "LabelPremiereProgram": "PREMIERE",
    "LabelHDProgram": "HD",
    "HeaderChangeFolderType": "\u00c4ndere Inhalte Typ",
    "HeaderChangeFolderTypeHelp": "Um den Typ zu \u00e4ndern, bitte entferne die Bibliothek und erstelle sie mit dem neuen Medientyp erneut.",
    "HeaderAlert": "Alarm",
    "MessagePleaseRestart": "Dr\u00fccke auf Neustart um das Update abzuschlie\u00dfen",
    "ButtonRestart": "Neu starten",
    "MessagePleaseRefreshPage": "Bitte aktualisieren Sie diese Seite um neue Updated vom Emby Server zu erhalten.",
    "ButtonHide": "Verstecke",
    "MessageSettingsSaved": "Einstellungen gespeichert",
    "ButtonSignOut": "Abmelden",
    "ButtonMyProfile": "Mein Profil",
    "ButtonMyPreferences": "Meine Einstellungen",
    "MessageBrowserDoesNotSupportWebSockets": "Dieser Browser unterst\u00fctzt keine Websockets. Versuche f\u00fcr ein besseres Nutzungserlebnis einen neueren Browser wie beispielsweise Chrome, Firefox, IE10+, Safari (iOS) oder Opera.",
    "LabelInstallingPackage": "Installiere {0}",
    "LabelPackageInstallCompleted": "{0} Installation abgeschlossen",
    "LabelPackageInstallFailed": "{0} Installation fehlgeschlagen",
    "LabelPackageInstallCancelled": "{0} Installation abgebrochen",
    "TabServer": "Server",
    "TabUsers": "Benutzer",
    "TabLibrary": "Bibliothek",
    "TabMetadata": "Metadata",
    "TabDLNA": "DLNA",
    "TabLiveTV": "Live-TV",
    "TabAutoOrganize": "Autom.Organisation",
    "TabPlugins": "Plugins",
    "TabAdvanced": "Erweitert",
    "TabHelp": "Hilfe",
    "TabScheduledTasks": "Geplante Aufgaben",
    "ButtonFullscreen": "Vollbild",
    "ButtonAudioTracks": "Audiospuren",
    "ButtonSubtitles": "Untertitel",
    "ButtonScenes": "Szenen",
    "ButtonQuality": "Qualit\u00e4t",
    "HeaderNotifications": "Benachrichtigungen",
    "HeaderSelectPlayer": "W\u00e4hle Videoplayer",
    "ButtonSelect": "Ausw\u00e4hlen",
    "ButtonNew": "Neu",
    "MessageInternetExplorerWebm": "Installiere f\u00fcr die besten Ergebnisse mit dem Internet Explorer bitte das WebM Playback Plugin.",
    "HeaderVideoError": "Video Fehler",
    "ButtonAddToPlaylist": "Hinzuf\u00fcgen zur Wiedergabeliste",
    "HeaderAddToPlaylist": "Zur Wiedergabeliste hinzuf\u00fcgen",
    "LabelName": "Name:",
    "ButtonSubmit": "Best\u00e4tigen",
    "LabelSelectPlaylist": "Wiedergabeliste",
    "OptionNewPlaylist": "Neue Wiedergabeliste...",
    "MessageAddedToPlaylistSuccess": "Ok",
    "ButtonView": "Ansicht",
    "ButtonViewSeriesRecording": "Zeige Serienaufnahmen an",
    "ValueOriginalAirDate": "Urspr\u00fcngliches Ausstrahlungsdatum: {0}",
    "ButtonRemoveFromPlaylist": "Von Wiedergabeliste entfernen",
    "HeaderSpecials": "Extras",
    "HeaderTrailers": "Trailer",
    "HeaderAudio": "Audio",
    "HeaderResolution": "Aufl\u00f6sung",
    "HeaderVideo": "Video",
    "HeaderRuntime": "Laufzeit",
    "HeaderCommunityRating": "Community Bewertung",
    "HeaderPasswordReset": "Passwort zur\u00fccksetzen",
    "HeaderParentalRating": "Altersfreigabe",
    "HeaderReleaseDate": "Ver\u00f6ffentlichungsdatum",
    "HeaderDateAdded": "Datum hinzugef\u00fcgt",
    "HeaderSeries": "Serien",
    "HeaderSeason": "Staffel",
    "HeaderSeasonNumber": "Staffel Nummer",
    "HeaderNetwork": "Netzwerk",
    "HeaderYear": "Jahr",
    "HeaderGameSystem": "Spielesystem",
    "HeaderPlayers": "Spieler",
    "HeaderEmbeddedImage": "Integriertes Bild",
    "HeaderTrack": "St\u00fcck",
    "HeaderDisc": "Disc",
    "OptionMovies": "Filme",
    "OptionCollections": "Sammlungen",
    "OptionSeries": "Serien",
    "OptionSeasons": "Staffeln",
    "OptionEpisodes": "Episoden",
    "OptionGames": "Spiele",
    "OptionGameSystems": "Spielsysteme",
    "OptionMusicArtists": "Musik-Interpreten",
    "OptionMusicAlbums": "Musik-Alben",
    "OptionMusicVideos": "Musik-Videos",
    "OptionSongs": "Lieder",
    "OptionHomeVideos": "Heim-Videos",
    "OptionBooks": "B\u00fccher",
    "OptionAdultVideos": "Videos f\u00fcr Erwachsene",
    "ButtonUp": "Hoch",
    "ButtonDown": "Runter",
    "LabelMetadataReaders": "Metadatenleser:",
    "LabelMetadataReadersHelp": "Lege deine bevorzugte lokale Metadatenquelle fest und ordne sie nach Priorit\u00e4ten. Die erste Datei die gefunden wird, wird verwendet.",
    "LabelMetadataDownloaders": "Metadatendownloader:",
    "LabelMetadataDownloadersHelp": "Aktiviere und ordne deine bevorzugten Metadatendownloader nach Pr\u00e4ferenzen. Downloader mit niedriger Priorit\u00e4t werden nur genutzt um fehlende Informationen zu erg\u00e4nzen.",
    "LabelMetadataSavers": "Metadatenspeicherer:",
    "LabelMetadataSaversHelp": "W\u00e4hle das Dateiformat in dem deine Metadaten gespeichert werden sollen.",
    "LabelImageFetchers": "Bildquellen",
    "LabelImageFetchersHelp": "Aktiviere und ordne deine bevorzugten Bildquellen nach Pr\u00e4ferenzen.",
    "ButtonQueueAllFromHere": "Setze alles von hier auf Warteschlange",
    "ButtonPlayAllFromHere": "Spiele alles von hier",
    "LabelDynamicExternalId": "{0} Id:",
    "HeaderIdentify": "Identifiziere Element",
    "PersonTypePerson": "Person",
    "LabelTitleDisplayOrder": "Reihenfolge Titeldarstellung:",
    "OptionSortName": "Sortiername",
    "OptionReleaseDate": "Ver\u00f6ffentlichungsdatum",
    "LabelSeasonNumber": "Staffelnummer:",
    "LabelDiscNumber": "Disc Nummer",
    "LabelParentNumber": "Ursprungsnummer",
    "LabelEpisodeNumber": "Episodennummer:",
    "LabelTrackNumber": "St\u00fcck Nummer:",
    "LabelNumber": "Nummer:",
    "LabelReleaseDate": "Ver\u00f6ffentlichungsdatum:",
    "LabelEndDate": "Endzeit:",
    "LabelYear": "Jahr:",
    "LabelDateOfBirth": "Geburtsatum:",
    "LabelBirthYear": "Geburtsjahr:",
    "LabelBirthDate": "Geburtsdatum:",
    "LabelDeathDate": "Todesdatum:",
    "HeaderRemoveMediaLocation": "Entferne Medienquelle",
    "MessageConfirmRemoveMediaLocation": "Bist du dir sicher diese Medienquelle entfernen zu wollen?",
    "HeaderRenameMediaFolder": "Benenne Medienverzeichnis um",
    "LabelNewName": "Neuer Name:",
    "HeaderAddMediaFolder": "F\u00fcge Medienverzeichnis hinzu",
    "HeaderAddMediaFolderHelp": "Name (Filme, Musik, TV, etc):",
    "HeaderRemoveMediaFolder": "Entferne Medienverzeichnis",
    "MessageTheFollowingLocationWillBeRemovedFromLibrary": "Die folgenden Medienverzeichnisse werden aus deiner Bibliothek entfernt:",
    "MessageAreYouSureYouWishToRemoveMediaFolder": "Bist du dir sicher dieses Medienverzeichnis entfernen zu wollen?",
    "ButtonRename": "Umbenennen",
    "ButtonChangeContentType": "\u00c4ndere Inhalte-Typ",
    "HeaderMediaLocations": "Medienquellen",
    "LabelContentTypeValue": "Inhalte Typ: {0}",
    "LabelPathSubstitutionHelp": "Optional: Die Pfadersetzung kann Serverpfade zu Netzwerkfreigaben umleiten, die von Endger\u00e4ten f\u00fcr die direkte Wiedergabe genutzt werden k\u00f6nnen.",
    "FolderTypeUnset": "Keine Auswahl (gemischter Inhalt)",
    "FolderTypeMovies": "Filme",
    "FolderTypeMusic": "Musik",
    "FolderTypeAdultVideos": "Videos f\u00fcr Erwachsene",
    "FolderTypePhotos": "Fotos",
    "FolderTypeMusicVideos": "Musikvideos",
    "FolderTypeHomeVideos": "Heimvideos",
    "FolderTypeGames": "Spiele",
    "FolderTypeBooks": "B\u00fccher",
    "FolderTypeTvShows": "TV",
    "TabMovies": "Filme",
    "TabSeries": "Serie",
    "TabEpisodes": "Episoden",
    "TabTrailers": "Trailer",
    "TabGames": "Spiele",
    "TabAlbums": "Alben",
    "TabSongs": "Songs",
    "TabMusicVideos": "Musikvideos",
    "BirthPlaceValue": "Geburtsort: {0}",
    "DeathDateValue": "Gestorben: {0}",
    "BirthDateValue": "Geboren: {0}",
    "HeaderLatestReviews": "Neueste Bewertungen",
    "HeaderPluginInstallation": "Plugin Installation",
    "MessageAlreadyInstalled": "Diese Version ist bereits installiert",
    "ValueReviewCount": "{0} Bewertungen",
    "MessageYouHaveVersionInstalled": "Du hast momentan Version {0} installiert.",
    "MessageTrialExpired": "Die Testzeitraum f\u00fcr diese Funktion in ausgelaufen",
    "MessageTrialWillExpireIn": "Der Testzeitraum f\u00fcr diese Funktion wird in {0} Tag(en) auslaufen",
    "MessageInstallPluginFromApp": "Dieses Plugin muss von der App aus installiert werden, mit der du es benutzen willst.",
    "ValuePriceUSD": "Preis: {0} (USD)",
    "MessageFeatureIncludedWithSupporter": "Sie sind f\u00fcr diese Funktion registriert und k\u00f6nnen diese mit einem aktiven Emby Premium Abo weiterhin benutzen.",
    "MessageChangeRecurringPlanConfirm": "Nach vollendeter Bezahlung m\u00fcssen Sie Ihre zuvor gemachten Dauer-Spenden in Ihrem PayPal Konto beenden. Vielen Dank das Sie Emby unterst\u00fctzen.",
    "ButtonDelete": "L\u00f6schen",
    "HeaderEmbyAccountAdded": "Emby Konto hinzugef\u00fcgt",
    "MessageEmbyAccountAdded": "Das Emby Konto wurde diesem Benutzer hinzugef\u00fcgt.",
    "MessagePendingEmbyAccountAdded": "Das Emby Konto wurde diesem Benutzer hinzugef\u00fcgt. Eine Emails wird an den Besitzer dieses Kontos gesendet. Die Einladung muss mit einem Klick auf den Link in der Email best\u00e4tigt werden.",
    "HeaderEmbyAccountRemoved": "Emby Konto entfernt",
    "MessageEmbyAccontRemoved": "Das Emby Konto wurde von diesem Benutzer entfernt.",
    "TooltipLinkedToEmbyConnect": "Verbunden mit Emby Connect",
    "HeaderUnrated": "Nicht bewertet",
    "ValueDiscNumber": "Disc {0}",
    "HeaderUnknownDate": "Unbekanntes Datum",
    "HeaderUnknownYear": "Unbekanntes Jahr",
    "ValueMinutes": "{0} Minuten",
    "ButtonPlayExternalPlayer": "Auf externem Ger\u00e4t abspielen",
    "HeaderSelectExternalPlayer": "W\u00e4hle externes Abspielger\u00e4t aus",
    "HeaderExternalPlayerPlayback": "Wiedergabe auf externem Abspielger\u00e4t",
    "ButtonImDone": "Ich bin fertig",
    "OptionWatched": "Gesehen",
    "OptionUnwatched": "Nicht gesehen",
    "ExternalPlayerPlaystateOptionsHelp": "Lege fest, wie die Wiedergabe dieses Videos das n\u00e4chste mal fortgesetzt werden soll.",
    "LabelMarkAs": "Markieren als:",
    "OptionInProgress": "Im Gange",
    "LabelResumePoint": "Fortsetzungspunkt",
    "ValueOneMovie": "1 Film",
    "ValueMovieCount": "{0} Filme",
    "ValueOneTrailer": "1 Trailer",
    "ValueTrailerCount": "{0} Trailer",
    "ValueOneSeries": "1 Serie",
    "ValueSeriesCount": "{0} Serien",
    "ValueOneEpisode": "1 Episode",
    "ValueEpisodeCount": "{0} Episoden",
    "ValueOneGame": "1 Spiel",
    "ValueGameCount": "{0} Spiele",
    "ValueOneAlbum": "1 Album",
    "ValueAlbumCount": "{0} Alben",
    "ValueOneSong": "1 Lied",
    "ValueSongCount": "{0} Lieder",
    "ValueOneMusicVideo": "1 Musikvideo",
    "ValueMusicVideoCount": "{0} Musikvideos",
    "HeaderOffline": "Offline",
    "HeaderUnaired": "Nicht ausgestrahlt",
    "HeaderMissing": "Fehlend",
    "ButtonWebsite": "Website",
    "TooltipFavorite": "Favorit",
    "TooltipLike": "Like",
    "TooltipDislike": "Dislike",
    "TooltipPlayed": "Gespielt",
    "ValueSeriesYearToPresent": "{0}-heute",
    "ValueAwards": "Auszeichnungen: {0}",
    "ValueBudget": "Budget: {0}",
    "ValueRevenue": "Einnahmen: {0}",
    "ValuePremiered": "Premiere {0}",
    "ValuePremieres": "Premieren {0}",
    "ValueStudio": "Studio: {0}",
    "ValueStudios": "Studios: {0}",
    "ValueStatus": "Status: {0}",
    "ValueSpecialEpisodeName": "Special - {0}",
    "LabelLimit": "Limit:",
    "ValueLinks": "Links {0}",
    "HeaderPeople": "Personen",
    "HeaderCastAndCrew": "Besetzung & Mitwirkende",
    "ValueArtist": "K\u00fcnstler: {0}",
    "ValueArtists": "K\u00fcnstler: {0}",
    "HeaderTags": "Tags",
    "MediaInfoCameraMake": "Kamerahersteller",
    "MediaInfoCameraModel": "Kamera-Modell",
    "MediaInfoAltitude": "H\u00f6he",
    "MediaInfoAperture": "Blende",
    "MediaInfoExposureTime": "Belichtungszeit",
    "MediaInfoFocalLength": "Brennweite",
    "MediaInfoOrientation": "Ausrichtung",
    "MediaInfoIsoSpeedRating": "ISO Empfindlichkeit",
    "MediaInfoLatitude": "Breite",
    "MediaInfoLongitude": "L\u00e4nge",
    "MediaInfoShutterSpeed": "Verschlusszeit",
    "MediaInfoSoftware": "Software",
    "HeaderIfYouLikeCheckTheseOut": "Wenn du {0} magst, schau dir einmal das an...",
    "HeaderPlotKeywords": "Handlungsstichworte",
    "HeaderMovies": "Filme",
    "HeaderAlbums": "Alben",
    "HeaderGames": "Spiele",
    "HeaderBooks": "B\u00fccher",
    "HeaderEpisodes": "Episoden",
    "HeaderSeasons": "Staffeln",
    "HeaderTracks": "Lieder",
    "HeaderItems": "Inhalte",
    "HeaderOtherItems": "Andere Inhalte",
    "ButtonFullReview": "Vollst\u00e4ndige Bewertung",
    "ValueAsRole": "als {0}",
    "ValueGuestStar": "Gaststar",
    "MediaInfoSize": "Gr\u00f6\u00dfe",
    "MediaInfoPath": "Pfad",
    "MediaInfoFormat": "Format",
    "MediaInfoContainer": "Container",
    "MediaInfoDefault": "Voreinstellung",
    "MediaInfoForced": "Erzwungen",
    "MediaInfoExternal": "Extern",
    "MediaInfoTimestamp": "Zeitstempel",
    "MediaInfoPixelFormat": "Pixelformat",
    "MediaInfoBitDepth": "Bit-Tiefe",
    "MediaInfoSampleRate": "Sample-Rate",
    "MediaInfoBitrate": "Bitrate",
    "MediaInfoChannels": "Kan\u00e4le",
    "MediaInfoLayout": "Darstellung",
    "MediaInfoLanguage": "Sprache",
    "MediaInfoCodec": "Codec",
    "MediaInfoCodecTag": "Codec tag",
    "MediaInfoProfile": "Profil",
    "MediaInfoLevel": "Level",
    "MediaInfoAspectRatio": "Seitenverh\u00e4ltnis",
    "MediaInfoResolution": "Aufl\u00f6sung",
    "MediaInfoAnamorphic": "Anamorph",
    "MediaInfoInterlaced": "Interlaced",
    "MediaInfoFramerate": "Framerate",
    "MediaInfoStreamTypeAudio": "Audio",
    "MediaInfoStreamTypeData": "Daten",
    "MediaInfoStreamTypeVideo": "Video",
    "MediaInfoStreamTypeSubtitle": "Untertitel",
    "MediaInfoStreamTypeEmbeddedImage": "Eingebettetes Bild",
    "MediaInfoRefFrames": "Ref Frames",
    "TabPlayback": "Wiedergabe",
    "TabNotifications": "Benachrichtigungen",
    "TabExpert": "Experte",
    "HeaderSelectCustomIntrosPath": "W\u00e4hle einen benutzerdefinierten Pfad f\u00fcr Intros",
    "HeaderRateAndReview": "Bewerten und Kommentieren",
    "HeaderThankYou": "Danke",
    "MessageThankYouForYourReview": "Vielen Dank f\u00fcr deine Bewertung.",
    "LabelYourRating": "Deine Bewertung:",
    "LabelFullReview": "Vollst\u00e4ndige Bewertung:",
    "LabelShortRatingDescription": "Kurze Zusammenfassung der Bewertung:",
    "OptionIRecommendThisItem": "Ich schlage diesen Inhalt vor",
    "WebClientTourContent": "Schaue deine zuletzt hinzugef\u00fcgten Medien, n\u00e4chste Episoden und mehr an. Die gr\u00fcnen Kreise zeigen dir an, wie viele ungesehene Inhalte du hast.",
    "WebClientTourMovies": "Spiele Filme, Trailer und mehr von jedem Ger\u00e4t mit einem Web-Browser",
    "WebClientTourMouseOver": "Halte die Maus \u00fcber ein Plakat f\u00fcr den schnellen Zugriff auf wichtige Informationen",
    "WebClientTourTapHold": "Tippe und halte, oder klicke auf ein Plakat f\u00fcr ein Kontextmen\u00fc",
    "WebClientTourMetadataManager": "Klicke auf \"Bearbeiten\" um den Metadaten-Manager zu \u00f6ffnen",
    "WebClientTourPlaylists": "Erstelle einfach Wiedergabelisten und Schnellmixe und spiele diese auf jedem Ger\u00e4t",
    "WebClientTourCollections": "Erstelle Film Sammlungen um Box-Sets zusammenzuf\u00fchren",
    "WebClientTourUserPreferences1": "Benutzereinstellungen erlauben die personalisierte Darstellung Ihrer Bibliothek in all unseren Emby Apps.",
    "WebClientTourUserPreferences2": "Legen Sie die Sprachen f\u00fcr Audio und Untertitel einmalig f\u00fcr alle Emby Apps fest.",
    "WebClientTourUserPreferences3": "Designe die Web-Client-Homepage nach deinen W\u00fcnschen",
    "WebClientTourUserPreferences4": "Konfiguriere Hintergr\u00fcnde, Titelsongs und externe Abspieler",
    "WebClientTourMobile1": "Der Web-Client funktioniert hervorragend auf Smartphones und Tablets ...",
    "WebClientTourMobile2": "und steuern Sie auf einfache Weise andere Ger\u00e4te und Emby Apps",
    "WebClientTourMySync": "Synchronisieren Sie pers\u00f6nliche Medien mit Ihren Ger\u00e4ten um diese offline anzuschauen.",
    "MessageEnjoyYourStay": "Genie\u00dfe deinen Aufenthalt",
    "DashboardTourDashboard": "Die Server\u00fcbersicht erlaubt es dir deinen Server und dessen Benutzer im Blick zu behalten. Somit wei\u00dft du immer wer gerade was macht und wo er sich befindet.",
    "DashboardTourHelp": "Die In-App-Hilfe Schaltfl\u00e4che bietet eine schnelle M\u00f6glichkeit um eine Wiki-Seite zum aktuellen Inhalt zu \u00f6ffnen.",
    "DashboardTourUsers": "Erstelle einfach Benutzeraccounts f\u00fcr Freunde und Familie. Jeder mit seinen individuellen Einstellungen bei Berechtigungen, Blibliothekenzugriff, Kindersicherung und mehr.",
    "DashboardTourCinemaMode": "Der Kino-Modus bringt das Kinoerlebnis direkt in dein Wohnzimmer, mit der F\u00e4higkeit Trailer und benutzerdefinierte Intros vor dem Hauptfilm zu spielen.",
    "DashboardTourChapters": "Aktiviere Kapitel-Bilder Generierung f\u00fcr Videos f\u00fcr eine bessere Darstellung.",
    "DashboardTourSubtitles": "Lade automatisch Untertitel f\u00fcr jede Sprache f\u00fcr deine Videos herunter.",
    "DashboardTourPlugins": "Installiere Plugins wie Internet Videoportale, Live-TV, Metadatenscanner und mehr.",
    "DashboardTourNotifications": "Sende automatisch Benachrichtigungen von Serverereignissen auf dein mobiles Endger\u00e4t, per E-Mail und mehr.",
    "DashboardTourScheduledTasks": "Verwalte einfach lang dauernde Aufgaben mit Hilfe von geplanten Aufgaben. Entscheide wann diese ausgef\u00fchrt werden und wie oft.",
    "DashboardTourMobile": "Die Emby Server Startseite funktioniert super auf Smartphones oder Tabletts. Kontrollieren Sie Ihren Server zu jeder Zeit, egal wo.",
    "DashboardTourSync": "Synchronisieren Sie pers\u00f6nliche Medien mit Ihren Ger\u00e4ten um diese offline anzuschauen.",
    "MessageRefreshQueued": "Warteschlange aktualisieren",
    "TabDevices": "Ger\u00e4te",
    "TabExtras": "Extras",
    "HeaderUploadImage": "Bild hochladen",
    "DeviceLastUsedByUserName": "Zuletzt genutzt von {0}",
    "HeaderDeleteDevice": "Ger\u00e4t l\u00f6schen",
    "DeleteDeviceConfirmation": "Bist du dir sicher dieses Ger\u00e4t l\u00f6schen zu wollen? Es wird wieder angezeigt werden, sobald sich ein Uder dar\u00fcber einloggt.",
    "LabelEnableCameraUploadFor": "Aktiviere den Kamera-Upload f\u00fcr:",
    "HeaderSelectUploadPath": "W\u00e4hle Upload Pfad",
    "LabelEnableCameraUploadForHelp": "Uploads erscheinen automatisch im Hintergrund wenn Sie mit Emby verbunden sind.",
    "ErrorMessageStartHourGreaterThanEnd": "Die Endzeit muss gr\u00f6\u00dfer als die Startzeit sein.",
    "ButtonLibraryAccess": "Bibliothekszugang",
    "ButtonParentalControl": "Kindersicherung",
    "HeaderInvitationSent": "Einladung verschickt",
    "MessageInvitationSentToUser": "Eine E-Mail mit der Einladung zum Sharing ist an {0} geschickt worden.",
    "MessageInvitationSentToNewUser": "Eine Email wurde an {0} mit einer Einladung zur Anmeldung an Emby gesendet.",
    "HeaderConnectionFailure": "Verbindungsfehler",
    "MessageUnableToConnectToServer": "Wir k\u00f6nnen gerade keine Verbindung zum gew\u00e4hlten Server herstellen. Bitte stellen Sie sicher das dieser l\u00e4uft und versuchen Sie es erneut.",
    "ButtonSelectServer": "W\u00e4hle Server",
    "MessagePluginConfigurationRequiresLocalAccess": "Melde dich bitte direkt an deinem lokalen Server an, um dieses Plugin konfigurieren zu k\u00f6nnen.",
    "MessageLoggedOutParentalControl": "Der Zugriff ist derzeit eingeschr\u00e4nkt. Bitte versuche es sp\u00e4ter erneut.",
    "DefaultErrorMessage": "Es gab einen Fehler beim verarbeiten der Anfrage. Bitte versuche es sp\u00e4ter erneut.",
    "ButtonAccept": "Akzeptieren",
    "ButtonReject": "Ablehnen",
    "HeaderForgotPassword": "Passwort vergessen",
    "MessageContactAdminToResetPassword": "Bitte kontaktiere deinen Systemadministrator, um dein Passwort zur\u00fccksetzen zu lassen.",
    "MessageForgotPasswordInNetworkRequired": "Bitte versuche es erneut innerhalb deines Heimnetzwerks, um die Passwort Zur\u00fccksetzung zu starten.",
    "MessageForgotPasswordFileCreated": "Die folgende Datei wurde auf deinem Server erstellt und enth\u00e4lt eine Anleitung, wie fortgefahren werden muss:",
    "MessageForgotPasswordFileExpiration": "Der Zur\u00fccksetzungs-PIN wird am {0} auslaufen.",
    "MessageInvalidForgotPasswordPin": "Ein ung\u00fcltiger oder abgelaufener PIN wurde eingegeben. Bitte versuche es noch einmal.",
    "MessagePasswordResetForUsers": "Passw\u00f6rter wurden f\u00fcr die folgenden Benutzer entfernt. Zur Anmeldung verwenden Sie kein Passwort.",
    "HeaderInviteGuest": "Lade G\u00e4ste ein",
    "ButtonLinkMyEmbyAccount": "Verbinde mein Konto jetzt",
    "MessageConnectAccountRequiredToInviteGuest": "Um G\u00e4ste einladen zu k\u00f6nnen, m\u00fcssen Sie erst Ihr Emby Konto mit diesem Server verbinden.",
    "ButtonSync": "Synchronisieren",
    "SyncMedia": "Synchronisiere Medien",
    "HeaderCancelSyncJob": "Synchronisierung abbrechen",
    "CancelSyncJobConfirmation": "Der Abbruch der Synchronisation wird bereits synchronisierte Medien bei der n\u00e4chsten Synchronisation vom Ger\u00e4t l\u00f6schen. M\u00f6chten Sie wirklich fortfahren?",
    "TabSync": "Synchronisieren",
    "MessagePleaseSelectDeviceToSyncTo": "Bitte w\u00e4hlen Sie ein zu synchronisierendes Ger\u00e4t.",
    "MessageSyncJobCreated": "Synchronisations-Aufgabe erstellt.",
    "LabelSyncTo": "Synchronisiere mit:",
    "LabelSyncJobName": "Synchronisations-Aufgabe:",
    "LabelQuality": "Qualit\u00e4t:",
    "HeaderSettings": "Einstellungen",
    "OptionAutomaticallySyncNewContent": "Synchronisiere neue Inhalte automatisch",
    "OptionAutomaticallySyncNewContentHelp": "Neu hinzugef\u00fcgte Inhalte werden automatisch zum Ger\u00e4t synchronisiert.",
    "OptionSyncUnwatchedVideosOnly": "Synchronisiere nur ungesehene Videos.",
    "OptionSyncUnwatchedVideosOnlyHelp": "Nur ungesehene Video werden synchronisiert. Videos werden entfernt sobald diese auf dem Ger\u00e4t angeschaut wurden.",
    "LabelItemLimit": "Maximale Anzahl:",
    "LabelItemLimitHelp": "Optional. Legen Sie die maximale Anzahl der zu synchronisierenden Eintr\u00e4ge fest.",
    "MessageBookPluginRequired": "Setzt die Installation des Bookshelf-Plugins voraus.",
    "MessageGamePluginRequired": "Setzt die Installation des GameBrowser-Plugins voraus.",
    "MessageUnsetContentHelp": "Inhalte werden als Verzeichnisse dargestellt. F\u00fcr eine besser Anzeige nutzen Sie nach M\u00f6glichkeit den Meta-Data Manager und w\u00e4hlen Sie einen Medien-Typen f\u00fcr Unterverzeichnisse.",
    "SyncJobItemStatusQueued": "in Warteschlange",
    "SyncJobItemStatusConverting": "Konvertiere",
    "SyncJobItemStatusTransferring": "\u00dcbertrage",
    "SyncJobItemStatusSynced": "Synchronisiert",
    "SyncJobItemStatusFailed": "Fehlgeschlagen.",
    "SyncJobItemStatusRemovedFromDevice": "Entfernt von Ger\u00e4t",
    "SyncJobItemStatusCancelled": "Abgebrochen",
    "LabelProfile": "Profil:",
    "LabelBitrateMbps": "Datenrate (Mbps):",
    "EmbyIntroDownloadMessage": "Um Emby herunterzuladen und zu installieren, besuchen Sie: {0}.",
    "ButtonNewServer": "Neuer Server",
    "ButtonSignInWithConnect": "Anmelden mit Emby Connect",
    "HeaderNewServer": "Neuer Server",
    "MyDevice": "Mein Ger\u00e4t",
    "ButtonRemote": "Fernbedienung",
    "TabInfo": "Info",
    "TabCast": "Darsteller",
    "TabScenes": "Szenen",
    "HeaderUnlockApp": "App freischalten",
    "HeaderUnlockSync": "Freischaltung Emby Sync",
    "MessageUnlockAppWithPurchaseOrSupporter": "Schalten Sie diese Funktion mit einer kleinen einmaligen Geb\u00fchr oder einem aktiven Emby Premium Abo frei.",
    "MessageUnlockAppWithSupporter": "Schalten Sie diese Funktion mit einem aktiven Emby Premium Abo frei.",
    "MessageToValidateSupporter": "Wenn Sie ein bestehendes Emby Premiere Abo haben, melden Sie sich einfach einmalig mit Ihrer App in Heim WLAN an.",
    "MessagePaymentServicesUnavailable": "Die Zahlungsdienste stehen leider gerade nicht zur Verf\u00fcgung. Bitte versuchen Sie es sp\u00e4ter erneut.",
    "MessagePleaseSignInLocalNetwork": "Bevor Sie fortsetzen sollten Sie sicher sein, dass Sie mit Ihrem Heimnetzwerk verbunden sind.",
    "ButtonUnlockWithPurchase": "Freischalten durch Kauf",
    "ButtonUnlockPrice": "Freischalten {0}",
    "MessageLiveTvGuideRequiresUnlock": "Ihr TV-Guide ist begrenzt auf {0} Kan\u00e4le. Klicken Sie auf die Freischalten Schaltfl\u00e4che um weitere Informationen zu erhalten.",
    "OptionEnableFullscreen": "Aktivieren Vollbild",
    "ButtonServer": "Server",
    "HeaderAdmin": "Admin",
    "HeaderLibrary": "Bibliothek",
    "HeaderMedia": "Medien",
    "ButtonInbox": "Posteingang",
    "HeaderAdvanced": "Erweitert",
    "HeaderGroupVersions": "Gruppen Versionen",
    "HeaderSaySomethingLike": "Sagen Sie etwas wie...",
    "ButtonTryAgain": "Erneut versuchen",
    "HeaderYouSaid": "Sie sagten....",
    "MessageWeDidntRecognizeCommand": "Entschuldigung, dieses Kommando konnten wir nicht erkennen.",
    "MessageIfYouBlockedVoice": "Wenn Sie die Sprachsteuerung f\u00fcr die App nicht erlaubt haben so m\u00fcssen Sie dies zuvor \u00e4ndern bevor Sie es erneut probieren.",
    "MessageNoItemsFound": "Keine Eintr\u00e4ge gefunden.",
    "ButtonManageServer": "Konfiguriere Server",
    "ButtonEditSubtitles": "Untertitel bearbeiten",
    "ButtonPreferences": "Einstellungen",
    "ButtonViewArtist": "Zeige Darsteller",
    "ButtonViewAlbum": "Zeige Album",
    "ButtonEditImages": "Bilder bearbeiten",
    "ErrorMessagePasswordNotMatchConfirm": "Das Passwort und die Passwort-Best\u00e4tigung m\u00fcssen \u00fcbereinstimmen.",
    "ErrorMessageUsernameInUse": "Der Benutzername wird bereits verwenden. Bitte w\u00e4hlen Sie einen neuen Namen und versuchen Sie es erneut.",
    "ErrorMessageEmailInUse": "Die Emailadresse wird bereits verwendet. Bitte verwenden Sie eine neue Emailadresse und versuchen Sie es erneut oder benutzen Sie die \"Passwort vergessen\" Funktion.",
    "MessageThankYouForConnectSignUp": "Vielen Dank f\u00fcr Ihre Anmeldung bei Emby Connect. Eine Emails mit weiteren Schritten zur Anmeldung Ihres neuen Kontos wird Ihnen in K\u00fcrze zugestellt. Bitte best\u00e4tigen Sie Ihr Konto und kehren Sie dann hier her zur\u00fcck um sich anzumelden.",
    "HeaderShare": "Teilen",
    "ButtonShareHelp": "Teilen Sie eine Website mit Medieninformationen in einem sozialen Netzwerk. Medien werden niemals \u00f6ffentlich geteilt.",
    "ButtonShare": "Teilen",
    "HeaderConfirm": "Best\u00e4tigen",
    "ButtonAdvancedRefresh": "Erweiterte Aktualiserung",
    "MessageConfirmDeleteTunerDevice": "M\u00f6chten Sie dieses Ger\u00e4t wirklich l\u00f6schen?",
    "MessageConfirmDeleteGuideProvider": "M\u00f6chten Sie diese Quelle wirklich l\u00f6schen?",
    "HeaderDeleteProvider": "TV Verzeichnis l\u00f6schen",
    "HeaderAddProvider": "TV Verzeichnis hinzuf\u00fcgen",
    "ErrorAddingTunerDevice": "Es trat ein Fehler beim hinzuf\u00fcgen eines Tuners auf. Bitte stellen Sie sicher das dieser erreichbar ist und versuchen Sie es erneut.",
    "ErrorSavingTvProvider": "Ein Fehler beim speichern des TV Verzeichnisses trat auf. Bitte stellen Sie sicher das dieser erreichbar ist und versuchen Sie es erneut.",
    "ErrorGettingTvLineups": "Ein Fehler trat beim herunterladen des TV Programs auf. Bitte stellen Sie sicher, dass Ihre Informationen korrekt sind und versuchen Sie es erneut.",
    "MessageCreateAccountAt": "Erstellen Sie ein Konto bei {0}",
    "ErrorPleaseSelectLineup": "Bitte w\u00e4hlen Sie ein TV Programm und versuchen Sie es erneut. Wenn keine Programme verf\u00fcgbar sind pr\u00fcfen Sie bitte Benutzername, Passwort und Ihre Postleitzahl.",
    "HeaderTryEmbyPremiere": "Probieren Sie Emby Premiere",
    "ButtonBecomeSupporter": "Holen Sie Emby Premium",
    "ButtonClosePlayVideo": "Schlie\u00dfe und starte meine Medien",
    "MessageDidYouKnowCinemaMode": "Wussten Sie schon, das Sie mit Emby Premium, ihr Erlebnis mit Funktionen wie dem Kino-Modus, noch verbessern k\u00f6nnen?",
    "MessageDidYouKnowCinemaMode2": "Der Kino-Modus bringt ihnen das richtige Kino-Erlebnis nach Hause, mit Trailern und eigenen Intros vor Ihrem Hauptfilm.",
    "OptionEnableDisplayMirroring": "Aktiviere Display-Weiterleitung",
    "HeaderSyncRequiresSupporterMembership": "Sync ben\u00f6tigt ein aktives Emby Premium Abo.",
    "HeaderSyncRequiresSupporterMembershipAppVersion": "Sync ben\u00f6tigt eine Verbindung zu einem Emby Server mit aktivem Emby Premium Abo.",
    "ErrorValidatingSupporterInfo": "Es gab einen Fehler beim Pr\u00fcfen ihrer Emby Premium Daten. Bitte versuche es sp\u00e4ter erneut.",
    "HeaderSync": "Synchronisation",
    "LabelLocalSyncStatusValue": "Status: {0}",
    "MessageSyncStarted": "Synchronisation gestartet",
    "OptionPoster": "Poster",
    "OptionPosterCard": "Poster Karte",
    "OptionTimeline": "Zeitlinie",
    "OptionList": "List",
    "OptionThumb": "Thumb",
    "OptionThumbCard": "Thumb Karte",
    "OptionBanner": "Banner",
    "NoSlideshowContentFound": "Keine Diashow Bilder gefunden.",
    "OptionPhotoSlideshow": "Diashow",
    "OptionBackdropSlideshow": "Hintergrund Diashow",
    "HeaderTopPlugins": "Top Plugins",
    "ButtonRecord": "Aufnehmen",
    "ButtonOther": "Andere",
    "HeaderSortBy": "Sortiert nach",
    "HeaderSortOrder": "Sortierreihenfolge",
    "OptionAscending": "Aufsteigend",
    "OptionDescending": "Absteigend",
    "OptionNameSort": "Name",
    "OptionTvdbRating": "Tvdb Bewertung",
    "OptionPremiereDate": "Premiere",
    "OptionImdbRating": "IMDb Bewertung",
    "OptionDatePlayed": "Abgespielt am",
    "OptionDateAdded": "Hinzugef\u00fcgt am",
    "OptionPlayCount": "Z\u00e4hler",
    "ButtonDisconnect": "Verbindung trennen",
    "OptionAlbumArtist": "Album-Interpret",
    "OptionArtist": "Interpret",
    "OptionAlbum": "Album",
    "OptionTrackName": "Track Name",
    "OptionCommunityRating": "Community Bewertung",
    "ButtonSort": "Sortieren",
    "ButtonMenu": "Menu",
    "OptionDefaultSort": "Default",
    "ButtonFilter": "Filter",
    "OptionCriticRating": "Kritiker Bewertung",
    "OptionVideoBitrate": "Video Bitrate",
    "OptionMetascore": "Metascore",
    "OptionRevenue": "Einnahme",
    "OptionBudget": "Budget",
    "ForAdditionalLiveTvOptions": "F\u00fcr weitere TV Quellen klicken Sie bitte auf den \"Externe Dienste\"-Reiter um weitere Optionen anzuzeigen.",
    "ButtonGuide": "TV Guide",
    "ButtonRecordedTv": "TV Aufnahmen",
    "HeaderDisconnectFromPlayer": "Trenne von Player",
    "ConfirmEndPlayerSession": "M\u00f6chten Sie Emby auf dem Ger\u00e4t schlie\u00dfen?",
    "ButtonYes": "Ja",
    "ButtonNo": "Nein",
    "ButtonRestorePreviousPurchase": "Kauf wiederherstellen",
    "AlreadyPaid": "Schon Bezahlt?",
    "AlreadyPaidHelp1": "Wenn Sie bereits eine \u00e4ltere Version des Media Browsers f\u00fcr Android erworben haben, so m\u00fcssen Sie keine erneute Zahlung t\u00e4tigen um diese App zu aktivieren. In diesem Fall senden Sie und bitte eine Email an {0} und wir aktivieren die App f\u00fcr Sie.",
    "AlreadyPaidHelp2": "Sie haben bereits Emby Premiere? Dann brechen Sie diesen Dialog ab, melden Sie sich innerhalb der App innerhalb Ihres Heimnetzes an und die App wird automatisch freigeschaltet.",
    "ButtonForYou": "F\u00fcr Sie",
    "ButtonLibrary": "Biliothek",
    "ButtonSearch": "Suche",
    "ButtonNowPlaying": "L\u00e4uft",
    "ButtonViewNewApp": "Zeige neue App",
    "HeaderEmbyForAndroidHasMoved": "Emby f\u00fcr Android ist umgezogen!",
    "MessageEmbyForAndroidHasMoved": "Emby f\u00fcr Android ist innerhalb des App-Stores umgezogen! Bitte schauen Sie sich die neue App an! Sie k\u00f6nnen alternativ diese App so lange verwenden, wie Sie es m\u00f6chten.",
    "HeaderNextUp": "Als N\u00e4chstes",
    "HeaderLatestMovies": "Neueste Filme",
    "HeaderLatestEpisodes": "Neueste Episoden",
    "EmbyPremiereMonthly": "Monatliche Emby Premiere",
    "EmbyPremiereMonthlyWithPrice": "Emby Premium Monatlich {0}",
    "HeaderEmailAddress": "E-Mail Adresse",
    "TextPleaseEnterYourEmailAddressForSubscription": "Bitte geben Sie Ihre E-Mail Adresse",
    "LoginDisclaimer": "Emby wurde designed um Sie bei der Verwaltung Ihrer Medienbibliothek, wie z.B Heimvideos oder Fotos, zu unterst\u00fctzen. Bitte lesen Sie unsere Nutzungsbedingungen. Die Verwendung jeglicher Emby Software bedingt die Zustimmung dieser Vereinbarung.",
    "TermsOfUse": "Nutzungsbedingungen",
    "HeaderTryMultiSelect": "Versuche Mehrfachauswahl",
    "TryMultiSelectMessage": "F\u00fcr eine Mehrfachauswahl klicken und halten Sie ein Poster. W\u00e4hlen Sie die Eintr\u00e4ge die Sie bearbeiten m\u00f6chten. Versuchen SIe es!",
    "NumLocationsValue": "{0} Verzeichnisse",
    "ButtonAddMediaLibrary": "F\u00fcge Medienbibliothek hinzu",
    "ButtonManageFolders": "Bearbeite Verzeichnisse",
    "HeaderTryDragAndDrop": "Versuchen Sie Drag and Drop.",
    "TryDragAndDropMessage": "Um Titel in der Playlist neu zu arrangieren, verwenden Sie einfach Drag an Drop. Versuchen Sie es!",
    "HeaderTryMicrosoftEdge": "Versuche Microsoft Edge",
    "MessageTryMicrosoftEdge": "F\u00fcr ein besseres Erlebnis mit Windows 10, probieren Sie den neuen Microsoft Edge Browser.",
    "HeaderTryModernBrowser": "Versuchen Sie einen modernen Browser",
    "MessageTryModernBrowser": "F\u00fcr eine bessere Darstellung unter Windows probieren Sie mal einen modernen Browser wie z.B. Google Chrome, Firefox oder Opera.",
    "ErrorAddingListingsToSchedulesDirect": "Ein Fehler trat beim hinzuf\u00fcgen Ihrer Zusammenstellung zu Ihrem Schedules Direct Konto auf. Schedules Direct erlaubt nur eine begrenzte Anzahl von Zusammenstellungen je Account.  Sie sollten sich auf der Website in Ihrem Schedules-Direct Konto einloggen und ein paar Zusammenstellungen von Ihrem Konto l\u00f6schen bevor Sie fortfahren.",
    "PleaseAddAtLeastOneFolder": "Bitte f\u00fcgen Sie mindestens ein Verzeichniss zur Bibliothek durch Klicken der \"Hinzuf\u00fcgen\"-Schaltfl\u00e4che hinzu.",
    "ErrorAddingMediaPathToVirtualFolder": "Ein Fehler trat beim Hinzuf\u00fcgen eines Medienverzeichnisses auf. Bitte stellen Sie sicher, dass der Pfad g\u00fcltig ist und der Emby Server Prozess die notwendigen Zugriffsrechte besitzt.",
    "ErrorRemovingEmbyConnectAccount": "Ein Fehler trat beim entfernen des Empy Connect Kontos auf. Bitte stellen Sie sicher, dass Sie \u00fcber eine aktive Internetverbindung verf\u00fcgen und versuchen Sie es erneut.",
    "ErrorAddingEmbyConnectAccount1": "Ein Fehler trat beim hinzuf\u00fcgen des Emby-Connect Kontos auf. Haben Sie bereits ein Emby Konto? Melden Sie sich hier an: {0}.",
    "ErrorAddingEmbyConnectAccount2": "Bitte stellen Sie sicher, dass Ihr Emby Konto nach den Anweisungen aus der Email, die Sie nach Erstellung des Kontos erhielten, aktiviert wurde. Wenn Sie keine Email erhalten haben, so senden Sie und bitte eine email an {0}. Benutzen Sie dazu bitte die Email-Adresse, die Sie bereits zur Erstellung Ihres Emby Kontos verwendet haben.",
    "HeaderFavoriteArtists": "Lieblings K\u00fcnstler",
    "HeaderFavoriteSongs": "Lieblings Songs",
    "HeaderConfirmPluginInstallation": "Best\u00e4tige Plugin Installation",
    "PleaseConfirmPluginInstallation": "Bitte best\u00e4tigen Sie mit OK, dass Sie den oben stehenden Text gelesen haben und die Installation des Plugins fortf\u00fchren m\u00f6chten.",
    "MessagePluginInstallDisclaimer": "Plugins aus der Emby Community sind eine gute M\u00f6glichkeit um Emby mit weiteren Funktionen und Vorteilen aufzuwerten. Bevor Sie diese jedoch installieren, seien Sie sich den daraus resultierenden m\u00f6glichen Umst\u00e4nden f\u00fcr Emby bewusst. Dies k\u00f6nnen z.B. l\u00e4ngere Bibliotheken Scans, weiterf\u00fchrende Verarbeitung von Daten im Hintergrund sowie Systeminstabilit\u00e4t sein.",
    "ButtonPlayOneMinute": "Eine Minute wiedergeben",
    "ThankYouForTryingEnjoyOneMinute": "Genie\u00dfen sie eine Minute Wiedergabe. Danke, dass Sie Emby ausprobieren.",
    "HeaderTryPlayback": "Wiedergabe ausprobieren",
    "HeaderBenefitsEmbyPremiere": "Vorteile von Emby Premiere",
    "MobileSyncFeatureDescription": "Synchronisieren Sie Ihre Medien f\u00fcr eine Offlinewiedergabe auf Ihr Smartphone und Tablett.",
    "CoverArtFeatureDescription": "Cover Art erstellt z.B. lustige Cover und erlaubt Ihnen weitergehende pers\u00f6nliche Gestaltung Ihrer Medien Bilder.",
    "HeaderMobileSync": "Mobile Synchronisation",
    "HeaderCloudSync": "Cloud Synchronisation",
    "CloudSyncFeatureDescription": "Synchronisieren Sie Ihre Medien in die Cloud f\u00fcr ein Backup, eine Archivierung und Konvertierung.",
    "HeaderFreeApps": "Kostenlose Emby Apps",
    "FreeAppsFeatureDescription": "Genie\u00dfen Sie Zugriff auf kostenlose Emby Apps f\u00fcr Ihre Ger\u00e4te",
    "HeaderCinemaMode": "Kino-Modus",
    "CinemaModeFeatureDescription": "Der Cinema Mode bringt das richtige Kinogef\u00fchl mit Trailern und eigenen Intros vor dem Hauptfilm.",
    "CoverArt": "Cover Art",
    "ButtonOff": "Ausschalten"
}