{
    "LabelFromHelp": "Example: {0} (on the server)",
    "SettingsSaved": "Instellingen opgeslagen.",
    "AddUser": "Gebruiker toevoegen",
    "Users": "Gebruikers",
    "Delete": "Verwijderen",
    "Administrator": "Beheerder",
    "Password": "Wachtwoord",
    "DeleteImage": "Verwijder afbeelding",
    "MessageThankYouForSupporting": "Bedankt voor uw steun aan Emby",
    "MessagePleaseSupportProject": "Steun Emby a.u.b.",
    "DeleteImageConfirmation": "Weet u zeker dat u deze afbeelding wilt verwijderen?",
    "FileReadCancelled": "Bestand lezen is geannuleerd.",
    "FileNotFound": "Bestand niet gevonden.",
    "FileReadError": "Er is een fout opgetreden bij het lezen van het bestand.",
    "DeleteUser": "Verwijder gebruiker",
    "DeleteUserConfirmation": "Weet u zeker dat u deze gebruiker wilt verwijderen?",
    "PasswordResetHeader": "Reset Wachtwoord",
    "PasswordResetComplete": "Het wachtwoord is opnieuw ingesteld.",
    "PinCodeResetComplete": "De pincode is gereset.",
    "PasswordResetConfirmation": "Weet u zeker dat u het wachtwoord opnieuw in wilt stellen?",
    "PinCodeResetConfirmation": "Weet u zeker dat u de pincode wilt resetten?",
    "HeaderPinCodeReset": "Reset Pincode",
    "PasswordSaved": "Wachtwoord opgeslagen.",
    "PasswordMatchError": "Wachtwoord en wachtwoord bevestiging moeten hetzelfde zijn.",
    "OptionRelease": "Offici\u00eble Release",
    "OptionBeta": "Beta",
    "OptionDev": "Dev (Instabiel)",
    "UninstallPluginHeader": "Plug-in de\u00efnstalleren",
    "UninstallPluginConfirmation": "Weet u zeker dat u {0} wilt de\u00efnstalleren?",
    "NoPluginConfigurationMessage": "Deze Plug-in heeft niets in te stellen",
    "NoPluginsInstalledMessage": "U heeft geen Plugin ge\u00efnstalleerd",
    "BrowsePluginCatalogMessage": "Bekijk de Plugin catalogus voor beschikbare Plug-ins.",
    "MessageKeyEmailedTo": "Sleutel gemaild naar {0}.",
    "MessageKeysLinked": "Sleutels gekoppeld.",
    "HeaderConfirmation": "Bevestiging",
    "MessageKeyUpdated": "Dank u wel. Uw Emby Premiere sleutel is bijgewerkt.",
    "MessageKeyRemoved": "Dank u wel. Uw Emby Premiere sleutel is verwijderd.",
    "HeaderSupportTheTeam": "Ondersteun het Emby Team",
    "TextEnjoyBonusFeatures": "Profiteer van extra mogelijkheden",
    "TitleLiveTV": "Live TV",
    "ButtonCancelSyncJob": "Annuleer sync",
    "HeaderAddTag": "Voeg tag toe",
    "LabelTag": "Tag:",
    "ButtonSelectView": "Selecteer weergave",
    "TitleSync": "Synchroniseer",
    "OptionAutomatic": "Automatisch",
    "HeaderSelectDate": "Selecteer Datum",
    "ButtonIdentify": "Identificeer",
    "HeaderIdentifyItem": "Identificeer item",
    "LabelRecurringDonationCanBeCancelledHelp": "Terugkerende donaties kunnen op elk moment stop gezet worden in uw PayPal account.",
    "HeaderMyMedia": "Mijn media",
    "ButtonRemoveFromCollection": "Verwijder uit collectie",
    "LabelAutomaticUpdateLevel": "Niveau automatische update:",
    "LabelAutomaticUpdateLevelForPlugins": "Niveau automatische update voor plugins:",
    "TitleNotifications": "Meldingen",
    "ErrorLaunchingChromecast": "Er is een fout opgetreden bij het starten van chromecast. Zorg ervoor dat uw apparaat is aangesloten op uw draadloze netwerk.",
    "MessageErrorLoadingSupporterInfo": "Er is een fout bij het laden van Emby Premiere informatie. Probeer het later opnieuw.",
    "MessageLinkYourSupporterKey": "Koppel uw Emby Premiere sleutel aan max. {0} Emby Connect-leden om te genieten van gratis toegang tot de volgende apps:",
    "HeaderConfirmRemoveUser": "Gebruiker verwijderen",
    "MessageConfirmRemoveConnectSupporter": "Bent u zeker dat u de extra Emby Premiere voordelen van deze gebruiker wilt verwijderen?",
    "ValueTimeLimitSingleHour": "Tijdslimiet: 1 uur",
    "ValueTimeLimitMultiHour": "Tijdslimiet: {0} uren",
    "HeaderUsers": "Gebruikers",
    "PluginCategoryGeneral": "Algemeen",
    "PluginCategoryContentProvider": "Inhouds Providers",
    "PluginCategoryScreenSaver": "Scherm beveiligers",
    "PluginCategoryTheme": "Thema's",
    "PluginCategorySync": "Sync",
    "PluginCategorySocialIntegration": "Sociale Netwerken",
    "PluginCategoryNotifications": "Meldingen",
    "PluginCategoryMetadata": "Metadata",
    "PluginCategoryLiveTV": "Live TV",
    "PluginCategoryChannel": "Kanalen",
    "HeaderSearch": "Zoeken",
    "ValueDateCreated": "Datum aangemaakt: {0}",
    "LabelArtist": "Artiest",
    "LabelMovie": "Film",
    "LabelMusicVideo": "Muziek Video",
    "LabelEpisode": "Aflevering",
    "LabelSeries": "Series",
    "LabelStopping": "Stoppen",
    "LabelCancelled": "(Geannuleerd)",
    "LabelFailed": "(Mislukt)",
    "ButtonHelp": "Hulp",
    "ButtonSave": "Opslaan",
    "ButtonDownload": "Downloaden",
    "SyncJobStatusQueued": "In wachtrij",
    "SyncJobStatusConverting": "Converteren",
    "SyncJobStatusFailed": "Mislukt",
    "SyncJobStatusCancelled": "Afgebroken",
    "SyncJobStatusCompleted": "Gesynced",
    "SyncJobStatusReadyToTransfer": "Klaar om te Verzenden",
    "SyncJobStatusTransferring": "Verzenden",
    "SyncJobStatusCompletedWithError": "Gesynchroniseerd met fouten",
    "SyncJobItemStatusReadyToTransfer": "Klaar om te Verzenden",
    "LabelCollection": "Collectie",
    "HeaderAddToCollection": "Toevoegen aan Collectie",
    "HeaderNewCollection": "Nieuwe Collectie",
    "NewCollectionNameExample": "Voorbeeld: Star Wars Collectie",
    "OptionSearchForInternetMetadata": "Zoeken op het internet voor afbeeldingen en metadata",
    "LabelSelectCollection": "Selecteer collectie:",
    "HeaderDevices": "Apparaten",
    "ButtonScheduledTasks": "Geplande taken",
    "MessageItemsAdded": "Items toegevoegd",
    "ButtonAddToCollection": "Toevoegen aan Collectie",
    "HeaderSelectCertificatePath": "Selecteer Certificaat Pad",
    "ConfirmMessageScheduledTaskButton": "Deze operatie loopt normaal gesproken automatisch als een geplande taak en behoeft geen handmatige inspanning. Om de geplande taak te configureren, zie:",
    "HeaderSupporterBenefit": "Een actief Emby Premiere abonnement geeft extra voordelen zoals teogang tot synchronisatie, Premium plugins, Internet kanalen en meer. {0} meer info{1}.",
    "LabelSyncNoTargetsHelp": "Het lijkt erop dat u momenteel geen apps heeft die synchroniseren ondersteunen.",
    "HeaderWelcomeToProjectServerDashboard": "Welkom bij het Emby Server Dashboard",
    "HeaderWelcomeToProjectWebClient": "Welkom bij Emby",
    "ButtonTakeTheTour": "Volg de tour",
    "HeaderWelcomeBack": "Welkom terug!",
    "TitlePlugins": "Plugins",
    "ButtonTakeTheTourToSeeWhatsNew": "Volg de tour om te zien wat nieuw is",
    "MessageNoSyncJobsFound": "Geen sync opdrachten gevonden. Maak sync opdrachten via de Synchronisatie knoppen in de web interface.",
    "HeaderLibraryAccess": "Bibliotheek toegang",
    "HeaderChannelAccess": "Kanaal toegang",
    "HeaderDeviceAccess": "Apparaat Toegang",
    "HeaderSelectDevices": "Selecteer Apparaten",
    "ButtonCancelItem": "Annuleren item",
    "ButtonQueueForRetry": "Wachtrij voor opnieuw proberen",
    "ButtonReenable": "Opnieuw inschakelen",
    "ButtonLearnMore": "Meer informatie",
    "SyncJobItemStatusSyncedMarkForRemoval": "Gemarkeerd voor verwijdering",
    "LabelAbortedByServerShutdown": "(Afgebroken door afsluiten van de server)",
    "LabelScheduledTaskLastRan": "Laatste keer {0}, duur {1}.",
    "HeaderDeleteTaskTrigger": "Verwijderen Taak Trigger",
    "HeaderTaskTriggers": "Taak Triggers",
    "MessageDeleteTaskTrigger": "Weet u zeker dat u deze taak trigger wilt verwijderen?",
    "MessageNoPluginsInstalled": "U heeft geen Plugins ge\u00efnstalleerd.",
    "LabelVersionInstalled": "{0} ge\u00efnstalleerd",
    "LabelNumberReviews": "{0} Recensies",
    "LabelFree": "Gratis",
    "HeaderPlaybackError": "Afspeel Fout",
    "MessagePlaybackErrorNotAllowed": "U bent niet bevoegd om deze content af te spelen. Neem contact op met uw systeembeheerder voor meer informatie.",
    "MessagePlaybackErrorNoCompatibleStream": "Geen compatibele streams beschikbaar. Probeer het later opnieuw of neem contact op met de serverbeheerder.",
    "MessagePlaybackErrorRateLimitExceeded": "Uw afspeel rate limiet is overschreden. Neem contact op met de beheerder van de server voor details.",
    "MessagePlaybackErrorPlaceHolder": "De gekozen content is niet af te spelen vanaf dit apparaat.",
    "HeaderSelectAudio": "Selecteer geluid",
    "HeaderSelectSubtitles": "Selecteer ondertiteling",
    "ButtonMarkForRemoval": "Van apparaat verwijderen",
    "ButtonUnmarkForRemoval": "Afbreken verwijderen van apparaat",
    "LabelDefaultStream": "(Standaard)",
    "LabelForcedStream": "(Geforceerd)",
    "LabelDefaultForcedStream": "(Standaard \/ Georceerd)",
    "LabelUnknownLanguage": "Onbekende taal",
    "MessageConfirmSyncJobItemCancellation": "Bent u zeker dat u dit item wilt annuleren?",
    "ButtonMute": "Dempen",
    "ButtonUnmute": "Dempen opheffen",
    "ButtonStop": "Stop",
    "ButtonNextTrack": "Volgend nummer",
    "ButtonPause": "Pauze",
    "ButtonPlay": "Afspelen",
    "ButtonEdit": "Bewerken",
    "ButtonQueue": "Wachtrij",
    "ButtonPlayTrailer": "Trailer afspelen",
    "ButtonPlaylist": "Afspeellijst",
    "ButtonPreviousTrack": "Vorig nummer",
    "LabelEnabled": "Ingeschakeld",
    "LabelDisabled": "Uitgeschakeld",
    "ButtonMoreInformation": "Meer informatie",
    "LabelNoUnreadNotifications": "Geen ongelezen meldingen.",
    "ButtonViewNotifications": "Bekijk meldingen",
    "ButtonMarkTheseRead": "Markeer deze gelezen",
    "ButtonClose": "Sluiten",
    "LabelAllPlaysSentToPlayer": "Alles zal worden verzonden naar de geselecteerde speler.",
    "MessageInvalidUser": "Foutieve gebruikersnaam of wachtwoord. Probeer opnieuw.",
    "HeaderLoginFailure": "Aanmeld fout",
    "HeaderAllRecordings": "Alle Opnames",
    "RecommendationBecauseYouLike": "Omdat u {0} leuk vond.",
    "RecommendationBecauseYouWatched": "Omdat u keek naar {0}",
    "RecommendationDirectedBy": "Geregisseerd door {0}",
    "RecommendationStarring": "In de hoofdrollen {0}",
    "HeaderConfirmRecordingCancellation": "Bevestigen Annulering Opname",
    "MessageConfirmRecordingCancellation": "Weet u zeker dat u deze opname wilt annuleren?",
    "MessageRecordingCancelled": "Opname geannuleerd.",
    "MessageRecordingScheduled": "Opname schema",
    "HeaderConfirmSeriesCancellation": "Bevestigen Series Annulering",
    "MessageConfirmSeriesCancellation": "Weet u zeker dat u deze serie wilt annuleren?",
    "MessageSeriesCancelled": "Serie geannuleerd.",
    "HeaderConfirmRecordingDeletion": "Bevestigen Verwijdering Opname",
    "MessageConfirmRecordingDeletion": "Weet u zeker dat u deze opname wilt verwijderen?",
    "MessageRecordingDeleted": "Opname gewist.",
    "ButonCancelRecording": "Annuleren Opname",
    "MessageRecordingSaved": "Opname opgeslagen.",
    "OptionSunday": "Zondag",
    "OptionMonday": "Maandag",
    "OptionTuesday": "Dinsdag",
    "OptionWednesday": "Woensdag",
    "OptionThursday": "Donderdag",
    "OptionFriday": "Vrijdag",
    "OptionSaturday": "Zaterdag",
    "OptionEveryday": "Elke dag",
    "OptionWeekend": "Weekenden",
    "OptionWeekday": "Weekdagen",
    "HeaderConfirmDeletion": "Bevestigen Verwijdering",
    "MessageConfirmPathSubstitutionDeletion": "Weet u zeker dat u dit pad vervanging wilt verwijderen?",
    "LiveTvUpdateAvailable": "(Update beschikbaar)",
    "LabelVersionUpToDate": "Up to date!",
    "ButtonResetTuner": "Reset tuner",
    "HeaderResetTuner": "Reset Tuner",
    "MessageConfirmResetTuner": "Weet u zeker dat u deze tuner wilt resetten? Alle actieve spelers of opnamen zullen direct worden gestaakt.",
    "ButtonCancelSeries": "Annuleren Series",
    "HeaderSeriesRecordings": "Serie Opnames",
    "LabelAnytime": "Elke keer",
    "StatusRecording": "Opname",
    "StatusWatching": "Kijken",
    "StatusRecordingProgram": "Opnemen {0}",
    "StatusWatchingProgram": "Kijken naar {0}",
    "HeaderSplitMedia": "Splits Media Apart",
    "MessageConfirmSplitMedia": "Weet u zeker dat u de media bronnen wilt splitsen in afzonderlijke items?",
    "HeaderError": "Fout",
    "MessageChromecastConnectionError": "Uw Chromecast ontvanger kan niet met uw Emby Server verbinden. Controleer de verbindingen en probeer het opnieuw.",
    "MessagePleaseSelectOneItem": "Selecteer ten minste een item.",
    "MessagePleaseSelectTwoItems": "Selecteer ten minste twee items.",
    "MessageTheSelectedItemsWillBeGrouped": "De geselecteerd videos worden in 1 item gegroepeerd. Emby apps zullen automatisch de juiste versie selecteren op basis van het apparaat en netwerk prestaties. Weet je zeker dat je door wilt gaan?",
    "HeaderResume": "Hervatten",
    "HeaderMyViews": "Mijn Overzichten",
    "HeaderLibraryFolders": "Media Mappen",
    "HeaderLatestMedia": "Nieuw in bibliotheek",
    "ButtonMoreItems": "Meer...",
    "ButtonMore": "Meer",
    "HeaderFavoriteMovies": "Favoriete Films",
    "HeaderFavoriteShows": "Favoriete Shows",
    "HeaderFavoriteEpisodes": "Favoriete Afleveringen",
    "HeaderFavoriteGames": "Favoriete Games",
    "HeaderRatingsDownloads": "Waardering \/ Downloads",
    "HeaderConfirmProfileDeletion": "Bevestigen Profiel Verwijdering",
    "MessageConfirmProfileDeletion": "Weet u zeker dat u dit profiel wilt verwijderen?",
    "HeaderSelectServerCachePath": "Selecteer Server Cache Pad",
    "HeaderSelectTranscodingPath": "Selecteer Tijdelijke Transcodeer Pad",
    "HeaderSelectImagesByNamePath": "Selecteer Afbeeldingen op naam Pad",
    "HeaderSelectMetadataPath": "Selecteer Metadata Pad",
    "HeaderSelectServerCachePathHelp": "Bladeren of voer het pad in om te gebruiken voor server cache-bestanden. De map moet beschrijfbaar zijn.",
    "HeaderSelectTranscodingPathHelp": "Bladeren of voer het pad in om te gebruiken voor het transcoderen van tijdelijke bestanden. De map moet beschrijfbaar zijn.",
    "HeaderSelectImagesByNamePathHelp": "Bladeren of voer het pad in naar uw Afbeeldingen op naam Map. De map moet beschrijfbaar zijn.",
    "HeaderSelectMetadataPathHelp": "Blader of voer het pad in dat u wilt gebruiken om metadata in op te slaan. De map moet beschrijfbaar zijn.",
    "HeaderSelectChannelDownloadPath": "Selecteer Kanaal Download Pad",
    "HeaderSelectChannelDownloadPathHelp": "Bladeren of voer het pad in om te gebruiken voor het opslaan van kanaal cache-bestanden. De map moet beschrijfbaar zijn.",
    "OptionNewCollection": "Nieuw ...",
    "ButtonAdd": "Toevoegen",
    "ButtonRemove": "Verwijderen",
    "LabelChapterDownloaders": "Hoofdstuk downloaders:",
    "LabelChapterDownloadersHelp": "Schakel rangschikking van uw favoriete hoofdstuk downloaders in, in volgorde van prioriteit. Lagere prioriteit downloaders zullen enkel gebruikt worden om de ontbrekende gegevens in te vullen.",
    "HeaderFavoriteAlbums": "Favoriete Albums",
    "HeaderLatestChannelMedia": "Nieuwste Kanaal Items",
    "ButtonOrganizeFile": "Bestand Organiseren",
    "ButtonDeleteFile": "Bestand verwijderen",
    "HeaderOrganizeFile": "Bestand Organiseren",
    "HeaderDeleteFile": "Bestand verwijderen",
    "StatusSkipped": "Overgeslagen",
    "StatusFailed": "Mislukt",
    "StatusSuccess": "Succes",
    "MessageFileWillBeDeleted": "Het volgende bestand wordt verwijderd:",
    "MessageSureYouWishToProceed": "Weet u zeker dat u wilt doorgaan?",
    "MessageDuplicatesWillBeDeleted": "Daarnaast zullen de volgende dupliaten worden geschrapt:",
    "MessageFollowingFileWillBeMovedFrom": "Het volgende bestand wordt verplaatst van:",
    "MessageDestinationTo": "naar:",
    "HeaderSelectWatchFolder": "Selecteer Bewaakte Map",
    "HeaderSelectWatchFolderHelp": "Blader of voer het pad in naar uw bewaakte map. De map moet beschrijfbaar zijn.",
    "OrganizePatternResult": "Resultaat: {0}",
    "AutoOrganizeError": "Fout bij het organiseren van het bestand",
    "ErrorOrganizingFileWithErrorCode": "Er was een fout bij het organiseren van he bestand. Fout code: {0}",
    "HeaderRestart": "Herstart",
    "HeaderShutdown": "Afsluiten",
    "MessageConfirmRestart": "Weet u zeker dat u Emby Server wilt herstarten?",
    "MessageConfirmShutdown": "Weet u zeker dat u Emby Server wilt afsluiten?",
    "ButtonUpdateNow": "Nu bijwerken",
    "ValueItemCount": "{0} item",
    "ValueItemCountPlural": "{0} items",
    "NewVersionOfSomethingAvailable": "Er is een nieuwe versie van {0} beschikbaar!",
    "VersionXIsAvailableForDownload": "Versie {0} is nu beschikbaar voor download.",
    "LabelVersionNumber": "Versie {0}",
    "LabelPlayMethodTranscoding": "Transcoderen",
    "LabelPlayMethodDirectStream": "Direct Streamen",
    "LabelPlayMethodDirectPlay": "Direct Afspelen",
    "LabelAudioCodec": "Geluid: {0}",
    "LabelVideoCodec": "Video: {0}",
    "LabelLocalAccessUrl": "Lokale toegang: {0}",
    "LabelRemoteAccessUrl": "Toegang op afstand: {0}",
    "LabelRunningOnPort": "Draait op http poort {0}.",
    "LabelRunningOnPorts": "Draait op http poort {0} en https poort {1}.",
    "HeaderLatestFromChannel": "Laatste van {0}",
    "LabelUnknownLanaguage": "Onbekende taal",
    "HeaderCurrentSubtitles": "Huidige ondertiteling",
    "MessageDownloadQueued": "De download is in de wachtrij geplaatst.",
    "MessageAreYouSureDeleteSubtitles": "Weet u zeker dat u dit ondertitelbestand wilt verwijderen?",
    "ButtonRemoteControl": "Beheer op afstand",
    "HeaderLatestTvRecordings": "Nieuwste opnames",
    "ButtonOk": "Ok",
    "ButtonCancel": "Annuleren",
    "ButtonRefresh": "Vernieuwen",
    "LabelCurrentPath": "Huidige pad:",
    "HeaderSelectMediaPath": "Selecteer Media Pad",
    "HeaderSelectPath": "Selecteer Pad",
    "ButtonNetwork": "Netwerk",
    "MessageDirectoryPickerInstruction": "Netwerk paden kunnen handmatig worden ingevoerd in het geval de Netwerk knop faalt om uw apparatuur te lokaliseren . Bijvoorbeeld: {0} of {1}.",
    "MessageDirectoryPickerBSDInstruction": "Voor BSD kan het noodzakelijk zijn opslag op uw FreeNAS Jail te configureren voordat Emby het kan benaderen.",
    "MessageDirectoryPickerLinuxInstruction": "Voor Linux moeten Emby systeem gebruikers minimaal lees toegang hebben tot de opslag locaties.",
    "HeaderMenu": "Menu",
    "ButtonOpen": "Openen",
    "ButtonOpenInNewTab": "Openen in nieuw tabblad",
    "ButtonShuffle": "Willekeurig",
    "ButtonInstantMix": "Instant mix",
    "ButtonResume": "Hervatten",
    "HeaderScenes": "Scenes",
    "HeaderAudioTracks": "Geluidssporen",
    "HeaderLibraries": "Bibliotheken",
    "HeaderSubtitles": "Ondertiteling",
    "HeaderVideoQuality": "Video Kwaliteit",
    "MessageErrorPlayingVideo": "Er ging iets mis bij het afspelen van de video.",
    "MessageEnsureOpenTuner": "Controleer of er een vrije tuner beschikbaar is.",
    "ButtonHome": "Start",
    "ButtonDashboard": "Dashboard",
    "ButtonReports": "Rapporten",
    "ButtonMetadataManager": "Metadata Manager",
    "HeaderTime": "Tijd",
    "HeaderName": "Naam",
    "HeaderAlbum": "Album",
    "HeaderAlbumArtist": "Album Artiest",
    "HeaderArtist": "Artiest",
    "LabelAddedOnDate": "Toegevoegd {0}",
    "ButtonStart": "Start",
    "HeaderChannels": "Kanalen",
    "HeaderMediaFolders": "Media Mappen",
    "HeaderBlockItemsWithNoRating": "Blokkeer inhoud zonder classificatiegegevens:",
    "OptionBlockOthers": "Overigen",
    "OptionBlockTvShows": "TV Series",
    "OptionBlockTrailers": "Trailers",
    "OptionBlockMusic": "Muziek",
    "OptionBlockMovies": "Films",
    "OptionBlockBooks": "Boeken",
    "OptionBlockGames": "Spellen",
    "OptionBlockLiveTvPrograms": "Live TV Programma's",
    "OptionBlockLiveTvChannels": "Live TV Kanalen",
    "OptionBlockChannelContent": "Internet kanaal Inhoud",
    "ButtonRevoke": "Herroepen",
    "MessageConfirmRevokeApiKey": "Weet u zeker dat u deze api key in wilt trekken? De verbinding met Emby Server zal direct verbroken worden.",
    "HeaderConfirmRevokeApiKey": "Intrekken Api Sleutel",
    "ValueContainer": "Container: {0}",
    "ValueAudioCodec": "Geluidscodec: {0}",
    "ValueVideoCodec": "Video Codec: {0}",
    "ValueCodec": "Codec: {0}",
    "ValueConditions": "Voorwaarden: {0}",
    "LabelAll": "Alles",
    "HeaderDeleteImage": "Afbeelding verwijderen",
    "MessageFileNotFound": "Bestand niet gevonden.",
    "MessageFileReadError": "Er is een fout opgetreden bij het lezen van dit bestand.",
    "ButtonNextPage": "Volgende pagina",
    "ButtonPreviousPage": "Vorige Pagina",
    "ButtonMoveLeft": "Verplaats naar links",
    "ButtonMoveRight": "Verplaats naar rechts",
    "ButtonBrowseOnlineImages": "Blader door online afbeeldingen",
    "HeaderDeleteItem": "Item verwijderen",
    "ConfirmDeleteItem": "Verwijderen van dit item zal het verwijderen uit zowel het bestandssysteem als de Media Bibliotheek. Weet u zeker dat u wilt doorgaan?",
    "MessagePleaseEnterNameOrId": "Voer een naam of een externe Id in",
    "MessageValueNotCorrect": "De ingevoerde waarde is niet correct. Probeer het opnieuw.",
    "MessageItemSaved": "Item opgeslagen.",
    "MessagePleaseAcceptTermsOfServiceBeforeContinuing": "Accepteer a.u.b. de voorwaarden voordat u doorgaat.",
    "OptionEnded": "Gestopt",
    "OptionContinuing": "Wordt vervolgd...",
    "OptionOff": "Uit",
    "OptionOn": "Aan",
    "ButtonSettings": "Instellingen",
    "ButtonUninstall": "Uninstall",
    "HeaderEnabledFields": "Schakel velden in",
    "HeaderEnabledFieldsHelp": "Schakel een veld uit om dit te blokkeren van wijzigingen.",
    "HeaderLiveTV": "Live TV",
    "MissingLocalTrailer": "Lokale trailer ontbreekt.",
    "MissingPrimaryImage": "Primaire afbeelding ontbreekt.",
    "MissingBackdropImage": "Achtergrondafbeelding ontbreekt.",
    "MissingLogoImage": "Logo ontbreekt.",
    "MissingEpisode": "Ontbrekende aflevering.",
    "OptionScreenshots": "Schermopnamen",
    "OptionBackdrops": "Achtergronden",
    "OptionImages": "Afbeeldingen",
    "OptionKeywords": "Trefwoorden",
    "OptionTags": "Tags",
    "OptionStudios": "Studio's",
    "OptionName": "Naam",
    "OptionOverview": "Overzicht",
    "OptionGenres": "Genres",
    "OptionParentalRating": "Kijkwijzer classificatie",
    "OptionPeople": "Personen",
    "OptionRuntime": "Speelduur",
    "OptionProductionLocations": "Productie Locaties",
    "OptionBirthLocation": "Geboorte Locatie",
    "LabelAllChannels": "Alle kanalen",
    "LabelLiveProgram": "LIVE",
    "LabelNewProgram": "NIEUW",
    "LabelPremiereProgram": "PREMIERE",
    "LabelHDProgram": "HD",
    "HeaderChangeFolderType": "Verander Content Type",
    "HeaderChangeFolderTypeHelp": "Als u het type wilt wijzigen, verwijder het dan en maak dan een nieuwe bibliotheek met het nieuwe type.",
    "HeaderAlert": "Waarschuwing",
    "MessagePleaseRestart": "Herstart om update te voltooien.",
    "ButtonRestart": "Herstart",
    "MessagePleaseRefreshPage": "Ververs a.u.b. deze pagina om nieuwe updates van Emby Server te ontvangen.",
    "ButtonHide": "Verbergen",
    "MessageSettingsSaved": "Instellingen opgeslagen.",
    "ButtonSignOut": "Afmelden",
    "ButtonMyProfile": "Mijn profiel",
    "ButtonMyPreferences": "Mijn Voorkeuren",
    "MessageBrowserDoesNotSupportWebSockets": "Deze browser ondersteunt geen web sockets. Voor een betere ervaring, probeer een nieuwere browser zoals Chrome, Firefox, IE10 +, Safari (iOS) of Opera.",
    "LabelInstallingPackage": "Installeren van {0}",
    "LabelPackageInstallCompleted": "{0} installatie voltooid.",
    "LabelPackageInstallFailed": "{0} installatie is mislukt.",
    "LabelPackageInstallCancelled": "{0} installatie geannuleerd.",
    "TabServer": "Server",
    "TabUsers": "Gebruikers",
    "TabLibrary": "Bibliotheek",
    "TabMetadata": "Metagegevens",
    "TabDLNA": "DLNA",
    "TabLiveTV": "Live TV",
    "TabAutoOrganize": "Autom. Organiseren",
    "TabPlugins": "Plugins",
    "TabAdvanced": "Geavanceerd",
    "TabHelp": "Hulp",
    "TabScheduledTasks": "Geplande taken",
    "ButtonFullscreen": "Volledig scherm",
    "ButtonAudioTracks": "Geluidssporen",
    "ButtonSubtitles": "Ondertiteling",
    "ButtonScenes": "Scenes",
    "ButtonQuality": "Kwaliteit",
    "HeaderNotifications": "Meldingen",
    "HeaderSelectPlayer": "Selecteer Speler",
    "ButtonSelect": "Selecteer",
    "ButtonNew": "Nieuw",
    "MessageInternetExplorerWebm": "Voor het beste resultaat met Internet Explorer installeert u de WebM plugin.",
    "HeaderVideoError": "Video Fout",
    "ButtonAddToPlaylist": "Toevoegen aan afspeellijst",
    "HeaderAddToPlaylist": "Toevoegen aan Afspeellijst",
    "LabelName": "Naam:",
    "ButtonSubmit": "Uitvoeren",
    "LabelSelectPlaylist": "Afspeellijst:",
    "OptionNewPlaylist": "Nieuwe afspeellijst...",
    "MessageAddedToPlaylistSuccess": "Ok",
    "ButtonView": "Weergave",
    "ButtonViewSeriesRecording": "Bekijk serie opnamen",
    "ValueOriginalAirDate": "Originele uitzenddatum: {0}",
    "ButtonRemoveFromPlaylist": "Verwijderen uit afspeellijst",
    "HeaderSpecials": "Specials",
    "HeaderTrailers": "Trailers",
    "HeaderAudio": "Geluid",
    "HeaderResolution": "Resolutie",
    "HeaderVideo": "Video",
    "HeaderRuntime": "Speelduur",
    "HeaderCommunityRating": "Gemeenschap cijfer",
    "HeaderPasswordReset": "Wachtwoord resetten",
    "HeaderParentalRating": "Kijkwijzer classificatie",
    "HeaderReleaseDate": "Uitgave datum",
    "HeaderDateAdded": "Datum toegevoegd",
    "HeaderSeries": "Series",
    "HeaderSeason": "Seizoen",
    "HeaderSeasonNumber": "Seizoen nummer",
    "HeaderNetwork": "Zender",
    "HeaderYear": "Jaar",
    "HeaderGameSystem": "Spelsysteem",
    "HeaderPlayers": "Spelers",
    "HeaderEmbeddedImage": "Ingesloten afbeelding",
    "HeaderTrack": "Track",
    "HeaderDisc": "Schijf",
    "OptionMovies": "Films",
    "OptionCollections": "Collecties",
    "OptionSeries": "Series",
    "OptionSeasons": "Seizoenen",
    "OptionEpisodes": "Afleveringen",
    "OptionGames": "Spellen",
    "OptionGameSystems": "Spel Systemen",
    "OptionMusicArtists": "Muziek artiesten",
    "OptionMusicAlbums": "Muziek albums",
    "OptionMusicVideos": "Music videos",
    "OptionSongs": "Nummers ",
    "OptionHomeVideos": "Home video's",
    "OptionBooks": "Boeken",
    "OptionAdultVideos": "Erotische video's",
    "ButtonUp": "Omhoog",
    "ButtonDown": "Omlaag",
    "LabelMetadataReaders": "Metadata lezers:",
    "LabelMetadataReadersHelp": "Rangschik de gewenste lokale metadata bronnen in volgorde van prioriteit. Het eerst gevonden bestand zal worden gelezen.",
    "LabelMetadataDownloaders": "Metadata Downloaders:",
    "LabelMetadataDownloadersHelp": "Rangschik uw voorkeurs metadata downloader in volgorde van prioriteit. Lagere prioriteit downloaders zullen alleen worden gebruikt om de ontbrekende informatie in te vullen.",
    "LabelMetadataSavers": "Metadata Opslag:",
    "LabelMetadataSaversHelp": "Kies de bestandsindeling om uw metadata op te slaan.",
    "LabelImageFetchers": "Afbeeldingen Downloaders:",
    "LabelImageFetchersHelp": "Rangschik uw voorkeurs afbeeldingen downloader in volgorde van prioriteit.",
    "ButtonQueueAllFromHere": "Plaats in de wachtrij vanaf hier",
    "ButtonPlayAllFromHere": "Speel allemaal vanaf hier",
    "LabelDynamicExternalId": "{0} Id:",
    "HeaderIdentify": "Identificeer item",
    "PersonTypePerson": "Persoon",
    "LabelTitleDisplayOrder": "Titel weergave volgorde:",
    "OptionSortName": "Sorteerbaar",
    "OptionReleaseDate": "Uitgave datum",
    "LabelSeasonNumber": "Seizoennummer:",
    "LabelDiscNumber": "Disc nummer",
    "LabelParentNumber": "Bovenliggend nummer",
    "LabelEpisodeNumber": "Afleveringsnummer:",
    "LabelTrackNumber": "Tracknummer:",
    "LabelNumber": "Nummer:",
    "LabelReleaseDate": "Uitgave datum:",
    "LabelEndDate": "Eind datum|",
    "LabelYear": "Jaar:",
    "LabelDateOfBirth": "Geboortedatum:",
    "LabelBirthYear": "Geboorte jaar:",
    "LabelBirthDate": "Geboortedatum:",
    "LabelDeathDate": "Overlijdens datum:",
    "HeaderRemoveMediaLocation": "Verwijder media locatie",
    "MessageConfirmRemoveMediaLocation": "Weet u zeker dat u deze locatie wilt verwijderen?",
    "HeaderRenameMediaFolder": "Hernoem media map",
    "LabelNewName": "Nieuwe naam:",
    "HeaderAddMediaFolder": "Voeg media map toe",
    "HeaderAddMediaFolderHelp": "Naam (Films, Muziek, TV etc):",
    "HeaderRemoveMediaFolder": "Verwijder media map",
    "MessageTheFollowingLocationWillBeRemovedFromLibrary": "De volgende media locaties worden uit de bibliotheek verwijderd:",
    "MessageAreYouSureYouWishToRemoveMediaFolder": "Weet u zeker dat u deze media map wilt verwijderen?",
    "ButtonRename": "Hernoem",
    "ButtonChangeContentType": "Verander content type",
    "HeaderMediaLocations": "Media Locaties",
    "LabelContentTypeValue": "Content type: {0}",
    "LabelPathSubstitutionHelp": "Optioneel: Pad vervanging kan server paden naar netwerk locaties verwijzen zodat clients direct kunnen afspelen.",
    "FolderTypeUnset": "Niet ingesteld (gemengde inhoud)",
    "FolderTypeMovies": "Films",
    "FolderTypeMusic": "Muziek",
    "FolderTypeAdultVideos": "Adult video's",
    "FolderTypePhotos": "Foto's",
    "FolderTypeMusicVideos": "Muziek video's",
    "FolderTypeHomeVideos": "Thuis video's",
    "FolderTypeGames": "Games",
    "FolderTypeBooks": "Boeken",
    "FolderTypeTvShows": "TV",
    "TabMovies": "Films",
    "TabSeries": "Serie",
    "TabEpisodes": "Afleveringen",
    "TabTrailers": "Trailers",
    "TabGames": "Games",
    "TabAlbums": "Albums",
    "TabSongs": "Songs",
    "TabMusicVideos": "Muziek Videos",
    "BirthPlaceValue": "Geboorte plaats: {0})",
    "DeathDateValue": "Overleden: {0}",
    "BirthDateValue": "Geboren: {0}",
    "HeaderLatestReviews": "Recente reviews",
    "HeaderPluginInstallation": "Plugin installatie",
    "MessageAlreadyInstalled": "Deze versie is al ge\u00efnstalleerd",
    "ValueReviewCount": "{0} Reviews",
    "MessageYouHaveVersionInstalled": "Op dit moment is versie {0} ge\u00efnstalleerd.",
    "MessageTrialExpired": "De proef periode voor deze feature is verlopen",
    "MessageTrialWillExpireIn": "De proef periode voor deze feature zal in {0} dag(en) verlopen",
    "MessageInstallPluginFromApp": "Deze plugin moet ge\u00efnstalleerd worden vanuit de app waarin u het wilt gebruiken.",
    "ValuePriceUSD": "Prijs {0} (USD)",
    "MessageFeatureIncludedWithSupporter": "U bent ingeschreven voor deze functie en kunt het blijven gebruiken zolang u een actief  Emby Premiere abonnement heeft.",
    "MessageChangeRecurringPlanConfirm": "Na het voltooien van deze transactie zult u de eerdere terugkerende donatie in uw PayPal account moeten annuleren. Bedankt voor de ondersteuning aan Emby.",
    "ButtonDelete": "Verwijderen",
    "HeaderEmbyAccountAdded": "Emby Account Toegevoegd",
    "MessageEmbyAccountAdded": "Het Emby account is aan deze gebruiker toegevoegd.",
    "MessagePendingEmbyAccountAdded": "Het Emby account is aan deze gebruiker toegevoegd.Er wordt een emailbericht naar de eigenaar van het account gestuurd. De uitnodigind moet bevestigd worden door op de link in het emailbericht te klikken.",
    "HeaderEmbyAccountRemoved": "Emby Account Verwijderd",
    "MessageEmbyAccontRemoved": "Het Emby account is verwijderd van deze gebruiker.",
    "TooltipLinkedToEmbyConnect": "Gekoppeld aan Emby Connect",
    "HeaderUnrated": "Geen rating",
    "ValueDiscNumber": "Disc {0}",
    "HeaderUnknownDate": "Onbekende datum",
    "HeaderUnknownYear": "Onbekend jaar",
    "ValueMinutes": "{0} min",
    "ButtonPlayExternalPlayer": "Speel in externe speler",
    "HeaderSelectExternalPlayer": "Selecteer externe speler",
    "HeaderExternalPlayerPlayback": "Afspelen met externe speler",
    "ButtonImDone": "Ik ben klaar",
    "OptionWatched": "Gezien",
    "OptionUnwatched": "Ongezien",
    "ExternalPlayerPlaystateOptionsHelp": "Geef aan hoe u deze video de volgende keer wilt hervatten.",
    "LabelMarkAs": "Markeer als:",
    "OptionInProgress": "In uitvoering",
    "LabelResumePoint": "Hervat punt:",
    "ValueOneMovie": "1 film",
    "ValueMovieCount": "{0} films",
    "ValueOneTrailer": "1 trailer",
    "ValueTrailerCount": "{0} trailers",
    "ValueOneSeries": "1 serie",
    "ValueSeriesCount": "{0} series",
    "ValueOneEpisode": "1 aflevering",
    "ValueEpisodeCount": "{0} afleveringen",
    "ValueOneGame": "1 game",
    "ValueGameCount": "{0} games",
    "ValueOneAlbum": "1 album",
    "ValueAlbumCount": "{0} albums",
    "ValueOneSong": "1 nummer",
    "ValueSongCount": "{0} nummers",
    "ValueOneMusicVideo": "1 muziek video",
    "ValueMusicVideoCount": "{0} muziek video's",
    "HeaderOffline": "Offline",
    "HeaderUnaired": "Niet uitgezonden",
    "HeaderMissing": "Ontbreekt",
    "ButtonWebsite": "Website",
    "TooltipFavorite": "Favoriet",
    "TooltipLike": "Leuk",
    "TooltipDislike": "Niet leuk",
    "TooltipPlayed": "Afgespeeld",
    "ValueSeriesYearToPresent": "{0}-Heden",
    "ValueAwards": "Prijzen: {0}",
    "ValueBudget": "Budget: {0}",
    "ValueRevenue": "Revenue: {0}",
    "ValuePremiered": "Permiere {0}",
    "ValuePremieres": "Premieres {0}",
    "ValueStudio": "Studio: {0}",
    "ValueStudios": "Studio's: {0}",
    "ValueStatus": "Status: {0}",
    "ValueSpecialEpisodeName": "Speciaal - {0}",
    "LabelLimit": "Limiet:",
    "ValueLinks": "Links: {0}",
    "HeaderPeople": "Personen",
    "HeaderCastAndCrew": "Cast & Crew",
    "ValueArtist": "Artiest: {0}",
    "ValueArtists": "Artiesten: {0}",
    "HeaderTags": "Labels",
    "MediaInfoCameraMake": "Camera merk",
    "MediaInfoCameraModel": "Camera model",
    "MediaInfoAltitude": "Hoogte",
    "MediaInfoAperture": "Diafragma",
    "MediaInfoExposureTime": "Belichtingstijd",
    "MediaInfoFocalLength": "Brandpuntsafstand",
    "MediaInfoOrientation": "Ori\u00ebntatie",
    "MediaInfoIsoSpeedRating": "ISO-waarde",
    "MediaInfoLatitude": "Breedte graad",
    "MediaInfoLongitude": "Lengte graad",
    "MediaInfoShutterSpeed": "Sluitertijd",
    "MediaInfoSoftware": "Software",
    "HeaderIfYouLikeCheckTheseOut": "Als u {0} leuk vindt, probeer deze dan ook eens...",
    "HeaderPlotKeywords": "Trefwoorden plot",
    "HeaderMovies": "Films",
    "HeaderAlbums": "Albums",
    "HeaderGames": "Spellen",
    "HeaderBooks": "Boeken",
    "HeaderEpisodes": "Afleveringen",
    "HeaderSeasons": "Seizoenen",
    "HeaderTracks": "Tracks",
    "HeaderItems": "Items",
    "HeaderOtherItems": "Overige Items",
    "ButtonFullReview": "Volledige review",
    "ValueAsRole": "als {0}",
    "ValueGuestStar": "Gast ster",
    "MediaInfoSize": "Grootte",
    "MediaInfoPath": "Pad",
    "MediaInfoFormat": "Formaat",
    "MediaInfoContainer": "Container",
    "MediaInfoDefault": "Standaard",
    "MediaInfoForced": "Geforceerd",
    "MediaInfoExternal": "Extern",
    "MediaInfoTimestamp": "Tijdstempel",
    "MediaInfoPixelFormat": "Pixel formaat",
    "MediaInfoBitDepth": "Bitdiepte",
    "MediaInfoSampleRate": "Samplesnelheid",
    "MediaInfoBitrate": "Bitrate",
    "MediaInfoChannels": "Kanalen",
    "MediaInfoLayout": "Opmaak",
    "MediaInfoLanguage": "Taal",
    "MediaInfoCodec": "Codec",
    "MediaInfoCodecTag": "Codec tag",
    "MediaInfoProfile": "Profiel",
    "MediaInfoLevel": "Niveau",
    "MediaInfoAspectRatio": "Beeld verhouding",
    "MediaInfoResolution": "Resolutie",
    "MediaInfoAnamorphic": "Anamorf",
    "MediaInfoInterlaced": "Interlaced",
    "MediaInfoFramerate": "Framerate",
    "MediaInfoStreamTypeAudio": "Geluid",
    "MediaInfoStreamTypeData": "Data",
    "MediaInfoStreamTypeVideo": "Video",
    "MediaInfoStreamTypeSubtitle": "Ondertiteling",
    "MediaInfoStreamTypeEmbeddedImage": "Ingevoegde afbeelding",
    "MediaInfoRefFrames": "Ref frames",
    "TabPlayback": "Afspelen",
    "TabNotifications": "Meldingen",
    "TabExpert": "Expert",
    "HeaderSelectCustomIntrosPath": "Selecteer eigen pad naar intro's",
    "HeaderRateAndReview": "Beoordelen",
    "HeaderThankYou": "Bedankt",
    "MessageThankYouForYourReview": "Bedankt voor de beoordeling",
    "LabelYourRating": "Uw beoordeling:",
    "LabelFullReview": "Volledige beoordeling:",
    "LabelShortRatingDescription": "Korte beoordeling overzicht:",
    "OptionIRecommendThisItem": "Ik beveel dit item aan",
    "WebClientTourContent": "Bekijk uw recent toegevoegde media, volgende afleveringen, en meer. De groene cirkels geven aan hoeveel afgespeelde items u heeft.",
    "WebClientTourMovies": "Speel films, trailers en meer van elk apparaat met een webbrowser",
    "WebClientTourMouseOver": "Houd de muis over een poster voor snelle toegang tot belangrijke informatie",
    "WebClientTourTapHold": "Klik en houd vast of rechtsklik op een poster voor een context menu",
    "WebClientTourMetadataManager": "Klik wijzigen om de metadata manager te openen",
    "WebClientTourPlaylists": "Gemakkelijk afspeellijsten maken en instant mixen, en speel ze op elk apparaat",
    "WebClientTourCollections": "Maak film collecties door boxsets te groeperen",
    "WebClientTourUserPreferences1": "Met gebruikersvoorkeuren kunt u de manier waarop uw bibliotheek wordt gepresenteerd in al uw Emby apps aanpassen",
    "WebClientTourUserPreferences2": "Configureer geluids- en ondertitelingstaal eenmalig, voor elke Emby app",
    "WebClientTourUserPreferences3": "Ontwerp de startpagina van de webclient volgens uw wensen",
    "WebClientTourUserPreferences4": "Achtergronden, theme songs en externe spelers configureren",
    "WebClientTourMobile1": "De webclient werkt geweldig op smartphones en tablets ...",
    "WebClientTourMobile2": "en bedien eenvoudig uw andere apparaten en Emby apps",
    "WebClientTourMySync": "Synchroniseer uw persoonlijke media naar uw apparaten om het offline te bekijken.",
    "MessageEnjoyYourStay": "Geniet van uw verblijf",
    "DashboardTourDashboard": "Het server-dashboard steld u in staat uw server en uw gebruikers te monitoren . U zult altijd weten wie wat doet en waar ze zijn.",
    "DashboardTourHelp": "De in-app hulp bevat handige knoppen om wiki pagina's te openen die gaan over de informatie op het scherm.",
    "DashboardTourUsers": "Maak gemakkelijk gebruikersaccounts voor uw vrienden en familie, elk met hun eigen machtigingen, bibliotheek toegang, ouderlijk toezicht en meer.",
    "DashboardTourCinemaMode": "Cinema mode brengt de theater ervaring naar uw woonkamer met de mogelijkheid om trailers en eigen intro's voor de film af te spelen.",
    "DashboardTourChapters": "Schakel hoofdstuk afbeeldingen genereren in voor uw video's voor een aantrekkelijker presentatie tijdens het kijken.",
    "DashboardTourSubtitles": "Download automatisch ondertiteling voor uw video's in een andere taal.",
    "DashboardTourPlugins": "Installeer plugins zoals Internet videokanalen, live tv, metadata, scanners en meer.",
    "DashboardTourNotifications": "Meldingen van de server gebeurtenissen automatisch verzenden naar uw mobiele apparaat, e-mail en meer.",
    "DashboardTourScheduledTasks": "Beheer eenvoudig langlopende transacties met geplande taken. Beslis zelf wanneer ze worden uitgevoerd en hoe vaak.",
    "DashboardTourMobile": "Het Emby Server dashboard werkt goed op smartphones en tablets. Beheer uw server vanuit uw handpalm, altijd en overal.",
    "DashboardTourSync": "Synchroniseer uw persoonlijke media naar uw apparaten om het offline te bekijken.",
    "MessageRefreshQueued": "Vernieuwen wachtrij",
    "TabDevices": "Apparaten",
    "TabExtras": "Extra's",
    "HeaderUploadImage": "Afbeelding uploaden",
    "DeviceLastUsedByUserName": "Het laatste gebruikt door {0}",
    "HeaderDeleteDevice": "Verwijder apparaat",
    "DeleteDeviceConfirmation": "Weet u zeker dat u dit apparaat wilt verwijderen? Het zal opnieuw verschijnen als een gebruiker zich hiermee aanmeldt.",
    "LabelEnableCameraUploadFor": "Schakel camera upload in voor:",
    "HeaderSelectUploadPath": "Kies upload pad",
    "LabelEnableCameraUploadForHelp": "Uploads zullen automatisch op de achtergrond plaatsvinden wanneer bij Emby aangemeld is.",
    "ErrorMessageStartHourGreaterThanEnd": "Eind tijd moet na de start tijd liggen.",
    "ButtonLibraryAccess": "Bibliotheek toegang",
    "ButtonParentalControl": "Ouderlijk toezicht",
    "HeaderInvitationSent": "Uitnodiging verzonden",
    "MessageInvitationSentToUser": "Een email is verzonden naar {0} om uw uitnodiging om media te delen te accepteren.",
    "MessageInvitationSentToNewUser": "Een email is verzonden naar {0} met een uitnodiging om aan te melden bij Emby.",
    "HeaderConnectionFailure": "Verbindingsfout",
    "MessageUnableToConnectToServer": "Het is momenteel niet mogelijk met de geselecteerde server te verbinden. Controleer dat deze draait en probeer het opnieuw.",
    "ButtonSelectServer": "Server Selecteren",
    "MessagePluginConfigurationRequiresLocalAccess": "Meld svp. op de lokale server aan om deze plugin te configureren.",
    "MessageLoggedOutParentalControl": "Toegang is momenteel bepertk, probeer later opnieuw.",
    "DefaultErrorMessage": "Er is een fout opgetreden. Probeer later opnieuw.",
    "ButtonAccept": "Accepteren",
    "ButtonReject": "Weigeren",
    "HeaderForgotPassword": "Wachtwoord vergeten",
    "MessageContactAdminToResetPassword": "Neem contact op met de server beheerder om uw wachtwoord te resetten.",
    "MessageForgotPasswordInNetworkRequired": "Probeer de wachtwoord herstel procedure opnieuw vanuit uw thuisnetwerk.",
    "MessageForgotPasswordFileCreated": "Het volgende bestand met instructies hoe nu verder te gaan is gemaakt:",
    "MessageForgotPasswordFileExpiration": "De herstel pincode verloopt {0}.",
    "MessageInvalidForgotPasswordPin": "Er is een ongeldige of verlopen pincode ingegeven. Probeer opnieuw.",
    "MessagePasswordResetForUsers": "Wachtwoorden van de volgende gebruikers zijn verwijderd. Gebruik een leeg wachtwoord om aan te melden.",
    "HeaderInviteGuest": "Nodig gast uit",
    "ButtonLinkMyEmbyAccount": "Koppel mijn account nu",
    "MessageConnectAccountRequiredToInviteGuest": "Om gasten uit te kunnen nodigen moet u uw Emby account aan deze server koppelen.",
    "ButtonSync": "Synchronisatie",
    "SyncMedia": "Synchroniseer media",
    "HeaderCancelSyncJob": "Annuleer synchronisatie",
    "CancelSyncJobConfirmation": "Als u de synchroniseertaak annuleert wordt de gesynchroniseerde media bij de volgende synchroniseertaak van het apparaat verwijderd. Weet u zeker dat u door wilt gaan?",
    "TabSync": "Synchronisatie",
    "MessagePleaseSelectDeviceToSyncTo": "Selecteer een apparaat om mee te synchroniseren.",
    "MessageSyncJobCreated": "Synchronisatie taak gemaakt.",
    "LabelSyncTo": "Synchroniseer naar:",
    "LabelSyncJobName": "Naam synchroniseer taak:",
    "LabelQuality": "Kwaliteit",
    "HeaderSettings": "Instellingen",
    "OptionAutomaticallySyncNewContent": "Nieuwe inhoud automatisch synchroniseren",
    "OptionAutomaticallySyncNewContentHelp": "Nieuwe inhoud zal automatisch met het apparaat gesynchroniseerd worden.",
    "OptionSyncUnwatchedVideosOnly": "Synchroniseer alleen onbekeken video's",
    "OptionSyncUnwatchedVideosOnlyHelp": "Alleen onbekeken video's zullen worden gesynchroniseerd en van het apparaat worden verwijderd als ze bekeken zijn.",
    "LabelItemLimit": "Item limiet:",
    "LabelItemLimitHelp": "Optioneel. Een limiet stellen aan het aantal items die zullen worden gesynchroniseerd.",
    "MessageBookPluginRequired": "Vereist installatie van de Bookshelf plugin",
    "MessageGamePluginRequired": "Vereist installatie van de GameBrowser plugin",
    "MessageUnsetContentHelp": "Inhoud zal als gewone folders worden getoond. Gebruik voor het beste resultaat de Metadata Manager om de inhoud types voor subfolders in te stellen.",
    "SyncJobItemStatusQueued": "In wachtrij",
    "SyncJobItemStatusConverting": "Converteren",
    "SyncJobItemStatusTransferring": "Versturen",
    "SyncJobItemStatusSynced": "Gesynchroniseerd",
    "SyncJobItemStatusFailed": "Mislukt",
    "SyncJobItemStatusRemovedFromDevice": "Van apparaat verwijderd",
    "SyncJobItemStatusCancelled": "Geannuleerd",
    "LabelProfile": "profiel:",
    "LabelBitrateMbps": "Bitrate (Mbps):",
    "EmbyIntroDownloadMessage": "Ga naar {0} om Emby Server te downloaden en te installeren.",
    "ButtonNewServer": "Nieuwe server",
    "ButtonSignInWithConnect": "Aanmelden met Emby Connect",
    "HeaderNewServer": "Nieuwe Server",
    "MyDevice": "Mijn apparaat",
    "ButtonRemote": "Afstandsbediening",
    "TabInfo": "Info",
    "TabCast": "Cast",
    "TabScenes": "Scenes",
    "HeaderUnlockApp": "App vrijgeven",
    "HeaderUnlockSync": "Ontgrendel Emby Sync",
    "MessageUnlockAppWithPurchaseOrSupporter": "Ontgrendel deze functie met een kleine eenmalige aankoop, of met een actief Emby Premiere abonnement.",
    "MessageUnlockAppWithSupporter": "Ontgrendel deze functie met een actief Emby Premiere abonnement.",
    "MessageToValidateSupporter": "Als je een actief emby Premiere abonnement hebt meld dan een keer aan via je thuisnetwerk.",
    "MessagePaymentServicesUnavailable": "Betaal services zijn momenteel niet beschikbaar, Probeer het later svp. nog eens.",
    "MessagePleaseSignInLocalNetwork": "Controleer of u verbonden bent met uw lokale netwerk voordat u verder gaat.",
    "ButtonUnlockWithPurchase": "Geef vrij met een aankoop",
    "ButtonUnlockPrice": "Unlock {0}",
    "MessageLiveTvGuideRequiresUnlock": "De Live TV Gids is momenteel gelimiteerd tot {0} kanalen. Klik op de Geef vrij knop om te zien hoe u deze limiet op kunt heffen.",
    "OptionEnableFullscreen": "Schakel volledig scherm in",
    "ButtonServer": "Server",
    "HeaderAdmin": "Beheerder",
    "HeaderLibrary": "Bibliotheek",
    "HeaderMedia": "Media",
    "ButtonInbox": "inbox",
    "HeaderAdvanced": "Geavanceerd",
    "HeaderGroupVersions": "Versies Groeperen",
    "HeaderSaySomethingLike": "Zeg iets zoals...",
    "ButtonTryAgain": "Opnieuw Proberen",
    "HeaderYouSaid": "U zei...",
    "MessageWeDidntRecognizeCommand": "Sorry, dat commande herkennen we niet.",
    "MessageIfYouBlockedVoice": "Als u spraak toegang uitgeschakeld heeft moet u dit opnieuw configureren voordat u verder gaat.",
    "MessageNoItemsFound": "Geen items gevonden.",
    "ButtonManageServer": "Beheer server",
    "ButtonEditSubtitles": "Bewerk ondertiteling",
    "ButtonPreferences": "Voorkeuren",
    "ButtonViewArtist": "Bekijk artiest",
    "ButtonViewAlbum": "Bekijk album",
    "ButtonEditImages": "Bewerk afbeeldingen",
    "ErrorMessagePasswordNotMatchConfirm": "Het wachtwoord en de wachtwoordbevestiging moeten overeenkomen.",
    "ErrorMessageUsernameInUse": "Deze gebruikersnaam is al in gebruik. Kies een andere en probeer het opnieuw.",
    "ErrorMessageEmailInUse": "Dit emailadres is al in gebruik. Kies een ander en probeer het opnieuw, of gebruik de vergeten wachtwoord functie.",
    "MessageThankYouForConnectSignUp": "Bedankt voor het aanmelden bij Emby Connect. Een email met instructies hoe je account bevestigd moet worden wordt verstuurd. Bevestig het account en keer terug om aan te melden.",
    "HeaderShare": "Delen",
    "ButtonShareHelp": "Deel een webpagina met media-informatie met sociale media. Media-bestanden worden nooit publiekelijk gedeeld.",
    "ButtonShare": "Delen",
    "HeaderConfirm": "bevestigen",
    "ButtonAdvancedRefresh": "Geavanceerd vernieuwen",
    "MessageConfirmDeleteTunerDevice": "Weet u zeker dat u dit apparaat wilt verwijderen?",
    "MessageConfirmDeleteGuideProvider": "Weet u zeker dat u deze gidsprovider wilt verwijderen?",
    "HeaderDeleteProvider": "Verwijder aanbieder",
    "HeaderAddProvider": "Voeg aanbieder toe.",
    "ErrorAddingTunerDevice": "Er was een fout bij het toevoegen van de tuner. Controleer of deze toegankelijk is en probeer het opnieuw.",
    "ErrorSavingTvProvider": "Er was een fout bij het opslaan van de TV aanbieder. Controleer of deze toegankelijk is en probeer het opnieuw.",
    "ErrorGettingTvLineups": "Er was een fout bij het downloaden van de TV lineup. Controleer of uw gegevens correct zijn en probeer het opnieuw.",
    "MessageCreateAccountAt": "Maak een account bij {0}",
    "ErrorPleaseSelectLineup": "Selecteer een lineup en probeer het opnieuw. Als er geen lineups beschibaar zijn, controleer dan of uw gebruikersnaam, wachtwoord en postcode correct zijn.",
    "HeaderTryEmbyPremiere": "Probeer Emby Premiere",
    "ButtonBecomeSupporter": "Verkrijg Emby Premiere",
    "ButtonClosePlayVideo": "Sluit af en speel mijn media",
    "MessageDidYouKnowCinemaMode": "Wist u dat u met Emby Premiere, u uw ervaring met functies zoals Cinema Mode kunt verbeteren?",
    "MessageDidYouKnowCinemaMode2": "Cinema Mode geeft u de echte bioscoop ervaring met trailers en eigen intros voordat de film begint.",
    "OptionEnableDisplayMirroring": "Schakel beeld spiegeling in",
    "HeaderSyncRequiresSupporterMembership": "Sync vereist een actief Emby Premiere abonnement.",
    "HeaderSyncRequiresSupporterMembershipAppVersion": "Sync vereist een verbinding met een Emby Server met een actief Emby Premiere abonnement.",
    "ErrorValidatingSupporterInfo": "Er is een fout bij het valideren van uw Emby Premiere gegevens . Probeer het later opnieuw.",
    "HeaderSync": "Sync",
    "LabelLocalSyncStatusValue": "Status: {0}",
    "MessageSyncStarted": "Synchroniseren gestart",
    "OptionPoster": "Poster",
    "OptionPosterCard": "Poster kaart",
    "OptionTimeline": "Tijdlijn",
    "OptionList": "Lijst",
    "OptionThumb": "Miniatuur",
    "OptionThumbCard": "Miniaturen kaart",
    "OptionBanner": "Banner",
    "NoSlideshowContentFound": "Geen voorstelling afbeeldingen gevonden.",
    "OptionPhotoSlideshow": "Foto voorstelling",
    "OptionBackdropSlideshow": "Achtergrondafbeelding voorstelling",
    "HeaderTopPlugins": "Top Plugins",
    "ButtonRecord": "Opnemen",
    "ButtonOther": "Andere",
    "HeaderSortBy": "Sorteren op:",
    "HeaderSortOrder": "Sorteer volgorde:",
    "OptionAscending": "Oplopend",
    "OptionDescending": "Aflopend",
    "OptionNameSort": "Naam",
    "OptionTvdbRating": "Tvdb Waardering",
    "OptionPremiereDate": "Premi\u00e8re Datum",
    "OptionImdbRating": "IMDb Waardering",
    "OptionDatePlayed": "Datum afgespeeld",
    "OptionDateAdded": "Datum toegevoegd",
    "OptionPlayCount": "Afspeel telling",
    "ButtonDisconnect": "Loskoppelen",
    "OptionAlbumArtist": "Albumartiest",
    "OptionArtist": "Artiest",
    "OptionAlbum": "Album",
    "OptionTrackName": "Naam van Nummer",
    "OptionCommunityRating": "Gemeenschaps Waardering",
    "ButtonSort": "Sorteren",
    "ButtonMenu": "Menu",
    "OptionDefaultSort": "Standaard",
    "ButtonFilter": "Filter",
    "OptionCriticRating": "Kritieken",
    "OptionVideoBitrate": "Video Bitrate",
    "OptionMetascore": "Metascore",
    "OptionRevenue": "Inkomsten",
    "OptionBudget": "Budget",
    "ForAdditionalLiveTvOptions": "Klik op de Externe Services tab om de opties voor andere Live TV aanbieders te zien.",
    "ButtonGuide": "Gids",
    "ButtonRecordedTv": "Tv-opnamen",
    "HeaderDisconnectFromPlayer": "Loskoppelen van Speler",
    "ConfirmEndPlayerSession": "Wil je Emby afsluiten op dit toestel?",
    "ButtonYes": "Ja",
    "ButtonNo": "Nee",
    "ButtonRestorePreviousPurchase": "Herstel aankoop",
    "AlreadyPaid": "Al betaald?",
    "AlreadyPaidHelp1": "Als je al betaald hebt om een oudere versie van Media Browser voor Android te installeren hoef je niet opnieuw te betalen om deze app te activeren. Stuur ons een e-mail op {0} en we zullen deze voor jou activeren.",
    "AlreadyPaidHelp2": "Heb je Emby Premiere? Annuleer dan gewoon deze dialoog en meld je aan in de app vanop je draaloos thuisnetwerk en deze zal automatische ontgrendeld worden.",
    "ButtonForYou": "Voor U",
    "ButtonLibrary": "Bibliotheek",
    "ButtonSearch": "Zoeken",
    "ButtonNowPlaying": "Wordt nu afgespeeld",
    "ButtonViewNewApp": "Bekijk nieuwe app",
    "HeaderEmbyForAndroidHasMoved": "Emby voor Android is verhuisd!",
    "MessageEmbyForAndroidHasMoved": "Emby voor Android is verhuisd naar een nieuwe plek in de app store. Probeer a.u.b. de nieuwe app. U kunt doorgaan met deze app te gebruiken voor zo lang als u wilt.",
    "HeaderNextUp": "Volgend",
    "HeaderLatestMovies": "Nieuwste Films",
    "HeaderLatestEpisodes": "Nieuwste Afleveringen",
    "EmbyPremiereMonthly": "Emby Premiere Monthly",
    "EmbyPremiereMonthlyWithPrice": "Emby Premiere Maandelijks {0}",
    "HeaderEmailAddress": "E-mailadres",
    "TextPleaseEnterYourEmailAddressForSubscription": "Vul alstublieft uw e-mail adres in. ",
    "LoginDisclaimer": "Emby is ontworpen om uw persoonlijke mediabibliotheek te helpen beheren, zoals home video's en foto's. Zie onze gebruiksvoorwaarden. Het gebruik van Emby software betekent acceptatie van deze voorwaarden.",
    "TermsOfUse": "Gebruiksvoorwaarden",
    "HeaderTryMultiSelect": "Probeer multi-select",
    "TryMultiSelectMessage": "Als u meerdere media-items wilt bewerken, klikt u er op een poster en hou even vast, selecteer nu de items die u wilt beheren. Probeer maar!",
    "NumLocationsValue": "{0} folders",
    "ButtonAddMediaLibrary": "Voeg Media Bibliotheek toe",
    "ButtonManageFolders": "Beheer mappen",
    "HeaderTryDragAndDrop": "Probeer 'Drag and Drop'",
    "TryDragAndDropMessage": "Gebruik 'Drag and Drop' om je afspeellijst aan te passen.",
    "HeaderTryMicrosoftEdge": "Probeer Microsoft Edge",
    "MessageTryMicrosoftEdge": "Voor een betere ervaring in Windows 10 gebruik je de nieuwe Microsoft Edge browser.",
    "HeaderTryModernBrowser": "Probeer een Moderne Webbrowser",
    "MessageTryModernBrowser": "Voor een betere ervaring in Windows, probeer een moderne webbrowser zoals Google Chrome, Firefox of Opera.",
    "ErrorAddingListingsToSchedulesDirect": "Er ging iets mis bij het toevoegen van de lineup aan je Schedules Direct account. Schedules Direct staat maar een beperkt aantal linups per account toe. Het kan nodig zijn dat je aan moet melden op de Schedules Direct website en andere lineups moet verwijderen voordat je verder kan.",
    "PleaseAddAtLeastOneFolder": "Voeg ten minste 1 map to aan deze bibliotheek door op de Toevoegen knop te klikken.",
    "ErrorAddingMediaPathToVirtualFolder": "Er ging iets mis bij het toevoegen van het media pad. Controleer of het pad klopt en of het Emby server process toegang heeft tot het pad.",
    "ErrorRemovingEmbyConnectAccount": "Er ging iets mis bij het verwijderen van het Emby Connect account. Controleer de internet verbinding en probeer het opnieuw.",
    "ErrorAddingEmbyConnectAccount1": "Er ging iets mis bij het toevoegen van de Emby Connect account. Heb je een Emby account aangemaakt? Registreer op {0}.",
    "ErrorAddingEmbyConnectAccount2": "Verzeker je er a.u.b. van dat de Emby account geactiveerd is door de instructies te volgen in de e-mail die verstuurd is na het aanmaken van de account. Als je deze mail niet ontvangen hebt, stuur dan a.u.b. een e-mail naar {0} van het e-mailadres dat gebruikt is bij het aanmaken van de Emby account.",
    "HeaderFavoriteArtists": "Favoriete Artiest",
    "HeaderFavoriteSongs": "Favoriete Liedjes",
    "HeaderConfirmPluginInstallation": "Bevestig Plugin Installatie",
    "PleaseConfirmPluginInstallation": "Klik op OK om te bevestigen dat u bovenstaande heeft gelezen en door  wenst te gaan met het installeren van de plugin.",
    "MessagePluginInstallDisclaimer": "Plugins ontwikkeld door leden van de Emby gemeenschap zijn een geweldige manier om je Emby ervaring met extra functies en voordelen te verbeteren. Alvorens het installeren, dient u zich bewust te zijn van de gevolgen die zij kunnen hebben op uw Emby Server, zoals langere bibliotheek scans, extra achtergrondinformatie verwerking, en een verminderde stabiliteit van het systeem.",
    "ButtonPlayOneMinute": "Speel \u00e9\u00e9n minuut",
    "ThankYouForTryingEnjoyOneMinute": "Kunt u genieten van \u00e9\u00e9n minuut afspelen. Bedankt voor het uitproberen Emby.",
    "HeaderTryPlayback": "Probeer afspelen",
    "HeaderBenefitsEmbyPremiere": "Voordelen van Emby Premiere",
    "MobileSyncFeatureDescription": "Synchroniseert uw media op uw smartphones en tablets voor een gemakkelijke offline toegang.",
    "CoverArtFeatureDescription": "Cover Art cre\u00ebert leuke covers en andere bewerkingen om u te helpen uw mediabeelden te personaliseren.",
    "HeaderMobileSync": "Mobiel Synchronisatie",
    "HeaderCloudSync": "Cloud Synchronisatie",
    "CloudSyncFeatureDescription": "Synchroniseer je media naar de cloud voor eenvoudige backup, archief en converteren.",
    "HeaderFreeApps": "Gratis Emby Apps",
    "FreeAppsFeatureDescription": "Geniet van gratis toegang om Emby apps te selecteren voor uw apparaten.",
    "HeaderCinemaMode": "Cinema Mode",
    "CinemaModeFeatureDescription": "Cinema Mode geeft je de ware bioscoopervaring met trailers en aangepaste intro voor de weergave van uw keuze.",
    "CoverArt": "Cover Art",
    "ButtonOff": "Uit"
}