{
    "SettingsSaved": "Param\u00e8tres sauvegard\u00e9s.",
    "AddUser": "Ajouter un utilisateur",
    "Users": "Utilisateurs",
    "Delete": "Supprimer",
    "Administrator": "Administrateur",
    "Password": "Mot de passe",
    "DeleteImage": "Supprimer l'image",
    "MessageThankYouForSupporting": "Merci de supporter Emby.",
    "MessagePleaseSupportProject": "Merci de supporter Emby.",
    "DeleteImageConfirmation": "\u00cates-vous s\u00fbr de vouloir supprimer l'image?",
    "FileReadCancelled": "La lecture du fichier a \u00e9t\u00e9 annul\u00e9e.",
    "FileNotFound": "Fichier introuvable.",
    "FileReadError": "Un erreur est survenue pendant la lecture du fichier.",
    "DeleteUser": "Supprimer l'utilisateur",
    "DeleteUserConfirmation": "\u00cates-vous s\u00fbr de vouloir supprimer cet utilisateur?",
    "PasswordResetHeader": "R\u00e9initialiser le mot de passe",
    "PasswordResetComplete": "Le mot de passe a \u00e9t\u00e9 r\u00e9initialis\u00e9.",
    "PinCodeResetComplete": "Le code Easy Pin a \u00e9t\u00e9 r\u00e9initialis\u00e9.",
    "PasswordResetConfirmation": "\u00cates-vous s\u00fbr de vouloir r\u00e9initialiser le mot de passe?",
    "PinCodeResetConfirmation": "Etes-vous s\u00fbr de vouloir r\u00e9initialiser le code pin ?",
    "HeaderPinCodeReset": "R\u00e9initialiser le code Pin",
    "PasswordSaved": "Mot de passe sauvegard\u00e9.",
    "PasswordMatchError": "Le mot de passe et sa confirmation doivent correspondre.",
    "OptionRelease": "Version officielle",
    "OptionBeta": "Beta",
    "OptionDev": "Dev (Instable)",
    "UninstallPluginHeader": "D\u00e9sinstaller Plug-in",
    "UninstallPluginConfirmation": "\u00cates-vous s\u00fbr de vouloir d\u00e9sinstaller {0}?",
    "NoPluginConfigurationMessage": "Ce plugin n'a rien \u00e0 configurer.",
    "NoPluginsInstalledMessage": "Vous n'avez aucun plugin install\u00e9.",
    "BrowsePluginCatalogMessage": "Explorer notre catalogue des plugins pour voir les plugins disponibles.",
    "MessageKeyEmailedTo": "Cl\u00e9 envoy\u00e9e par courriel \u00e0 {0}",
    "MessageKeysLinked": "Cl\u00e9s associ\u00e9es.",
    "HeaderConfirmation": "Confirmation",
    "MessageKeyUpdated": "Merci. Votre cl\u00e9 Emby Premiere a \u00e9t\u00e9 mise \u00e0 jour.",
    "MessageKeyRemoved": "Merci. Votre cl\u00e9 Emby Premiere a \u00e9t\u00e9 supprim\u00e9e.",
    "HeaderSupportTheTeam": "Aidez l'\u00e9quipe Emby",
    "TextEnjoyBonusFeatures": "Profitez bien des fonctionnalit\u00e9s bonus",
    "TitleLiveTV": "TV en direct",
    "ButtonCancelSyncJob": "Annuler la synchronisation",
    "HeaderAddTag": "Ajouter un tag",
    "LabelTag": "Tag:",
    "ButtonSelectView": "S\u00e9lectionnez un affichage",
    "TitleSync": "Sync.",
    "OptionAutomatic": "Auto",
    "HeaderSelectDate": "S\u00e9lectionnez la date",
    "ButtonIdentify": "Identifier",
    "HeaderIdentifyItem": "Identification de l'\u00e9l\u00e9ment",
    "LabelRecurringDonationCanBeCancelledHelp": "Des donations r\u00e9currentes peuvent \u00eatre annul\u00e9es \u00e0 tout moment depuis votre compte PayPal.",
    "LabelFromHelp": "Exemple: {0} (sur le serveur)",
    "HeaderMyMedia": "Mes medias",
    "ButtonRemoveFromCollection": "Supprimer de la collection",
    "LabelAutomaticUpdateLevel": "Niveau de mise \u00e0 jour automatique :",
    "LabelAutomaticUpdateLevelForPlugins": "Niveau de mise \u00e0 jour automatique des plugins :",
    "TitleNotifications": "Notifications",
    "ErrorLaunchingChromecast": "Une erreur a \u00e9t\u00e9 rencontr\u00e9e lors du lancement de Chromecast. Veuillez vous assurer que votre appareil est bien connect\u00e9 \u00e0 votre r\u00e9seau sans-fil.",
    "MessageErrorLoadingSupporterInfo": "Une erreur s'est produite lors du chargement des informations Emby Premiere. Veuillez r\u00e9essayer plus tard.",
    "MessageLinkYourSupporterKey": "Connectez votre cl\u00e9 Emby Premiere avec jusqu'\u00e0 {0} membres Emby Premiere pour acc\u00e9der gratuitement aux applications suivantes :",
    "HeaderConfirmRemoveUser": "Supprimer l'utilisateur",
    "MessageConfirmRemoveConnectSupporter": "Etes-vous s\u00fbr de vouloir retirer les avantages suppl\u00e9mentaires Emby Premiere pour cet utilisateur ?",
    "ValueTimeLimitSingleHour": "Limite de temps : 1 heure",
    "ValueTimeLimitMultiHour": "Limite de temps : {0} heures",
    "HeaderUsers": "Utilisateurs",
    "PluginCategoryGeneral": "G\u00e9n\u00e9ral",
    "PluginCategoryContentProvider": "Fournisseurs de contenus",
    "PluginCategoryScreenSaver": "Ecrans de veille",
    "PluginCategoryTheme": "Th\u00e8mes",
    "PluginCategorySync": "Sync",
    "PluginCategorySocialIntegration": "R\u00e9seaux sociaux",
    "PluginCategoryNotifications": "Notifications",
    "PluginCategoryMetadata": "M\u00e9tadonn\u00e9es",
    "PluginCategoryLiveTV": "TV en Direct",
    "PluginCategoryChannel": "Cha\u00eenes",
    "HeaderSearch": "Recherche",
    "ValueDateCreated": "Date de cr\u00e9ation : {0}",
    "LabelArtist": "Artiste",
    "LabelMovie": "Film",
    "LabelMusicVideo": "Clip vid\u00e9o",
    "LabelEpisode": "\u00c9pisode",
    "LabelSeries": "S\u00e9ries",
    "LabelStopping": "En cours d'arr\u00eat",
    "LabelCancelled": "(annul\u00e9)",
    "LabelFailed": "(\u00e9chou\u00e9)",
    "ButtonHelp": "Aide",
    "ButtonSave": "Sauvegarder",
    "ButtonDownload": "T\u00e9l\u00e9chargement",
    "SyncJobStatusQueued": "Mis en file d'attente",
    "SyncJobStatusConverting": "Conversion en cours",
    "SyncJobStatusFailed": "Echec",
    "SyncJobStatusCancelled": "Annul\u00e9",
    "SyncJobStatusCompleted": "Synchronis\u00e9",
    "SyncJobStatusReadyToTransfer": "Pr\u00eat pour le transfert",
    "SyncJobStatusTransferring": "Transfert en cours",
    "SyncJobStatusCompletedWithError": "Synchronis\u00e9, mais des erreurs sont apparues",
    "SyncJobItemStatusReadyToTransfer": "Pr\u00eat pour le transfert",
    "LabelCollection": "Collection",
    "HeaderAddToCollection": "Ajouter \u00e0 la collection",
    "HeaderNewCollection": "Nouvelle collection",
    "NewCollectionNameExample": "Exemple: Collection Star Wars",
    "OptionSearchForInternetMetadata": "Rechercher sur Internet les images et m\u00e9tadonn\u00e9es",
    "LabelSelectCollection": "S\u00e9lectionner la collection :",
    "HeaderDevices": "Appareils",
    "ButtonScheduledTasks": "T\u00e2ches planifi\u00e9es",
    "MessageItemsAdded": "Items ajout\u00e9s",
    "ButtonAddToCollection": "Ajouter \u00e0 une collection",
    "HeaderSelectCertificatePath": "S\u00e9lectionnez le chemin du certificat",
    "ConfirmMessageScheduledTaskButton": "Cette op\u00e9ration s'ex\u00e9cute normalement automatiquement en tant que t\u00e2che planifi\u00e9e et ne requiert aucune action manuelle. Pour configurer cette t\u00e2che, voir :",
    "HeaderSupporterBenefit": "Un abonnement \u00e0 Emby Premier actif, vous offre des avantages suppl\u00e9mentaires tels que la synchronisation entre vos appareils, un plugins premium, du contenu de cha\u00eene sur internet, et plus encore. {0}En savoir plus{1}.",
    "LabelSyncNoTargetsHelp": "Il semble que vous n'ayez actuellement aucune application qui supporte la synchronisation.",
    "HeaderWelcomeToProjectServerDashboard": "Bienvenue dans le tableau de bord du serveur Emby",
    "HeaderWelcomeToProjectWebClient": "Bienvenue dans Emby",
    "ButtonTakeTheTour": "Visite guid\u00e9e",
    "HeaderWelcomeBack": "Bienvenue !",
    "TitlePlugins": "Plugins",
    "ButtonTakeTheTourToSeeWhatsNew": "Suivez le guide pour d\u00e9couvrir les nouveaut\u00e9s",
    "MessageNoSyncJobsFound": "Aucune t\u00e2che de synchronisation trouv\u00e9e. Vous pouvez cr\u00e9er des t\u00e2ches de synchronisation gr\u00e2ce aux boutons 'Synchroniser' partout dans l'interface web.",
    "HeaderLibraryAccess": "Acc\u00e8s \u00e0 la librairie",
    "HeaderChannelAccess": "Acc\u00e8s Cha\u00eene",
    "HeaderDeviceAccess": "Acc\u00e8s \u00e0 l'appareil",
    "HeaderSelectDevices": "S\u00e9lectionnez un appareil",
    "ButtonCancelItem": "Annuler l'\u00e9l\u00e9ment",
    "ButtonQueueForRetry": "File d'attente pour une nouvelle tentative",
    "ButtonReenable": "R\u00e9activer",
    "ButtonLearnMore": "En savoir plus",
    "SyncJobItemStatusSyncedMarkForRemoval": "Marquer pour suppression",
    "LabelAbortedByServerShutdown": "(Annul\u00e9 par fermeture du serveur)",
    "LabelScheduledTaskLastRan": "Derni\u00e8re ex\u00e9cution {0}, dur\u00e9e {1}.",
    "HeaderDeleteTaskTrigger": "Supprimer le d\u00e9clencheur de t\u00e2che",
    "HeaderTaskTriggers": "D\u00e9clencheurs de t\u00e2ches",
    "MessageDeleteTaskTrigger": "\u00cates-vous s\u00fbr de vouloir supprimer ce d\u00e9clencheur de t\u00e2che?",
    "MessageNoPluginsInstalled": "Vous n'avez aucun plugin install\u00e9.",
    "LabelVersionInstalled": "{0} install\u00e9(s)",
    "LabelNumberReviews": "{0} Critique(s)",
    "LabelFree": "Gratuit",
    "HeaderPlaybackError": "Erreur de lecture",
    "MessagePlaybackErrorNotAllowed": "Vous n'\u00eates pas autoris\u00e9 \u00e0 lire ce contenu. Veuillez contacter votre administrateur syst\u00e8me pour plus de d\u00e9tails.",
    "MessagePlaybackErrorNoCompatibleStream": "Aucun flux compatible n'est actuellement disponible. Veuillez r\u00e9essayer plus tard ou contactez votre administrateur pour plus de d\u00e9tails.",
    "MessagePlaybackErrorRateLimitExceeded": "Vous avez d\u00e9pass\u00e9 votre limite de lecture. Veuillez contacter votre administrateur syst\u00e8me pour plus de d\u00e9tails.",
    "MessagePlaybackErrorPlaceHolder": "Impossible de lire le contenu choisi sur cet appareil",
    "HeaderSelectAudio": "S\u00e9lectionner audio",
    "HeaderSelectSubtitles": "S\u00e9lectionner sous-titres",
    "ButtonMarkForRemoval": "Supprimer de l'appareil",
    "ButtonUnmarkForRemoval": "Annuler la suppression de l'appareil",
    "LabelDefaultStream": "(Par d\u00e9faut)",
    "LabelForcedStream": "(Forc\u00e9)",
    "LabelDefaultForcedStream": "(Par d\u00e9faut\/Forc\u00e9)",
    "LabelUnknownLanguage": "Langue inconnue",
    "MessageConfirmSyncJobItemCancellation": "Vouslez vous vraiment annuler cet action?",
    "ButtonMute": "Sourdine",
    "ButtonUnmute": "D\u00e9sactiver sourdine",
    "ButtonStop": "Arr\u00eat",
    "ButtonNextTrack": "Piste suivante",
    "ButtonPause": "Pause",
    "ButtonPlay": "Lire",
    "ButtonEdit": "Modifier",
    "ButtonQueue": "En file d'attente",
    "ButtonPlayTrailer": "Lire la bande-annonce",
    "ButtonPlaylist": "Liste de lecture",
    "ButtonPreviousTrack": "Piste pr\u00e9c\u00e9dente",
    "LabelEnabled": "Activ\u00e9",
    "LabelDisabled": "D\u00e9sactiv\u00e9",
    "ButtonMoreInformation": "Plus d'information",
    "LabelNoUnreadNotifications": "Aucune notification non lue",
    "ButtonViewNotifications": "Voir notifications",
    "ButtonMarkTheseRead": "Marquer comme lus",
    "ButtonClose": "Fermer",
    "LabelAllPlaysSentToPlayer": "Toutes les lectures seront envoy\u00e9es au lecteur s\u00e9lectionn\u00e9.",
    "MessageInvalidUser": "Nom d'utilisateur ou mot de passe incorrect. R\u00e9essayer.",
    "HeaderLoginFailure": "\u00c9chec de la connection",
    "HeaderAllRecordings": "Tous les enregistrements",
    "RecommendationBecauseYouLike": "Parce que vous aimez {0}",
    "RecommendationBecauseYouWatched": "Parce que vous avez regard\u00e9 {0}",
    "RecommendationDirectedBy": "R\u00e9alis\u00e9 par {0}",
    "RecommendationStarring": "Mettant en vedette {0}",
    "HeaderConfirmRecordingCancellation": "Confirmer l'annulation de l'enregistrement.",
    "MessageConfirmRecordingCancellation": "\u00cates-vous s\u00fbr de vouloir annuler cet enregistrement?",
    "MessageRecordingCancelled": "Enregistrement annul\u00e9.",
    "MessageRecordingScheduled": "Enregistrement planifi\u00e9.",
    "HeaderConfirmSeriesCancellation": "Confirmez l'annulation de la s\u00e9rie",
    "MessageConfirmSeriesCancellation": "\u00cates-vous s\u00fbr de vouloir annuler cette s\u00e9rie?",
    "MessageSeriesCancelled": "S\u00e9rie annul\u00e9e",
    "HeaderConfirmRecordingDeletion": "Confirmez la suppression de l'enregistrement",
    "MessageConfirmRecordingDeletion": "\u00cates-vous s\u00fbr de vouloir supprimer cet enregistrement?",
    "MessageRecordingDeleted": "Enregistrement supprim\u00e9.",
    "ButonCancelRecording": "Enregistrement annul\u00e9.",
    "MessageRecordingSaved": "Enregistrement sauvegard\u00e9.",
    "OptionSunday": "Dimanche",
    "OptionMonday": "Lundi",
    "OptionTuesday": "Mardi",
    "OptionWednesday": "Mercredi",
    "OptionThursday": "Jeudi",
    "OptionFriday": "Vendredi",
    "OptionSaturday": "Samedi",
    "OptionEveryday": "Tous les jours",
    "OptionWeekend": "Week-ends",
    "OptionWeekday": "Jours de semaine",
    "HeaderConfirmDeletion": "Confirmer la suppression",
    "MessageConfirmPathSubstitutionDeletion": "\u00cates-vous s\u00fbr de vouloir supprimer cette substitution de chemin d'acc\u00e8s?",
    "LiveTvUpdateAvailable": "(Mise \u00e0 jour disponible)",
    "LabelVersionUpToDate": "\u00c0 jour!",
    "ButtonResetTuner": "R\u00e9initialiser le tuner",
    "HeaderResetTuner": "R\u00e9initialiser le tuner",
    "MessageConfirmResetTuner": "\u00cates-vous s\u00fbr de vouloir r\u00e9initialiser ce tuner ? Tout les lecteurs ou enregistrements actifs seront brusquement interrompus.",
    "ButtonCancelSeries": "Annuler s\u00e9ries",
    "HeaderSeriesRecordings": "Enregistrements de s\u00e9ries",
    "LabelAnytime": "N'importe quelle heure",
    "StatusRecording": "Enregistrement",
    "StatusWatching": "En lecture",
    "StatusRecordingProgram": "Enregistre {0}",
    "StatusWatchingProgram": "En lecture de {0}",
    "HeaderSplitMedia": "S\u00e9parer les m\u00e9dias",
    "MessageConfirmSplitMedia": "\u00cates vous s\u00fbrs de vouloir diviser les sources de m\u00e9dia dans des items s\u00e9par\u00e9s ?",
    "HeaderError": "Erreur",
    "MessageChromecastConnectionError": "Votre cl\u00e9 Chromecast ne peut pas se connecter \u00e0 votre serveur Emby. Veuillez v\u00e9rifier les connections et recommencer.",
    "MessagePleaseSelectOneItem": "Veuillez s\u00e9lectionner au moins un item.",
    "MessagePleaseSelectTwoItems": "Veuillez s\u00e9lectionner au moins deux items.",
    "MessageTheSelectedItemsWillBeGrouped": "Les vid\u00e9os s\u00e9lectionn\u00e9es seront regroup\u00e9es dans un objet virtuel. L'application Emby choisra automatiquement quelle version jouer d'apr\u00e8s le pr\u00e9irph\u00e9rique et la performance du r\u00e9seau. \u00cates vous s\u00fbre de vouloir continuer ?",
    "HeaderResume": "Reprendre",
    "HeaderMyViews": "Mes affichages",
    "HeaderLibraryFolders": "R\u00e9pertoires de m\u00e9dias",
    "HeaderLatestMedia": "Derniers m\u00e9dias",
    "ButtonMoreItems": "Plus...",
    "ButtonMore": "Voir la suite",
    "HeaderFavoriteMovies": "Films favoris",
    "HeaderFavoriteShows": "S\u00e9ries favorites",
    "HeaderFavoriteEpisodes": "\u00c9pisodes favoris",
    "HeaderFavoriteGames": "Jeux favoris",
    "HeaderRatingsDownloads": "Notes \/ T\u00e9l\u00e9chargements",
    "HeaderConfirmProfileDeletion": "Confirmer la suppression de profil",
    "MessageConfirmProfileDeletion": "\u00cates-vous s\u00fbr de vouloir supprimer ce profil?",
    "HeaderSelectServerCachePath": "S\u00e9lectionner le chemin d'acc\u00e8s du cache de serveur",
    "HeaderSelectTranscodingPath": "S\u00e9lectionnez le chemin d'acc\u00e8s du r\u00e9pertoire temporaire de transcodage",
    "HeaderSelectImagesByNamePath": "S\u00e9lectionner le chemin d'acc\u00e8s du \"Images By Name\"",
    "HeaderSelectMetadataPath": "S\u00e9lectionner le chemin d'acc\u00e8s des m\u00e9tadonn\u00e9es",
    "HeaderSelectServerCachePathHelp": "Parcourir ou entrer le chemin d'acc\u00e8s \u00e0 utiliser pour les fichiers caches du serveur. Le dossier doit \u00eatre accessible en \u00e9criture.",
    "HeaderSelectTranscodingPathHelp": "Parcourir ou saisir le chemin d'acc\u00e8s \u00e0 utiliser pour le transcodage des fichiers temporaires. Le dossier devra \u00eatre accessible en \u00e9criture.",
    "HeaderSelectImagesByNamePathHelp": "Parcourir ou saisir le chemin d'acc\u00e8s de vos items par le nom de dossier. Le dossier devra \u00eatre accessible en \u00e9criture.",
    "HeaderSelectMetadataPathHelp": "Parcourir ou saisir le chemin d'acc\u00e8s o\u00f9 vous aimeriez stocker les m\u00e9tadonn\u00e9es. Le r\u00e9pertoire doit \u00eatre accessible en \u00e9criture.",
    "HeaderSelectChannelDownloadPath": "S\u00e9lectionnez le chemin de t\u00e9l\u00e9chargement des cha\u00eenes.",
    "HeaderSelectChannelDownloadPathHelp": "Parcourir ou saisir le chemin destin\u00e9 au stockage des fichers cache des cha\u00eenes. Le r\u00e9pertoire doit \u00eatre accessible en \u00e9criture.",
    "OptionNewCollection": "Nouveau...",
    "ButtonAdd": "Ajouter",
    "ButtonRemove": "Supprimer",
    "LabelChapterDownloaders": "Agents de t\u00e9l\u00e9chargement de chapitres:",
    "LabelChapterDownloadersHelp": "Activez cette option pour classer vos sources pr\u00e9f\u00e9r\u00e9es de t\u00e9l\u00e9chargement de chapitres par ordre de priorit\u00e9. Les sources de t\u00e9l\u00e9chargement avec une priorit\u00e9 basse seront utilis\u00e9es uniquement pour compl\u00e9ter les informations manquantes.",
    "HeaderFavoriteAlbums": "Albums favoris",
    "HeaderLatestChannelMedia": "Derniers items de la cha\u00eene",
    "ButtonOrganizeFile": "Organiser le fichier",
    "ButtonDeleteFile": "Supprimer le fichier",
    "HeaderOrganizeFile": "Organiser le fichier",
    "HeaderDeleteFile": "Supprimer le fichier",
    "StatusSkipped": "Saut\u00e9s",
    "StatusFailed": "\u00c9chou\u00e9",
    "StatusSuccess": "Succ\u00e8s",
    "MessageFileWillBeDeleted": "Le fichier suivant sera supprim\u00e9 :",
    "MessageSureYouWishToProceed": "\u00cates-vous s\u00fbr de vouloir continuer?",
    "MessageDuplicatesWillBeDeleted": "De plus, les doublons suivants vont \u00eatre supprim\u00e9s :",
    "MessageFollowingFileWillBeMovedFrom": "Le fichier suivant sera d\u00e9plac\u00e9 de:",
    "MessageDestinationTo": "\u00c0 :",
    "HeaderSelectWatchFolder": "S\u00e9lectionner le r\u00e9pertoire surveill\u00e9",
    "HeaderSelectWatchFolderHelp": "Parcourir ou saisir le chemin de votre r\u00e9pertoire de surveillance. Le r\u00e9pertoire doit \u00eatre accessible en \u00e9criture.",
    "OrganizePatternResult": "R\u00e9sultat : {0}",
    "AutoOrganizeError": "Erreur pendant l'organisation du fichier",
    "ErrorOrganizingFileWithErrorCode": "Une erreur est survenue pendant l'orgnisation du fichier. Le code erreur: {0}.",
    "HeaderRestart": "Red\u00e9marrer",
    "HeaderShutdown": "\u00c9teindre",
    "MessageConfirmRestart": "Etes-vous s\u00fbr de vouloir red\u00e9marrer le serveur Emby ?",
    "MessageConfirmShutdown": "Etes-vous s\u00fbr de vouloir \u00e9teindre le serveur Emby ?",
    "ButtonUpdateNow": "Mettre \u00e0 jour maintenant",
    "ValueItemCount": "{0} \u00e9l\u00e9ment",
    "ValueItemCountPlural": "{0} \u00e9l\u00e9ments",
    "NewVersionOfSomethingAvailable": "Une nouvelle version de {0} est disponible!",
    "VersionXIsAvailableForDownload": "La version {0} est maintenant disponible au t\u00e9l\u00e9chargement.",
    "LabelVersionNumber": "Version {0}",
    "LabelPlayMethodTranscoding": "Transcodage",
    "LabelPlayMethodDirectStream": "Direct Stream",
    "LabelPlayMethodDirectPlay": "Direct Play",
    "LabelAudioCodec": "Audio : {0}",
    "LabelVideoCodec": "Vid\u00e9o : {0}",
    "LabelLocalAccessUrl": "Acc\u00e8s local : {0}",
    "LabelRemoteAccessUrl": "URL d'acc\u00e8s \u00e0 distance: {0}",
    "LabelRunningOnPort": "En cours d'ex\u00e9cution sur le port http {0}.",
    "LabelRunningOnPorts": "En cours d'ex\u00e9cution sur le port http {0} et https {1}.",
    "HeaderLatestFromChannel": "Les plus r\u00e9cents de {0}",
    "LabelUnknownLanaguage": "Langue inconnue",
    "HeaderCurrentSubtitles": "Sous-titres actuels",
    "MessageDownloadQueued": "Le t\u00e9l\u00e9chargement a \u00e9t\u00e9 mis en file d'attente.",
    "MessageAreYouSureDeleteSubtitles": "\u00cates-vous s\u00fbr de vouloir supprimer ce fichier de sous-titres ?",
    "ButtonRemoteControl": "Contr\u00f4le \u00e0 distance",
    "HeaderLatestTvRecordings": "Les plus r\u00e9cents enregistrements",
    "ButtonOk": "Ok",
    "ButtonCancel": "Annuler",
    "ButtonRefresh": "Actualiser",
    "LabelCurrentPath": "Chemin d'acc\u00e8s actuel :",
    "HeaderSelectMediaPath": "S\u00e9lectionnez le chemin du m\u00e9dia",
    "HeaderSelectPath": "S\u00e9lectionnez un chemin",
    "ButtonNetwork": "R\u00e9seau",
    "MessageDirectoryPickerInstruction": "Les chemins r\u00e9seaux peuvent \u00eatre saisis manuellement dans le cas o\u00f9 l'utilisation du bouton \"R\u00e9seau\" ne parvient pas \u00e0 localiser les ressources. Par exemple, {0} ou {1}.",
    "MessageDirectoryPickerBSDInstruction": "Sur BSD, vous devrez peut-\u00eatre configurer le stockage de votre FreeNAS Jail pour autoriser Emby \u00e0 y acc\u00e9der.",
    "MessageDirectoryPickerLinuxInstruction": "Pour Linux, vous devez au moins donner les acc\u00e8s en lecture \u00e0 l'utilisateur Emby pour vos r\u00e9pertoires de stockage.",
    "HeaderMenu": "Menu",
    "ButtonOpen": "Ouvrir",
    "ButtonOpenInNewTab": "Ouvrir dans un nouvel onglet",
    "ButtonShuffle": "M\u00e9langer",
    "ButtonInstantMix": "Instantan\u00e9",
    "ButtonResume": "Reprendre",
    "HeaderScenes": "Sc\u00e8nes",
    "HeaderAudioTracks": "Pistes audio",
    "HeaderLibraries": "Bilblioth\u00e8ques",
    "HeaderSubtitles": "Sous-titres",
    "HeaderVideoQuality": "Qualit\u00e9 vid\u00e9o",
    "MessageErrorPlayingVideo": "La lecture de la vid\u00e9o a rencontr\u00e9 une erreur",
    "MessageEnsureOpenTuner": "Veuillez vous assurer qu'un tuner est bien disponible.",
    "ButtonHome": "Accueil",
    "ButtonDashboard": "Tableau de bord",
    "ButtonReports": "Rapports",
    "ButtonMetadataManager": "Gestionnaire de m\u00e9tadonn\u00e9es",
    "HeaderTime": "Heure",
    "HeaderName": "Nom",
    "HeaderAlbum": "Album",
    "HeaderAlbumArtist": "Artiste de l'album",
    "HeaderArtist": "Artiste",
    "LabelAddedOnDate": "Ajout\u00e9 {0}",
    "ButtonStart": "Commencer",
    "HeaderChannels": "Cha\u00eenes",
    "HeaderMediaFolders": "R\u00e9pertoires de m\u00e9dias",
    "HeaderBlockItemsWithNoRating": "Bloquer le contenu ne comportant aucune information de classement:",
    "OptionBlockOthers": "Autres",
    "OptionBlockTvShows": "S\u00e9ries TV",
    "OptionBlockTrailers": "Bandes-annonces",
    "OptionBlockMusic": "Musique",
    "OptionBlockMovies": "Films",
    "OptionBlockBooks": "Livres",
    "OptionBlockGames": "Jeux",
    "OptionBlockLiveTvPrograms": "Programmes TV en direct",
    "OptionBlockLiveTvChannels": "Cha\u00eenes TV en direct",
    "OptionBlockChannelContent": "Cha\u00eenes Internet",
    "ButtonRevoke": "R\u00e9voquer",
    "MessageConfirmRevokeApiKey": "Etes-vous s\u00fbr de vouloir r\u00e9voquer cette cl\u00e9 d'api ? La connexion de cette application au serveur Emby sera brutalement interrompue.",
    "HeaderConfirmRevokeApiKey": "R\u00e9voquer la cl\u00e9 API",
    "ValueContainer": "Conteneur : {0}",
    "ValueAudioCodec": "Codec Audio : {0}",
    "ValueVideoCodec": "Codec Vid\u00e9o : {0}",
    "ValueCodec": "Codec : {0}",
    "ValueConditions": "Conditions : {0}",
    "LabelAll": "Tout",
    "HeaderDeleteImage": "Supprimer l'image",
    "MessageFileNotFound": "Fichier introuvable.",
    "MessageFileReadError": "Une erreur a \u00e9t\u00e9 rencontr\u00e9e pendant la lecture de ce fichier.",
    "ButtonNextPage": "Page suivante",
    "ButtonPreviousPage": "Page pr\u00e9c\u00e9dente",
    "ButtonMoveLeft": "D\u00e9placer \u00e0 gauche",
    "ButtonMoveRight": "D\u00e9placer \u00e0 droite",
    "ButtonBrowseOnlineImages": "Parcourir les images en ligne",
    "HeaderDeleteItem": "Supprimer l'\u00e9l\u00e9ment",
    "ConfirmDeleteItem": "Supprimer cet \u00e9l\u00e9ment l'effacera \u00e0 la fois du syst\u00e8me de fichiers et de votre biblioth\u00e8que de medias. Etes-vous s\u00fbr de vouloir continuer ?",
    "HeaderDeleteItems": "Delete Items",
    "ConfirmDeleteItems": "Deleting these items will delete them from both the file system and your media library. Are you sure you wish to continue?",
    "MessagePleaseEnterNameOrId": "Veuillez saisir un nom ou un identifiant externe.",
    "MessageValueNotCorrect": "La valeur saisie est incorrecte. Veuillez r\u00e9essayer.",
    "MessageItemSaved": "Item sauvegard\u00e9.",
    "MessagePleaseAcceptTermsOfServiceBeforeContinuing": "Veuillez accepter les conditions d'utilisation avant de poursuivre.",
    "OptionEnded": "Termin\u00e9",
    "OptionContinuing": "En continuation",
    "OptionOff": "Off",
    "OptionOn": "On",
    "ButtonSettings": "Param\u00e8tres",
    "ButtonUninstall": "D\u00e9sinstaller",
    "HeaderEnabledFields": "Activer les champs",
    "HeaderEnabledFieldsHelp": "D\u00e9cocher un champ pour le verrouiller et emp\u00eacher ainsi ses donn\u00e9es d'\u00eatre modifi\u00e9es.",
    "HeaderLiveTV": "TV en direct",
    "MissingLocalTrailer": "Bande-annonce locale manquante.",
    "MissingPrimaryImage": "Image principale manquante.",
    "MissingBackdropImage": "Image d'arri\u00e8re-plan manquante.",
    "MissingLogoImage": "Image logo manquante.",
    "MissingEpisode": "Episode manquant.",
    "OptionScreenshots": "Captures d'\u00e9cran",
    "OptionBackdrops": "Arri\u00e8re-plans",
    "OptionImages": "Images",
    "OptionKeywords": "Mots-cl\u00e9s",
    "OptionTags": "Tags",
    "OptionStudios": "Studios",
    "OptionName": "Nom",
    "OptionOverview": "Aper\u00e7u",
    "OptionGenres": "Genres",
    "OptionParentalRating": "Classification parentale",
    "OptionPeople": "People",
    "OptionRuntime": "Dur\u00e9e",
    "OptionProductionLocations": "Sites de production",
    "OptionBirthLocation": "Lieu de naissance",
    "LabelAllChannels": "Toutes les cha\u00eenes",
    "LabelLiveProgram": "DIRECT",
    "LabelNewProgram": "NOUVEAUTE",
    "LabelPremiereProgram": "PREMIERE",
    "LabelHDProgram": "HD",
    "HeaderChangeFolderType": "Modifier le type de contenu",
    "HeaderChangeFolderTypeHelp": "Pour modifier le type, veuillez d'abord le supprimer et le recr\u00e9er avec le nouveau type.",
    "HeaderAlert": "Alerte",
    "MessagePleaseRestart": "Veuillez red\u00e9marrer pour finaliser les mises \u00e0 jour.",
    "ButtonRestart": "Red\u00e9marrer",
    "MessagePleaseRefreshPage": "Veuillez rafraichir la page pour recevoir de nouvelles mises \u00e0 jour d'Emby Server.",
    "ButtonHide": "Cacher",
    "MessageSettingsSaved": "Param\u00e8tres sauvegard\u00e9s.",
    "ButtonSignOut": "D\u00e9connexion",
    "ButtonMyProfile": "Mon profil",
    "ButtonMyPreferences": "Mes pr\u00e9f\u00e9rences",
    "MessageBrowserDoesNotSupportWebSockets": "Ce navigateur ne supporte pas les sockets Web. Pour un meilleur confort d'utilisation, essayez avec un navigateur moderne tel que Chrome, Firefox, IE10+, Safari (iOS) ou Opera.",
    "LabelInstallingPackage": "Installation de {0}",
    "LabelPackageInstallCompleted": "L'installation de {0} est termin\u00e9e.",
    "LabelPackageInstallFailed": "L'installation de {0} a \u00e9chou\u00e9.",
    "LabelPackageInstallCancelled": "L'installation de {0} a \u00e9t\u00e9 annul\u00e9e.",
    "TabServer": "Serveur",
    "TabUsers": "Utilisateurs",
    "TabLibrary": "Biblioth\u00e8que",
    "TabMetadata": "M\u00e9tadonn\u00e9es",
    "TabDLNA": "DLNA",
    "TabLiveTV": "TV en direct",
    "TabAutoOrganize": "Auto-organisation",
    "TabPlugins": "Plugins",
    "TabAdvanced": "Avanc\u00e9",
    "TabHelp": "Aide",
    "TabScheduledTasks": "T\u00e2ches planifi\u00e9es",
    "ButtonFullscreen": "Plein \u00e9cran",
    "ButtonAudioTracks": "Pistes audio",
    "ButtonSubtitles": "Sous-titres",
    "ButtonScenes": "Sc\u00e8nes",
    "ButtonQuality": "Qualit\u00e9",
    "HeaderNotifications": "Notifications",
    "HeaderSelectPlayer": "S\u00e9lectionnez le lecteur",
    "ButtonSelect": "S\u00e9lectionner",
    "ButtonNew": "Nouveau",
    "MessageInternetExplorerWebm": "Pour de meilleurs r\u00e9sultats avec Internet Explorer, merci d'installer le plugin WebM pour IE.",
    "HeaderVideoError": "Erreur vid\u00e9o",
    "ButtonAddToPlaylist": "Ajouter \u00e0 la liste de lecture",
    "HeaderAddToPlaylist": "Ajouter \u00e0 la liste de lecture",
    "LabelName": "Nom",
    "ButtonSubmit": "Soumettre",
    "LabelSelectPlaylist": "Liste de lecture :",
    "OptionNewPlaylist": "Nouvelle liste de lecture...",
    "MessageAddedToPlaylistSuccess": "OK",
    "ButtonView": "Affichage",
    "ButtonViewSeriesRecording": "Voir les enregistrements de s\u00e9ries",
    "ValueOriginalAirDate": "Date de diffusion originale: {0}",
    "ButtonRemoveFromPlaylist": "Supprimer de la liste de lecture",
    "HeaderSpecials": "Episodes sp\u00e9ciaux",
    "HeaderTrailers": "Bandes-annonces",
    "HeaderAudio": "Audio",
    "HeaderResolution": "R\u00e9solution",
    "HeaderVideo": "Vid\u00e9o",
    "HeaderRuntime": "Dur\u00e9e",
    "HeaderCommunityRating": "Note de la communaut\u00e9",
    "HeaderPasswordReset": "Mot de passe r\u00e9initialis\u00e9",
    "HeaderParentalRating": "Classification parentale",
    "HeaderReleaseDate": "Date de sortie ",
    "HeaderDateAdded": "Date d'ajout",
    "HeaderSeries": "S\u00e9ries",
    "HeaderSeason": "Saison",
    "HeaderSeasonNumber": "Num\u00e9ro de saison",
    "HeaderNetwork": "R\u00e9seau",
    "HeaderYear": "Ann\u00e9e",
    "HeaderGameSystem": "Plateforme de jeu",
    "HeaderPlayers": "Lecteurs",
    "HeaderEmbeddedImage": "Image int\u00e9gr\u00e9e",
    "HeaderTrack": "Piste",
    "HeaderDisc": "Disque",
    "OptionMovies": "Films",
    "OptionCollections": "Collections",
    "OptionSeries": "S\u00e9ries",
    "OptionSeasons": "Saisons",
    "OptionEpisodes": "\u00c9pisodes",
    "OptionGames": "Jeux",
    "OptionGameSystems": "Plateformes de jeu",
    "OptionMusicArtists": "Artistes musicaux",
    "OptionMusicAlbums": "Albums de musique",
    "OptionMusicVideos": "Vid\u00e9oclips",
    "OptionSongs": "Chansons",
    "OptionHomeVideos": "Vid\u00e9os personnelles",
    "OptionBooks": "Livres",
    "OptionAdultVideos": "Vid\u00e9os adultes",
    "ButtonUp": "Haut",
    "ButtonDown": "Bas",
    "LabelMetadataReaders": "Lecteurs de m\u00e9tadonn\u00e9es :",
    "LabelMetadataReadersHelp": "Classez vos sources locales de m\u00e9tadonn\u00e9es pr\u00e9f\u00e9r\u00e9es dans l'ordre de priorit\u00e9. Le premier fichier trouv\u00e9 sera lu.",
    "LabelMetadataDownloaders": "T\u00e9l\u00e9chargeurs de m\u00e9tadonn\u00e9es:",
    "LabelMetadataDownloadersHelp": "Activez et classez vos sources de t\u00e9l\u00e9chargement de m\u00e9tadonn\u00e9es pr\u00e9f\u00e9r\u00e9es dans l'ordre de priorit\u00e9. Les plus basses seront utilis\u00e9es uniquement pour remplir les informations manquantes.",
    "LabelMetadataSavers": "Enregistreurs de m\u00e9tadonn\u00e9es :",
    "LabelMetadataSaversHelp": "S\u00e9lectionnez un format de fichier pour la sauvegarde des m\u00e9tadonn\u00e9es.",
    "LabelImageFetchers": "R\u00e9cup\u00e9rateurs d'image :",
    "LabelImageFetchersHelp": "Activez cette option pour classer vos r\u00e9cup\u00e9rateurs d'images par ordre de priorit\u00e9.",
    "ButtonQueueAllFromHere": "Tout mette en file d'attente \u00e0 partir d'ici",
    "ButtonPlayAllFromHere": "Tout lire \u00e0 partir d'ici",
    "LabelDynamicExternalId": "{0} Id:",
    "HeaderIdentify": "Identification de l'\u00e9l\u00e9ment",
    "PersonTypePerson": "Personne",
    "LabelTitleDisplayOrder": "Ordre d'affichage des titres:",
    "OptionSortName": "Clef de tri",
    "OptionReleaseDate": "Date de diffusion",
    "LabelSeasonNumber": "Num\u00e9ro de saison :",
    "LabelDiscNumber": "Num\u00e9ro de disque",
    "LabelParentNumber": "Num\u00e9ro parent",
    "LabelEpisodeNumber": "Num\u00e9ro d'\u00e9pisode :",
    "LabelTrackNumber": "Num\u00e9ro de piste:",
    "LabelNumber": "Num\u00e9ro:",
    "LabelReleaseDate": "Date de sortie",
    "LabelEndDate": "Date de fin:",
    "LabelYear": "Ann\u00e9e",
    "LabelDateOfBirth": "Date de naissance :",
    "LabelBirthYear": "Ann\u00e9e de naissance :",
    "LabelBirthDate": "Date de naissance :",
    "LabelDeathDate": "Date de d\u00e9c\u00e8s :",
    "HeaderRemoveMediaLocation": "Supprimer l'emplacement m\u00e9dia",
    "MessageConfirmRemoveMediaLocation": "Etes vous s\u00fbr de vouloir supprimer cet emplacement?",
    "HeaderRenameMediaFolder": "Renommer le r\u00e9pertoire de m\u00e9dia",
    "LabelNewName": "Nouveau nom :",
    "HeaderAddMediaFolder": "Ajouter un r\u00e9pertoire de m\u00e9dias",
    "HeaderAddMediaFolderHelp": "Nom (Film, Musique, TV, etc):",
    "HeaderRemoveMediaFolder": "Supprimer le r\u00e9pertoire de m\u00e9dias",
    "MessageTheFollowingLocationWillBeRemovedFromLibrary": "L'emplacement m\u00e9dia suivant va \u00eatre supprim\u00e9 de votre biblioth\u00e8que :",
    "MessageAreYouSureYouWishToRemoveMediaFolder": "\u00cates-vous s\u00fbr de vouloir supprimer ce r\u00e9pertoire de m\u00e9dia?",
    "ButtonRename": "Renommer",
    "ButtonChangeContentType": "Changer le type de contenu",
    "HeaderMediaLocations": "Emplacement des m\u00e9dias",
    "LabelContentTypeValue": "Type de contenu : {0}",
    "LabelPathSubstitutionHelp": "Optionnel : la substitution de chemin peut rediriger les chemins serveurs vers des partages r\u00e9seau pour une lecture directe par les clients.",
    "FolderTypeUnset": "Non d\u00e9fini (contenu m\u00e9lang\u00e9)",
    "FolderTypeMovies": "Films",
    "FolderTypeMusic": "Musique",
    "FolderTypeAdultVideos": "Vid\u00e9os Adultes",
    "FolderTypePhotos": "Photos",
    "FolderTypeMusicVideos": "Vid\u00e9os Musical",
    "FolderTypeHomeVideos": "Vid\u00e9os personnelles",
    "FolderTypeGames": "Jeux",
    "FolderTypeBooks": "Livres",
    "FolderTypeTvShows": "TV",
    "TabMovies": "Films",
    "TabSeries": "S\u00e9ries",
    "TabEpisodes": "\u00c9pisodes",
    "TabTrailers": "Bandes-annonces",
    "TabGames": "Jeux",
    "TabAlbums": "Albums",
    "TabSongs": "Chansons",
    "TabMusicVideos": "Videos musicales",
    "BirthPlaceValue": "Lieu de naissance: {0}",
    "DeathDateValue": "D\u00e9c\u00e9d\u00e9(e): {0}",
    "BirthDateValue": "N\u00e9(e): {0}",
    "HeaderLatestReviews": "Derni\u00e8res critiques",
    "HeaderPluginInstallation": "Installation du plug-in",
    "MessageAlreadyInstalled": "Cette version est d\u00e9j\u00e0 install\u00e9e.",
    "ValueReviewCount": "{0} Critiques",
    "MessageYouHaveVersionInstalled": "Actuellement , vous avez la version {0} install\u00e9e",
    "MessageTrialExpired": "La p\u00e9riode d'essai de cette fonctionnalit\u00e9 a expir\u00e9",
    "MessageTrialWillExpireIn": "La p\u00e9riode d'essai de cette fonctionnalit\u00e9 expire dans {0} jour(s)",
    "MessageInstallPluginFromApp": "Ce plugin doit-\u00eatre install\u00e9 depuis l'application dans laquelle vous voulez l'utiliser",
    "ValuePriceUSD": "Prix: {0} (USD)",
    "MessageFeatureIncludedWithSupporter": "Cette fonctionnalit\u00e9 vous est accessible ; vous pourrez l'utiliser tant que vous aurez une souscription Emby Premiere active.",
    "MessageChangeRecurringPlanConfirm": "Apr\u00e8s avoir termin\u00e9 cette transaction, vous devrez annuler votre donation r\u00e9currente depuis votre compte PayPal. Merci de supporter Emby.",
    "ButtonDelete": "Supprimer",
    "HeaderEmbyAccountAdded": "Compte Emby ajout\u00e9",
    "MessageEmbyAccountAdded": "Le compte Emby a \u00e9t\u00e9 ajout\u00e9 \u00e0 cet utilisateur.",
    "MessagePendingEmbyAccountAdded": "Le compte Emby a \u00e9t\u00e9 ajout\u00e9 \u00e0 cet utilisateur. Un email va \u00eatre envoy\u00e9 au propri\u00e9taire du compte. L'invitation devra \u00eatre confirm\u00e9e  en cliquant sur le lien contenu dans l'email.",
    "HeaderEmbyAccountRemoved": "Compte Emby supprim\u00e9",
    "MessageEmbyAccontRemoved": "Le compte Emby a \u00e9t\u00e9 supprim\u00e9 pour cet utilisateur.",
    "TooltipLinkedToEmbyConnect": "Li\u00e9 \u00e0 Emby Connect",
    "HeaderUnrated": "Non not\u00e9",
    "ValueDiscNumber": "Disque {0}",
    "HeaderUnknownDate": "Date inconnue",
    "HeaderUnknownYear": "Ann\u00e9e inconnue",
    "ValueMinutes": "{0} min",
    "ButtonPlayExternalPlayer": "Lire avec lecteur externe",
    "HeaderSelectExternalPlayer": "S\u00e9lectionner le lecteur externe",
    "HeaderExternalPlayerPlayback": "Lecture avec lecteur externe",
    "ButtonImDone": "J'ai fini",
    "OptionWatched": "Vu",
    "OptionUnwatched": "Non vu",
    "ExternalPlayerPlaystateOptionsHelp": "Sp\u00e9cifiez la mani\u00e8re dont vous souhaitez reprendre la lecture de la vid\u00e9o la prochaine fois.",
    "LabelMarkAs": "Marqu\u00e9 comme :",
    "OptionInProgress": "En cours",
    "LabelResumePoint": "Point de reprise",
    "ValueOneMovie": "1 Film",
    "ValueMovieCount": "{0} films",
    "ValueOneTrailer": "1 bande-annonce",
    "ValueTrailerCount": "{0} bandes-annonces",
    "ValueOneSeries": "1 S\u00e9rie",
    "ValueSeriesCount": "{0} series",
    "ValueOneEpisode": "1 \u00e9pisode",
    "ValueEpisodeCount": "{0} \u00e9pisodes",
    "ValueOneGame": "1 jeu",
    "ValueGameCount": "{0} jeux",
    "ValueOneAlbum": "1 album",
    "ValueAlbumCount": "{0} albums",
    "ValueOneSong": "1 chanson",
    "ValueSongCount": "{0} chansons",
    "ValueOneMusicVideo": "1 vid\u00e9o musicale",
    "ValueMusicVideoCount": "{0} music Videos",
    "HeaderOffline": "Offline",
    "HeaderUnaired": "Non diffus\u00e9",
    "HeaderMissing": "Manquant",
    "ButtonWebsite": "Site Web",
    "TooltipFavorite": "Favoris",
    "TooltipLike": "Aime bien",
    "TooltipDislike": "N'aime pas",
    "TooltipPlayed": "Lu",
    "ValueSeriesYearToPresent": "{0}-Pr\u00e9sent",
    "ValueAwards": "R\u00e9compenses:{0}",
    "ValueBudget": "Budget:{0}",
    "ValueRevenue": "Recettes:{0}",
    "ValuePremiered": "Avant premi\u00e8re {0}",
    "ValuePremieres": "Acteurs principaux {0}",
    "ValueStudio": "Studio: {0}",
    "ValueStudios": "Studios: {0}",
    "ValueStatus": "Etat: {0}",
    "ValueSpecialEpisodeName": "Sp\u00e9cial - {0}",
    "LabelLimit": "Limite :",
    "ValueLinks": "Liens : {0}",
    "HeaderPeople": "Personnes",
    "HeaderCastAndCrew": "Distribution et \u00e9quipe",
    "ValueArtist": "Artiste : {0}",
    "ValueArtists": "Artistes : {0}",
    "HeaderTags": "Tags",
    "MediaInfoCameraMake": "Fabricant",
    "MediaInfoCameraModel": "Mod\u00e8le de l'appareil photo",
    "MediaInfoAltitude": "Altitude",
    "MediaInfoAperture": "Ouverture",
    "MediaInfoExposureTime": "Temps d'exposition",
    "MediaInfoFocalLength": "Longueur focale",
    "MediaInfoOrientation": "Orientation",
    "MediaInfoIsoSpeedRating": "Vitesse Iso",
    "MediaInfoLatitude": "Latitude",
    "MediaInfoLongitude": "Longitude",
    "MediaInfoShutterSpeed": "Vitesse d'opturation",
    "MediaInfoSoftware": "Logiciel",
    "HeaderIfYouLikeCheckTheseOut": "Si vous aimez {0}, essayez ceci..",
    "HeaderPlotKeywords": "afficher les mots cl\u00e9s",
    "HeaderMovies": "Films",
    "HeaderAlbums": "Albums",
    "HeaderGames": "Jeux",
    "HeaderBooks": "Livres",
    "HeaderEpisodes": "Episodes",
    "HeaderSeasons": "Saisons",
    "HeaderTracks": "Pistes",
    "HeaderItems": "El\u00e9ments",
    "HeaderOtherItems": "Autres \u00e9l\u00e9ments",
    "ButtonFullReview": "Revue comp\u00e8te",
    "ValueAsRole": "alias {0}",
    "ValueGuestStar": "R\u00f4le principal",
    "MediaInfoSize": "Taille",
    "MediaInfoPath": "Chemin",
    "MediaInfoFormat": "Format",
    "MediaInfoContainer": "Conteneur",
    "MediaInfoDefault": "D\u00e9faut",
    "MediaInfoForced": "Forc\u00e9",
    "MediaInfoExternal": "Externe",
    "MediaInfoTimestamp": "Rep\u00e9rage temps",
    "MediaInfoPixelFormat": "Format de pixel",
    "MediaInfoBitDepth": "Profondeur en Bit",
    "MediaInfoSampleRate": "D\u00e9bit \u00e9chantillon",
    "MediaInfoBitrate": "D\u00e9bit",
    "MediaInfoChannels": "Cha\u00eenes",
    "MediaInfoLayout": "R\u00e9partition",
    "MediaInfoLanguage": "Langue",
    "MediaInfoCodec": "Codec",
    "MediaInfoCodecTag": "Tag codec",
    "MediaInfoProfile": "Profil",
    "MediaInfoLevel": "Niveau",
    "MediaInfoAspectRatio": "Ratio d'aspect original",
    "MediaInfoResolution": "R\u00e9solution",
    "MediaInfoAnamorphic": "Anamorphique",
    "MediaInfoInterlaced": "Entrelac\u00e9",
    "MediaInfoFramerate": "Images par seconde",
    "MediaInfoStreamTypeAudio": "Audio",
    "MediaInfoStreamTypeData": "Donn\u00e9es",
    "MediaInfoStreamTypeVideo": "Vid\u00e9o",
    "MediaInfoStreamTypeSubtitle": "Sous-titre",
    "MediaInfoStreamTypeEmbeddedImage": "Image am\u00e9lior\u00e9e",
    "MediaInfoRefFrames": "Image de r\u00e9f\u00e9rence",
    "TabPlayback": "Lecture",
    "TabNotifications": "Notifications",
    "TabExpert": "Expert",
    "HeaderSelectCustomIntrosPath": "Choisir le chemin des intros personnalis\u00e9es",
    "HeaderRateAndReview": "Noter et commenter",
    "HeaderThankYou": "Merci",
    "MessageThankYouForYourReview": "Merci pour votre commentaire.",
    "LabelYourRating": "Votre note :",
    "LabelFullReview": "Revue compl\u00e8te :",
    "LabelShortRatingDescription": "Evaluation courte:",
    "OptionIRecommendThisItem": "Je recommande cet article",
    "WebClientTourContent": "Voir les m\u00e9dias ajout\u00e9s r\u00e9cemment, les prochains \u00e9pisodes et bien plus. Les cercles verts indiquent le nombre d'\u00e9l\u00e9ments que vous n'avez pas vu.",
    "WebClientTourMovies": "Lire les films, bandes-annonces et plus depuis n'importe quel appareil avec un navigateur Web",
    "WebClientTourMouseOver": "Laisser la souris au dessus des posters pour un acc\u00e8s rapide aux informations essentiels",
    "WebClientTourTapHold": "Maintenir cliqu\u00e9 ou faire un clic droit sur n'importe quel poster pour le menu contextuel",
    "WebClientTourMetadataManager": "Cliquer sur modifier pour ouvrir l'\u00e9diteur de m\u00e9dadonn\u00e9es",
    "WebClientTourPlaylists": "Cr\u00e9ez facilement des listes de lectures et des mixes instantan\u00e9s, et jouez les sur n'importe quel p\u00e9riph\u00e9rique",
    "WebClientTourCollections": "Cr\u00e9ez des collections de films pour les regrouper les \u00e9l\u00e9ments d'un coffret",
    "WebClientTourUserPreferences1": "Les pr\u00e9f\u00e9rences utilisateur vous permettent de personnaliser la pr\u00e9sentation de la biblioth\u00e8que pour toutes les applications Emby.",
    "WebClientTourUserPreferences2": "Configurez vos pr\u00e9f\u00e9rences audio et sous-titres une fois pour toutes les applications Emby.",
    "WebClientTourUserPreferences3": "Modelez la page d'accueil du client web \u00e0 votre convenance",
    "WebClientTourUserPreferences4": "Configurer les images d'arri\u00e8re-plan, les th\u00e8mes musicaux et les lecteurs externes",
    "WebClientTourMobile1": "Le client web fonctionne parfaitement sur les smartphones et les tablettes...",
    "WebClientTourMobile2": "et contr\u00f4le facilement les autres appareils et applications Emby",
    "WebClientTourMySync": "Synchronisez vos m\u00e9dias personnels avec vos appareils pour les visionner en mode d\u00e9connect\u00e9.",
    "MessageEnjoyYourStay": "Amusez-vous bien !",
    "DashboardTourDashboard": "Le tableau de bord du serveur vous permet de g\u00e9rer votre serveur et vos utilisateurs. Vous saurez toujours qui fait quoi et o\u00f9.",
    "DashboardTourHelp": "L'aide contextuelle de l'application permet d'ouvrir les pages du wiki relatives au contenu affich\u00e9.",
    "DashboardTourUsers": "Cr\u00e9ez facilement des comptes utilisateurs pour vos amis et votre famille, chacun avec ses propres droits, biblioth\u00e8ques accessibles, contr\u00f4le parental et plus encore.",
    "DashboardTourCinemaMode": "Le mode cin\u00e9ma apporte l'exp\u00e9rience du cin\u00e9ma directement dans votre salon gr\u00e2ce \u00e0 la possibilit\u00e9 de lire les bandes-annonces et les introductions personnalis\u00e9es avant le programme principal.",
    "DashboardTourChapters": "Autorisez la g\u00e9n\u00e9ration des images de chapitres de vos vid\u00e9os pour une pr\u00e9sentation plus agr\u00e9able pendant la navigation.",
    "DashboardTourSubtitles": "T\u00e9l\u00e9chargez automatiquement les sous-titres de vos vid\u00e9os dans n'importe quelle langue.",
    "DashboardTourPlugins": "Installez des plugins : cha\u00eenes vid\u00e9os internet, TV en direct, analyseur de m\u00e9tadonn\u00e9es, et plus encore.",
    "DashboardTourNotifications": "Envoyez automatiquement les notifications d'\u00e9v\u00e9nements du serveur vers vos appareils mobiles,  vos adresses email et plus encore.",
    "DashboardTourScheduledTasks": "G\u00e9rez facilement les op\u00e9rations longues des taches planifi\u00e9es. Sp\u00e9cifiez quand et \u00e0 quelle fr\u00e9quence elles doivent se lancer.",
    "DashboardTourMobile": "Le tableau de bord du serveur Emby fonctionne tr\u00e8s bien sur smartphones et tablettes. G\u00e9rez votre serveur depuis la paume de votre main depuis n'importe o\u00f9, n'importe quand.",
    "DashboardTourSync": "Synchronisez vos m\u00e9dias personnels avec vos appareils pour les visionner en mode d\u00e9connect\u00e9.",
    "MessageRefreshQueued": "Demande d'actualisation en file d'attente",
    "TabDevices": "Appareils",
    "TabExtras": "Bonus",
    "HeaderUploadImage": "Transf\u00e9rer une image",
    "DeviceLastUsedByUserName": "Derni\u00e8rement utilis\u00e9 par {0}",
    "HeaderDeleteDevice": "Supprimer l'appareil",
    "DeleteDeviceConfirmation": "\u00cates-vous s\u00fbr de vouloir supprimer cet appareil ? La prochaine fois qu'un utilisateur se connecte depuis cet appareil, il sera ajout\u00e9 \u00e0 nouveau.",
    "LabelEnableCameraUploadFor": "Autoriser l'upload du contenu de l'appareil photo pour:",
    "HeaderSelectUploadPath": "S\u00e9lectionner le r\u00e9pertoire d'upload",
    "LabelEnableCameraUploadForHelp": "Les uploads se feront automatiquement en t\u00e2che de fond apr\u00e8s la connexion \u00e0 Emby.",
    "ErrorMessageStartHourGreaterThanEnd": "La date de fin doit \u00eatre post\u00e9rieure \u00e0 la date de d\u00e9but.",
    "ButtonLibraryAccess": "Acc\u00e8s \u00e0 la biblioth\u00e8que",
    "ButtonParentalControl": "Contr\u00f4le parental",
    "HeaderInvitationSent": "Invitation envoy\u00e9e",
    "MessageInvitationSentToUser": "Un mail a \u00e9t\u00e9 envoy\u00e9 \u00e0 {0} avec votre invitation de partage.",
    "MessageInvitationSentToNewUser": "Un email d'invitation \u00e0 Emby a \u00e9t\u00e9 envoy\u00e9 \u00e0 {0}.",
    "HeaderConnectionFailure": "Erreur de connexion",
    "MessageUnableToConnectToServer": "Nous sommes dans l'impossibilit\u00e9 de nous connecter au serveur s\u00e9lectionn\u00e9. Veuillez v\u00e9rifier qu'il est bien d\u00e9marr\u00e9 et r\u00e9essayez.",
    "ButtonSelectServer": "S\u00e9lectionner le serveur",
    "MessagePluginConfigurationRequiresLocalAccess": "Pour configurer ce plugin, veuillez vous connecter \u00e0 votre serveur local directement.",
    "MessageLoggedOutParentalControl": "L'acc\u00e8s est actuellement limit\u00e9. Veuillez r\u00e9essayer plus tard",
    "DefaultErrorMessage": "Il y a eu une erreur lors de l'ex\u00e9cution de la requ\u00eate. Veuillez r\u00e9essayer plus tard.",
    "ButtonAccept": "Accepter",
    "ButtonReject": "Rejeter",
    "HeaderForgotPassword": "Mot de passe oubli\u00e9",
    "MessageContactAdminToResetPassword": "Veuillez contacter votre administrateur syst\u00e8me pour r\u00e9initialiser votre mot de passe.",
    "MessageForgotPasswordInNetworkRequired": "Veuillez r\u00e9essayer \u00e0 partir de votre r\u00e9seau local pour d\u00e9marrer la proc\u00e9dure de r\u00e9initialisation du mot de passe.",
    "MessageForgotPasswordFileCreated": "Le fichier suivant a \u00e9t\u00e9 cr\u00e9\u00e9 sur votre serveur et contient les instructions et la proc\u00e9dure \u00e0 suivre.",
    "MessageForgotPasswordFileExpiration": "Le code PIN de r\u00e9initialisation expirera \u00e0 {0}.",
    "MessageInvalidForgotPasswordPin": "Le code PIN est invalide ou a expir\u00e9. Veuillez r\u00e9essayer.",
    "MessagePasswordResetForUsers": "Les mot de passes ont \u00e9t\u00e9 supprim\u00e9s pour les utilisateurs suivants. Pour se connecter, identifiez vous avec un mot de passe vide.",
    "HeaderInviteGuest": "Inviter une personne",
    "ButtonLinkMyEmbyAccount": "Lier mon compte maintenant",
    "MessageConnectAccountRequiredToInviteGuest": "Vous devez d'abord lier votre compte Emby \u00e0 ce serveur avant de pouvoir accueillir des invit\u00e9s.",
    "ButtonSync": "Sync",
    "SyncMedia": "Sync. les m\u00e9dias",
    "HeaderCancelSyncJob": "Annuler la sync.",
    "CancelSyncJobConfirmation": "L'annulation d'une t\u00e2che de synchronisation provoquera la suppression des m\u00e9dias synchronis\u00e9s lors la prochaine ex\u00e9cution de la synchronisation. Etes-vous s\u00fbr de vouloir continuer ?",
    "TabSync": "Sync",
    "MessagePleaseSelectDeviceToSyncTo": "Veuillez s\u00e9lectionner un p\u00e9riph\u00e9rique avec lequel se synchroniser.",
    "MessageSyncJobCreated": "Job de synchronisation cr\u00e9\u00e9.",
    "LabelSyncTo": "Synchronis\u00e9 avec:",
    "LabelSyncJobName": "Nom du job de synchronisation:",
    "LabelQuality": "Qualit\u00e9:",
    "HeaderSettings": "Param\u00e8tres",
    "OptionAutomaticallySyncNewContent": "Synchroniser automatiquement le nouveau contenu",
    "OptionAutomaticallySyncNewContentHelp": "Les nouveaux contenus ajout\u00e9s \u00e0 cette cat\u00e9gorie seront automatiquement synchronis\u00e9s avec l'appareil.",
    "OptionSyncUnwatchedVideosOnly": "Synchroniser seulement les vid\u00e9os non lues.",
    "OptionSyncUnwatchedVideosOnlyHelp": "Seulement les vid\u00e9os non lus seront synchronis\u00e9es et seront supprim\u00e9es du p\u00e9riph\u00e9rique au fur et \u00e0 mesure qu'elles sont lus.",
    "LabelItemLimit": "Maximum d'\u00e9l\u00e9ments :",
    "LabelItemLimitHelp": "Optionnel : d\u00e9finit le nombre maximum d'\u00e9l\u00e9ments qui seront synchronis\u00e9s.",
    "MessageBookPluginRequired": "N\u00e9cessite l'installation du plugin Bookshelf",
    "MessageGamePluginRequired": "N\u00e9cessite l'installation du plugin GameBrowser",
    "MessageUnsetContentHelp": "Le contenu sera affich\u00e9 sous forme de r\u00e9pertoires. Pour un r\u00e9sultat optimal, utilisez le gestionnaire de m\u00e9tadonn\u00e9es pour d\u00e9finir le type de contenu des sous-r\u00e9pertoires.",
    "SyncJobItemStatusQueued": "Mis en file d'attente",
    "SyncJobItemStatusConverting": "Conversion en cours",
    "SyncJobItemStatusTransferring": "Transfert en cours",
    "SyncJobItemStatusSynced": "Synchronis\u00e9",
    "SyncJobItemStatusFailed": "Echou\u00e9",
    "SyncJobItemStatusRemovedFromDevice": "Supprim\u00e9 de l'appareil",
    "SyncJobItemStatusCancelled": "Annul\u00e9",
    "LabelProfile": "Profil :",
    "LabelBitrateMbps": "D\u00e9bit (Mbps) :",
    "EmbyIntroDownloadMessage": "Pour t\u00e9l\u00e9charger et installer le serveur Emby, visitez {0}.",
    "ButtonNewServer": "Nouveau serveur",
    "ButtonSignInWithConnect": "Se connecter avec Emby Connect",
    "HeaderNewServer": "Nouveau serveur",
    "MyDevice": "Mon appareil",
    "ButtonRemote": "T\u00e9l\u00e9commande",
    "TabInfo": "Info",
    "TabCast": "Distribution",
    "TabScenes": "Sc\u00e8nes",
    "HeaderUnlockApp": "D\u00e9verrouiller l'App",
    "HeaderUnlockSync": "D\u00e9verrouiller Emby Sync",
    "MessageUnlockAppWithPurchaseOrSupporter": "D\u00e9verrouillez cette fonctionnalit\u00e9 avec un petit achat en une fois ou avec une souscription Emby Premiere.",
    "MessageUnlockAppWithSupporter": "D\u00e9verrouillez cette fonctionnalit\u00e9 avec une souscription Emby Premiere active.",
    "MessageToValidateSupporter": "Si vous avez un compte Emby Premiere actif, connectez-vous simplement et une seule fois \u00e0 l'application, en utilisant la connexion Wifi de votre r\u00e9seau domestique.",
    "MessagePaymentServicesUnavailable": "Les services de paiement sont actuellement indisponibles. Merci de r\u00e9essayer ult\u00e9rieurement",
    "MessagePleaseSignInLocalNetwork": "Avant de continuer, veuillez vous assurer que vous \u00eates connect\u00e9s sur votre r\u00e9seau local en Wifi ou LAN.",
    "ButtonUnlockWithPurchase": "D\u00e9verrouillez par un achat.",
    "ButtonUnlockPrice": "D\u00e9verrouiller {0}",
    "MessageLiveTvGuideRequiresUnlock": "Le Guide TV en direct est actuellement limit\u00e9 \u00e0 {0} cha\u00eenes. Cliquez sur le bouton d\u00e9verrouiller pour d\u00e9couvrir comment profiter de l'ensemble.",
    "OptionEnableFullscreen": "Activer le plein \u00e9cran",
    "ButtonServer": "Serveur",
    "HeaderAdmin": "Admin",
    "HeaderLibrary": "Biblioth\u00e8que",
    "HeaderMedia": "M\u00e9dia",
    "ButtonInbox": "Bo\u00eete de r\u00e9ception",
    "HeaderAdvanced": "Avanc\u00e9",
    "HeaderGroupVersions": "Versions des groupes",
    "HeaderSaySomethingLike": "Dites quelque chose...",
    "ButtonTryAgain": "Veuillez r\u00e9essayer",
    "HeaderYouSaid": "Vous avez dit...",
    "MessageWeDidntRecognizeCommand": "D\u00e9sol\u00e9, cette commande n'a pas \u00e9t\u00e9 reconnue.",
    "MessageIfYouBlockedVoice": "Si vous avez supprim\u00e9 l'acc\u00e8s par commande vocale \u00e0 l'application, vous devrez reconfigurer avant de r\u00e9essayer.",
    "MessageNoItemsFound": "Aucun \u00e9l\u00e9ment trouv\u00e9",
    "ButtonManageServer": "G\u00e9rer le serveur",
    "ButtonEditSubtitles": "Modifier les sous-titres",
    "ButtonPreferences": "Pr\u00e9f\u00e9rences",
    "ButtonViewArtist": "Voir l'artiste",
    "ButtonViewAlbum": "Voir l'album",
    "ButtonEditImages": "Modifier les images",
    "ErrorMessagePasswordNotMatchConfirm": "Le mot de passe et sa confirmation doivent correspondre.",
    "ErrorMessageUsernameInUse": "Ce nom d'utilisateur est d\u00e9j\u00e0 utilis\u00e9. Veuillez en choisir un autre et r\u00e9essayer.",
    "ErrorMessageEmailInUse": "Cette adresse email est d\u00e9j\u00e0 utilis\u00e9e. Veuillez en saisir une autre et r\u00e9essayer, ou bien utiliser la fonction du mot de passe oubli\u00e9.",
    "MessageThankYouForConnectSignUp": "Merci de vous \u00eatre inscrits sur Emby Connect. Un email va vous \u00eatre envoy\u00e9, avec les instructions pour confirmer votre nouveau compte. Merci de confirmer ce compte puis de revenir \u00e0 cet endroit pour vous connecter.",
    "HeaderShare": "Partager",
    "ButtonShareHelp": "Partager un page web contenant les informations sur les m\u00e9dias \u00e0 travers les m\u00e9dias sociaux. Les fichiers de m\u00e9dias ne sont jamais partag\u00e9s publiquement.",
    "ButtonShare": "Partager",
    "HeaderConfirm": "Confirmer",
    "ButtonAdvancedRefresh": "Mise \u00e0 jour avanc\u00e9e",
    "MessageConfirmDeleteTunerDevice": "Etes-vous s\u00fbr de vouloir supprimer cet appareil ?",
    "MessageConfirmDeleteGuideProvider": "Etes-vous s\u00fbr de vouloir supprimer ce fournisseur de guide d'information ?",
    "HeaderDeleteProvider": "Supprimer le fournisseur",
    "HeaderAddProvider": "Ajouter un fournisseur",
    "ErrorAddingTunerDevice": "Une erreur est survenue lors de l'ajout de l'appareil tuner. Assurez-vous qu'il est accessible et r\u00e9essayez.",
    "ErrorSavingTvProvider": "Une erreur est survenue lors de la sauvegarde du fournisseur TV. Assurez-vous qu'il est accessible et r\u00e9essayez.",
    "ErrorGettingTvLineups": "Une erreur est survenue pendant le t\u00e9l\u00e9chargement des programmes tv. Assurez vous que vos informations sont corrects et r\u00e9essayez.",
    "MessageCreateAccountAt": "Cr\u00e9er un compte sur {0}",
    "ErrorPleaseSelectLineup": "Veuillez s\u00e9lectionner une gamme et r\u00e9essayer. Si aucune gamme n'est disponible, veuillez v\u00e9rifier que votre identifiant, mot de passe et code postal sont corrects.",
    "HeaderTryEmbyPremiere": "Essayer Emby Premiere",
    "ButtonBecomeSupporter": "Obtenez Emby Premiere",
    "ButtonClosePlayVideo": "Fermer et lire mon m\u00e9dia",
    "MessageDidYouKnowCinemaMode": "Saviez-vous qu'avec Emby Premi\u00e8re, vous pouvez am\u00e9liorer votre exp\u00e9rience utilisateur gr\u00e2ce \u00e0 des fonctionnalit\u00e9s comme le Mode Cin\u00e9ma ?",
    "MessageDidYouKnowCinemaMode2": "Le mode Cin\u00e9ma vous apporte une vraie exp\u00e9rience utilisateur de cin\u00e9ma, avec les bandes-annonces et les intros personnalis\u00e9es avant le film principal.",
    "OptionEnableDisplayMirroring": "Activer la recopie d'\u00e9cran",
    "HeaderSyncRequiresSupporterMembership": "Sync n\u00e9cessite une souscription Emby Premiere active.",
    "HeaderSyncRequiresSupporterMembershipAppVersion": "Sync n\u00e9cessite une connexion avec un serveur Emby et une souscription Emby Premiere active.",
    "ErrorValidatingSupporterInfo": "Une erreur s'est produite lors de la validation de vos informations Emby Premiere. Veuillez r\u00e9essayer plus tard.",
    "HeaderSync": "Sync",
    "LabelLocalSyncStatusValue": "Status : {0}",
    "MessageSyncStarted": "Synchronisation d\u00e9marr\u00e9e",
    "OptionPoster": "Affiche",
    "OptionPosterCard": "Carte Affiche",
    "OptionTimeline": "Chronologie",
    "OptionList": "Liste",
    "OptionThumb": "Vignette",
    "OptionThumbCard": "Carte Vignette",
    "OptionBanner": "Banni\u00e8re",
    "NoSlideshowContentFound": "Aucun diaporama trouv\u00e9.",
    "OptionPhotoSlideshow": "Diaporama de photos",
    "OptionBackdropSlideshow": "Diaporama d'illustrations",
    "HeaderTopPlugins": "Meilleurs plugins",
    "ButtonRecord": "Enregistrer",
    "ButtonOther": "Autre",
    "HeaderSortBy": "Trier par:",
    "HeaderSortOrder": "Ordre de tri :",
    "OptionAscending": "Ascendant",
    "OptionDescending": "Descendant",
    "OptionNameSort": "Nom",
    "OptionTvdbRating": "Note d'\u00e9valuation Tvdb",
    "OptionPremiereDate": "Date de la premi\u00e8re",
    "OptionImdbRating": "Note IMDb",
    "OptionDatePlayed": "Date lu",
    "OptionDateAdded": "Date d'ajout",
    "OptionPlayCount": "Nombre de lectures",
    "ButtonDisconnect": "D\u00e9connexion",
    "OptionAlbumArtist": "Artiste de l'album",
    "OptionArtist": "Artiste",
    "OptionAlbum": "Album",
    "OptionTrackName": "Titre",
    "OptionCommunityRating": "Note de la communaut\u00e9",
    "ButtonSort": "Tri",
    "ButtonMenu": "Menu",
    "OptionDefaultSort": "Par d\u00e9faut",
    "ButtonFilter": "Filtre",
    "OptionCriticRating": "Note des critiques",
    "OptionVideoBitrate": "D\u00e9bit vid\u00e9o",
    "OptionMetascore": "Metascore",
    "OptionRevenue": "Recettes",
    "OptionBudget": "Budget",
    "ForAdditionalLiveTvOptions": "Pour d'autres fournisseurs de TV Live, cliquez sur l'onglet Services Externes pour voir les options disponibles.",
    "ButtonGuide": "Guide",
    "ButtonRecordedTv": "TV enregistr\u00e9e",
    "HeaderDisconnectFromPlayer": "D\u00e9connexion du lecteur",
    "ConfirmEndPlayerSession": "Voulez-vous vraiment fermer Emby sur cet appareil ?",
    "ButtonYes": "Oui",
    "ButtonNo": "Non",
    "ButtonRestorePreviousPurchase": "Restaurer l'achat",
    "AlreadyPaid": "Vous avez d\u00e9j\u00e0 pay\u00e9 ?",
    "AlreadyPaidHelp1": "If you already paid to install an older version of Media Browser for Android, you don't need to pay again in order to activate this app. Click OK to send us an email at {0} and we'll get it activated for you.",
    "AlreadyPaidHelp2": "Vous avez Emby Premiere? Fermez juste cette boite de dialogue, connectez-vous \u00e0 l'application en passant par le r\u00e9seau WIFI de chez vous, et l'activation sera automatique.",
    "ButtonForYou": "Pour vous",
    "ButtonLibrary": "Biblioth\u00e8que",
    "ButtonSearch": "Recherche",
    "ButtonNowPlaying": "En cours de lecture",
    "ButtonViewNewApp": "Voir la nouvelle application",
    "HeaderEmbyForAndroidHasMoved": "Emby pour Android a d\u00e9m\u00e9nag\u00e9 !",
    "MessageEmbyForAndroidHasMoved": "Emby pour Android a \u00e9t\u00e9 d\u00e9plac\u00e9 vers une nouvelle page d'accueil de l'App Store. Vous pourriez \u00eatre int\u00e9ress\u00e9 par cette nouvelle version et vous pouvez continuer \u00e0 l'utiliser autant de temps que vous voulez.",
    "HeaderNextUp": "Prochains \u00e0 voir",
    "HeaderLatestMovies": "Films les plus r\u00e9cents",
    "HeaderLatestEpisodes": "\u00c9pisodes les plus r\u00e9cents",
    "EmbyPremiereMonthly": "Emby Premi\u00e8re mensuel",
    "EmbyPremiereMonthlyWithPrice": "Emby Premiere {0} mensuel",
    "HeaderEmailAddress": "Adresse email",
    "TextPleaseEnterYourEmailAddressForSubscription": "Merci d'entrer votre adresse email.",
    "LoginDisclaimer": "Emby est con\u00e7u pour vous aider \u00e0 g\u00e9rer votre biblioth\u00e8que de m\u00e9dias personnels, tels que les vid\u00e9os et les photos. Veuillez lire nos conditions d'utilisation. L'utilisation de tout logiciel Emby implique que vous acceptiez ces conditions.",
    "TermsOfUse": "Conditions d'utilisation",
    "HeaderTryMultiSelect": "Essayer la s\u00e9lection multiple",
    "TryMultiSelectMessage": "Pour modifier plusieurs \u00e9l\u00e9ments m\u00e9dias, il suffit de cliquer et maintenir le clic sur n'importe quel poster et de s\u00e9lectionner les \u00e9lements que vous voulez g\u00e9rer. Essayer le !",
    "NumLocationsValue": "{0} dossiers",
    "ButtonAddMediaLibrary": "Ajouter une biblioth\u00e8que de m\u00e9dia",
    "ButtonManageFolders": "G\u00e9rer les dossiers",
    "HeaderTryDragAndDrop": "Essayer le glisser-d\u00e9poser",
    "TryDragAndDropMessage": "Pour r\u00e9organiser les \u00e9l\u00e9ments de la playlist, faite juste un glisser \/ d\u00e9poser. Essayez le !",
    "HeaderTryMicrosoftEdge": "Essayer Microsoft Edge",
    "MessageTryMicrosoftEdge": "Pour une meilleure exp\u00e9rience sur Windows 10, essayez le nouveau navigateur Microsoft Edge.",
    "HeaderTryModernBrowser": "Essayer avec un Navigateur Internet moderne",
    "MessageTryModernBrowser": "Pour une meilleure exp\u00e9rience sur Windows, essayez un navigateur internet comme Google Chrome, Firefox, ou Opera",
    "ErrorAddingListingsToSchedulesDirect": "Une erreur est survenue pendant l'ajout de la synchronisation avec votre compte Schedules Direct. Schedules Direct autorise uniquement un nombre limit\u00e9 de sunchronisation par compte. Vous devez vous connecter \u00e0 votre site Schedules Direct et supprimer d'autres taches de la liste depuis votre compte avant de pouvoir r\u00e9essayer.",
    "PleaseAddAtLeastOneFolder": "Veuillez ajouter au moins un dossier \u00e0 cette biblioth\u00e8que en cliquant sur le bouton Ajouter.",
    "ErrorAddingMediaPathToVirtualFolder": "Une erreur est survenue pendant l'ajout du chemin des m\u00e9dias. Veuillez v\u00e9rifier que le chemin est valide et que le processus Serveur Emby peux y acc\u00e9der.",
    "ErrorRemovingEmbyConnectAccount": "Une erreur est survenue pendant la suppression du compte Emby Connect. Veuillez vous assurer que vous avez une connection internet active puis r\u00e9\u00e9ssayez.",
    "ErrorAddingEmbyConnectAccount1": "Une erreur est survenue lorsque vous avez ajout\u00e9 votre compte Emby Connect. Vous \u00eates-vous cr\u00e9\u00e9 un compte Emby? Inscrivez-vous sur {0}.",
    "ErrorAddingEmbyConnectAccount2": "Veuillez vous assurez que votre compte Emby a bien \u00e9t\u00e9 activ\u00e9 avec les instructions fournies dans l'email envoy\u00e9 apr\u00e8s la cr\u00e9ation de votre compte. Si vous n'avez pas re\u00e7u l'email veuillez envoyer un mail \u00e0 {0} avec l'adresse utilis\u00e9e lors de la cr\u00e9ation de votre compte Emby.",
    "HeaderFavoriteArtists": "Artistes pr\u00e9f\u00e9r\u00e9s",
    "HeaderFavoriteSongs": "Chansons pr\u00e9f\u00e9r\u00e9es",
    "HeaderConfirmPluginInstallation": "Confirmer l'installation du plugin",
    "PleaseConfirmPluginInstallation": "Merci de cliquer sur OK pour confirmer que vous avez lu ce qui pr\u00e9c\u00e8de et que vous souhaitez poursuivre l'installation du plugin.",
    "MessagePluginInstallDisclaimer": "Les plugins d\u00e9velopp\u00e9s par les membres de la communaut\u00e9 Emby sont une excellente mani\u00e8re d'am\u00e9liorer votre exp\u00e9rience Emby avec de nouvelles fonctionnalit\u00e9s et b\u00e9n\u00e9fices. Avant d'installer, veuillez prendre connaissance des impacts sur le serveur Emby, comme l'augmentation de la dur\u00e9e du scan de la biblioth\u00e8que de m\u00e9dias, de nouveaux process en t\u00e2che de fond, ou une moins bonne stabilit\u00e9 du syst\u00e8me.",
    "ButtonPlayOneMinute": "Jouer une minute",
    "ThankYouForTryingEnjoyOneMinute": "Profitez d'une minute de retour en arri\u00e8re. Merci d'avoir utilis\u00e9 Emby.",
    "HeaderTryPlayback": "Essayer Playback",
    "HeaderBenefitsEmbyPremiere": "Avantages de Emby Premiere",
    "MobileSyncFeatureDescription": "Synchroniser votre contenu multim\u00e9dia sur vos t\u00e9l\u00e9phones et tablettes pour y acc\u00e9der facilement hors-connexion.",
    "CoverArtFeatureDescription": "Cover Art cr\u00e9\u00e9 des couvertures amusantes et d'autres traitements pour vous aider \u00e0 personnaliser les pochettes de votre contenu multim\u00e9dia.",
    "HeaderMobileSync": "Synchronisation mobile",
    "HeaderCloudSync": "Synchronisation dans le cloud",
    "CloudSyncFeatureDescription": "Synchroniser votre contenu multim\u00e9dia dans le cloud, pour facilement le sauvegarder, l'archiver, et le convertir.",
    "HeaderFreeApps": "Applications Emby gratuites",
    "FreeAppsFeatureDescription": "Profiter d'un acc\u00e8s gratuit \u00e0 certaines applications Emby sur votre appareil.",
    "HeaderCinemaMode": "Mode cin\u00e9ma",
    "CinemaModeFeatureDescription": "Le mode Cin\u00e9ma, vous donne l'exp\u00e9rience d'une vraie salle, avec des bandes annonces, et des introductions avant le film.",
    "CoverArt": "Pochette",
    "ButtonOff": "Arr\u00eat"
}